nohup: ignoring input
Auto GPU config:
Number of processes: 24
Number of processes on GPU 0: 0
Number of processes per GPU: 9
Dumping at ./exps/models/expv1_2/
Namespace(agent='sem_cur_exp', alpha=0.99, auto_gpu_config=1, camera_height=0.88, cat_pred_threshold=5.0, clip_param=0.2, collision_threshold=0.2, cuda=True, du_scale=1, dump_location='./exps', entropy_coef=0.001, env_frame_height=256, env_frame_width=256, eps=1e-05, eval=0, exp_name='expv1_2', exp_pred_threshold=1.0, frame_height=128, frame_width=128, gamma=0.99, global_downscaling=2, hfov=79.0, load='0', local_hidden_size=256, log_interval=10, lr=2.5e-05, map_pred_threshold=1.0, map_resolution=5, map_size_cm=2400, max_d=100.0, max_depth=5.0, max_episode_length=500, max_grad_norm=0.5, min_d=1.5, min_depth=0.5, no_cuda=False, num_local_steps=100, num_mini_batch=12, num_processes=24, num_processes_on_first_gpu=0, num_processes_per_gpu=9, num_sem_categories=6, num_training_frames=10000000, ppo_epoch=4, print_images=0, reward_coeff=0.0025, save_interval=1, save_periodic=500000, seed=1, sem_gpu_id=-1, sem_pred_prob_thr=0.9, sim_gpu_id=1, split='train', task_config='tasks/objectnav_gibson.yaml', tau=0.95, total_num_scenes=24, turn_angle=30, use_gae=False, use_recurrent_local=1, value_loss_coef=0.5, version='v1.1', vision_range=100, visualize=0)
Scenes per thread:
Thread 0: ['Allensville.glb']
Thread 1: ['Beechwood.glb']
Thread 2: ['Coffeen.glb']
Thread 3: ['Cosmos.glb']
Thread 4: ['Forkland.glb']
Thread 5: ['Hanson.glb']
Thread 6: ['Hiteman.glb']
Thread 7: ['Klickitat.glb']
Thread 8: ['Lakeville.glb']
Thread 9: ['Leonardo.glb']
Thread 10: ['Lindenwood.glb']
Thread 11: ['Marstons.glb']
Thread 12: ['Merom.glb']
Thread 13: ['Mifflinburg.glb']
Thread 14: ['Newfields.glb']
Thread 15: ['Onaga.glb']
Thread 16: ['Pinesdale.glb']
Thread 17: ['Pomaria.glb']
Thread 18: ['Ranchester.glb']
Thread 19: ['Shelbyville.glb']
Thread 20: ['Stockman.glb']
Thread 21: ['Tolstoy.glb']
Thread 22: ['Wainscott.glb']
Thread 23: ['Woodbine.glb']
2025-01-09 09:17:54,654 Initializing dataset PointNav-v1
2025-01-09 09:17:54,686 Initializing dataset PointNav-v1
2025-01-09 09:17:54,687 initializing sim Sim-v0
WARNING: Logging before InitGoogleLogging() is written to STDERR
I0109 09:17:54.690866 763492 ManagedFileBasedContainer.h:210] <Dataset>::convertFilenameToPassedExt : Filename : default changed to proposed scene_dataset_config.json filename : default.scene_dataset_config.json
I0109 09:17:54.690915 763492 AttributesManagerBase.h:365] <Dataset>::createFromJsonOrDefaultInternal : Proposing JSON name : default.scene_dataset_config.json from original name : default | This file  does not exist.
I0109 09:17:54.691287 763492 AssetAttributesManager.cpp:120] Asset attributes (capsule3DSolid : capsule3DSolid_hemiRings_4_cylRings_1_segments_12_halfLen_0.75_useTexCoords_false_useTangents_false) created and registered.
I0109 09:17:54.691331 763492 AssetAttributesManager.cpp:120] Asset attributes (capsule3DWireframe : capsule3DWireframe_hemiRings_8_cylRings_1_segments_16_halfLen_1) created and registered.
I0109 09:17:54.691370 763492 AssetAttributesManager.cpp:120] Asset attributes (coneSolid : coneSolid_segments_12_halfLen_1.25_rings_1_useTexCoords_false_useTangents_false_capEnd_true) created and registered.
I0109 09:17:54.691392 763492 AssetAttributesManager.cpp:120] Asset attributes (coneWireframe : coneWireframe_segments_32_halfLen_1.25) created and registered.
I0109 09:17:54.691407 763492 AssetAttributesManager.cpp:120] Asset attributes (cubeSolid : cubeSolid) created and registered.
I0109 09:17:54.691418 763492 AssetAttributesManager.cpp:120] Asset attributes (cubeWireframe : cubeWireframe) created and registered.
I0109 09:17:54.691448 763492 AssetAttributesManager.cpp:120] Asset attributes (cylinderSolid : cylinderSolid_rings_1_segments_12_halfLen_1_useTexCoords_false_useTangents_false_capEnds_true) created and registered.
I0109 09:17:54.691476 763492 AssetAttributesManager.cpp:120] Asset attributes (cylinderWireframe : cylinderWireframe_rings_1_segments_32_halfLen_1) created and registered.
I0109 09:17:54.691490 763492 AssetAttributesManager.cpp:120] Asset attributes (icosphereSolid : icosphereSolid_subdivs_1) created and registered.
I0109 09:17:54.691516 763492 AssetAttributesManager.cpp:120] Asset attributes (icosphereWireframe : icosphereWireframe_subdivs_1) created and registered.
I0109 09:17:54.691536 763492 AssetAttributesManager.cpp:120] Asset attributes (uvSphereSolid : uvSphereSolid_rings_8_segments_16_useTexCoords_false_useTangents_false) created and registered.
I0109 09:17:54.691555 763492 AssetAttributesManager.cpp:120] Asset attributes (uvSphereWireframe : uvSphereWireframe_rings_16_segments_32) created and registered.
I0109 09:17:54.691566 763492 AssetAttributesManager.cpp:108] ::constructor : Built default primitive asset templates : 12
I0109 09:17:54.692178 763492 SceneDatasetAttributesManager.cpp:36] File (default) not found, so new default dataset attributes created and registered.
I0109 09:17:54.692185 763492 MetadataMediator.cpp:127] ::createSceneDataset : Dataset default successfully created.
I0109 09:17:54.692198 763492 AttributesManagerBase.h:365] <Physics Manager>::createFromJsonOrDefaultInternal : Proposing JSON name : ./data/default.physics_config.json from original name : ./data/default.physics_config.json | This file  does not exist.
I0109 09:17:54.692215 763492 PhysicsAttributesManager.cpp:26] File (./data/default.physics_config.json) not found, so new default physics manager attributes created and registered.
I0109 09:17:54.692220 763492 MetadataMediator.cpp:212] ::setActiveSceneDatasetName : Previous active dataset  changed to default successfully.
I0109 09:17:54.692224 763492 MetadataMediator.cpp:183] ::setCurrPhysicsAttributesHandle : Old physics manager attributes  changed to ./data/default.physics_config.json successfully.
I0109 09:17:54.692229 763492 MetadataMediator.cpp:68] ::setSimulatorConfiguration : Set new simulator config for scene/stage : data/scene_datasets/gibson_semantic//Lakeville.glb and dataset : default which is currently active dataset.
2025-01-09 09:17:54,743 Initializing dataset PointNav-v1
2025-01-09 09:17:54,754 Initializing dataset PointNav-v1
2025-01-09 09:17:54,755 initializing sim Sim-v0
WARNING: Logging before InitGoogleLogging() is written to STDERR
I0109 09:17:54.758369 763503 ManagedFileBasedContainer.h:210] <Dataset>::convertFilenameToPassedExt : Filename : default changed to proposed scene_dataset_config.json filename : default.scene_dataset_config.json
I0109 09:17:54.758404 763503 AttributesManagerBase.h:365] <Dataset>::createFromJsonOrDefaultInternal : Proposing JSON name : default.scene_dataset_config.json from original name : default | This file  does not exist.
I0109 09:17:54.758492 763503 AssetAttributesManager.cpp:120] Asset attributes (capsule3DSolid : capsule3DSolid_hemiRings_4_cylRings_1_segments_12_halfLen_0.75_useTexCoords_false_useTangents_false) created and registered.
I0109 09:17:54.758535 763503 AssetAttributesManager.cpp:120] Asset attributes (capsule3DWireframe : capsule3DWireframe_hemiRings_8_cylRings_1_segments_16_halfLen_1) created and registered.
I0109 09:17:54.758574 763503 AssetAttributesManager.cpp:120] Asset attributes (coneSolid : coneSolid_segments_12_halfLen_1.25_rings_1_useTexCoords_false_useTangents_false_capEnd_true) created and registered.
I0109 09:17:54.758599 763503 AssetAttributesManager.cpp:120] Asset attributes (coneWireframe : coneWireframe_segments_32_halfLen_1.25) created and registered.
I0109 09:17:54.758615 763503 AssetAttributesManager.cpp:120] Asset attributes (cubeSolid : cubeSolid) created and registered.
I0109 09:17:54.758626 763503 AssetAttributesManager.cpp:120] Asset attributes (cubeWireframe : cubeWireframe) created and registered.
I0109 09:17:54.758666 763503 AssetAttributesManager.cpp:120] Asset attributes (cylinderSolid : cylinderSolid_rings_1_segments_12_halfLen_1_useTexCoords_false_useTangents_false_capEnds_true) created and registered.
I0109 09:17:54.758692 763503 AssetAttributesManager.cpp:120] Asset attributes (cylinderWireframe : cylinderWireframe_rings_1_segments_32_halfLen_1) created and registered.
I0109 09:17:54.758715 763503 AssetAttributesManager.cpp:120] Asset attributes (icosphereSolid : icosphereSolid_subdivs_1) created and registered.
I0109 09:17:54.758728 763503 AssetAttributesManager.cpp:120] Asset attributes (icosphereWireframe : icosphereWireframe_subdivs_1) created and registered.
I0109 09:17:54.758746 763503 AssetAttributesManager.cpp:120] Asset attributes (uvSphereSolid : uvSphereSolid_rings_8_segments_16_useTexCoords_false_useTangents_false) created and registered.
I0109 09:17:54.758762 763503 AssetAttributesManager.cpp:120] Asset attributes (uvSphereWireframe : uvSphereWireframe_rings_16_segments_32) created and registered.
I0109 09:17:54.758772 763503 AssetAttributesManager.cpp:108] ::constructor : Built default primitive asset templates : 12
I0109 09:17:54.759310 763503 SceneDatasetAttributesManager.cpp:36] File (default) not found, so new default dataset attributes created and registered.
I0109 09:17:54.759317 763503 MetadataMediator.cpp:127] ::createSceneDataset : Dataset default successfully created.
I0109 09:17:54.759327 763503 AttributesManagerBase.h:365] <Physics Manager>::createFromJsonOrDefaultInternal : Proposing JSON name : ./data/default.physics_config.json from original name : ./data/default.physics_config.json | This file  does not exist.
I0109 09:17:54.759341 763503 PhysicsAttributesManager.cpp:26] File (./data/default.physics_config.json) not found, so new default physics manager attributes created and registered.
I0109 09:17:54.759346 763503 MetadataMediator.cpp:212] ::setActiveSceneDatasetName : Previous active dataset  changed to default successfully.
I0109 09:17:54.759349 763503 MetadataMediator.cpp:183] ::setCurrPhysicsAttributesHandle : Old physics manager attributes  changed to ./data/default.physics_config.json successfully.
I0109 09:17:54.759354 763503 MetadataMediator.cpp:68] ::setSimulatorConfiguration : Set new simulator config for scene/stage : data/scene_datasets/gibson_semantic//Shelbyville.glb and dataset : default which is currently active dataset.
Renderer: NVIDIA GeForce RTX 4090/PCIe/SSE2 by NVIDIA Corporation
OpenGL version: 4.6.0 NVIDIA 550.54.15
Using optional features:
    GL_ARB_vertex_array_object
    GL_ARB_ES2_compatibility
    GL_ARB_separate_shader_objects
    GL_ARB_robustness
    GL_ARB_texture_storage
    GL_ARB_invalidate_subdata
    GL_ARB_texture_storage_multisample
    GL_ARB_multi_bind
    GL_ARB_direct_state_access
    GL_ARB_get_texture_sub_image
    GL_ARB_texture_filter_anisotropic
    GL_KHR_debug
Using driver workarounds:
    no-forward-compatible-core-context
    nv-egl-incorrect-gl11-function-pointers
    no-layout-qualifiers-on-old-glsl
    nv-zero-context-profile-mask
    nv-implementation-color-read-format-dsa-broken
    nv-cubemap-inconsistent-compressed-image-size
    nv-cubemap-broken-full-compressed-image-query
    nv-compressed-block-size-in-bits
I0109 09:17:54.776448 763492 ManagedFileBasedContainer.h:210] <Scene Instance>::convertFilenameToPassedExt : Filename : data/scene_datasets/gibson_semantic//Lakeville.glb changed to proposed scene_instance.json filename : data/scene_datasets/gibson_semantic//Lakeville.scene_instance.json
I0109 09:17:54.776474 763492 MetadataMediator.cpp:311] ::getSceneAttributesByName : Dataset : default has no preloaded SceneAttributes or StageAttributes named : data/scene_datasets/gibson_semantic//Lakeville.glb so loading/creating a new StageAttributes with this name, and then creating a SceneAttributes with the same name that references this stage.
I0109 09:17:54.776484 763492 ManagedFileBasedContainer.h:210] <Stage Template>::convertFilenameToPassedExt : Filename : data/scene_datasets/gibson_semantic//Lakeville.glb changed to proposed stage_config.json filename : data/scene_datasets/gibson_semantic//Lakeville.stage_config.json
I0109 09:17:54.776489 763492 AttributesManagerBase.h:365] <Stage Template>::createFromJsonOrDefaultInternal : Proposing JSON name : data/scene_datasets/gibson_semantic//Lakeville.stage_config.json from original name : data/scene_datasets/gibson_semantic//Lakeville.glb | This file  does not exist.
I0109 09:17:54.776589 763492 AbstractObjectAttributesManagerBase.h:183] File (data/scene_datasets/gibson_semantic//Lakeville.glb) exists but is not a recognized config filename extension, so new default Stage Template attributes created and registered.
I0109 09:17:54.776623 763492 SceneDatasetAttributes.cpp:45] ::addNewSceneInstanceToDataset : Dataset : 'default' : Stage Attributes 'data/scene_datasets/gibson_semantic//Lakeville.glb' specified in Scene Attributes exists in dataset library.
I0109 09:17:54.776629 763492 SceneDatasetAttributes.cpp:79] ::addNewSceneInstanceToDataset : Dataset : 'default' : Lighting Layout Attributes 'no_lights' specified in Scene Attributes but does not exist in dataset, so creating.
I0109 09:17:54.776633 763492 ManagedFileBasedContainer.h:210] <Lighting Layout>::convertFilenameToPassedExt : Filename : no_lights changed to proposed lighting_config.json filename : no_lights.lighting_config.json
I0109 09:17:54.776644 763492 ManagedFileBasedContainer.h:210] <Lighting Layout>::convertFilenameToPassedExt : Filename : no_lights changed to proposed lighting_config.json filename : no_lights.lighting_config.json
I0109 09:17:54.776648 763492 AttributesManagerBase.h:365] <Lighting Layout>::createFromJsonOrDefaultInternal : Proposing JSON name : no_lights.lighting_config.json from original name : no_lights | This file  does not exist.
I0109 09:17:54.776662 763492 LightLayoutAttributesManager.cpp:34] File (no_lights) not found, so new default light layout attributes created and registered.
I0109 09:17:54.776669 763492 Simulator.cpp:198] ::setSceneInstanceAttributes : Navmesh file location in scene instance : data/scene_datasets/gibson_semantic//Lakeville.navmesh
I0109 09:17:54.776675 763492 Simulator.cpp:205] ::setSceneInstanceAttributes : Loading navmesh from data/scene_datasets/gibson_semantic//Lakeville.navmesh
I0109 09:17:54.776909 763492 Simulator.cpp:208] ::setSceneInstanceAttributes : Navmesh Loaded.
I0109 09:17:54.776930 763492 SceneGraph.h:85] Created DrawableGroup: 
I0109 09:17:54.776937 763492 Simulator.cpp:243] ::setSceneInstanceAttributes : SceneInstance : data/scene_datasets/gibson_semantic//Lakeville.glb proposed Semantic Scene Descriptor filename : data/scene_datasets/gibson_semantic//Lakeville.scn
2025-01-09 09:17:54,786 Initializing dataset PointNav-v1
2025-01-09 09:17:54,787 initializing sim Sim-v0
WARNING: Logging before InitGoogleLogging() is written to STDERR
I0109 09:17:54.790629 763498 ManagedFileBasedContainer.h:210] <Dataset>::convertFilenameToPassedExt : Filename : default changed to proposed scene_dataset_config.json filename : default.scene_dataset_config.json
I0109 09:17:54.790668 763498 AttributesManagerBase.h:365] <Dataset>::createFromJsonOrDefaultInternal : Proposing JSON name : default.scene_dataset_config.json from original name : default | This file  does not exist.
I0109 09:17:54.790778 763498 AssetAttributesManager.cpp:120] Asset attributes (capsule3DSolid : capsule3DSolid_hemiRings_4_cylRings_1_segments_12_halfLen_0.75_useTexCoords_false_useTangents_false) created and registered.
I0109 09:17:54.790832 763498 AssetAttributesManager.cpp:120] Asset attributes (capsule3DWireframe : capsule3DWireframe_hemiRings_8_cylRings_1_segments_16_halfLen_1) created and registered.
I0109 09:17:54.790890 763498 AssetAttributesManager.cpp:120] Asset attributes (coneSolid : coneSolid_segments_12_halfLen_1.25_rings_1_useTexCoords_false_useTangents_false_capEnd_true) created and registered.
I0109 09:17:54.790917 763498 AssetAttributesManager.cpp:120] Asset attributes (coneWireframe : coneWireframe_segments_32_halfLen_1.25) created and registered.
I0109 09:17:54.790933 763498 AssetAttributesManager.cpp:120] Asset attributes (cubeSolid : cubeSolid) created and registered.
I0109 09:17:54.790944 763498 AssetAttributesManager.cpp:120] Asset attributes (cubeWireframe : cubeWireframe) created and registered.
I0109 09:17:54.790977 763498 AssetAttributesManager.cpp:120] Asset attributes (cylinderSolid : cylinderSolid_rings_1_segments_12_halfLen_1_useTexCoords_false_useTangents_false_capEnds_true) created and registered.
I0109 09:17:54.791018 763498 AssetAttributesManager.cpp:120] Asset attributes (cylinderWireframe : cylinderWireframe_rings_1_segments_32_halfLen_1) created and registered.
I0109 09:17:54.791033 763498 AssetAttributesManager.cpp:120] Asset attributes (icosphereSolid : icosphereSolid_subdivs_1) created and registered.
I0109 09:17:54.791049 763498 AssetAttributesManager.cpp:120] Asset attributes (icosphereWireframe : icosphereWireframe_subdivs_1) created and registered.
I0109 09:17:54.791070 763498 AssetAttributesManager.cpp:120] Asset attributes (uvSphereSolid : uvSphereSolid_rings_8_segments_16_useTexCoords_false_useTangents_false) created and registered.
I0109 09:17:54.791091 763498 AssetAttributesManager.cpp:120] Asset attributes (uvSphereWireframe : uvSphereWireframe_rings_16_segments_32) created and registered.
I0109 09:17:54.791102 763498 AssetAttributesManager.cpp:108] ::constructor : Built default primitive asset templates : 12
I0109 09:17:54.791728 763498 SceneDatasetAttributesManager.cpp:36] File (default) not found, so new default dataset attributes created and registered.
I0109 09:17:54.791735 763498 MetadataMediator.cpp:127] ::createSceneDataset : Dataset default successfully created.
I0109 09:17:54.791747 763498 AttributesManagerBase.h:365] <Physics Manager>::createFromJsonOrDefaultInternal : Proposing JSON name : ./data/default.physics_config.json from original name : ./data/default.physics_config.json | This file  does not exist.
I0109 09:17:54.791762 763498 PhysicsAttributesManager.cpp:26] File (./data/default.physics_config.json) not found, so new default physics manager attributes created and registered.
I0109 09:17:54.791767 763498 MetadataMediator.cpp:212] ::setActiveSceneDatasetName : Previous active dataset  changed to default successfully.
I0109 09:17:54.791771 763498 MetadataMediator.cpp:183] ::setCurrPhysicsAttributesHandle : Old physics manager attributes  changed to ./data/default.physics_config.json successfully.
I0109 09:17:54.791776 763498 MetadataMediator.cpp:68] ::setSimulatorConfiguration : Set new simulator config for scene/stage : data/scene_datasets/gibson_semantic//Newfields.glb and dataset : default which is currently active dataset.
2025-01-09 09:17:54,801 Initializing dataset PointNav-v1
2025-01-09 09:17:54,801 Initializing dataset PointNav-v1
2025-01-09 09:17:54,802 initializing sim Sim-v0
2025-01-09 09:17:54,802 initializing sim Sim-v0
WARNING: Logging before InitGoogleLogging() is written to STDERR
I0109 09:17:54.806151 763493 ManagedFileBasedContainer.h:210] <Dataset>::convertFilenameToPassedExt : Filename : default changed to proposed scene_dataset_config.json filename : default.scene_dataset_config.json
I0109 09:17:54.806190 763493 AttributesManagerBase.h:365] <Dataset>::createFromJsonOrDefaultInternal : Proposing JSON name : default.scene_dataset_config.json from original name : default | This file  does not exist.
I0109 09:17:54.806303 763493 AssetAttributesManager.cpp:120] Asset attributes (capsule3DSolid : capsule3DSolid_hemiRings_4_cylRings_1_segments_12_halfLen_0.75_useTexCoords_false_useTangents_false) created and registered.
I0109 09:17:54.806345 763493 AssetAttributesManager.cpp:120] Asset attributes (capsule3DWireframe : capsule3DWireframe_hemiRings_8_cylRings_1_segments_16_halfLen_1) created and registered.
WARNING: Logging before InitGoogleLogging() is written to STDERR
I0109 09:17:54.806335 763485 ManagedFileBasedContainer.h:210] <Dataset>::convertFilenameToPassedExt : Filename : default changed to proposed scene_dataset_config.json filename : default.scene_dataset_config.json
I0109 09:17:54.806368 763485 AttributesManagerBase.h:365] <Dataset>::createFromJsonOrDefaultInternal : Proposing JSON name : default.scene_dataset_config.json from original name : default | This file  does not exist.
I0109 09:17:54.806382 763493 AssetAttributesManager.cpp:120] Asset attributes (coneSolid : coneSolid_segments_12_halfLen_1.25_rings_1_useTexCoords_false_useTangents_false_capEnd_true) created and registered.
I0109 09:17:54.806406 763493 AssetAttributesManager.cpp:120] Asset attributes (coneWireframe : coneWireframe_segments_32_halfLen_1.25) created and registered.
I0109 09:17:54.806429 763493 AssetAttributesManager.cpp:120] Asset attributes (cubeSolid : cubeSolid) created and registered.
I0109 09:17:54.806440 763493 AssetAttributesManager.cpp:120] Asset attributes (cubeWireframe : cubeWireframe) created and registered.
I0109 09:17:54.806452 763485 AssetAttributesManager.cpp:120] Asset attributes (capsule3DSolid : capsule3DSolid_hemiRings_4_cylRings_1_segments_12_halfLen_0.75_useTexCoords_false_useTangents_false) created and registered.
I0109 09:17:54.806469 763493 AssetAttributesManager.cpp:120] Asset attributes (cylinderSolid : cylinderSolid_rings_1_segments_12_halfLen_1_useTexCoords_false_useTangents_false_capEnds_true) created and registered.
I0109 09:17:54.806496 763485 AssetAttributesManager.cpp:120] Asset attributes (capsule3DWireframe : capsule3DWireframe_hemiRings_8_cylRings_1_segments_16_halfLen_1) created and registered.
I0109 09:17:54.806499 763493 AssetAttributesManager.cpp:120] Asset attributes (cylinderWireframe : cylinderWireframe_rings_1_segments_32_halfLen_1) created and registered.
I0109 09:17:54.806526 763493 AssetAttributesManager.cpp:120] Asset attributes (icosphereSolid : icosphereSolid_subdivs_1) created and registered.
I0109 09:17:54.806541 763493 AssetAttributesManager.cpp:120] Asset attributes (icosphereWireframe : icosphereWireframe_subdivs_1) created and registered.
I0109 09:17:54.806550 763485 AssetAttributesManager.cpp:120] Asset attributes (coneSolid : coneSolid_segments_12_halfLen_1.25_rings_1_useTexCoords_false_useTangents_false_capEnd_true) created and registered.
I0109 09:17:54.806560 763493 AssetAttributesManager.cpp:120] Asset attributes (uvSphereSolid : uvSphereSolid_rings_8_segments_16_useTexCoords_false_useTangents_false) created and registered.
I0109 09:17:54.806572 763485 AssetAttributesManager.cpp:120] Asset attributes (coneWireframe : coneWireframe_segments_32_halfLen_1.25) created and registered.
I0109 09:17:54.806579 763493 AssetAttributesManager.cpp:120] Asset attributes (uvSphereWireframe : uvSphereWireframe_rings_16_segments_32) created and registered.
I0109 09:17:54.806587 763485 AssetAttributesManager.cpp:120] Asset attributes (cubeSolid : cubeSolid) created and registered.
I0109 09:17:54.806591 763493 AssetAttributesManager.cpp:108] ::constructor : Built default primitive asset templates : 12
I0109 09:17:54.806598 763485 AssetAttributesManager.cpp:120] Asset attributes (cubeWireframe : cubeWireframe) created and registered.
I0109 09:17:54.806628 763485 AssetAttributesManager.cpp:120] Asset attributes (cylinderSolid : cylinderSolid_rings_1_segments_12_halfLen_1_useTexCoords_false_useTangents_false_capEnds_true) created and registered.
I0109 09:17:54.806656 763485 AssetAttributesManager.cpp:120] Asset attributes (cylinderWireframe : cylinderWireframe_rings_1_segments_32_halfLen_1) created and registered.
I0109 09:17:54.806670 763485 AssetAttributesManager.cpp:120] Asset attributes (icosphereSolid : icosphereSolid_subdivs_1) created and registered.
I0109 09:17:54.806684 763485 AssetAttributesManager.cpp:120] Asset attributes (icosphereWireframe : icosphereWireframe_subdivs_1) created and registered.
I0109 09:17:54.806711 763485 AssetAttributesManager.cpp:120] Asset attributes (uvSphereSolid : uvSphereSolid_rings_8_segments_16_useTexCoords_false_useTangents_false) created and registered.
I0109 09:17:54.806747 763485 AssetAttributesManager.cpp:120] Asset attributes (uvSphereWireframe : uvSphereWireframe_rings_16_segments_32) created and registered.
I0109 09:17:54.806759 763485 AssetAttributesManager.cpp:108] ::constructor : Built default primitive asset templates : 12
I0109 09:17:54.807291 763493 SceneDatasetAttributesManager.cpp:36] File (default) not found, so new default dataset attributes created and registered.
I0109 09:17:54.807300 763493 MetadataMediator.cpp:127] ::createSceneDataset : Dataset default successfully created.
I0109 09:17:54.807313 763493 AttributesManagerBase.h:365] <Physics Manager>::createFromJsonOrDefaultInternal : Proposing JSON name : ./data/default.physics_config.json from original name : ./data/default.physics_config.json | This file  does not exist.
I0109 09:17:54.807336 763493 PhysicsAttributesManager.cpp:26] File (./data/default.physics_config.json) not found, so new default physics manager attributes created and registered.
I0109 09:17:54.807341 763493 MetadataMediator.cpp:212] ::setActiveSceneDatasetName : Previous active dataset  changed to default successfully.
I0109 09:17:54.807345 763493 MetadataMediator.cpp:183] ::setCurrPhysicsAttributesHandle : Old physics manager attributes  changed to ./data/default.physics_config.json successfully.
I0109 09:17:54.807351 763493 MetadataMediator.cpp:68] ::setSimulatorConfiguration : Set new simulator config for scene/stage : data/scene_datasets/gibson_semantic//Leonardo.glb and dataset : default which is currently active dataset.
I0109 09:17:54.807433 763485 SceneDatasetAttributesManager.cpp:36] File (default) not found, so new default dataset attributes created and registered.
I0109 09:17:54.807443 763485 MetadataMediator.cpp:127] ::createSceneDataset : Dataset default successfully created.
I0109 09:17:54.807453 763485 AttributesManagerBase.h:365] <Physics Manager>::createFromJsonOrDefaultInternal : Proposing JSON name : ./data/default.physics_config.json from original name : ./data/default.physics_config.json | This file  does not exist.
I0109 09:17:54.807469 763485 PhysicsAttributesManager.cpp:26] File (./data/default.physics_config.json) not found, so new default physics manager attributes created and registered.
I0109 09:17:54.807475 763485 MetadataMediator.cpp:212] ::setActiveSceneDatasetName : Previous active dataset  changed to default successfully.
I0109 09:17:54.807479 763485 MetadataMediator.cpp:183] ::setCurrPhysicsAttributesHandle : Old physics manager attributes  changed to ./data/default.physics_config.json successfully.
I0109 09:17:54.807484 763485 MetadataMediator.cpp:68] ::setSimulatorConfiguration : Set new simulator config for scene/stage : data/scene_datasets/gibson_semantic//Beechwood.glb and dataset : default which is currently active dataset.
2025-01-09 09:17:54,819 Initializing dataset PointNav-v1
2025-01-09 09:17:54,821 initializing sim Sim-v0
Renderer: NVIDIA GeForce RTX 4090/PCIe/SSE2 by NVIDIA Corporation
OpenGL version: 4.6.0 NVIDIA 550.54.15
Using optional features:
    GL_ARB_vertex_array_object
    GL_ARB_ES2_compatibility
    GL_ARB_separate_shader_objects
    GL_ARB_robustness
    GL_ARB_texture_storage
    GL_ARB_invalidate_subdata
    GL_ARB_texture_storage_multisample
    GL_ARB_multi_bind
    GL_ARB_direct_state_access
    GL_ARB_get_texture_sub_image
    GL_ARB_texture_filter_anisotropic
    GL_KHR_debug
Using driver workarounds:
    no-forward-compatible-core-context
    nv-egl-incorrect-gl11-function-pointers
    no-layout-qualifiers-on-old-glsl
    nv-zero-context-profile-mask
    nv-implementation-color-read-format-dsa-broken
    nv-cubemap-inconsistent-compressed-image-size
    nv-cubemap-broken-full-compressed-image-query
    nv-compressed-block-size-in-bits
I0109 09:17:54.822621 763503 ManagedFileBasedContainer.h:210] <Scene Instance>::convertFilenameToPassedExt : Filename : data/scene_datasets/gibson_semantic//Shelbyville.glb changed to proposed scene_instance.json filename : data/scene_datasets/gibson_semantic//Shelbyville.scene_instance.json
I0109 09:17:54.822645 763503 MetadataMediator.cpp:311] ::getSceneAttributesByName : Dataset : default has no preloaded SceneAttributes or StageAttributes named : data/scene_datasets/gibson_semantic//Shelbyville.glb so loading/creating a new StageAttributes with this name, and then creating a SceneAttributes with the same name that references this stage.
I0109 09:17:54.822654 763503 ManagedFileBasedContainer.h:210] <Stage Template>::convertFilenameToPassedExt : Filename : data/scene_datasets/gibson_semantic//Shelbyville.glb changed to proposed stage_config.json filename : data/scene_datasets/gibson_semantic//Shelbyville.stage_config.json
I0109 09:17:54.822660 763503 AttributesManagerBase.h:365] <Stage Template>::createFromJsonOrDefaultInternal : Proposing JSON name : data/scene_datasets/gibson_semantic//Shelbyville.stage_config.json from original name : data/scene_datasets/gibson_semantic//Shelbyville.glb | This file  does not exist.
I0109 09:17:54.822757 763503 AbstractObjectAttributesManagerBase.h:183] File (data/scene_datasets/gibson_semantic//Shelbyville.glb) exists but is not a recognized config filename extension, so new default Stage Template attributes created and registered.
I0109 09:17:54.822788 763503 SceneDatasetAttributes.cpp:45] ::addNewSceneInstanceToDataset : Dataset : 'default' : Stage Attributes 'data/scene_datasets/gibson_semantic//Shelbyville.glb' specified in Scene Attributes exists in dataset library.
I0109 09:17:54.822794 763503 SceneDatasetAttributes.cpp:79] ::addNewSceneInstanceToDataset : Dataset : 'default' : Lighting Layout Attributes 'no_lights' specified in Scene Attributes but does not exist in dataset, so creating.
I0109 09:17:54.822798 763503 ManagedFileBasedContainer.h:210] <Lighting Layout>::convertFilenameToPassedExt : Filename : no_lights changed to proposed lighting_config.json filename : no_lights.lighting_config.json
I0109 09:17:54.822803 763503 ManagedFileBasedContainer.h:210] <Lighting Layout>::convertFilenameToPassedExt : Filename : no_lights changed to proposed lighting_config.json filename : no_lights.lighting_config.json
I0109 09:17:54.822806 763503 AttributesManagerBase.h:365] <Lighting Layout>::createFromJsonOrDefaultInternal : Proposing JSON name : no_lights.lighting_config.json from original name : no_lights | This file  does not exist.
I0109 09:17:54.822818 763503 LightLayoutAttributesManager.cpp:34] File (no_lights) not found, so new default light layout attributes created and registered.
I0109 09:17:54.822825 763503 Simulator.cpp:198] ::setSceneInstanceAttributes : Navmesh file location in scene instance : data/scene_datasets/gibson_semantic//Shelbyville.navmesh
I0109 09:17:54.822831 763503 Simulator.cpp:205] ::setSceneInstanceAttributes : Loading navmesh from data/scene_datasets/gibson_semantic//Shelbyville.navmesh
WARNING: Logging before InitGoogleLogging() is written to STDERR
I0109 09:17:54.824872 763484 ManagedFileBasedContainer.h:210] <Dataset>::convertFilenameToPassedExt : Filename : default changed to proposed scene_dataset_config.json filename : default.scene_dataset_config.json
I0109 09:17:54.824908 763484 AttributesManagerBase.h:365] <Dataset>::createFromJsonOrDefaultInternal : Proposing JSON name : default.scene_dataset_config.json from original name : default | This file  does not exist.
I0109 09:17:54.825040 763484 AssetAttributesManager.cpp:120] Asset attributes (capsule3DSolid : capsule3DSolid_hemiRings_4_cylRings_1_segments_12_halfLen_0.75_useTexCoords_false_useTangents_false) created and registered.
I0109 09:17:54.825104 763484 AssetAttributesManager.cpp:120] Asset attributes (capsule3DWireframe : capsule3DWireframe_hemiRings_8_cylRings_1_segments_16_halfLen_1) created and registered.
I0109 09:17:54.825161 763484 AssetAttributesManager.cpp:120] Asset attributes (coneSolid : coneSolid_segments_12_halfLen_1.25_rings_1_useTexCoords_false_useTangents_false_capEnd_true) created and registered.
I0109 09:17:54.825201 763484 AssetAttributesManager.cpp:120] Asset attributes (coneWireframe : coneWireframe_segments_32_halfLen_1.25) created and registered.
I0109 09:17:54.825223 763484 AssetAttributesManager.cpp:120] Asset attributes (cubeSolid : cubeSolid) created and registered.
I0109 09:17:54.825238 763484 AssetAttributesManager.cpp:120] Asset attributes (cubeWireframe : cubeWireframe) created and registered.
I0109 09:17:54.825289 763484 AssetAttributesManager.cpp:120] Asset attributes (cylinderSolid : cylinderSolid_rings_1_segments_12_halfLen_1_useTexCoords_false_useTangents_false_capEnds_true) created and registered.
I0109 09:17:54.825335 763484 AssetAttributesManager.cpp:120] Asset attributes (cylinderWireframe : cylinderWireframe_rings_1_segments_32_halfLen_1) created and registered.
I0109 09:17:54.825358 763484 AssetAttributesManager.cpp:120] Asset attributes (icosphereSolid : icosphereSolid_subdivs_1) created and registered.
I0109 09:17:54.825390 763484 AssetAttributesManager.cpp:120] Asset attributes (icosphereWireframe : icosphereWireframe_subdivs_1) created and registered.
2025-01-09 09:17:54,825 Initializing dataset PointNav-v1
I0109 09:17:54.825423 763484 AssetAttributesManager.cpp:120] Asset attributes (uvSphereSolid : uvSphereSolid_rings_8_segments_16_useTexCoords_false_useTangents_false) created and registered.
I0109 09:17:54.825453 763484 AssetAttributesManager.cpp:120] Asset attributes (uvSphereWireframe : uvSphereWireframe_rings_16_segments_32) created and registered.
I0109 09:17:54.825485 763484 AssetAttributesManager.cpp:108] ::constructor : Built default primitive asset templates : 12
I0109 09:17:54.826114 763484 SceneDatasetAttributesManager.cpp:36] File (default) not found, so new default dataset attributes created and registered.
I0109 09:17:54.826122 763484 MetadataMediator.cpp:127] ::createSceneDataset : Dataset default successfully created.
I0109 09:17:54.826136 763484 AttributesManagerBase.h:365] <Physics Manager>::createFromJsonOrDefaultInternal : Proposing JSON name : ./data/default.physics_config.json from original name : ./data/default.physics_config.json | This file  does not exist.
I0109 09:17:54.826159 763484 PhysicsAttributesManager.cpp:26] File (./data/default.physics_config.json) not found, so new default physics manager attributes created and registered.
I0109 09:17:54.826167 763484 MetadataMediator.cpp:212] ::setActiveSceneDatasetName : Previous active dataset  changed to default successfully.
I0109 09:17:54.826172 763484 MetadataMediator.cpp:183] ::setCurrPhysicsAttributesHandle : Old physics manager attributes  changed to ./data/default.physics_config.json successfully.
I0109 09:17:54.826180 763484 MetadataMediator.cpp:68] ::setSimulatorConfiguration : Set new simulator config for scene/stage : data/scene_datasets/gibson_semantic//Allensville.glb and dataset : default which is currently active dataset.
2025-01-09 09:17:54,826 initializing sim Sim-v0
WARNING: Logging before InitGoogleLogging() is written to STDERR
I0109 09:17:54.830103 763489 ManagedFileBasedContainer.h:210] <Dataset>::convertFilenameToPassedExt : Filename : default changed to proposed scene_dataset_config.json filename : default.scene_dataset_config.json
I0109 09:17:54.830138 763489 AttributesManagerBase.h:365] <Dataset>::createFromJsonOrDefaultInternal : Proposing JSON name : default.scene_dataset_config.json from original name : default | This file  does not exist.
I0109 09:17:54.830240 763489 AssetAttributesManager.cpp:120] Asset attributes (capsule3DSolid : capsule3DSolid_hemiRings_4_cylRings_1_segments_12_halfLen_0.75_useTexCoords_false_useTangents_false) created and registered.
I0109 09:17:54.830279 763489 AssetAttributesManager.cpp:120] Asset attributes (capsule3DWireframe : capsule3DWireframe_hemiRings_8_cylRings_1_segments_16_halfLen_1) created and registered.
I0109 09:17:54.830315 763489 AssetAttributesManager.cpp:120] Asset attributes (coneSolid : coneSolid_segments_12_halfLen_1.25_rings_1_useTexCoords_false_useTangents_false_capEnd_true) created and registered.
I0109 09:17:54.830338 763489 AssetAttributesManager.cpp:120] Asset attributes (coneWireframe : coneWireframe_segments_32_halfLen_1.25) created and registered.
I0109 09:17:54.830353 763489 AssetAttributesManager.cpp:120] Asset attributes (cubeSolid : cubeSolid) created and registered.
I0109 09:17:54.830364 763489 AssetAttributesManager.cpp:120] Asset attributes (cubeWireframe : cubeWireframe) created and registered.
I0109 09:17:54.830394 763489 AssetAttributesManager.cpp:120] Asset attributes (cylinderSolid : cylinderSolid_rings_1_segments_12_halfLen_1_useTexCoords_false_useTangents_false_capEnds_true) created and registered.
I0109 09:17:54.830421 763489 AssetAttributesManager.cpp:120] Asset attributes (cylinderWireframe : cylinderWireframe_rings_1_segments_32_halfLen_1) created and registered.
I0109 09:17:54.830435 763489 AssetAttributesManager.cpp:120] Asset attributes (icosphereSolid : icosphereSolid_subdivs_1) created and registered.
I0109 09:17:54.830458 763489 AssetAttributesManager.cpp:120] Asset attributes (icosphereWireframe : icosphereWireframe_subdivs_1) created and registered.
I0109 09:17:54.830477 763489 AssetAttributesManager.cpp:120] Asset attributes (uvSphereSolid : uvSphereSolid_rings_8_segments_16_useTexCoords_false_useTangents_false) created and registered.
I0109 09:17:54.830497 763489 AssetAttributesManager.cpp:120] Asset attributes (uvSphereWireframe : uvSphereWireframe_rings_16_segments_32) created and registered.
I0109 09:17:54.830507 763489 AssetAttributesManager.cpp:108] ::constructor : Built default primitive asset templates : 12
I0109 09:17:54.831094 763489 SceneDatasetAttributesManager.cpp:36] File (default) not found, so new default dataset attributes created and registered.
I0109 09:17:54.831101 763489 MetadataMediator.cpp:127] ::createSceneDataset : Dataset default successfully created.
I0109 09:17:54.831111 763489 AttributesManagerBase.h:365] <Physics Manager>::createFromJsonOrDefaultInternal : Proposing JSON name : ./data/default.physics_config.json from original name : ./data/default.physics_config.json | This file  does not exist.
I0109 09:17:54.831126 763489 PhysicsAttributesManager.cpp:26] File (./data/default.physics_config.json) not found, so new default physics manager attributes created and registered.
I0109 09:17:54.831130 763489 MetadataMediator.cpp:212] ::setActiveSceneDatasetName : Previous active dataset  changed to default successfully.
I0109 09:17:54.831133 763489 MetadataMediator.cpp:183] ::setCurrPhysicsAttributesHandle : Old physics manager attributes  changed to ./data/default.physics_config.json successfully.
I0109 09:17:54.831138 763489 MetadataMediator.cpp:68] ::setSimulatorConfiguration : Set new simulator config for scene/stage : data/scene_datasets/gibson_semantic//Hanson.glb and dataset : default which is currently active dataset.
Renderer: NVIDIA GeForce RTX 4090/PCIe/SSE2 by NVIDIA Corporation
OpenGL version: 4.6.0 NVIDIA 550.54.15
Using optional features:
    GL_ARB_vertex_array_object
    GL_ARB_ES2_compatibility
    GL_ARB_separate_shader_objects
    GL_ARB_robustness
    GL_ARB_texture_storage
    GL_ARB_invalidate_subdata
    GL_ARB_texture_storage_multisample
    GL_ARB_multi_bind
    GL_ARB_direct_state_access
    GL_ARB_get_texture_sub_image
    GL_ARB_texture_filter_anisotropic
    GL_KHR_debug
Using driver workarounds:
    no-forward-compatible-core-context
    nv-egl-incorrect-gl11-function-pointers
    no-layout-qualifiers-on-old-glsl
    nv-zero-context-profile-mask
    nv-implementation-color-read-format-dsa-broken
    nv-cubemap-inconsistent-compressed-image-size
    nv-cubemap-broken-full-compressed-image-query
    nv-compressed-block-size-in-bits
I0109 09:17:54.874327 763498 ManagedFileBasedContainer.h:210] <Scene Instance>::convertFilenameToPassedExt : Filename : data/scene_datasets/gibson_semantic//Newfields.glb changed to proposed scene_instance.json filename : data/scene_datasets/gibson_semantic//Newfields.scene_instance.json
I0109 09:17:54.874354 763498 MetadataMediator.cpp:311] ::getSceneAttributesByName : Dataset : default has no preloaded SceneAttributes or StageAttributes named : data/scene_datasets/gibson_semantic//Newfields.glb so loading/creating a new StageAttributes with this name, and then creating a SceneAttributes with the same name that references this stage.
I0109 09:17:54.874364 763498 ManagedFileBasedContainer.h:210] <Stage Template>::convertFilenameToPassedExt : Filename : data/scene_datasets/gibson_semantic//Newfields.glb changed to proposed stage_config.json filename : data/scene_datasets/gibson_semantic//Newfields.stage_config.json
I0109 09:17:54.874372 763498 AttributesManagerBase.h:365] <Stage Template>::createFromJsonOrDefaultInternal : Proposing JSON name : data/scene_datasets/gibson_semantic//Newfields.stage_config.json from original name : data/scene_datasets/gibson_semantic//Newfields.glb | This file  does not exist.
I0109 09:17:54.874480 763498 AbstractObjectAttributesManagerBase.h:183] File (data/scene_datasets/gibson_semantic//Newfields.glb) exists but is not a recognized config filename extension, so new default Stage Template attributes created and registered.
I0109 09:17:54.874531 763498 SceneDatasetAttributes.cpp:45] ::addNewSceneInstanceToDataset : Dataset : 'default' : Stage Attributes 'data/scene_datasets/gibson_semantic//Newfields.glb' specified in Scene Attributes exists in dataset library.
I0109 09:17:54.874537 763498 SceneDatasetAttributes.cpp:79] ::addNewSceneInstanceToDataset : Dataset : 'default' : Lighting Layout Attributes 'no_lights' specified in Scene Attributes but does not exist in dataset, so creating.
I0109 09:17:54.874542 763498 ManagedFileBasedContainer.h:210] <Lighting Layout>::convertFilenameToPassedExt : Filename : no_lights changed to proposed lighting_config.json filename : no_lights.lighting_config.json
I0109 09:17:54.874550 763498 ManagedFileBasedContainer.h:210] <Lighting Layout>::convertFilenameToPassedExt : Filename : no_lights changed to proposed lighting_config.json filename : no_lights.lighting_config.json
I0109 09:17:54.874555 763498 AttributesManagerBase.h:365] <Lighting Layout>::createFromJsonOrDefaultInternal : Proposing JSON name : no_lights.lighting_config.json from original name : no_lights | This file  does not exist.
I0109 09:17:54.874570 763498 LightLayoutAttributesManager.cpp:34] File (no_lights) not found, so new default light layout attributes created and registered.
I0109 09:17:54.874578 763498 Simulator.cpp:198] ::setSceneInstanceAttributes : Navmesh file location in scene instance : data/scene_datasets/gibson_semantic//Newfields.navmesh
I0109 09:17:54.874585 763498 Simulator.cpp:205] ::setSceneInstanceAttributes : Loading navmesh from data/scene_datasets/gibson_semantic//Newfields.navmesh
I0109 09:17:54.874764 763498 Simulator.cpp:208] ::setSceneInstanceAttributes : Navmesh Loaded.
I0109 09:17:54.874783 763498 SceneGraph.h:85] Created DrawableGroup: 
I0109 09:17:54.874790 763498 Simulator.cpp:243] ::setSceneInstanceAttributes : SceneInstance : data/scene_datasets/gibson_semantic//Newfields.glb proposed Semantic Scene Descriptor filename : data/scene_datasets/gibson_semantic//Newfields.scn
Renderer: NVIDIA GeForce RTX 4090/PCIe/SSE2 by NVIDIA Corporation
OpenGL version: 4.6.0 NVIDIA 550.54.15
Using optional features:
    GL_ARB_vertex_array_object
    GL_ARB_ES2_compatibility
    GL_ARB_separate_shader_objects
    GL_ARB_robustness
    GL_ARB_texture_storage
    GL_ARB_invalidate_subdata
    GL_ARB_texture_storage_multisample
    GL_ARB_multi_bind
    GL_ARB_direct_state_access
    GL_ARB_get_texture_sub_image
    GL_ARB_texture_filter_anisotropic
    GL_KHR_debug
Using driver workarounds:
    no-forward-compatible-core-context
    nv-egl-incorrect-gl11-function-pointers
    no-layout-qualifiers-on-old-glsl
    nv-zero-context-profile-mask
    nv-implementation-color-read-format-dsa-broken
    nv-cubemap-inconsistent-compressed-image-size
    nv-cubemap-broken-full-compressed-image-query
    nv-compressed-block-size-in-bits
I0109 09:17:54.907863 763493 ManagedFileBasedContainer.h:210] <Scene Instance>::convertFilenameToPassedExt : Filename : data/scene_datasets/gibson_semantic//Leonardo.glb changed to proposed scene_instance.json filename : data/scene_datasets/gibson_semantic//Leonardo.scene_instance.json
I0109 09:17:54.907893 763493 MetadataMediator.cpp:311] ::getSceneAttributesByName : Dataset : default has no preloaded SceneAttributes or StageAttributes named : data/scene_datasets/gibson_semantic//Leonardo.glb so loading/creating a new StageAttributes with this name, and then creating a SceneAttributes with the same name that references this stage.
I0109 09:17:54.907903 763493 ManagedFileBasedContainer.h:210] <Stage Template>::convertFilenameToPassedExt : Filename : data/scene_datasets/gibson_semantic//Leonardo.glb changed to proposed stage_config.json filename : data/scene_datasets/gibson_semantic//Leonardo.stage_config.json
I0109 09:17:54.907908 763493 AttributesManagerBase.h:365] <Stage Template>::createFromJsonOrDefaultInternal : Proposing JSON name : data/scene_datasets/gibson_semantic//Leonardo.stage_config.json from original name : data/scene_datasets/gibson_semantic//Leonardo.glb | This file  does not exist.
I0109 09:17:54.908013 763493 AbstractObjectAttributesManagerBase.h:183] File (data/scene_datasets/gibson_semantic//Leonardo.glb) exists but is not a recognized config filename extension, so new default Stage Template attributes created and registered.
I0109 09:17:54.908047 763493 SceneDatasetAttributes.cpp:45] ::addNewSceneInstanceToDataset : Dataset : 'default' : Stage Attributes 'data/scene_datasets/gibson_semantic//Leonardo.glb' specified in Scene Attributes exists in dataset library.
I0109 09:17:54.908053 763493 SceneDatasetAttributes.cpp:79] ::addNewSceneInstanceToDataset : Dataset : 'default' : Lighting Layout Attributes 'no_lights' specified in Scene Attributes but does not exist in dataset, so creating.
I0109 09:17:54.908057 763493 ManagedFileBasedContainer.h:210] <Lighting Layout>::convertFilenameToPassedExt : Filename : no_lights changed to proposed lighting_config.json filename : no_lights.lighting_config.json
I0109 09:17:54.908062 763493 ManagedFileBasedContainer.h:210] <Lighting Layout>::convertFilenameToPassedExt : Filename : no_lights changed to proposed lighting_config.json filename : no_lights.lighting_config.json
I0109 09:17:54.908066 763493 AttributesManagerBase.h:365] <Lighting Layout>::createFromJsonOrDefaultInternal : Proposing JSON name : no_lights.lighting_config.json from original name : no_lights | This file  does not exist.
I0109 09:17:54.908079 763493 LightLayoutAttributesManager.cpp:34] File (no_lights) not found, so new default light layout attributes created and registered.
I0109 09:17:54.908087 763493 Simulator.cpp:198] ::setSceneInstanceAttributes : Navmesh file location in scene instance : data/scene_datasets/gibson_semantic//Leonardo.navmesh
I0109 09:17:54.908092 763493 Simulator.cpp:205] ::setSceneInstanceAttributes : Loading navmesh from data/scene_datasets/gibson_semantic//Leonardo.navmesh
I0109 09:17:54.908258 763493 Simulator.cpp:208] ::setSceneInstanceAttributes : Navmesh Loaded.
I0109 09:17:54.908277 763493 SceneGraph.h:85] Created DrawableGroup: 
I0109 09:17:54.908284 763493 Simulator.cpp:243] ::setSceneInstanceAttributes : SceneInstance : data/scene_datasets/gibson_semantic//Leonardo.glb proposed Semantic Scene Descriptor filename : data/scene_datasets/gibson_semantic//Leonardo.scn
2025-01-09 09:17:54,911 Initializing dataset PointNav-v1
2025-01-09 09:17:54,913 initializing sim Sim-v0
Renderer: NVIDIA GeForce RTX 4090/PCIe/SSE2 by NVIDIA Corporation
OpenGL version: 4.6.0 NVIDIA 550.54.15
Using optional features:
    GL_ARB_vertex_array_object
    GL_ARB_ES2_compatibility
    GL_ARB_separate_shader_objects
    GL_ARB_robustness
    GL_ARB_texture_storage
    GL_ARB_invalidate_subdata
    GL_ARB_texture_storage_multisample
    GL_ARB_multi_bind
    GL_ARB_direct_state_access
    GL_ARB_get_texture_sub_image
    GL_ARB_texture_filter_anisotropic
    GL_KHR_debug
Using driver workarounds:
    no-forward-compatible-core-context
    nv-egl-incorrect-gl11-function-pointers
    no-layout-qualifiers-on-old-glsl
    nv-zero-context-profile-mask
    nv-implementation-color-read-format-dsa-broken
    nv-cubemap-inconsistent-compressed-image-size
    nv-cubemap-broken-full-compressed-image-query
    nv-compressed-block-size-in-bits
I0109 09:17:54.913929 763485 ManagedFileBasedContainer.h:210] <Scene Instance>::convertFilenameToPassedExt : Filename : data/scene_datasets/gibson_semantic//Beechwood.glb changed to proposed scene_instance.json filename : data/scene_datasets/gibson_semantic//Beechwood.scene_instance.json
I0109 09:17:54.913959 763485 MetadataMediator.cpp:311] ::getSceneAttributesByName : Dataset : default has no preloaded SceneAttributes or StageAttributes named : data/scene_datasets/gibson_semantic//Beechwood.glb so loading/creating a new StageAttributes with this name, and then creating a SceneAttributes with the same name that references this stage.
I0109 09:17:54.913971 763485 ManagedFileBasedContainer.h:210] <Stage Template>::convertFilenameToPassedExt : Filename : data/scene_datasets/gibson_semantic//Beechwood.glb changed to proposed stage_config.json filename : data/scene_datasets/gibson_semantic//Beechwood.stage_config.json
I0109 09:17:54.913990 763485 AttributesManagerBase.h:365] <Stage Template>::createFromJsonOrDefaultInternal : Proposing JSON name : data/scene_datasets/gibson_semantic//Beechwood.stage_config.json from original name : data/scene_datasets/gibson_semantic//Beechwood.glb | This file  does not exist.
I0109 09:17:54.914129 763485 AbstractObjectAttributesManagerBase.h:183] File (data/scene_datasets/gibson_semantic//Beechwood.glb) exists but is not a recognized config filename extension, so new default Stage Template attributes created and registered.
I0109 09:17:54.914180 763485 SceneDatasetAttributes.cpp:45] ::addNewSceneInstanceToDataset : Dataset : 'default' : Stage Attributes 'data/scene_datasets/gibson_semantic//Beechwood.glb' specified in Scene Attributes exists in dataset library.
I0109 09:17:54.914189 763485 SceneDatasetAttributes.cpp:79] ::addNewSceneInstanceToDataset : Dataset : 'default' : Lighting Layout Attributes 'no_lights' specified in Scene Attributes but does not exist in dataset, so creating.
I0109 09:17:54.914196 763485 ManagedFileBasedContainer.h:210] <Lighting Layout>::convertFilenameToPassedExt : Filename : no_lights changed to proposed lighting_config.json filename : no_lights.lighting_config.json
I0109 09:17:54.914204 763485 ManagedFileBasedContainer.h:210] <Lighting Layout>::convertFilenameToPassedExt : Filename : no_lights changed to proposed lighting_config.json filename : no_lights.lighting_config.json
I0109 09:17:54.914211 763485 AttributesManagerBase.h:365] <Lighting Layout>::createFromJsonOrDefaultInternal : Proposing JSON name : no_lights.lighting_config.json from original name : no_lights | This file  does not exist.
I0109 09:17:54.914230 763485 LightLayoutAttributesManager.cpp:34] File (no_lights) not found, so new default light layout attributes created and registered.
I0109 09:17:54.914242 763485 Simulator.cpp:198] ::setSceneInstanceAttributes : Navmesh file location in scene instance : data/scene_datasets/gibson_semantic//Beechwood.navmesh
I0109 09:17:54.914249 763485 Simulator.cpp:205] ::setSceneInstanceAttributes : Loading navmesh from data/scene_datasets/gibson_semantic//Beechwood.navmesh
I0109 09:17:54.914485 763485 Simulator.cpp:208] ::setSceneInstanceAttributes : Navmesh Loaded.
I0109 09:17:54.914512 763485 SceneGraph.h:85] Created DrawableGroup: 
I0109 09:17:54.914520 763485 Simulator.cpp:243] ::setSceneInstanceAttributes : SceneInstance : data/scene_datasets/gibson_semantic//Beechwood.glb proposed Semantic Scene Descriptor filename : data/scene_datasets/gibson_semantic//Beechwood.scn
W0109 09:17:54.915030 763485 Simulator.cpp:267] ::setSceneInstanceAttributes : All attempts to load SSD with SceneAttributes-provided name data/scene_datasets/gibson_semantic//Beechwood.scn : exist : 0 : loaded as expected type : 1
WARNING: Logging before InitGoogleLogging() is written to STDERR
I0109 09:17:54.916491 763491 ManagedFileBasedContainer.h:210] <Dataset>::convertFilenameToPassedExt : Filename : default changed to proposed scene_dataset_config.json filename : default.scene_dataset_config.json
I0109 09:17:54.916522 763491 AttributesManagerBase.h:365] <Dataset>::createFromJsonOrDefaultInternal : Proposing JSON name : default.scene_dataset_config.json from original name : default | This file  does not exist.
I0109 09:17:54.916610 763491 AssetAttributesManager.cpp:120] Asset attributes (capsule3DSolid : capsule3DSolid_hemiRings_4_cylRings_1_segments_12_halfLen_0.75_useTexCoords_false_useTangents_false) created and registered.
I0109 09:17:54.916651 763491 AssetAttributesManager.cpp:120] Asset attributes (capsule3DWireframe : capsule3DWireframe_hemiRings_8_cylRings_1_segments_16_halfLen_1) created and registered.
I0109 09:17:54.916689 763491 AssetAttributesManager.cpp:120] Asset attributes (coneSolid : coneSolid_segments_12_halfLen_1.25_rings_1_useTexCoords_false_useTangents_false_capEnd_true) created and registered.
I0109 09:17:54.916723 763491 AssetAttributesManager.cpp:120] Asset attributes (coneWireframe : coneWireframe_segments_32_halfLen_1.25) created and registered.
I0109 09:17:54.916747 763491 AssetAttributesManager.cpp:120] Asset attributes (cubeSolid : cubeSolid) created and registered.
I0109 09:17:54.916759 763491 AssetAttributesManager.cpp:120] Asset attributes (cubeWireframe : cubeWireframe) created and registered.
I0109 09:17:54.916785 763491 AssetAttributesManager.cpp:120] Asset attributes (cylinderSolid : cylinderSolid_rings_1_segments_12_halfLen_1_useTexCoords_false_useTangents_false_capEnds_true) created and registered.
I0109 09:17:54.916810 763491 AssetAttributesManager.cpp:120] Asset attributes (cylinderWireframe : cylinderWireframe_rings_1_segments_32_halfLen_1) created and registered.
I0109 09:17:54.916822 763491 AssetAttributesManager.cpp:120] Asset attributes (icosphereSolid : icosphereSolid_subdivs_1) created and registered.
I0109 09:17:54.916836 763491 AssetAttributesManager.cpp:120] Asset attributes (icosphereWireframe : icosphereWireframe_subdivs_1) created and registered.
I0109 09:17:54.916852 763491 AssetAttributesManager.cpp:120] Asset attributes (uvSphereSolid : uvSphereSolid_rings_8_segments_16_useTexCoords_false_useTangents_false) created and registered.
I0109 09:17:54.916868 763491 AssetAttributesManager.cpp:120] Asset attributes (uvSphereWireframe : uvSphereWireframe_rings_16_segments_32) created and registered.
I0109 09:17:54.916878 763491 AssetAttributesManager.cpp:108] ::constructor : Built default primitive asset templates : 12
2025-01-09 09:17:54,916 Initializing dataset PointNav-v1
I0109 09:17:54.917408 763491 SceneDatasetAttributesManager.cpp:36] File (default) not found, so new default dataset attributes created and registered.
I0109 09:17:54.917415 763491 MetadataMediator.cpp:127] ::createSceneDataset : Dataset default successfully created.
I0109 09:17:54.917424 763491 AttributesManagerBase.h:365] <Physics Manager>::createFromJsonOrDefaultInternal : Proposing JSON name : ./data/default.physics_config.json from original name : ./data/default.physics_config.json | This file  does not exist.
I0109 09:17:54.917438 763491 PhysicsAttributesManager.cpp:26] File (./data/default.physics_config.json) not found, so new default physics manager attributes created and registered.
I0109 09:17:54.917443 763491 MetadataMediator.cpp:212] ::setActiveSceneDatasetName : Previous active dataset  changed to default successfully.
I0109 09:17:54.917445 763491 MetadataMediator.cpp:183] ::setCurrPhysicsAttributesHandle : Old physics manager attributes  changed to ./data/default.physics_config.json successfully.
I0109 09:17:54.917450 763491 MetadataMediator.cpp:68] ::setSimulatorConfiguration : Set new simulator config for scene/stage : data/scene_datasets/gibson_semantic//Klickitat.glb and dataset : default which is currently active dataset.
2025-01-09 09:17:54,917 initializing sim Sim-v0
WARNING: Logging before InitGoogleLogging() is written to STDERR
I0109 09:17:54.921056 763501 ManagedFileBasedContainer.h:210] <Dataset>::convertFilenameToPassedExt : Filename : default changed to proposed scene_dataset_config.json filename : default.scene_dataset_config.json
I0109 09:17:54.921087 763501 AttributesManagerBase.h:365] <Dataset>::createFromJsonOrDefaultInternal : Proposing JSON name : default.scene_dataset_config.json from original name : default | This file  does not exist.
I0109 09:17:54.921183 763501 AssetAttributesManager.cpp:120] Asset attributes (capsule3DSolid : capsule3DSolid_hemiRings_4_cylRings_1_segments_12_halfLen_0.75_useTexCoords_false_useTangents_false) created and registered.
I0109 09:17:54.921228 763501 AssetAttributesManager.cpp:120] Asset attributes (capsule3DWireframe : capsule3DWireframe_hemiRings_8_cylRings_1_segments_16_halfLen_1) created and registered.
I0109 09:17:54.921267 763501 AssetAttributesManager.cpp:120] Asset attributes (coneSolid : coneSolid_segments_12_halfLen_1.25_rings_1_useTexCoords_false_useTangents_false_capEnd_true) created and registered.
I0109 09:17:54.921308 763501 AssetAttributesManager.cpp:120] Asset attributes (coneWireframe : coneWireframe_segments_32_halfLen_1.25) created and registered.
I0109 09:17:54.921324 763501 AssetAttributesManager.cpp:120] Asset attributes (cubeSolid : cubeSolid) created and registered.
I0109 09:17:54.921334 763501 AssetAttributesManager.cpp:120] Asset attributes (cubeWireframe : cubeWireframe) created and registered.
I0109 09:17:54.921360 763501 AssetAttributesManager.cpp:120] Asset attributes (cylinderSolid : cylinderSolid_rings_1_segments_12_halfLen_1_useTexCoords_false_useTangents_false_capEnds_true) created and registered.
I0109 09:17:54.921386 763501 AssetAttributesManager.cpp:120] Asset attributes (cylinderWireframe : cylinderWireframe_rings_1_segments_32_halfLen_1) created and registered.
I0109 09:17:54.921399 763501 AssetAttributesManager.cpp:120] Asset attributes (icosphereSolid : icosphereSolid_subdivs_1) created and registered.
I0109 09:17:54.921413 763501 AssetAttributesManager.cpp:120] Asset attributes (icosphereWireframe : icosphereWireframe_subdivs_1) created and registered.
I0109 09:17:54.921432 763501 AssetAttributesManager.cpp:120] Asset attributes (uvSphereSolid : uvSphereSolid_rings_8_segments_16_useTexCoords_false_useTangents_false) created and registered.
I0109 09:17:54.921448 763501 AssetAttributesManager.cpp:120] Asset attributes (uvSphereWireframe : uvSphereWireframe_rings_16_segments_32) created and registered.
I0109 09:17:54.921463 763501 AssetAttributesManager.cpp:108] ::constructor : Built default primitive asset templates : 12
I0109 09:17:54.922080 763501 SceneDatasetAttributesManager.cpp:36] File (default) not found, so new default dataset attributes created and registered.
I0109 09:17:54.922088 763501 MetadataMediator.cpp:127] ::createSceneDataset : Dataset default successfully created.
I0109 09:17:54.922098 763501 AttributesManagerBase.h:365] <Physics Manager>::createFromJsonOrDefaultInternal : Proposing JSON name : ./data/default.physics_config.json from original name : ./data/default.physics_config.json | This file  does not exist.
I0109 09:17:54.922113 763501 PhysicsAttributesManager.cpp:26] File (./data/default.physics_config.json) not found, so new default physics manager attributes created and registered.
I0109 09:17:54.922118 763501 MetadataMediator.cpp:212] ::setActiveSceneDatasetName : Previous active dataset  changed to default successfully.
I0109 09:17:54.922122 763501 MetadataMediator.cpp:183] ::setCurrPhysicsAttributesHandle : Old physics manager attributes  changed to ./data/default.physics_config.json successfully.
I0109 09:17:54.922127 763501 MetadataMediator.cpp:68] ::setSimulatorConfiguration : Set new simulator config for scene/stage : data/scene_datasets/gibson_semantic//Pomaria.glb and dataset : default which is currently active dataset.
2025-01-09 09:17:54,922 Initializing dataset PointNav-v1
2025-01-09 09:17:54,923 initializing sim Sim-v0
2025-01-09 09:17:54,923 Initializing dataset PointNav-v1
2025-01-09 09:17:54,924 initializing sim Sim-v0
I0109 09:17:54.924753 763485 Simulator.cpp:316] ::createSceneInstance : Using scene instance-specified Light key : -no_lights-
I0109 09:17:54.924782 763485 MetadataMediator.cpp:68] ::setSimulatorConfiguration : Set new simulator config for scene/stage : data/scene_datasets/gibson_semantic//Beechwood.glb and dataset : default which is currently active dataset.
I0109 09:17:54.924818 763485 Simulator.cpp:374] ::createSceneInstance : Start to load stage named : data/scene_datasets/gibson_semantic//Beechwood.glb with render asset : data/scene_datasets/gibson_semantic//Beechwood.glb and collision asset : data/scene_datasets/gibson_semantic//Beechwood.glb
I0109 09:17:54.924839 763485 ResourceManager.cpp:249] ::loadStage : Not loading semantic mesh
I0109 09:17:54.924844 763485 ResourceManager.cpp:277] ::loadStage : start load render asset data/scene_datasets/gibson_semantic//Beechwood.glb.
I0109 09:17:54.924849 763485 ResourceManager.cpp:691] ::loadStageInternal : Attempting to load stage data/scene_datasets/gibson_semantic//Beechwood.glb 
I0109 09:17:54.924880 763485 ResourceManager.cpp:1265] Importing Basis files as BC7 for Beechwood.glb
2025-01-09 09:17:54,925 Initializing dataset PointNav-v1
WARNING: Logging before InitGoogleLogging() is written to STDERR
I0109 09:17:54.926728 763504 ManagedFileBasedContainer.h:210] <Dataset>::convertFilenameToPassedExt : Filename : default changed to proposed scene_dataset_config.json filename : default.scene_dataset_config.json
I0109 09:17:54.926760 763504 AttributesManagerBase.h:365] <Dataset>::createFromJsonOrDefaultInternal : Proposing JSON name : default.scene_dataset_config.json from original name : default | This file  does not exist.
2025-01-09 09:17:54,926 initializing sim Sim-v0
I0109 09:17:54.926867 763504 AssetAttributesManager.cpp:120] Asset attributes (capsule3DSolid : capsule3DSolid_hemiRings_4_cylRings_1_segments_12_halfLen_0.75_useTexCoords_false_useTangents_false) created and registered.
I0109 09:17:54.926932 763504 AssetAttributesManager.cpp:120] Asset attributes (capsule3DWireframe : capsule3DWireframe_hemiRings_8_cylRings_1_segments_16_halfLen_1) created and registered.
I0109 09:17:54.926972 763504 AssetAttributesManager.cpp:120] Asset attributes (coneSolid : coneSolid_segments_12_halfLen_1.25_rings_1_useTexCoords_false_useTangents_false_capEnd_true) created and registered.
I0109 09:17:54.926998 763504 AssetAttributesManager.cpp:120] Asset attributes (coneWireframe : coneWireframe_segments_32_halfLen_1.25) created and registered.
I0109 09:17:54.927014 763504 AssetAttributesManager.cpp:120] Asset attributes (cubeSolid : cubeSolid) created and registered.
I0109 09:17:54.927026 763504 AssetAttributesManager.cpp:120] Asset attributes (cubeWireframe : cubeWireframe) created and registered.
I0109 09:17:54.927057 763504 AssetAttributesManager.cpp:120] Asset attributes (cylinderSolid : cylinderSolid_rings_1_segments_12_halfLen_1_useTexCoords_false_useTangents_false_capEnds_true) created and registered.
I0109 09:17:54.927088 763504 AssetAttributesManager.cpp:120] Asset attributes (cylinderWireframe : cylinderWireframe_rings_1_segments_32_halfLen_1) created and registered.
I0109 09:17:54.927104 763504 AssetAttributesManager.cpp:120] Asset attributes (icosphereSolid : icosphereSolid_subdivs_1) created and registered.
I0109 09:17:54.927120 763504 AssetAttributesManager.cpp:120] Asset attributes (icosphereWireframe : icosphereWireframe_subdivs_1) created and registered.
I0109 09:17:54.927142 763504 AssetAttributesManager.cpp:120] Asset attributes (uvSphereSolid : uvSphereSolid_rings_8_segments_16_useTexCoords_false_useTangents_false) created and registered.
I0109 09:17:54.927163 763504 AssetAttributesManager.cpp:120] Asset attributes (uvSphereWireframe : uvSphereWireframe_rings_16_segments_32) created and registered.
I0109 09:17:54.927174 763504 AssetAttributesManager.cpp:108] ::constructor : Built default primitive asset templates : 12
WARNING: Logging before InitGoogleLogging() is written to STDERR
I0109 09:17:54.927683 763494 ManagedFileBasedContainer.h:210] <Dataset>::convertFilenameToPassedExt : Filename : default changed to proposed scene_dataset_config.json filename : default.scene_dataset_config.json
I0109 09:17:54.927716 763494 AttributesManagerBase.h:365] <Dataset>::createFromJsonOrDefaultInternal : Proposing JSON name : default.scene_dataset_config.json from original name : default | This file  does not exist.
I0109 09:17:54.927814 763494 AssetAttributesManager.cpp:120] Asset attributes (capsule3DSolid : capsule3DSolid_hemiRings_4_cylRings_1_segments_12_halfLen_0.75_useTexCoords_false_useTangents_false) created and registered.
I0109 09:17:54.927834 763504 SceneDatasetAttributesManager.cpp:36] File (default) not found, so new default dataset attributes created and registered.
I0109 09:17:54.927843 763504 MetadataMediator.cpp:127] ::createSceneDataset : Dataset default successfully created.
I0109 09:17:54.927853 763504 AttributesManagerBase.h:365] <Physics Manager>::createFromJsonOrDefaultInternal : Proposing JSON name : ./data/default.physics_config.json from original name : ./data/default.physics_config.json | This file  does not exist.
I0109 09:17:54.927863 763494 AssetAttributesManager.cpp:120] Asset attributes (capsule3DWireframe : capsule3DWireframe_hemiRings_8_cylRings_1_segments_16_halfLen_1) created and registered.
I0109 09:17:54.927876 763504 PhysicsAttributesManager.cpp:26] File (./data/default.physics_config.json) not found, so new default physics manager attributes created and registered.
I0109 09:17:54.927882 763504 MetadataMediator.cpp:212] ::setActiveSceneDatasetName : Previous active dataset  changed to default successfully.
I0109 09:17:54.927886 763504 MetadataMediator.cpp:183] ::setCurrPhysicsAttributesHandle : Old physics manager attributes  changed to ./data/default.physics_config.json successfully.
I0109 09:17:54.927891 763504 MetadataMediator.cpp:68] ::setSimulatorConfiguration : Set new simulator config for scene/stage : data/scene_datasets/gibson_semantic//Stockman.glb and dataset : default which is currently active dataset.
I0109 09:17:54.927913 763494 AssetAttributesManager.cpp:120] Asset attributes (coneSolid : coneSolid_segments_12_halfLen_1.25_rings_1_useTexCoords_false_useTangents_false_capEnd_true) created and registered.
I0109 09:17:54.927956 763494 AssetAttributesManager.cpp:120] Asset attributes (coneWireframe : coneWireframe_segments_32_halfLen_1.25) created and registered.
I0109 09:17:54.927973 763494 AssetAttributesManager.cpp:120] Asset attributes (cubeSolid : cubeSolid) created and registered.
I0109 09:17:54.927984 763494 AssetAttributesManager.cpp:120] Asset attributes (cubeWireframe : cubeWireframe) created and registered.
I0109 09:17:54.928017 763494 AssetAttributesManager.cpp:120] Asset attributes (cylinderSolid : cylinderSolid_rings_1_segments_12_halfLen_1_useTexCoords_false_useTangents_false_capEnds_true) created and registered.
I0109 09:17:54.928048 763494 AssetAttributesManager.cpp:120] Asset attributes (cylinderWireframe : cylinderWireframe_rings_1_segments_32_halfLen_1) created and registered.
I0109 09:17:54.928064 763494 AssetAttributesManager.cpp:120] Asset attributes (icosphereSolid : icosphereSolid_subdivs_1) created and registered.
I0109 09:17:54.928081 763494 AssetAttributesManager.cpp:120] Asset attributes (icosphereWireframe : icosphereWireframe_subdivs_1) created and registered.
I0109 09:17:54.928102 763494 AssetAttributesManager.cpp:120] Asset attributes (uvSphereSolid : uvSphereSolid_rings_8_segments_16_useTexCoords_false_useTangents_false) created and registered.
I0109 09:17:54.928122 763494 AssetAttributesManager.cpp:120] Asset attributes (uvSphereWireframe : uvSphereWireframe_rings_16_segments_32) created and registered.
I0109 09:17:54.928134 763494 AssetAttributesManager.cpp:108] ::constructor : Built default primitive asset templates : 12
I0109 09:17:54.928797 763494 SceneDatasetAttributesManager.cpp:36] File (default) not found, so new default dataset attributes created and registered.
I0109 09:17:54.928807 763494 MetadataMediator.cpp:127] ::createSceneDataset : Dataset default successfully created.
I0109 09:17:54.928815 763494 AttributesManagerBase.h:365] <Physics Manager>::createFromJsonOrDefaultInternal : Proposing JSON name : ./data/default.physics_config.json from original name : ./data/default.physics_config.json | This file  does not exist.
I0109 09:17:54.928831 763494 PhysicsAttributesManager.cpp:26] File (./data/default.physics_config.json) not found, so new default physics manager attributes created and registered.
I0109 09:17:54.928838 763494 MetadataMediator.cpp:212] ::setActiveSceneDatasetName : Previous active dataset  changed to default successfully.
I0109 09:17:54.928841 763494 MetadataMediator.cpp:183] ::setCurrPhysicsAttributesHandle : Old physics manager attributes  changed to ./data/default.physics_config.json successfully.
I0109 09:17:54.928846 763494 MetadataMediator.cpp:68] ::setSimulatorConfiguration : Set new simulator config for scene/stage : data/scene_datasets/gibson_semantic//Lindenwood.glb and dataset : default which is currently active dataset.
2025-01-09 09:17:54,929 Initializing dataset PointNav-v1
WARNING: Logging before InitGoogleLogging() is written to STDERR
I0109 09:17:54.930523 763506 ManagedFileBasedContainer.h:210] <Dataset>::convertFilenameToPassedExt : Filename : default changed to proposed scene_dataset_config.json filename : default.scene_dataset_config.json
I0109 09:17:54.930555 763506 AttributesManagerBase.h:365] <Dataset>::createFromJsonOrDefaultInternal : Proposing JSON name : default.scene_dataset_config.json from original name : default | This file  does not exist.
I0109 09:17:54.930660 763506 AssetAttributesManager.cpp:120] Asset attributes (capsule3DSolid : capsule3DSolid_hemiRings_4_cylRings_1_segments_12_halfLen_0.75_useTexCoords_false_useTangents_false) created and registered.
I0109 09:17:54.930702 763506 AssetAttributesManager.cpp:120] Asset attributes (capsule3DWireframe : capsule3DWireframe_hemiRings_8_cylRings_1_segments_16_halfLen_1) created and registered.
I0109 09:17:54.930752 763506 AssetAttributesManager.cpp:120] Asset attributes (coneSolid : coneSolid_segments_12_halfLen_1.25_rings_1_useTexCoords_false_useTangents_false_capEnd_true) created and registered.
I0109 09:17:54.930776 763506 AssetAttributesManager.cpp:120] Asset attributes (coneWireframe : coneWireframe_segments_32_halfLen_1.25) created and registered.
I0109 09:17:54.930799 763506 AssetAttributesManager.cpp:120] Asset attributes (cubeSolid : cubeSolid) created and registered.
I0109 09:17:54.930810 763506 AssetAttributesManager.cpp:120] Asset attributes (cubeWireframe : cubeWireframe) created and registered.
I0109 09:17:54.930857 763506 AssetAttributesManager.cpp:120] Asset attributes (cylinderSolid : cylinderSolid_rings_1_segments_12_halfLen_1_useTexCoords_false_useTangents_false_capEnds_true) created and registered.
I0109 09:17:54.930891 763506 AssetAttributesManager.cpp:120] Asset attributes (cylinderWireframe : cylinderWireframe_rings_1_segments_32_halfLen_1) created and registered.
I0109 09:17:54.930907 763506 AssetAttributesManager.cpp:120] Asset attributes (icosphereSolid : icosphereSolid_subdivs_1) created and registered.
I0109 09:17:54.930924 763506 AssetAttributesManager.cpp:120] Asset attributes (icosphereWireframe : icosphereWireframe_subdivs_1) created and registered.
I0109 09:17:54.930946 763506 AssetAttributesManager.cpp:120] Asset attributes (uvSphereSolid : uvSphereSolid_rings_8_segments_16_useTexCoords_false_useTangents_false) created and registered.
I0109 09:17:54.930967 763506 AssetAttributesManager.cpp:120] Asset attributes (uvSphereWireframe : uvSphereWireframe_rings_16_segments_32) created and registered.
I0109 09:17:54.930979 763506 AssetAttributesManager.cpp:108] ::constructor : Built default primitive asset templates : 12
I0109 09:17:54.931660 763506 SceneDatasetAttributesManager.cpp:36] File (default) not found, so new default dataset attributes created and registered.
I0109 09:17:54.931667 763506 MetadataMediator.cpp:127] ::createSceneDataset : Dataset default successfully created.
I0109 09:17:54.931677 763506 AttributesManagerBase.h:365] <Physics Manager>::createFromJsonOrDefaultInternal : Proposing JSON name : ./data/default.physics_config.json from original name : ./data/default.physics_config.json | This file  does not exist.
I0109 09:17:54.931694 763506 PhysicsAttributesManager.cpp:26] File (./data/default.physics_config.json) not found, so new default physics manager attributes created and registered.
I0109 09:17:54.931699 763506 MetadataMediator.cpp:212] ::setActiveSceneDatasetName : Previous active dataset  changed to default successfully.
I0109 09:17:54.931703 763506 MetadataMediator.cpp:183] ::setCurrPhysicsAttributesHandle : Old physics manager attributes  changed to ./data/default.physics_config.json successfully.
I0109 09:17:54.931708 763506 MetadataMediator.cpp:68] ::setSimulatorConfiguration : Set new simulator config for scene/stage : data/scene_datasets/gibson_semantic//Wainscott.glb and dataset : default which is currently active dataset.
Renderer: NVIDIA GeForce RTX 4090/PCIe/SSE2 by NVIDIA Corporation
OpenGL version: 4.6.0 NVIDIA 550.54.15
Using optional features:
    GL_ARB_vertex_array_object
    GL_ARB_ES2_compatibility
    GL_ARB_separate_shader_objects
    GL_ARB_robustness
    GL_ARB_texture_storage
    GL_ARB_invalidate_subdata
    GL_ARB_texture_storage_multisample
    GL_ARB_multi_bind
    GL_ARB_direct_state_access
    GL_ARB_get_texture_sub_image
    GL_ARB_texture_filter_anisotropic
    GL_KHR_debug
Using driver workarounds:
    no-forward-compatible-core-context
    nv-egl-incorrect-gl11-function-pointers
    no-layout-qualifiers-on-old-glsl
    nv-zero-context-profile-mask
    nv-implementation-color-read-format-dsa-broken
    nv-cubemap-inconsistent-compressed-image-size
    nv-cubemap-broken-full-compressed-image-query
    nv-compressed-block-size-in-bits
I0109 09:17:54.945307 763484 ManagedFileBasedContainer.h:210] <Scene Instance>::convertFilenameToPassedExt : Filename : data/scene_datasets/gibson_semantic//Allensville.glb changed to proposed scene_instance.json filename : data/scene_datasets/gibson_semantic//Allensville.scene_instance.json
I0109 09:17:54.945333 763484 MetadataMediator.cpp:311] ::getSceneAttributesByName : Dataset : default has no preloaded SceneAttributes or StageAttributes named : data/scene_datasets/gibson_semantic//Allensville.glb so loading/creating a new StageAttributes with this name, and then creating a SceneAttributes with the same name that references this stage.
I0109 09:17:54.945343 763484 ManagedFileBasedContainer.h:210] <Stage Template>::convertFilenameToPassedExt : Filename : data/scene_datasets/gibson_semantic//Allensville.glb changed to proposed stage_config.json filename : data/scene_datasets/gibson_semantic//Allensville.stage_config.json
I0109 09:17:54.945348 763484 AttributesManagerBase.h:365] <Stage Template>::createFromJsonOrDefaultInternal : Proposing JSON name : data/scene_datasets/gibson_semantic//Allensville.stage_config.json from original name : data/scene_datasets/gibson_semantic//Allensville.glb | This file  does not exist.
I0109 09:17:54.945446 763484 AbstractObjectAttributesManagerBase.h:183] File (data/scene_datasets/gibson_semantic//Allensville.glb) exists but is not a recognized config filename extension, so new default Stage Template attributes created and registered.
I0109 09:17:54.945498 763484 SceneDatasetAttributes.cpp:45] ::addNewSceneInstanceToDataset : Dataset : 'default' : Stage Attributes 'data/scene_datasets/gibson_semantic//Allensville.glb' specified in Scene Attributes exists in dataset library.
I0109 09:17:54.945506 763484 SceneDatasetAttributes.cpp:79] ::addNewSceneInstanceToDataset : Dataset : 'default' : Lighting Layout Attributes 'no_lights' specified in Scene Attributes but does not exist in dataset, so creating.
I0109 09:17:54.945511 763484 ManagedFileBasedContainer.h:210] <Lighting Layout>::convertFilenameToPassedExt : Filename : no_lights changed to proposed lighting_config.json filename : no_lights.lighting_config.json
I0109 09:17:54.945518 763484 ManagedFileBasedContainer.h:210] <Lighting Layout>::convertFilenameToPassedExt : Filename : no_lights changed to proposed lighting_config.json filename : no_lights.lighting_config.json
I0109 09:17:54.945521 763484 AttributesManagerBase.h:365] <Lighting Layout>::createFromJsonOrDefaultInternal : Proposing JSON name : no_lights.lighting_config.json from original name : no_lights | This file  does not exist.
I0109 09:17:54.945535 763484 LightLayoutAttributesManager.cpp:34] File (no_lights) not found, so new default light layout attributes created and registered.
I0109 09:17:54.945542 763484 Simulator.cpp:198] ::setSceneInstanceAttributes : Navmesh file location in scene instance : data/scene_datasets/gibson_semantic//Allensville.navmesh
I0109 09:17:54.945549 763484 Simulator.cpp:205] ::setSceneInstanceAttributes : Loading navmesh from data/scene_datasets/gibson_semantic//Allensville.navmesh
2025-01-09 09:17:54,950 initializing sim Sim-v0
Renderer: NVIDIA GeForce RTX 4090/PCIe/SSE2 by NVIDIA Corporation
OpenGL version: 4.6.0 NVIDIA 550.54.15
Using optional features:
    GL_ARB_vertex_array_object
    GL_ARB_ES2_compatibility
    GL_ARB_separate_shader_objects
    GL_ARB_robustness
    GL_ARB_texture_storage
    GL_ARB_invalidate_subdata
    GL_ARB_texture_storage_multisample
    GL_ARB_multi_bind
    GL_ARB_direct_state_access
    GL_ARB_get_texture_sub_image
    GL_ARB_texture_filter_anisotropic
    GL_KHR_debug
Using driver workarounds:
    no-forward-compatible-core-context
    nv-egl-incorrect-gl11-function-pointers
    no-layout-qualifiers-on-old-glsl
    nv-zero-context-profile-mask
    nv-implementation-color-read-format-dsa-broken
    nv-cubemap-inconsistent-compressed-image-size
    nv-cubemap-broken-full-compressed-image-query
    nv-compressed-block-size-in-bits
I0109 09:17:54.950928 763489 ManagedFileBasedContainer.h:210] <Scene Instance>::convertFilenameToPassedExt : Filename : data/scene_datasets/gibson_semantic//Hanson.glb changed to proposed scene_instance.json filename : data/scene_datasets/gibson_semantic//Hanson.scene_instance.json
I0109 09:17:54.950948 763489 MetadataMediator.cpp:311] ::getSceneAttributesByName : Dataset : default has no preloaded SceneAttributes or StageAttributes named : data/scene_datasets/gibson_semantic//Hanson.glb so loading/creating a new StageAttributes with this name, and then creating a SceneAttributes with the same name that references this stage.
I0109 09:17:54.950956 763489 ManagedFileBasedContainer.h:210] <Stage Template>::convertFilenameToPassedExt : Filename : data/scene_datasets/gibson_semantic//Hanson.glb changed to proposed stage_config.json filename : data/scene_datasets/gibson_semantic//Hanson.stage_config.json
I0109 09:17:54.950961 763489 AttributesManagerBase.h:365] <Stage Template>::createFromJsonOrDefaultInternal : Proposing JSON name : data/scene_datasets/gibson_semantic//Hanson.stage_config.json from original name : data/scene_datasets/gibson_semantic//Hanson.glb | This file  does not exist.
I0109 09:17:54.951050 763489 AbstractObjectAttributesManagerBase.h:183] File (data/scene_datasets/gibson_semantic//Hanson.glb) exists but is not a recognized config filename extension, so new default Stage Template attributes created and registered.
I0109 09:17:54.951083 763489 SceneDatasetAttributes.cpp:45] ::addNewSceneInstanceToDataset : Dataset : 'default' : Stage Attributes 'data/scene_datasets/gibson_semantic//Hanson.glb' specified in Scene Attributes exists in dataset library.
I0109 09:17:54.951088 763489 SceneDatasetAttributes.cpp:79] ::addNewSceneInstanceToDataset : Dataset : 'default' : Lighting Layout Attributes 'no_lights' specified in Scene Attributes but does not exist in dataset, so creating.
I0109 09:17:54.951093 763489 ManagedFileBasedContainer.h:210] <Lighting Layout>::convertFilenameToPassedExt : Filename : no_lights changed to proposed lighting_config.json filename : no_lights.lighting_config.json
I0109 09:17:54.951098 763489 ManagedFileBasedContainer.h:210] <Lighting Layout>::convertFilenameToPassedExt : Filename : no_lights changed to proposed lighting_config.json filename : no_lights.lighting_config.json
I0109 09:17:54.951102 763489 AttributesManagerBase.h:365] <Lighting Layout>::createFromJsonOrDefaultInternal : Proposing JSON name : no_lights.lighting_config.json from original name : no_lights | This file  does not exist.
I0109 09:17:54.951115 763489 LightLayoutAttributesManager.cpp:34] File (no_lights) not found, so new default light layout attributes created and registered.
I0109 09:17:54.951121 763489 Simulator.cpp:198] ::setSceneInstanceAttributes : Navmesh file location in scene instance : data/scene_datasets/gibson_semantic//Hanson.navmesh
I0109 09:17:54.951126 763489 Simulator.cpp:205] ::setSceneInstanceAttributes : Loading navmesh from data/scene_datasets/gibson_semantic//Hanson.navmesh
I0109 09:17:54.952224 763484 Simulator.cpp:208] ::setSceneInstanceAttributes : Navmesh Loaded.
I0109 09:17:54.952260 763484 SceneGraph.h:85] Created DrawableGroup: 
I0109 09:17:54.952270 763484 Simulator.cpp:243] ::setSceneInstanceAttributes : SceneInstance : data/scene_datasets/gibson_semantic//Allensville.glb proposed Semantic Scene Descriptor filename : data/scene_datasets/gibson_semantic//Allensville.scn
WARNING: Logging before InitGoogleLogging() is written to STDERR
I0109 09:17:54.953467 763487 ManagedFileBasedContainer.h:210] <Dataset>::convertFilenameToPassedExt : Filename : default changed to proposed scene_dataset_config.json filename : default.scene_dataset_config.json
I0109 09:17:54.953512 763487 AttributesManagerBase.h:365] <Dataset>::createFromJsonOrDefaultInternal : Proposing JSON name : default.scene_dataset_config.json from original name : default | This file  does not exist.
I0109 09:17:54.953603 763487 AssetAttributesManager.cpp:120] Asset attributes (capsule3DSolid : capsule3DSolid_hemiRings_4_cylRings_1_segments_12_halfLen_0.75_useTexCoords_false_useTangents_false) created and registered.
I0109 09:17:54.953640 763487 AssetAttributesManager.cpp:120] Asset attributes (capsule3DWireframe : capsule3DWireframe_hemiRings_8_cylRings_1_segments_16_halfLen_1) created and registered.
I0109 09:17:54.953676 763487 AssetAttributesManager.cpp:120] Asset attributes (coneSolid : coneSolid_segments_12_halfLen_1.25_rings_1_useTexCoords_false_useTangents_false_capEnd_true) created and registered.
I0109 09:17:54.953699 763487 AssetAttributesManager.cpp:120] Asset attributes (coneWireframe : coneWireframe_segments_32_halfLen_1.25) created and registered.
I0109 09:17:54.953714 763487 AssetAttributesManager.cpp:120] Asset attributes (cubeSolid : cubeSolid) created and registered.
I0109 09:17:54.953725 763487 AssetAttributesManager.cpp:120] Asset attributes (cubeWireframe : cubeWireframe) created and registered.
I0109 09:17:54.953764 763487 AssetAttributesManager.cpp:120] Asset attributes (cylinderSolid : cylinderSolid_rings_1_segments_12_halfLen_1_useTexCoords_false_useTangents_false_capEnds_true) created and registered.
I0109 09:17:54.953791 763487 AssetAttributesManager.cpp:120] Asset attributes (cylinderWireframe : cylinderWireframe_rings_1_segments_32_halfLen_1) created and registered.
I0109 09:17:54.953805 763487 AssetAttributesManager.cpp:120] Asset attributes (icosphereSolid : icosphereSolid_subdivs_1) created and registered.
I0109 09:17:54.953819 763487 AssetAttributesManager.cpp:120] Asset attributes (icosphereWireframe : icosphereWireframe_subdivs_1) created and registered.
I0109 09:17:54.953837 763487 AssetAttributesManager.cpp:120] Asset attributes (uvSphereSolid : uvSphereSolid_rings_8_segments_16_useTexCoords_false_useTangents_false) created and registered.
I0109 09:17:54.953856 763487 AssetAttributesManager.cpp:120] Asset attributes (uvSphereWireframe : uvSphereWireframe_rings_16_segments_32) created and registered.
I0109 09:17:54.953866 763487 AssetAttributesManager.cpp:108] ::constructor : Built default primitive asset templates : 12
I0109 09:17:54.954402 763487 SceneDatasetAttributesManager.cpp:36] File (default) not found, so new default dataset attributes created and registered.
I0109 09:17:54.954411 763487 MetadataMediator.cpp:127] ::createSceneDataset : Dataset default successfully created.
I0109 09:17:54.954421 763487 AttributesManagerBase.h:365] <Physics Manager>::createFromJsonOrDefaultInternal : Proposing JSON name : ./data/default.physics_config.json from original name : ./data/default.physics_config.json | This file  does not exist.
I0109 09:17:54.954435 763487 PhysicsAttributesManager.cpp:26] File (./data/default.physics_config.json) not found, so new default physics manager attributes created and registered.
I0109 09:17:54.954439 763487 MetadataMediator.cpp:212] ::setActiveSceneDatasetName : Previous active dataset  changed to default successfully.
I0109 09:17:54.954443 763487 MetadataMediator.cpp:183] ::setCurrPhysicsAttributesHandle : Old physics manager attributes  changed to ./data/default.physics_config.json successfully.
I0109 09:17:54.954447 763487 MetadataMediator.cpp:68] ::setSimulatorConfiguration : Set new simulator config for scene/stage : data/scene_datasets/gibson_semantic//Cosmos.glb and dataset : default which is currently active dataset.
W0109 09:17:54.955770 763492 Simulator.cpp:267] ::setSceneInstanceAttributes : All attempts to load SSD with SceneAttributes-provided name data/scene_datasets/gibson_semantic//Lakeville.scn : exist : 0 : loaded as expected type : 1
I0109 09:17:54.956373 763492 Simulator.cpp:316] ::createSceneInstance : Using scene instance-specified Light key : -no_lights-
I0109 09:17:54.956391 763492 MetadataMediator.cpp:68] ::setSimulatorConfiguration : Set new simulator config for scene/stage : data/scene_datasets/gibson_semantic//Lakeville.glb and dataset : default which is currently active dataset.
I0109 09:17:54.956421 763492 Simulator.cpp:374] ::createSceneInstance : Start to load stage named : data/scene_datasets/gibson_semantic//Lakeville.glb with render asset : data/scene_datasets/gibson_semantic//Lakeville.glb and collision asset : data/scene_datasets/gibson_semantic//Lakeville.glb
I0109 09:17:54.956437 763492 ResourceManager.cpp:249] ::loadStage : Not loading semantic mesh
I0109 09:17:54.956442 763492 ResourceManager.cpp:277] ::loadStage : start load render asset data/scene_datasets/gibson_semantic//Lakeville.glb.
I0109 09:17:54.956444 763492 ResourceManager.cpp:691] ::loadStageInternal : Attempting to load stage data/scene_datasets/gibson_semantic//Lakeville.glb 
I0109 09:17:54.956470 763492 ResourceManager.cpp:1265] Importing Basis files as BC7 for Lakeville.glb
2025-01-09 09:17:54,958 initializing sim Sim-v0
WARNING: Logging before InitGoogleLogging() is written to STDERR
I0109 09:17:54.961678 763495 ManagedFileBasedContainer.h:210] <Dataset>::convertFilenameToPassedExt : Filename : default changed to proposed scene_dataset_config.json filename : default.scene_dataset_config.json
I0109 09:17:54.961712 763495 AttributesManagerBase.h:365] <Dataset>::createFromJsonOrDefaultInternal : Proposing JSON name : default.scene_dataset_config.json from original name : default | This file  does not exist.
I0109 09:17:54.961810 763495 AssetAttributesManager.cpp:120] Asset attributes (capsule3DSolid : capsule3DSolid_hemiRings_4_cylRings_1_segments_12_halfLen_0.75_useTexCoords_false_useTangents_false) created and registered.
I0109 09:17:54.961858 763495 AssetAttributesManager.cpp:120] Asset attributes (capsule3DWireframe : capsule3DWireframe_hemiRings_8_cylRings_1_segments_16_halfLen_1) created and registered.
I0109 09:17:54.961899 763495 AssetAttributesManager.cpp:120] Asset attributes (coneSolid : coneSolid_segments_12_halfLen_1.25_rings_1_useTexCoords_false_useTangents_false_capEnd_true) created and registered.
I0109 09:17:54.961939 763495 AssetAttributesManager.cpp:120] Asset attributes (coneWireframe : coneWireframe_segments_32_halfLen_1.25) created and registered.
I0109 09:17:54.961953 763495 AssetAttributesManager.cpp:120] Asset attributes (cubeSolid : cubeSolid) created and registered.
I0109 09:17:54.961964 763495 AssetAttributesManager.cpp:120] Asset attributes (cubeWireframe : cubeWireframe) created and registered.
I0109 09:17:54.961992 763495 AssetAttributesManager.cpp:120] Asset attributes (cylinderSolid : cylinderSolid_rings_1_segments_12_halfLen_1_useTexCoords_false_useTangents_false_capEnds_true) created and registered.
I0109 09:17:54.962021 763495 AssetAttributesManager.cpp:120] Asset attributes (cylinderWireframe : cylinderWireframe_rings_1_segments_32_halfLen_1) created and registered.
I0109 09:17:54.962035 763495 AssetAttributesManager.cpp:120] Asset attributes (icosphereSolid : icosphereSolid_subdivs_1) created and registered.
I0109 09:17:54.962050 763495 AssetAttributesManager.cpp:120] Asset attributes (icosphereWireframe : icosphereWireframe_subdivs_1) created and registered.
I0109 09:17:54.962070 763495 AssetAttributesManager.cpp:120] Asset attributes (uvSphereSolid : uvSphereSolid_rings_8_segments_16_useTexCoords_false_useTangents_false) created and registered.
I0109 09:17:54.962090 763495 AssetAttributesManager.cpp:120] Asset attributes (uvSphereWireframe : uvSphereWireframe_rings_16_segments_32) created and registered.
I0109 09:17:54.962100 763495 AssetAttributesManager.cpp:108] ::constructor : Built default primitive asset templates : 12
I0109 09:17:54.962705 763495 SceneDatasetAttributesManager.cpp:36] File (default) not found, so new default dataset attributes created and registered.
I0109 09:17:54.962723 763495 MetadataMediator.cpp:127] ::createSceneDataset : Dataset default successfully created.
I0109 09:17:54.962734 763495 AttributesManagerBase.h:365] <Physics Manager>::createFromJsonOrDefaultInternal : Proposing JSON name : ./data/default.physics_config.json from original name : ./data/default.physics_config.json | This file  does not exist.
I0109 09:17:54.962749 763495 PhysicsAttributesManager.cpp:26] File (./data/default.physics_config.json) not found, so new default physics manager attributes created and registered.
I0109 09:17:54.962754 763495 MetadataMediator.cpp:212] ::setActiveSceneDatasetName : Previous active dataset  changed to default successfully.
I0109 09:17:54.962757 763495 MetadataMediator.cpp:183] ::setCurrPhysicsAttributesHandle : Old physics manager attributes  changed to ./data/default.physics_config.json successfully.
I0109 09:17:54.962764 763495 MetadataMediator.cpp:68] ::setSimulatorConfiguration : Set new simulator config for scene/stage : data/scene_datasets/gibson_semantic//Marstons.glb and dataset : default which is currently active dataset.
W0109 09:17:54.962802 763498 Simulator.cpp:267] ::setSceneInstanceAttributes : All attempts to load SSD with SceneAttributes-provided name data/scene_datasets/gibson_semantic//Newfields.scn : exist : 0 : loaded as expected type : 1
I0109 09:17:54.963245 763498 Simulator.cpp:316] ::createSceneInstance : Using scene instance-specified Light key : -no_lights-
I0109 09:17:54.963260 763498 MetadataMediator.cpp:68] ::setSimulatorConfiguration : Set new simulator config for scene/stage : data/scene_datasets/gibson_semantic//Newfields.glb and dataset : default which is currently active dataset.
I0109 09:17:54.963289 763498 Simulator.cpp:374] ::createSceneInstance : Start to load stage named : data/scene_datasets/gibson_semantic//Newfields.glb with render asset : data/scene_datasets/gibson_semantic//Newfields.glb and collision asset : data/scene_datasets/gibson_semantic//Newfields.glb
I0109 09:17:54.963306 763498 ResourceManager.cpp:249] ::loadStage : Not loading semantic mesh
I0109 09:17:54.963312 763498 ResourceManager.cpp:277] ::loadStage : start load render asset data/scene_datasets/gibson_semantic//Newfields.glb.
I0109 09:17:54.963315 763498 ResourceManager.cpp:691] ::loadStageInternal : Attempting to load stage data/scene_datasets/gibson_semantic//Newfields.glb 
I0109 09:17:54.963336 763498 ResourceManager.cpp:1265] Importing Basis files as BC7 for Newfields.glb
W0109 09:17:54.965015 763493 Simulator.cpp:267] ::setSceneInstanceAttributes : All attempts to load SSD with SceneAttributes-provided name data/scene_datasets/gibson_semantic//Leonardo.scn : exist : 0 : loaded as expected type : 1
I0109 09:17:54.965407 763493 Simulator.cpp:316] ::createSceneInstance : Using scene instance-specified Light key : -no_lights-
I0109 09:17:54.965425 763493 MetadataMediator.cpp:68] ::setSimulatorConfiguration : Set new simulator config for scene/stage : data/scene_datasets/gibson_semantic//Leonardo.glb and dataset : default which is currently active dataset.
I0109 09:17:54.965456 763493 Simulator.cpp:374] ::createSceneInstance : Start to load stage named : data/scene_datasets/gibson_semantic//Leonardo.glb with render asset : data/scene_datasets/gibson_semantic//Leonardo.glb and collision asset : data/scene_datasets/gibson_semantic//Leonardo.glb
I0109 09:17:54.965480 763493 ResourceManager.cpp:249] ::loadStage : Not loading semantic mesh
I0109 09:17:54.965485 763493 ResourceManager.cpp:277] ::loadStage : start load render asset data/scene_datasets/gibson_semantic//Leonardo.glb.
I0109 09:17:54.965488 763493 ResourceManager.cpp:691] ::loadStageInternal : Attempting to load stage data/scene_datasets/gibson_semantic//Leonardo.glb 
I0109 09:17:54.965528 763493 ResourceManager.cpp:1265] Importing Basis files as BC7 for Leonardo.glb
I0109 09:17:54.972810 763489 Simulator.cpp:208] ::setSceneInstanceAttributes : Navmesh Loaded.
I0109 09:17:54.972849 763489 SceneGraph.h:85] Created DrawableGroup: 
I0109 09:17:54.972862 763489 Simulator.cpp:243] ::setSceneInstanceAttributes : SceneInstance : data/scene_datasets/gibson_semantic//Hanson.glb proposed Semantic Scene Descriptor filename : data/scene_datasets/gibson_semantic//Hanson.scn
W0109 09:17:54.981302 763484 Simulator.cpp:267] ::setSceneInstanceAttributes : All attempts to load SSD with SceneAttributes-provided name data/scene_datasets/gibson_semantic//Allensville.scn : exist : 0 : loaded as expected type : 1
I0109 09:17:54.981712 763484 Simulator.cpp:316] ::createSceneInstance : Using scene instance-specified Light key : -no_lights-
I0109 09:17:54.981730 763484 MetadataMediator.cpp:68] ::setSimulatorConfiguration : Set new simulator config for scene/stage : data/scene_datasets/gibson_semantic//Allensville.glb and dataset : default which is currently active dataset.
I0109 09:17:54.981763 763484 Simulator.cpp:374] ::createSceneInstance : Start to load stage named : data/scene_datasets/gibson_semantic//Allensville.glb with render asset : data/scene_datasets/gibson_semantic//Allensville.glb and collision asset : data/scene_datasets/gibson_semantic//Allensville.glb
I0109 09:17:54.981781 763484 ResourceManager.cpp:249] ::loadStage : Not loading semantic mesh
I0109 09:17:54.981786 763484 ResourceManager.cpp:277] ::loadStage : start load render asset data/scene_datasets/gibson_semantic//Allensville.glb.
I0109 09:17:54.981789 763484 ResourceManager.cpp:691] ::loadStageInternal : Attempting to load stage data/scene_datasets/gibson_semantic//Allensville.glb 
I0109 09:17:54.981813 763484 ResourceManager.cpp:1265] Importing Basis files as BC7 for Allensville.glb
2025-01-09 09:17:54,984 Initializing dataset PointNav-v1
2025-01-09 09:17:54,986 Initializing dataset PointNav-v1
2025-01-09 09:17:54,987 initializing sim Sim-v0
W0109 09:17:54.987928 763489 Simulator.cpp:267] ::setSceneInstanceAttributes : All attempts to load SSD with SceneAttributes-provided name data/scene_datasets/gibson_semantic//Hanson.scn : exist : 0 : loaded as expected type : 1
I0109 09:17:54.988369 763489 Simulator.cpp:316] ::createSceneInstance : Using scene instance-specified Light key : -no_lights-
I0109 09:17:54.988385 763489 MetadataMediator.cpp:68] ::setSimulatorConfiguration : Set new simulator config for scene/stage : data/scene_datasets/gibson_semantic//Hanson.glb and dataset : default which is currently active dataset.
I0109 09:17:54.988415 763489 Simulator.cpp:374] ::createSceneInstance : Start to load stage named : data/scene_datasets/gibson_semantic//Hanson.glb with render asset : data/scene_datasets/gibson_semantic//Hanson.glb and collision asset : data/scene_datasets/gibson_semantic//Hanson.glb
I0109 09:17:54.988431 763489 ResourceManager.cpp:249] ::loadStage : Not loading semantic mesh
I0109 09:17:54.988435 763489 ResourceManager.cpp:277] ::loadStage : start load render asset data/scene_datasets/gibson_semantic//Hanson.glb.
I0109 09:17:54.988438 763489 ResourceManager.cpp:691] ::loadStageInternal : Attempting to load stage data/scene_datasets/gibson_semantic//Hanson.glb 
I0109 09:17:54.988459 763489 ResourceManager.cpp:1265] Importing Basis files as BC7 for Hanson.glb
WARNING: Logging before InitGoogleLogging() is written to STDERR
I0109 09:17:54.991381 763507 ManagedFileBasedContainer.h:210] <Dataset>::convertFilenameToPassedExt : Filename : default changed to proposed scene_dataset_config.json filename : default.scene_dataset_config.json
I0109 09:17:54.991415 763507 AttributesManagerBase.h:365] <Dataset>::createFromJsonOrDefaultInternal : Proposing JSON name : default.scene_dataset_config.json from original name : default | This file  does not exist.
I0109 09:17:54.991549 763507 AssetAttributesManager.cpp:120] Asset attributes (capsule3DSolid : capsule3DSolid_hemiRings_4_cylRings_1_segments_12_halfLen_0.75_useTexCoords_false_useTangents_false) created and registered.
I0109 09:17:54.991637 763507 AssetAttributesManager.cpp:120] Asset attributes (capsule3DWireframe : capsule3DWireframe_hemiRings_8_cylRings_1_segments_16_halfLen_1) created and registered.
I0109 09:17:54.991685 763507 AssetAttributesManager.cpp:120] Asset attributes (coneSolid : coneSolid_segments_12_halfLen_1.25_rings_1_useTexCoords_false_useTangents_false_capEnd_true) created and registered.
I0109 09:17:54.991719 763507 AssetAttributesManager.cpp:120] Asset attributes (coneWireframe : coneWireframe_segments_32_halfLen_1.25) created and registered.
I0109 09:17:54.991737 763507 AssetAttributesManager.cpp:120] Asset attributes (cubeSolid : cubeSolid) created and registered.
I0109 09:17:54.991753 763507 AssetAttributesManager.cpp:120] Asset attributes (cubeWireframe : cubeWireframe) created and registered.
I0109 09:17:54.991787 763507 AssetAttributesManager.cpp:120] Asset attributes (cylinderSolid : cylinderSolid_rings_1_segments_12_halfLen_1_useTexCoords_false_useTangents_false_capEnds_true) created and registered.
I0109 09:17:54.991822 763507 AssetAttributesManager.cpp:120] Asset attributes (cylinderWireframe : cylinderWireframe_rings_1_segments_32_halfLen_1) created and registered.
I0109 09:17:54.991837 763507 AssetAttributesManager.cpp:120] Asset attributes (icosphereSolid : icosphereSolid_subdivs_1) created and registered.
I0109 09:17:54.991853 763507 AssetAttributesManager.cpp:120] Asset attributes (icosphereWireframe : icosphereWireframe_subdivs_1) created and registered.
I0109 09:17:54.991876 763507 AssetAttributesManager.cpp:120] Asset attributes (uvSphereSolid : uvSphereSolid_rings_8_segments_16_useTexCoords_false_useTangents_false) created and registered.
I0109 09:17:54.991899 763507 AssetAttributesManager.cpp:120] Asset attributes (uvSphereWireframe : uvSphereWireframe_rings_16_segments_32) created and registered.
I0109 09:17:54.991910 763507 AssetAttributesManager.cpp:108] ::constructor : Built default primitive asset templates : 12
I0109 09:17:54.992607 763507 SceneDatasetAttributesManager.cpp:36] File (default) not found, so new default dataset attributes created and registered.
I0109 09:17:54.992616 763507 MetadataMediator.cpp:127] ::createSceneDataset : Dataset default successfully created.
I0109 09:17:54.992627 763507 AttributesManagerBase.h:365] <Physics Manager>::createFromJsonOrDefaultInternal : Proposing JSON name : ./data/default.physics_config.json from original name : ./data/default.physics_config.json | This file  does not exist.
I0109 09:17:54.992645 763507 PhysicsAttributesManager.cpp:26] File (./data/default.physics_config.json) not found, so new default physics manager attributes created and registered.
I0109 09:17:54.992650 763507 MetadataMediator.cpp:212] ::setActiveSceneDatasetName : Previous active dataset  changed to default successfully.
I0109 09:17:54.992655 763507 MetadataMediator.cpp:183] ::setCurrPhysicsAttributesHandle : Old physics manager attributes  changed to ./data/default.physics_config.json successfully.
I0109 09:17:54.992659 763507 MetadataMediator.cpp:68] ::setSimulatorConfiguration : Set new simulator config for scene/stage : data/scene_datasets/gibson_semantic//Woodbine.glb and dataset : default which is currently active dataset.
2025-01-09 09:17:55,008 initializing sim Sim-v0
WARNING: Logging before InitGoogleLogging() is written to STDERR
I0109 09:17:55.012053 763502 ManagedFileBasedContainer.h:210] <Dataset>::convertFilenameToPassedExt : Filename : default changed to proposed scene_dataset_config.json filename : default.scene_dataset_config.json
I0109 09:17:55.012094 763502 AttributesManagerBase.h:365] <Dataset>::createFromJsonOrDefaultInternal : Proposing JSON name : default.scene_dataset_config.json from original name : default | This file  does not exist.
I0109 09:17:55.012208 763502 AssetAttributesManager.cpp:120] Asset attributes (capsule3DSolid : capsule3DSolid_hemiRings_4_cylRings_1_segments_12_halfLen_0.75_useTexCoords_false_useTangents_false) created and registered.
I0109 09:17:55.012269 763502 AssetAttributesManager.cpp:120] Asset attributes (capsule3DWireframe : capsule3DWireframe_hemiRings_8_cylRings_1_segments_16_halfLen_1) created and registered.
I0109 09:17:55.012320 763502 AssetAttributesManager.cpp:120] Asset attributes (coneSolid : coneSolid_segments_12_halfLen_1.25_rings_1_useTexCoords_false_useTangents_false_capEnd_true) created and registered.
I0109 09:17:55.012355 763502 AssetAttributesManager.cpp:120] Asset attributes (coneWireframe : coneWireframe_segments_32_halfLen_1.25) created and registered.
I0109 09:17:55.012372 763502 AssetAttributesManager.cpp:120] Asset attributes (cubeSolid : cubeSolid) created and registered.
I0109 09:17:55.012383 763502 AssetAttributesManager.cpp:120] Asset attributes (cubeWireframe : cubeWireframe) created and registered.
I0109 09:17:55.012415 763502 AssetAttributesManager.cpp:120] Asset attributes (cylinderSolid : cylinderSolid_rings_1_segments_12_halfLen_1_useTexCoords_false_useTangents_false_capEnds_true) created and registered.
I0109 09:17:55.012447 763502 AssetAttributesManager.cpp:120] Asset attributes (cylinderWireframe : cylinderWireframe_rings_1_segments_32_halfLen_1) created and registered.
I0109 09:17:55.012463 763502 AssetAttributesManager.cpp:120] Asset attributes (icosphereSolid : icosphereSolid_subdivs_1) created and registered.
I0109 09:17:55.012482 763502 AssetAttributesManager.cpp:120] Asset attributes (icosphereWireframe : icosphereWireframe_subdivs_1) created and registered.
I0109 09:17:55.012504 763502 AssetAttributesManager.cpp:120] Asset attributes (uvSphereSolid : uvSphereSolid_rings_8_segments_16_useTexCoords_false_useTangents_false) created and registered.
I0109 09:17:55.012526 763502 AssetAttributesManager.cpp:120] Asset attributes (uvSphereWireframe : uvSphereWireframe_rings_16_segments_32) created and registered.
I0109 09:17:55.012537 763502 AssetAttributesManager.cpp:108] ::constructor : Built default primitive asset templates : 12
I0109 09:17:55.013206 763502 SceneDatasetAttributesManager.cpp:36] File (default) not found, so new default dataset attributes created and registered.
I0109 09:17:55.013216 763502 MetadataMediator.cpp:127] ::createSceneDataset : Dataset default successfully created.
I0109 09:17:55.013228 763502 AttributesManagerBase.h:365] <Physics Manager>::createFromJsonOrDefaultInternal : Proposing JSON name : ./data/default.physics_config.json from original name : ./data/default.physics_config.json | This file  does not exist.
I0109 09:17:55.013245 763502 PhysicsAttributesManager.cpp:26] File (./data/default.physics_config.json) not found, so new default physics manager attributes created and registered.
I0109 09:17:55.013252 763502 MetadataMediator.cpp:212] ::setActiveSceneDatasetName : Previous active dataset  changed to default successfully.
I0109 09:17:55.013255 763502 MetadataMediator.cpp:183] ::setCurrPhysicsAttributesHandle : Old physics manager attributes  changed to ./data/default.physics_config.json successfully.
I0109 09:17:55.013262 763502 MetadataMediator.cpp:68] ::setSimulatorConfiguration : Set new simulator config for scene/stage : data/scene_datasets/gibson_semantic//Ranchester.glb and dataset : default which is currently active dataset.
2025-01-09 09:17:55,019 Initializing dataset PointNav-v1
Renderer: NVIDIA GeForce RTX 4090/PCIe/SSE2 by NVIDIA Corporation
OpenGL version: 4.6.0 NVIDIA 550.54.15
Using optional features:
    GL_ARB_vertex_array_object
    GL_ARB_ES2_compatibility
    GL_ARB_separate_shader_objects
    GL_ARB_robustness
    GL_ARB_texture_storage
    GL_ARB_invalidate_subdata
    GL_ARB_texture_storage_multisample
    GL_ARB_multi_bind
    GL_ARB_direct_state_access
    GL_ARB_get_texture_sub_image
    GL_ARB_texture_filter_anisotropic
    GL_KHR_debug
Using driver workarounds:
    no-forward-compatible-core-context
    nv-egl-incorrect-gl11-function-pointers
    no-layout-qualifiers-on-old-glsl
    nv-zero-context-profile-mask
    nv-implementation-color-read-format-dsa-broken
    nv-cubemap-inconsistent-compressed-image-size
    nv-cubemap-broken-full-compressed-image-query
    nv-compressed-block-size-in-bits
I0109 09:17:55.019940 763501 ManagedFileBasedContainer.h:210] <Scene Instance>::convertFilenameToPassedExt : Filename : data/scene_datasets/gibson_semantic//Pomaria.glb changed to proposed scene_instance.json filename : data/scene_datasets/gibson_semantic//Pomaria.scene_instance.json
I0109 09:17:55.019963 763501 MetadataMediator.cpp:311] ::getSceneAttributesByName : Dataset : default has no preloaded SceneAttributes or StageAttributes named : data/scene_datasets/gibson_semantic//Pomaria.glb so loading/creating a new StageAttributes with this name, and then creating a SceneAttributes with the same name that references this stage.
I0109 09:17:55.019979 763501 ManagedFileBasedContainer.h:210] <Stage Template>::convertFilenameToPassedExt : Filename : data/scene_datasets/gibson_semantic//Pomaria.glb changed to proposed stage_config.json filename : data/scene_datasets/gibson_semantic//Pomaria.stage_config.json
I0109 09:17:55.019985 763501 AttributesManagerBase.h:365] <Stage Template>::createFromJsonOrDefaultInternal : Proposing JSON name : data/scene_datasets/gibson_semantic//Pomaria.stage_config.json from original name : data/scene_datasets/gibson_semantic//Pomaria.glb | This file  does not exist.
2025-01-09 09:17:55,019 Initializing dataset PointNav-v1
I0109 09:17:55.020076 763501 AbstractObjectAttributesManagerBase.h:183] File (data/scene_datasets/gibson_semantic//Pomaria.glb) exists but is not a recognized config filename extension, so new default Stage Template attributes created and registered.
I0109 09:17:55.020114 763501 SceneDatasetAttributes.cpp:45] ::addNewSceneInstanceToDataset : Dataset : 'default' : Stage Attributes 'data/scene_datasets/gibson_semantic//Pomaria.glb' specified in Scene Attributes exists in dataset library.
I0109 09:17:55.020120 763501 SceneDatasetAttributes.cpp:79] ::addNewSceneInstanceToDataset : Dataset : 'default' : Lighting Layout Attributes 'no_lights' specified in Scene Attributes but does not exist in dataset, so creating.
I0109 09:17:55.020125 763501 ManagedFileBasedContainer.h:210] <Lighting Layout>::convertFilenameToPassedExt : Filename : no_lights changed to proposed lighting_config.json filename : no_lights.lighting_config.json
I0109 09:17:55.020131 763501 ManagedFileBasedContainer.h:210] <Lighting Layout>::convertFilenameToPassedExt : Filename : no_lights changed to proposed lighting_config.json filename : no_lights.lighting_config.json
I0109 09:17:55.020135 763501 AttributesManagerBase.h:365] <Lighting Layout>::createFromJsonOrDefaultInternal : Proposing JSON name : no_lights.lighting_config.json from original name : no_lights | This file  does not exist.
I0109 09:17:55.020150 763501 LightLayoutAttributesManager.cpp:34] File (no_lights) not found, so new default light layout attributes created and registered.
I0109 09:17:55.020157 763501 Simulator.cpp:198] ::setSceneInstanceAttributes : Navmesh file location in scene instance : data/scene_datasets/gibson_semantic//Pomaria.navmesh
I0109 09:17:55.020164 763501 Simulator.cpp:205] ::setSceneInstanceAttributes : Loading navmesh from data/scene_datasets/gibson_semantic//Pomaria.navmesh
2025-01-09 09:17:55,020 initializing sim Sim-v0
2025-01-09 09:17:55,020 initializing sim Sim-v0
WARNING: Logging before InitGoogleLogging() is written to STDERR
I0109 09:17:55.023684 763496 ManagedFileBasedContainer.h:210] <Dataset>::convertFilenameToPassedExt : Filename : default changed to proposed scene_dataset_config.json filename : default.scene_dataset_config.json
I0109 09:17:55.023717 763496 AttributesManagerBase.h:365] <Dataset>::createFromJsonOrDefaultInternal : Proposing JSON name : default.scene_dataset_config.json from original name : default | This file  does not exist.
I0109 09:17:55.023800 763496 AssetAttributesManager.cpp:120] Asset attributes (capsule3DSolid : capsule3DSolid_hemiRings_4_cylRings_1_segments_12_halfLen_0.75_useTexCoords_false_useTangents_false) created and registered.
I0109 09:17:55.023844 763496 AssetAttributesManager.cpp:120] Asset attributes (capsule3DWireframe : capsule3DWireframe_hemiRings_8_cylRings_1_segments_16_halfLen_1) created and registered.
I0109 09:17:55.023880 763496 AssetAttributesManager.cpp:120] Asset attributes (coneSolid : coneSolid_segments_12_halfLen_1.25_rings_1_useTexCoords_false_useTangents_false_capEnd_true) created and registered.
I0109 09:17:55.023905 763496 AssetAttributesManager.cpp:120] Asset attributes (coneWireframe : coneWireframe_segments_32_halfLen_1.25) created and registered.
I0109 09:17:55.023937 763496 AssetAttributesManager.cpp:120] Asset attributes (cubeSolid : cubeSolid) created and registered.
I0109 09:17:55.023947 763496 AssetAttributesManager.cpp:120] Asset attributes (cubeWireframe : cubeWireframe) created and registered.
I0109 09:17:55.023973 763496 AssetAttributesManager.cpp:120] Asset attributes (cylinderSolid : cylinderSolid_rings_1_segments_12_halfLen_1_useTexCoords_false_useTangents_false_capEnds_true) created and registered.
WARNING: Logging before InitGoogleLogging() is written to STDERR
I0109 09:17:55.023998 763496 AssetAttributesManager.cpp:120] Asset attributes (cylinderWireframe : cylinderWireframe_rings_1_segments_32_halfLen_1) created and registered.
I0109 09:17:55.023983 763505 ManagedFileBasedContainer.h:210] <Dataset>::convertFilenameToPassedExt : Filename : default changed to proposed scene_dataset_config.json filename : default.scene_dataset_config.json
I0109 09:17:55.024013 763496 AssetAttributesManager.cpp:120] Asset attributes (icosphereSolid : icosphereSolid_subdivs_1) created and registered.
I0109 09:17:55.024013 763505 AttributesManagerBase.h:365] <Dataset>::createFromJsonOrDefaultInternal : Proposing JSON name : default.scene_dataset_config.json from original name : default | This file  does not exist.
I0109 09:17:55.024029 763496 AssetAttributesManager.cpp:120] Asset attributes (icosphereWireframe : icosphereWireframe_subdivs_1) created and registered.
I0109 09:17:55.024046 763496 AssetAttributesManager.cpp:120] Asset attributes (uvSphereSolid : uvSphereSolid_rings_8_segments_16_useTexCoords_false_useTangents_false) created and registered.
I0109 09:17:55.024062 763496 AssetAttributesManager.cpp:120] Asset attributes (uvSphereWireframe : uvSphereWireframe_rings_16_segments_32) created and registered.
I0109 09:17:55.024071 763496 AssetAttributesManager.cpp:108] ::constructor : Built default primitive asset templates : 12
I0109 09:17:55.024096 763505 AssetAttributesManager.cpp:120] Asset attributes (capsule3DSolid : capsule3DSolid_hemiRings_4_cylRings_1_segments_12_halfLen_0.75_useTexCoords_false_useTangents_false) created and registered.
I0109 09:17:55.024138 763505 AssetAttributesManager.cpp:120] Asset attributes (capsule3DWireframe : capsule3DWireframe_hemiRings_8_cylRings_1_segments_16_halfLen_1) created and registered.
I0109 09:17:55.024175 763505 AssetAttributesManager.cpp:120] Asset attributes (coneSolid : coneSolid_segments_12_halfLen_1.25_rings_1_useTexCoords_false_useTangents_false_capEnd_true) created and registered.
I0109 09:17:55.024200 763505 AssetAttributesManager.cpp:120] Asset attributes (coneWireframe : coneWireframe_segments_32_halfLen_1.25) created and registered.
I0109 09:17:55.024215 763505 AssetAttributesManager.cpp:120] Asset attributes (cubeSolid : cubeSolid) created and registered.
I0109 09:17:55.024226 763505 AssetAttributesManager.cpp:120] Asset attributes (cubeWireframe : cubeWireframe) created and registered.
I0109 09:17:55.024262 763505 AssetAttributesManager.cpp:120] Asset attributes (cylinderSolid : cylinderSolid_rings_1_segments_12_halfLen_1_useTexCoords_false_useTangents_false_capEnds_true) created and registered.
I0109 09:17:55.024286 763505 AssetAttributesManager.cpp:120] Asset attributes (cylinderWireframe : cylinderWireframe_rings_1_segments_32_halfLen_1) created and registered.
I0109 09:17:55.024300 763505 AssetAttributesManager.cpp:120] Asset attributes (icosphereSolid : icosphereSolid_subdivs_1) created and registered.
I0109 09:17:55.024312 763505 AssetAttributesManager.cpp:120] Asset attributes (icosphereWireframe : icosphereWireframe_subdivs_1) created and registered.
I0109 09:17:55.024329 763505 AssetAttributesManager.cpp:120] Asset attributes (uvSphereSolid : uvSphereSolid_rings_8_segments_16_useTexCoords_false_useTangents_false) created and registered.
I0109 09:17:55.024346 763505 AssetAttributesManager.cpp:120] Asset attributes (uvSphereWireframe : uvSphereWireframe_rings_16_segments_32) created and registered.
I0109 09:17:55.024362 763505 AssetAttributesManager.cpp:108] ::constructor : Built default primitive asset templates : 12
I0109 09:17:55.024605 763496 SceneDatasetAttributesManager.cpp:36] File (default) not found, so new default dataset attributes created and registered.
I0109 09:17:55.024613 763496 MetadataMediator.cpp:127] ::createSceneDataset : Dataset default successfully created.
I0109 09:17:55.024622 763496 AttributesManagerBase.h:365] <Physics Manager>::createFromJsonOrDefaultInternal : Proposing JSON name : ./data/default.physics_config.json from original name : ./data/default.physics_config.json | This file  does not exist.
I0109 09:17:55.024636 763496 PhysicsAttributesManager.cpp:26] File (./data/default.physics_config.json) not found, so new default physics manager attributes created and registered.
I0109 09:17:55.024641 763496 MetadataMediator.cpp:212] ::setActiveSceneDatasetName : Previous active dataset  changed to default successfully.
I0109 09:17:55.024644 763496 MetadataMediator.cpp:183] ::setCurrPhysicsAttributesHandle : Old physics manager attributes  changed to ./data/default.physics_config.json successfully.
I0109 09:17:55.024648 763496 MetadataMediator.cpp:68] ::setSimulatorConfiguration : Set new simulator config for scene/stage : data/scene_datasets/gibson_semantic//Merom.glb and dataset : default which is currently active dataset.
I0109 09:17:55.024890 763505 SceneDatasetAttributesManager.cpp:36] File (default) not found, so new default dataset attributes created and registered.
I0109 09:17:55.024900 763505 MetadataMediator.cpp:127] ::createSceneDataset : Dataset default successfully created.
I0109 09:17:55.024909 763505 AttributesManagerBase.h:365] <Physics Manager>::createFromJsonOrDefaultInternal : Proposing JSON name : ./data/default.physics_config.json from original name : ./data/default.physics_config.json | This file  does not exist.
I0109 09:17:55.024921 763505 PhysicsAttributesManager.cpp:26] File (./data/default.physics_config.json) not found, so new default physics manager attributes created and registered.
I0109 09:17:55.024925 763505 MetadataMediator.cpp:212] ::setActiveSceneDatasetName : Previous active dataset  changed to default successfully.
I0109 09:17:55.024928 763505 MetadataMediator.cpp:183] ::setCurrPhysicsAttributesHandle : Old physics manager attributes  changed to ./data/default.physics_config.json successfully.
I0109 09:17:55.024932 763505 MetadataMediator.cpp:68] ::setSimulatorConfiguration : Set new simulator config for scene/stage : data/scene_datasets/gibson_semantic//Tolstoy.glb and dataset : default which is currently active dataset.
Renderer: NVIDIA GeForce RTX 4090/PCIe/SSE2 by NVIDIA Corporation
OpenGL version: 4.6.0 NVIDIA 550.54.15
Using optional features:
    GL_ARB_vertex_array_object
    GL_ARB_ES2_compatibility
    GL_ARB_separate_shader_objects
    GL_ARB_robustness
    GL_ARB_texture_storage
    GL_ARB_invalidate_subdata
    GL_ARB_texture_storage_multisample
    GL_ARB_multi_bind
    GL_ARB_direct_state_access
    GL_ARB_get_texture_sub_image
    GL_ARB_texture_filter_anisotropic
    GL_KHR_debug
Using driver workarounds:
    no-forward-compatible-core-context
    nv-egl-incorrect-gl11-function-pointers
    no-layout-qualifiers-on-old-glsl
    nv-zero-context-profile-mask
    nv-implementation-color-read-format-dsa-broken
    nv-cubemap-inconsistent-compressed-image-size
    nv-cubemap-broken-full-compressed-image-query
    nv-compressed-block-size-in-bits
I0109 09:17:55.027654 763504 ManagedFileBasedContainer.h:210] <Scene Instance>::convertFilenameToPassedExt : Filename : data/scene_datasets/gibson_semantic//Stockman.glb changed to proposed scene_instance.json filename : data/scene_datasets/gibson_semantic//Stockman.scene_instance.json
I0109 09:17:55.027674 763504 MetadataMediator.cpp:311] ::getSceneAttributesByName : Dataset : default has no preloaded SceneAttributes or StageAttributes named : data/scene_datasets/gibson_semantic//Stockman.glb so loading/creating a new StageAttributes with this name, and then creating a SceneAttributes with the same name that references this stage.
I0109 09:17:55.027689 763504 ManagedFileBasedContainer.h:210] <Stage Template>::convertFilenameToPassedExt : Filename : data/scene_datasets/gibson_semantic//Stockman.glb changed to proposed stage_config.json filename : data/scene_datasets/gibson_semantic//Stockman.stage_config.json
I0109 09:17:55.027695 763504 AttributesManagerBase.h:365] <Stage Template>::createFromJsonOrDefaultInternal : Proposing JSON name : data/scene_datasets/gibson_semantic//Stockman.stage_config.json from original name : data/scene_datasets/gibson_semantic//Stockman.glb | This file  does not exist.
I0109 09:17:55.027777 763504 AbstractObjectAttributesManagerBase.h:183] File (data/scene_datasets/gibson_semantic//Stockman.glb) exists but is not a recognized config filename extension, so new default Stage Template attributes created and registered.
I0109 09:17:55.027808 763504 SceneDatasetAttributes.cpp:45] ::addNewSceneInstanceToDataset : Dataset : 'default' : Stage Attributes 'data/scene_datasets/gibson_semantic//Stockman.glb' specified in Scene Attributes exists in dataset library.
I0109 09:17:55.027813 763504 SceneDatasetAttributes.cpp:79] ::addNewSceneInstanceToDataset : Dataset : 'default' : Lighting Layout Attributes 'no_lights' specified in Scene Attributes but does not exist in dataset, so creating.
I0109 09:17:55.027817 763504 ManagedFileBasedContainer.h:210] <Lighting Layout>::convertFilenameToPassedExt : Filename : no_lights changed to proposed lighting_config.json filename : no_lights.lighting_config.json
I0109 09:17:55.027823 763504 ManagedFileBasedContainer.h:210] <Lighting Layout>::convertFilenameToPassedExt : Filename : no_lights changed to proposed lighting_config.json filename : no_lights.lighting_config.json
I0109 09:17:55.027827 763504 AttributesManagerBase.h:365] <Lighting Layout>::createFromJsonOrDefaultInternal : Proposing JSON name : no_lights.lighting_config.json from original name : no_lights | This file  does not exist.
I0109 09:17:55.027840 763504 LightLayoutAttributesManager.cpp:34] File (no_lights) not found, so new default light layout attributes created and registered.
I0109 09:17:55.027848 763504 Simulator.cpp:198] ::setSceneInstanceAttributes : Navmesh file location in scene instance : data/scene_datasets/gibson_semantic//Stockman.navmesh
I0109 09:17:55.027853 763504 Simulator.cpp:205] ::setSceneInstanceAttributes : Loading navmesh from data/scene_datasets/gibson_semantic//Stockman.navmesh
I0109 09:17:55.027984 763504 Simulator.cpp:208] ::setSceneInstanceAttributes : Navmesh Loaded.
I0109 09:17:55.027999 763504 SceneGraph.h:85] Created DrawableGroup: 
I0109 09:17:55.028007 763504 Simulator.cpp:243] ::setSceneInstanceAttributes : SceneInstance : data/scene_datasets/gibson_semantic//Stockman.glb proposed Semantic Scene Descriptor filename : data/scene_datasets/gibson_semantic//Stockman.scn
2025-01-09 09:17:55,035 initializing sim Sim-v0
WARNING: Logging before InitGoogleLogging() is written to STDERR
I0109 09:17:55.038900 763499 ManagedFileBasedContainer.h:210] <Dataset>::convertFilenameToPassedExt : Filename : default changed to proposed scene_dataset_config.json filename : default.scene_dataset_config.json
I0109 09:17:55.038931 763499 AttributesManagerBase.h:365] <Dataset>::createFromJsonOrDefaultInternal : Proposing JSON name : default.scene_dataset_config.json from original name : default | This file  does not exist.
I0109 09:17:55.039011 763499 AssetAttributesManager.cpp:120] Asset attributes (capsule3DSolid : capsule3DSolid_hemiRings_4_cylRings_1_segments_12_halfLen_0.75_useTexCoords_false_useTangents_false) created and registered.
I0109 09:17:55.039052 763499 AssetAttributesManager.cpp:120] Asset attributes (capsule3DWireframe : capsule3DWireframe_hemiRings_8_cylRings_1_segments_16_halfLen_1) created and registered.
I0109 09:17:55.039084 763499 AssetAttributesManager.cpp:120] Asset attributes (coneSolid : coneSolid_segments_12_halfLen_1.25_rings_1_useTexCoords_false_useTangents_false_capEnd_true) created and registered.
I0109 09:17:55.039108 763499 AssetAttributesManager.cpp:120] Asset attributes (coneWireframe : coneWireframe_segments_32_halfLen_1.25) created and registered.
I0109 09:17:55.039127 763499 AssetAttributesManager.cpp:120] Asset attributes (cubeSolid : cubeSolid) created and registered.
I0109 09:17:55.039137 763499 AssetAttributesManager.cpp:120] Asset attributes (cubeWireframe : cubeWireframe) created and registered.
I0109 09:17:55.039165 763499 AssetAttributesManager.cpp:120] Asset attributes (cylinderSolid : cylinderSolid_rings_1_segments_12_halfLen_1_useTexCoords_false_useTangents_false_capEnds_true) created and registered.
I0109 09:17:55.039191 763499 AssetAttributesManager.cpp:120] Asset attributes (cylinderWireframe : cylinderWireframe_rings_1_segments_32_halfLen_1) created and registered.
I0109 09:17:55.039204 763499 AssetAttributesManager.cpp:120] Asset attributes (icosphereSolid : icosphereSolid_subdivs_1) created and registered.
I0109 09:17:55.039229 763499 AssetAttributesManager.cpp:120] Asset attributes (icosphereWireframe : icosphereWireframe_subdivs_1) created and registered.
I0109 09:17:55.039248 763499 AssetAttributesManager.cpp:120] Asset attributes (uvSphereSolid : uvSphereSolid_rings_8_segments_16_useTexCoords_false_useTangents_false) created and registered.
I0109 09:17:55.039265 763499 AssetAttributesManager.cpp:120] Asset attributes (uvSphereWireframe : uvSphereWireframe_rings_16_segments_32) created and registered.
I0109 09:17:55.039274 763499 AssetAttributesManager.cpp:108] ::constructor : Built default primitive asset templates : 12
I0109 09:17:55.039808 763499 SceneDatasetAttributesManager.cpp:36] File (default) not found, so new default dataset attributes created and registered.
I0109 09:17:55.039815 763499 MetadataMediator.cpp:127] ::createSceneDataset : Dataset default successfully created.
I0109 09:17:55.039824 763499 AttributesManagerBase.h:365] <Physics Manager>::createFromJsonOrDefaultInternal : Proposing JSON name : ./data/default.physics_config.json from original name : ./data/default.physics_config.json | This file  does not exist.
I0109 09:17:55.039839 763499 PhysicsAttributesManager.cpp:26] File (./data/default.physics_config.json) not found, so new default physics manager attributes created and registered.
I0109 09:17:55.039842 763499 MetadataMediator.cpp:212] ::setActiveSceneDatasetName : Previous active dataset  changed to default successfully.
I0109 09:17:55.039845 763499 MetadataMediator.cpp:183] ::setCurrPhysicsAttributesHandle : Old physics manager attributes  changed to ./data/default.physics_config.json successfully.
I0109 09:17:55.039850 763499 MetadataMediator.cpp:68] ::setSimulatorConfiguration : Set new simulator config for scene/stage : data/scene_datasets/gibson_semantic//Onaga.glb and dataset : default which is currently active dataset.
Renderer: NVIDIA GeForce RTX 4090/PCIe/SSE2 by NVIDIA Corporation
OpenGL version: 4.6.0 NVIDIA 550.54.15
Using optional features:
    GL_ARB_vertex_array_object
    GL_ARB_ES2_compatibility
    GL_ARB_separate_shader_objects
    GL_ARB_robustness
    GL_ARB_texture_storage
    GL_ARB_invalidate_subdata
    GL_ARB_texture_storage_multisample
    GL_ARB_multi_bind
    GL_ARB_direct_state_access
    GL_ARB_get_texture_sub_image
    GL_ARB_texture_filter_anisotropic
    GL_KHR_debug
Using driver workarounds:
    no-forward-compatible-core-context
    nv-egl-incorrect-gl11-function-pointers
    no-layout-qualifiers-on-old-glsl
    nv-zero-context-profile-mask
    nv-implementation-color-read-format-dsa-broken
    nv-cubemap-inconsistent-compressed-image-size
    nv-cubemap-broken-full-compressed-image-query
    nv-compressed-block-size-in-bits
I0109 09:17:55.045436 763494 ManagedFileBasedContainer.h:210] <Scene Instance>::convertFilenameToPassedExt : Filename : data/scene_datasets/gibson_semantic//Lindenwood.glb changed to proposed scene_instance.json filename : data/scene_datasets/gibson_semantic//Lindenwood.scene_instance.json
I0109 09:17:55.045472 763494 MetadataMediator.cpp:311] ::getSceneAttributesByName : Dataset : default has no preloaded SceneAttributes or StageAttributes named : data/scene_datasets/gibson_semantic//Lindenwood.glb so loading/creating a new StageAttributes with this name, and then creating a SceneAttributes with the same name that references this stage.
I0109 09:17:55.045490 763494 ManagedFileBasedContainer.h:210] <Stage Template>::convertFilenameToPassedExt : Filename : data/scene_datasets/gibson_semantic//Lindenwood.glb changed to proposed stage_config.json filename : data/scene_datasets/gibson_semantic//Lindenwood.stage_config.json
I0109 09:17:55.045497 763494 AttributesManagerBase.h:365] <Stage Template>::createFromJsonOrDefaultInternal : Proposing JSON name : data/scene_datasets/gibson_semantic//Lindenwood.stage_config.json from original name : data/scene_datasets/gibson_semantic//Lindenwood.glb | This file  does not exist.
I0109 09:17:55.045603 763494 AbstractObjectAttributesManagerBase.h:183] File (data/scene_datasets/gibson_semantic//Lindenwood.glb) exists but is not a recognized config filename extension, so new default Stage Template attributes created and registered.
I0109 09:17:55.045642 763494 SceneDatasetAttributes.cpp:45] ::addNewSceneInstanceToDataset : Dataset : 'default' : Stage Attributes 'data/scene_datasets/gibson_semantic//Lindenwood.glb' specified in Scene Attributes exists in dataset library.
I0109 09:17:55.045650 763494 SceneDatasetAttributes.cpp:79] ::addNewSceneInstanceToDataset : Dataset : 'default' : Lighting Layout Attributes 'no_lights' specified in Scene Attributes but does not exist in dataset, so creating.
I0109 09:17:55.045655 763494 ManagedFileBasedContainer.h:210] <Lighting Layout>::convertFilenameToPassedExt : Filename : no_lights changed to proposed lighting_config.json filename : no_lights.lighting_config.json
I0109 09:17:55.045661 763494 ManagedFileBasedContainer.h:210] <Lighting Layout>::convertFilenameToPassedExt : Filename : no_lights changed to proposed lighting_config.json filename : no_lights.lighting_config.json
I0109 09:17:55.045667 763494 AttributesManagerBase.h:365] <Lighting Layout>::createFromJsonOrDefaultInternal : Proposing JSON name : no_lights.lighting_config.json from original name : no_lights | This file  does not exist.
I0109 09:17:55.045683 763494 LightLayoutAttributesManager.cpp:34] File (no_lights) not found, so new default light layout attributes created and registered.
I0109 09:17:55.045691 763494 Simulator.cpp:198] ::setSceneInstanceAttributes : Navmesh file location in scene instance : data/scene_datasets/gibson_semantic//Lindenwood.navmesh
I0109 09:17:55.045699 763494 Simulator.cpp:205] ::setSceneInstanceAttributes : Loading navmesh from data/scene_datasets/gibson_semantic//Lindenwood.navmesh
I0109 09:17:55.046043 763494 Simulator.cpp:208] ::setSceneInstanceAttributes : Navmesh Loaded.
I0109 09:17:55.046061 763494 SceneGraph.h:85] Created DrawableGroup: 
I0109 09:17:55.046067 763494 Simulator.cpp:243] ::setSceneInstanceAttributes : SceneInstance : data/scene_datasets/gibson_semantic//Lindenwood.glb proposed Semantic Scene Descriptor filename : data/scene_datasets/gibson_semantic//Lindenwood.scn
Renderer: NVIDIA GeForce RTX 4090/PCIe/SSE2 by NVIDIA Corporation
OpenGL version: 4.6.0 NVIDIA 550.54.15
Using optional features:
    GL_ARB_vertex_array_object
    GL_ARB_ES2_compatibility
    GL_ARB_separate_shader_objects
    GL_ARB_robustness
    GL_ARB_texture_storage
    GL_ARB_invalidate_subdata
    GL_ARB_texture_storage_multisample
    GL_ARB_multi_bind
    GL_ARB_direct_state_access
    GL_ARB_get_texture_sub_image
    GL_ARB_texture_filter_anisotropic
    GL_KHR_debug
Using driver workarounds:
    no-forward-compatible-core-context
    nv-egl-incorrect-gl11-function-pointers
    no-layout-qualifiers-on-old-glsl
    nv-zero-context-profile-mask
    nv-implementation-color-read-format-dsa-broken
    nv-cubemap-inconsistent-compressed-image-size
    nv-cubemap-broken-full-compressed-image-query
    nv-compressed-block-size-in-bits
I0109 09:17:55.047916 763506 ManagedFileBasedContainer.h:210] <Scene Instance>::convertFilenameToPassedExt : Filename : data/scene_datasets/gibson_semantic//Wainscott.glb changed to proposed scene_instance.json filename : data/scene_datasets/gibson_semantic//Wainscott.scene_instance.json
I0109 09:17:55.047943 763506 MetadataMediator.cpp:311] ::getSceneAttributesByName : Dataset : default has no preloaded SceneAttributes or StageAttributes named : data/scene_datasets/gibson_semantic//Wainscott.glb so loading/creating a new StageAttributes with this name, and then creating a SceneAttributes with the same name that references this stage.
I0109 09:17:55.047952 763506 ManagedFileBasedContainer.h:210] <Stage Template>::convertFilenameToPassedExt : Filename : data/scene_datasets/gibson_semantic//Wainscott.glb changed to proposed stage_config.json filename : data/scene_datasets/gibson_semantic//Wainscott.stage_config.json
I0109 09:17:55.047958 763506 AttributesManagerBase.h:365] <Stage Template>::createFromJsonOrDefaultInternal : Proposing JSON name : data/scene_datasets/gibson_semantic//Wainscott.stage_config.json from original name : data/scene_datasets/gibson_semantic//Wainscott.glb | This file  does not exist.
I0109 09:17:55.048051 763506 AbstractObjectAttributesManagerBase.h:183] File (data/scene_datasets/gibson_semantic//Wainscott.glb) exists but is not a recognized config filename extension, so new default Stage Template attributes created and registered.
I0109 09:17:55.048086 763506 SceneDatasetAttributes.cpp:45] ::addNewSceneInstanceToDataset : Dataset : 'default' : Stage Attributes 'data/scene_datasets/gibson_semantic//Wainscott.glb' specified in Scene Attributes exists in dataset library.
I0109 09:17:55.048091 763506 SceneDatasetAttributes.cpp:79] ::addNewSceneInstanceToDataset : Dataset : 'default' : Lighting Layout Attributes 'no_lights' specified in Scene Attributes but does not exist in dataset, so creating.
I0109 09:17:55.048096 763506 ManagedFileBasedContainer.h:210] <Lighting Layout>::convertFilenameToPassedExt : Filename : no_lights changed to proposed lighting_config.json filename : no_lights.lighting_config.json
I0109 09:17:55.048102 763506 ManagedFileBasedContainer.h:210] <Lighting Layout>::convertFilenameToPassedExt : Filename : no_lights changed to proposed lighting_config.json filename : no_lights.lighting_config.json
I0109 09:17:55.048107 763506 AttributesManagerBase.h:365] <Lighting Layout>::createFromJsonOrDefaultInternal : Proposing JSON name : no_lights.lighting_config.json from original name : no_lights | This file  does not exist.
I0109 09:17:55.048121 763506 LightLayoutAttributesManager.cpp:34] File (no_lights) not found, so new default light layout attributes created and registered.
I0109 09:17:55.048128 763506 Simulator.cpp:198] ::setSceneInstanceAttributes : Navmesh file location in scene instance : data/scene_datasets/gibson_semantic//Wainscott.navmesh
I0109 09:17:55.048134 763506 Simulator.cpp:205] ::setSceneInstanceAttributes : Loading navmesh from data/scene_datasets/gibson_semantic//Wainscott.navmesh
W0109 09:17:55.061533 763494 Simulator.cpp:267] ::setSceneInstanceAttributes : All attempts to load SSD with SceneAttributes-provided name data/scene_datasets/gibson_semantic//Lindenwood.scn : exist : 0 : loaded as expected type : 1
I0109 09:17:55.061996 763494 Simulator.cpp:316] ::createSceneInstance : Using scene instance-specified Light key : -no_lights-
I0109 09:17:55.062011 763494 MetadataMediator.cpp:68] ::setSimulatorConfiguration : Set new simulator config for scene/stage : data/scene_datasets/gibson_semantic//Lindenwood.glb and dataset : default which is currently active dataset.
I0109 09:17:55.062036 763494 Simulator.cpp:374] ::createSceneInstance : Start to load stage named : data/scene_datasets/gibson_semantic//Lindenwood.glb with render asset : data/scene_datasets/gibson_semantic//Lindenwood.glb and collision asset : data/scene_datasets/gibson_semantic//Lindenwood.glb
I0109 09:17:55.062053 763494 ResourceManager.cpp:249] ::loadStage : Not loading semantic mesh
I0109 09:17:55.062058 763494 ResourceManager.cpp:277] ::loadStage : start load render asset data/scene_datasets/gibson_semantic//Lindenwood.glb.
I0109 09:17:55.062062 763494 ResourceManager.cpp:691] ::loadStageInternal : Attempting to load stage data/scene_datasets/gibson_semantic//Lindenwood.glb 
I0109 09:17:55.062086 763494 ResourceManager.cpp:1265] Importing Basis files as BC7 for Lindenwood.glb
2025-01-09 09:17:55,067 Initializing dataset PointNav-v1
2025-01-09 09:17:55,068 initializing sim Sim-v0
2025-01-09 09:17:55,070 Initializing dataset PointNav-v1
WARNING: Logging before InitGoogleLogging() is written to STDERR
I0109 09:17:55.071281 763497 ManagedFileBasedContainer.h:210] <Dataset>::convertFilenameToPassedExt : Filename : default changed to proposed scene_dataset_config.json filename : default.scene_dataset_config.json
I0109 09:17:55.071313 763497 AttributesManagerBase.h:365] <Dataset>::createFromJsonOrDefaultInternal : Proposing JSON name : default.scene_dataset_config.json from original name : default | This file  does not exist.
I0109 09:17:55.071408 763497 AssetAttributesManager.cpp:120] Asset attributes (capsule3DSolid : capsule3DSolid_hemiRings_4_cylRings_1_segments_12_halfLen_0.75_useTexCoords_false_useTangents_false) created and registered.
I0109 09:17:55.071451 763497 AssetAttributesManager.cpp:120] Asset attributes (capsule3DWireframe : capsule3DWireframe_hemiRings_8_cylRings_1_segments_16_halfLen_1) created and registered.
I0109 09:17:55.071487 763497 AssetAttributesManager.cpp:120] Asset attributes (coneSolid : coneSolid_segments_12_halfLen_1.25_rings_1_useTexCoords_false_useTangents_false_capEnd_true) created and registered.
I0109 09:17:55.071511 763497 AssetAttributesManager.cpp:120] Asset attributes (coneWireframe : coneWireframe_segments_32_halfLen_1.25) created and registered.
I0109 09:17:55.071527 763497 AssetAttributesManager.cpp:120] Asset attributes (cubeSolid : cubeSolid) created and registered.
I0109 09:17:55.071547 763497 AssetAttributesManager.cpp:120] Asset attributes (cubeWireframe : cubeWireframe) created and registered.
I0109 09:17:55.071578 763497 AssetAttributesManager.cpp:120] Asset attributes (cylinderSolid : cylinderSolid_rings_1_segments_12_halfLen_1_useTexCoords_false_useTangents_false_capEnds_true) created and registered.
I0109 09:17:55.071604 763497 AssetAttributesManager.cpp:120] Asset attributes (cylinderWireframe : cylinderWireframe_rings_1_segments_32_halfLen_1) created and registered.
I0109 09:17:55.071617 763497 AssetAttributesManager.cpp:120] Asset attributes (icosphereSolid : icosphereSolid_subdivs_1) created and registered.
I0109 09:17:55.071630 763497 AssetAttributesManager.cpp:120] Asset attributes (icosphereWireframe : icosphereWireframe_subdivs_1) created and registered.
I0109 09:17:55.071647 763497 AssetAttributesManager.cpp:120] Asset attributes (uvSphereSolid : uvSphereSolid_rings_8_segments_16_useTexCoords_false_useTangents_false) created and registered.
I0109 09:17:55.071664 763497 AssetAttributesManager.cpp:120] Asset attributes (uvSphereWireframe : uvSphereWireframe_rings_16_segments_32) created and registered.
I0109 09:17:55.071674 763497 AssetAttributesManager.cpp:108] ::constructor : Built default primitive asset templates : 12
I0109 09:17:55.072212 763497 SceneDatasetAttributesManager.cpp:36] File (default) not found, so new default dataset attributes created and registered.
I0109 09:17:55.072219 763497 MetadataMediator.cpp:127] ::createSceneDataset : Dataset default successfully created.
I0109 09:17:55.072228 763497 AttributesManagerBase.h:365] <Physics Manager>::createFromJsonOrDefaultInternal : Proposing JSON name : ./data/default.physics_config.json from original name : ./data/default.physics_config.json | This file  does not exist.
I0109 09:17:55.072244 763497 PhysicsAttributesManager.cpp:26] File (./data/default.physics_config.json) not found, so new default physics manager attributes created and registered.
I0109 09:17:55.072248 763497 MetadataMediator.cpp:212] ::setActiveSceneDatasetName : Previous active dataset  changed to default successfully.
I0109 09:17:55.072252 763497 MetadataMediator.cpp:183] ::setCurrPhysicsAttributesHandle : Old physics manager attributes  changed to ./data/default.physics_config.json successfully.
I0109 09:17:55.072256 763497 MetadataMediator.cpp:68] ::setSimulatorConfiguration : Set new simulator config for scene/stage : data/scene_datasets/gibson_semantic//Mifflinburg.glb and dataset : default which is currently active dataset.
2025-01-09 09:17:55,078 Initializing dataset PointNav-v1
2025-01-09 09:17:55,079 initializing sim Sim-v0
WARNING: Logging before InitGoogleLogging() is written to STDERR
I0109 09:17:55.083021 763500 ManagedFileBasedContainer.h:210] <Dataset>::convertFilenameToPassedExt : Filename : default changed to proposed scene_dataset_config.json filename : default.scene_dataset_config.json
I0109 09:17:55.083052 763500 AttributesManagerBase.h:365] <Dataset>::createFromJsonOrDefaultInternal : Proposing JSON name : default.scene_dataset_config.json from original name : default | This file  does not exist.
I0109 09:17:55.083134 763500 AssetAttributesManager.cpp:120] Asset attributes (capsule3DSolid : capsule3DSolid_hemiRings_4_cylRings_1_segments_12_halfLen_0.75_useTexCoords_false_useTangents_false) created and registered.
I0109 09:17:55.083174 763500 AssetAttributesManager.cpp:120] Asset attributes (capsule3DWireframe : capsule3DWireframe_hemiRings_8_cylRings_1_segments_16_halfLen_1) created and registered.
I0109 09:17:55.083209 763500 AssetAttributesManager.cpp:120] Asset attributes (coneSolid : coneSolid_segments_12_halfLen_1.25_rings_1_useTexCoords_false_useTangents_false_capEnd_true) created and registered.
I0109 09:17:55.083231 763500 AssetAttributesManager.cpp:120] Asset attributes (coneWireframe : coneWireframe_segments_32_halfLen_1.25) created and registered.
I0109 09:17:55.083245 763500 AssetAttributesManager.cpp:120] Asset attributes (cubeSolid : cubeSolid) created and registered.
I0109 09:17:55.083256 763500 AssetAttributesManager.cpp:120] Asset attributes (cubeWireframe : cubeWireframe) created and registered.
I0109 09:17:55.083283 763500 AssetAttributesManager.cpp:120] Asset attributes (cylinderSolid : cylinderSolid_rings_1_segments_12_halfLen_1_useTexCoords_false_useTangents_false_capEnds_true) created and registered.
I0109 09:17:55.083312 763500 AssetAttributesManager.cpp:120] Asset attributes (cylinderWireframe : cylinderWireframe_rings_1_segments_32_halfLen_1) created and registered.
I0109 09:17:55.083325 763500 AssetAttributesManager.cpp:120] Asset attributes (icosphereSolid : icosphereSolid_subdivs_1) created and registered.
I0109 09:17:55.083340 763500 AssetAttributesManager.cpp:120] Asset attributes (icosphereWireframe : icosphereWireframe_subdivs_1) created and registered.
I0109 09:17:55.083370 763500 AssetAttributesManager.cpp:120] Asset attributes (uvSphereSolid : uvSphereSolid_rings_8_segments_16_useTexCoords_false_useTangents_false) created and registered.
I0109 09:17:55.083387 763500 AssetAttributesManager.cpp:120] Asset attributes (uvSphereWireframe : uvSphereWireframe_rings_16_segments_32) created and registered.
I0109 09:17:55.083397 763500 AssetAttributesManager.cpp:108] ::constructor : Built default primitive asset templates : 12
I0109 09:17:55.083993 763500 SceneDatasetAttributesManager.cpp:36] File (default) not found, so new default dataset attributes created and registered.
I0109 09:17:55.084003 763500 MetadataMediator.cpp:127] ::createSceneDataset : Dataset default successfully created.
I0109 09:17:55.084013 763500 AttributesManagerBase.h:365] <Physics Manager>::createFromJsonOrDefaultInternal : Proposing JSON name : ./data/default.physics_config.json from original name : ./data/default.physics_config.json | This file  does not exist.
I0109 09:17:55.084030 763500 PhysicsAttributesManager.cpp:26] File (./data/default.physics_config.json) not found, so new default physics manager attributes created and registered.
I0109 09:17:55.084036 763500 MetadataMediator.cpp:212] ::setActiveSceneDatasetName : Previous active dataset  changed to default successfully.
I0109 09:17:55.084040 763500 MetadataMediator.cpp:183] ::setCurrPhysicsAttributesHandle : Old physics manager attributes  changed to ./data/default.physics_config.json successfully.
I0109 09:17:55.084045 763500 MetadataMediator.cpp:68] ::setSimulatorConfiguration : Set new simulator config for scene/stage : data/scene_datasets/gibson_semantic//Pinesdale.glb and dataset : default which is currently active dataset.
Renderer: NVIDIA GeForce RTX 4090/PCIe/SSE2 by NVIDIA Corporation
OpenGL version: 4.6.0 NVIDIA 550.54.15
Using optional features:
    GL_ARB_vertex_array_object
    GL_ARB_ES2_compatibility
    GL_ARB_separate_shader_objects
    GL_ARB_robustness
    GL_ARB_texture_storage
    GL_ARB_invalidate_subdata
    GL_ARB_texture_storage_multisample
    GL_ARB_multi_bind
    GL_ARB_direct_state_access
    GL_ARB_get_texture_sub_image
    GL_ARB_texture_filter_anisotropic
    GL_KHR_debug
Using driver workarounds:
    no-forward-compatible-core-context
    nv-egl-incorrect-gl11-function-pointers
    no-layout-qualifiers-on-old-glsl
    nv-zero-context-profile-mask
    nv-implementation-color-read-format-dsa-broken
    nv-cubemap-inconsistent-compressed-image-size
    nv-cubemap-broken-full-compressed-image-query
    nv-compressed-block-size-in-bits
I0109 09:17:55.085820 763491 ManagedFileBasedContainer.h:210] <Scene Instance>::convertFilenameToPassedExt : Filename : data/scene_datasets/gibson_semantic//Klickitat.glb changed to proposed scene_instance.json filename : data/scene_datasets/gibson_semantic//Klickitat.scene_instance.json
I0109 09:17:55.085844 763491 MetadataMediator.cpp:311] ::getSceneAttributesByName : Dataset : default has no preloaded SceneAttributes or StageAttributes named : data/scene_datasets/gibson_semantic//Klickitat.glb so loading/creating a new StageAttributes with this name, and then creating a SceneAttributes with the same name that references this stage.
I0109 09:17:55.085852 763491 ManagedFileBasedContainer.h:210] <Stage Template>::convertFilenameToPassedExt : Filename : data/scene_datasets/gibson_semantic//Klickitat.glb changed to proposed stage_config.json filename : data/scene_datasets/gibson_semantic//Klickitat.stage_config.json
I0109 09:17:55.085858 763491 AttributesManagerBase.h:365] <Stage Template>::createFromJsonOrDefaultInternal : Proposing JSON name : data/scene_datasets/gibson_semantic//Klickitat.stage_config.json from original name : data/scene_datasets/gibson_semantic//Klickitat.glb | This file  does not exist.
I0109 09:17:55.085956 763491 AbstractObjectAttributesManagerBase.h:183] File (data/scene_datasets/gibson_semantic//Klickitat.glb) exists but is not a recognized config filename extension, so new default Stage Template attributes created and registered.
I0109 09:17:55.085992 763491 SceneDatasetAttributes.cpp:45] ::addNewSceneInstanceToDataset : Dataset : 'default' : Stage Attributes 'data/scene_datasets/gibson_semantic//Klickitat.glb' specified in Scene Attributes exists in dataset library.
I0109 09:17:55.085999 763491 SceneDatasetAttributes.cpp:79] ::addNewSceneInstanceToDataset : Dataset : 'default' : Lighting Layout Attributes 'no_lights' specified in Scene Attributes but does not exist in dataset, so creating.
I0109 09:17:55.086004 763491 ManagedFileBasedContainer.h:210] <Lighting Layout>::convertFilenameToPassedExt : Filename : no_lights changed to proposed lighting_config.json filename : no_lights.lighting_config.json
I0109 09:17:55.086011 763491 ManagedFileBasedContainer.h:210] <Lighting Layout>::convertFilenameToPassedExt : Filename : no_lights changed to proposed lighting_config.json filename : no_lights.lighting_config.json
I0109 09:17:55.086016 763491 AttributesManagerBase.h:365] <Lighting Layout>::createFromJsonOrDefaultInternal : Proposing JSON name : no_lights.lighting_config.json from original name : no_lights | This file  does not exist.
I0109 09:17:55.086031 763491 LightLayoutAttributesManager.cpp:34] File (no_lights) not found, so new default light layout attributes created and registered.
I0109 09:17:55.086040 763491 Simulator.cpp:198] ::setSceneInstanceAttributes : Navmesh file location in scene instance : data/scene_datasets/gibson_semantic//Klickitat.navmesh
I0109 09:17:55.086045 763491 Simulator.cpp:205] ::setSceneInstanceAttributes : Loading navmesh from data/scene_datasets/gibson_semantic//Klickitat.navmesh
I0109 09:17:55.086338 763491 Simulator.cpp:208] ::setSceneInstanceAttributes : Navmesh Loaded.
I0109 09:17:55.086356 763491 SceneGraph.h:85] Created DrawableGroup: 
I0109 09:17:55.086362 763491 Simulator.cpp:243] ::setSceneInstanceAttributes : SceneInstance : data/scene_datasets/gibson_semantic//Klickitat.glb proposed Semantic Scene Descriptor filename : data/scene_datasets/gibson_semantic//Klickitat.scn
W0109 09:17:55.131239 763504 Simulator.cpp:267] ::setSceneInstanceAttributes : All attempts to load SSD with SceneAttributes-provided name data/scene_datasets/gibson_semantic//Stockman.scn : exist : 0 : loaded as expected type : 1
I0109 09:17:55.131597 763504 Simulator.cpp:316] ::createSceneInstance : Using scene instance-specified Light key : -no_lights-
I0109 09:17:55.131613 763504 MetadataMediator.cpp:68] ::setSimulatorConfiguration : Set new simulator config for scene/stage : data/scene_datasets/gibson_semantic//Stockman.glb and dataset : default which is currently active dataset.
I0109 09:17:55.131644 763504 Simulator.cpp:374] ::createSceneInstance : Start to load stage named : data/scene_datasets/gibson_semantic//Stockman.glb with render asset : data/scene_datasets/gibson_semantic//Stockman.glb and collision asset : data/scene_datasets/gibson_semantic//Stockman.glb
I0109 09:17:55.131659 763504 ResourceManager.cpp:249] ::loadStage : Not loading semantic mesh
I0109 09:17:55.131664 763504 ResourceManager.cpp:277] ::loadStage : start load render asset data/scene_datasets/gibson_semantic//Stockman.glb.
I0109 09:17:55.131666 763504 ResourceManager.cpp:691] ::loadStageInternal : Attempting to load stage data/scene_datasets/gibson_semantic//Stockman.glb 
I0109 09:17:55.131690 763504 ResourceManager.cpp:1265] Importing Basis files as BC7 for Stockman.glb
Renderer: NVIDIA GeForce RTX 4090/PCIe/SSE2 by NVIDIA Corporation
OpenGL version: 4.6.0 NVIDIA 550.54.15
Using optional features:
    GL_ARB_vertex_array_object
    GL_ARB_ES2_compatibility
    GL_ARB_separate_shader_objects
    GL_ARB_robustness
    GL_ARB_texture_storage
    GL_ARB_invalidate_subdata
    GL_ARB_texture_storage_multisample
    GL_ARB_multi_bind
    GL_ARB_direct_state_access
    GL_ARB_get_texture_sub_image
    GL_ARB_texture_filter_anisotropic
    GL_KHR_debug
Using driver workarounds:
    no-forward-compatible-core-context
    nv-egl-incorrect-gl11-function-pointers
    no-layout-qualifiers-on-old-glsl
    nv-zero-context-profile-mask
    nv-implementation-color-read-format-dsa-broken
    nv-cubemap-inconsistent-compressed-image-size
    nv-cubemap-broken-full-compressed-image-query
    nv-compressed-block-size-in-bits
I0109 09:17:55.143934 763487 ManagedFileBasedContainer.h:210] <Scene Instance>::convertFilenameToPassedExt : Filename : data/scene_datasets/gibson_semantic//Cosmos.glb changed to proposed scene_instance.json filename : data/scene_datasets/gibson_semantic//Cosmos.scene_instance.json
I0109 09:17:55.143958 763487 MetadataMediator.cpp:311] ::getSceneAttributesByName : Dataset : default has no preloaded SceneAttributes or StageAttributes named : data/scene_datasets/gibson_semantic//Cosmos.glb so loading/creating a new StageAttributes with this name, and then creating a SceneAttributes with the same name that references this stage.
I0109 09:17:55.143970 763487 ManagedFileBasedContainer.h:210] <Stage Template>::convertFilenameToPassedExt : Filename : data/scene_datasets/gibson_semantic//Cosmos.glb changed to proposed stage_config.json filename : data/scene_datasets/gibson_semantic//Cosmos.stage_config.json
I0109 09:17:55.143976 763487 AttributesManagerBase.h:365] <Stage Template>::createFromJsonOrDefaultInternal : Proposing JSON name : data/scene_datasets/gibson_semantic//Cosmos.stage_config.json from original name : data/scene_datasets/gibson_semantic//Cosmos.glb | This file  does not exist.
I0109 09:17:55.144086 763487 AbstractObjectAttributesManagerBase.h:183] File (data/scene_datasets/gibson_semantic//Cosmos.glb) exists but is not a recognized config filename extension, so new default Stage Template attributes created and registered.
I0109 09:17:55.144137 763487 SceneDatasetAttributes.cpp:45] ::addNewSceneInstanceToDataset : Dataset : 'default' : Stage Attributes 'data/scene_datasets/gibson_semantic//Cosmos.glb' specified in Scene Attributes exists in dataset library.
I0109 09:17:55.144145 763487 SceneDatasetAttributes.cpp:79] ::addNewSceneInstanceToDataset : Dataset : 'default' : Lighting Layout Attributes 'no_lights' specified in Scene Attributes but does not exist in dataset, so creating.
I0109 09:17:55.144150 763487 ManagedFileBasedContainer.h:210] <Lighting Layout>::convertFilenameToPassedExt : Filename : no_lights changed to proposed lighting_config.json filename : no_lights.lighting_config.json
I0109 09:17:55.144156 763487 ManagedFileBasedContainer.h:210] <Lighting Layout>::convertFilenameToPassedExt : Filename : no_lights changed to proposed lighting_config.json filename : no_lights.lighting_config.json
I0109 09:17:55.144167 763487 AttributesManagerBase.h:365] <Lighting Layout>::createFromJsonOrDefaultInternal : Proposing JSON name : no_lights.lighting_config.json from original name : no_lights | This file  does not exist.
I0109 09:17:55.144186 763487 LightLayoutAttributesManager.cpp:34] File (no_lights) not found, so new default light layout attributes created and registered.
I0109 09:17:55.144194 763487 Simulator.cpp:198] ::setSceneInstanceAttributes : Navmesh file location in scene instance : data/scene_datasets/gibson_semantic//Cosmos.navmesh
I0109 09:17:55.144201 763487 Simulator.cpp:205] ::setSceneInstanceAttributes : Loading navmesh from data/scene_datasets/gibson_semantic//Cosmos.navmesh
Renderer: NVIDIA GeForce RTX 4090/PCIe/SSE2 by NVIDIA Corporation
OpenGL version: 4.6.0 NVIDIA 550.54.15
Using optional features:
    GL_ARB_vertex_array_object
    GL_ARB_ES2_compatibility
    GL_ARB_separate_shader_objects
    GL_ARB_robustness
    GL_ARB_texture_storage
    GL_ARB_invalidate_subdata
    GL_ARB_texture_storage_multisample
    GL_ARB_multi_bind
    GL_ARB_direct_state_access
    GL_ARB_get_texture_sub_image
    GL_ARB_texture_filter_anisotropic
    GL_KHR_debug
Using driver workarounds:
    no-forward-compatible-core-context
    nv-egl-incorrect-gl11-function-pointers
    no-layout-qualifiers-on-old-glsl
    nv-zero-context-profile-mask
    nv-implementation-color-read-format-dsa-broken
    nv-cubemap-inconsistent-compressed-image-size
    nv-cubemap-broken-full-compressed-image-query
    nv-compressed-block-size-in-bits
I0109 09:17:55.155685 763495 ManagedFileBasedContainer.h:210] <Scene Instance>::convertFilenameToPassedExt : Filename : data/scene_datasets/gibson_semantic//Marstons.glb changed to proposed scene_instance.json filename : data/scene_datasets/gibson_semantic//Marstons.scene_instance.json
I0109 09:17:55.155707 763495 MetadataMediator.cpp:311] ::getSceneAttributesByName : Dataset : default has no preloaded SceneAttributes or StageAttributes named : data/scene_datasets/gibson_semantic//Marstons.glb so loading/creating a new StageAttributes with this name, and then creating a SceneAttributes with the same name that references this stage.
I0109 09:17:55.155717 763495 ManagedFileBasedContainer.h:210] <Stage Template>::convertFilenameToPassedExt : Filename : data/scene_datasets/gibson_semantic//Marstons.glb changed to proposed stage_config.json filename : data/scene_datasets/gibson_semantic//Marstons.stage_config.json
I0109 09:17:55.155723 763495 AttributesManagerBase.h:365] <Stage Template>::createFromJsonOrDefaultInternal : Proposing JSON name : data/scene_datasets/gibson_semantic//Marstons.stage_config.json from original name : data/scene_datasets/gibson_semantic//Marstons.glb | This file  does not exist.
I0109 09:17:55.155824 763495 AbstractObjectAttributesManagerBase.h:183] File (data/scene_datasets/gibson_semantic//Marstons.glb) exists but is not a recognized config filename extension, so new default Stage Template attributes created and registered.
I0109 09:17:55.155861 763495 SceneDatasetAttributes.cpp:45] ::addNewSceneInstanceToDataset : Dataset : 'default' : Stage Attributes 'data/scene_datasets/gibson_semantic//Marstons.glb' specified in Scene Attributes exists in dataset library.
I0109 09:17:55.155875 763495 SceneDatasetAttributes.cpp:79] ::addNewSceneInstanceToDataset : Dataset : 'default' : Lighting Layout Attributes 'no_lights' specified in Scene Attributes but does not exist in dataset, so creating.
I0109 09:17:55.155880 763495 ManagedFileBasedContainer.h:210] <Lighting Layout>::convertFilenameToPassedExt : Filename : no_lights changed to proposed lighting_config.json filename : no_lights.lighting_config.json
I0109 09:17:55.155886 763495 ManagedFileBasedContainer.h:210] <Lighting Layout>::convertFilenameToPassedExt : Filename : no_lights changed to proposed lighting_config.json filename : no_lights.lighting_config.json
I0109 09:17:55.155891 763495 AttributesManagerBase.h:365] <Lighting Layout>::createFromJsonOrDefaultInternal : Proposing JSON name : no_lights.lighting_config.json from original name : no_lights | This file  does not exist.
I0109 09:17:55.155906 763495 LightLayoutAttributesManager.cpp:34] File (no_lights) not found, so new default light layout attributes created and registered.
I0109 09:17:55.155915 763495 Simulator.cpp:198] ::setSceneInstanceAttributes : Navmesh file location in scene instance : data/scene_datasets/gibson_semantic//Marstons.navmesh
I0109 09:17:55.155920 763495 Simulator.cpp:205] ::setSceneInstanceAttributes : Loading navmesh from data/scene_datasets/gibson_semantic//Marstons.navmesh
I0109 09:17:55.156291 763495 Simulator.cpp:208] ::setSceneInstanceAttributes : Navmesh Loaded.
I0109 09:17:55.156311 763495 SceneGraph.h:85] Created DrawableGroup: 
I0109 09:17:55.156317 763495 Simulator.cpp:243] ::setSceneInstanceAttributes : SceneInstance : data/scene_datasets/gibson_semantic//Marstons.glb proposed Semantic Scene Descriptor filename : data/scene_datasets/gibson_semantic//Marstons.scn
W0109 09:17:55.157891 763491 Simulator.cpp:267] ::setSceneInstanceAttributes : All attempts to load SSD with SceneAttributes-provided name data/scene_datasets/gibson_semantic//Klickitat.scn : exist : 0 : loaded as expected type : 1
I0109 09:17:55.158758 763491 Simulator.cpp:316] ::createSceneInstance : Using scene instance-specified Light key : -no_lights-
I0109 09:17:55.158779 763491 MetadataMediator.cpp:68] ::setSimulatorConfiguration : Set new simulator config for scene/stage : data/scene_datasets/gibson_semantic//Klickitat.glb and dataset : default which is currently active dataset.
I0109 09:17:55.158810 763491 Simulator.cpp:374] ::createSceneInstance : Start to load stage named : data/scene_datasets/gibson_semantic//Klickitat.glb with render asset : data/scene_datasets/gibson_semantic//Klickitat.glb and collision asset : data/scene_datasets/gibson_semantic//Klickitat.glb
I0109 09:17:55.158829 763491 ResourceManager.cpp:249] ::loadStage : Not loading semantic mesh
I0109 09:17:55.158835 763491 ResourceManager.cpp:277] ::loadStage : start load render asset data/scene_datasets/gibson_semantic//Klickitat.glb.
I0109 09:17:55.158838 763491 ResourceManager.cpp:691] ::loadStageInternal : Attempting to load stage data/scene_datasets/gibson_semantic//Klickitat.glb 
I0109 09:17:55.158861 763491 ResourceManager.cpp:1265] Importing Basis files as BC7 for Klickitat.glb
Renderer: NVIDIA GeForce RTX 4090/PCIe/SSE2 by NVIDIA Corporation
OpenGL version: 4.6.0 NVIDIA 550.54.15
Using optional features:
    GL_ARB_vertex_array_object
    GL_ARB_ES2_compatibility
    GL_ARB_separate_shader_objects
    GL_ARB_robustness
    GL_ARB_texture_storage
    GL_ARB_invalidate_subdata
    GL_ARB_texture_storage_multisample
    GL_ARB_multi_bind
    GL_ARB_direct_state_access
    GL_ARB_get_texture_sub_image
    GL_ARB_texture_filter_anisotropic
    GL_KHR_debug
Using driver workarounds:
    no-forward-compatible-core-context
    nv-egl-incorrect-gl11-function-pointers
    no-layout-qualifiers-on-old-glsl
    nv-zero-context-profile-mask
    nv-implementation-color-read-format-dsa-broken
    nv-cubemap-inconsistent-compressed-image-size
    nv-cubemap-broken-full-compressed-image-query
    nv-compressed-block-size-in-bits
I0109 09:17:55.182694 763507 ManagedFileBasedContainer.h:210] <Scene Instance>::convertFilenameToPassedExt : Filename : data/scene_datasets/gibson_semantic//Woodbine.glb changed to proposed scene_instance.json filename : data/scene_datasets/gibson_semantic//Woodbine.scene_instance.json
I0109 09:17:55.182729 763507 MetadataMediator.cpp:311] ::getSceneAttributesByName : Dataset : default has no preloaded SceneAttributes or StageAttributes named : data/scene_datasets/gibson_semantic//Woodbine.glb so loading/creating a new StageAttributes with this name, and then creating a SceneAttributes with the same name that references this stage.
I0109 09:17:55.182739 763507 ManagedFileBasedContainer.h:210] <Stage Template>::convertFilenameToPassedExt : Filename : data/scene_datasets/gibson_semantic//Woodbine.glb changed to proposed stage_config.json filename : data/scene_datasets/gibson_semantic//Woodbine.stage_config.json
I0109 09:17:55.182746 763507 AttributesManagerBase.h:365] <Stage Template>::createFromJsonOrDefaultInternal : Proposing JSON name : data/scene_datasets/gibson_semantic//Woodbine.stage_config.json from original name : data/scene_datasets/gibson_semantic//Woodbine.glb | This file  does not exist.
I0109 09:17:55.182859 763507 AbstractObjectAttributesManagerBase.h:183] File (data/scene_datasets/gibson_semantic//Woodbine.glb) exists but is not a recognized config filename extension, so new default Stage Template attributes created and registered.
I0109 09:17:55.182900 763507 SceneDatasetAttributes.cpp:45] ::addNewSceneInstanceToDataset : Dataset : 'default' : Stage Attributes 'data/scene_datasets/gibson_semantic//Woodbine.glb' specified in Scene Attributes exists in dataset library.
I0109 09:17:55.182907 763507 SceneDatasetAttributes.cpp:79] ::addNewSceneInstanceToDataset : Dataset : 'default' : Lighting Layout Attributes 'no_lights' specified in Scene Attributes but does not exist in dataset, so creating.
I0109 09:17:55.182912 763507 ManagedFileBasedContainer.h:210] <Lighting Layout>::convertFilenameToPassedExt : Filename : no_lights changed to proposed lighting_config.json filename : no_lights.lighting_config.json
I0109 09:17:55.182919 763507 ManagedFileBasedContainer.h:210] <Lighting Layout>::convertFilenameToPassedExt : Filename : no_lights changed to proposed lighting_config.json filename : no_lights.lighting_config.json
I0109 09:17:55.182924 763507 AttributesManagerBase.h:365] <Lighting Layout>::createFromJsonOrDefaultInternal : Proposing JSON name : no_lights.lighting_config.json from original name : no_lights | This file  does not exist.
I0109 09:17:55.182940 763507 LightLayoutAttributesManager.cpp:34] File (no_lights) not found, so new default light layout attributes created and registered.
I0109 09:17:55.182950 763507 Simulator.cpp:198] ::setSceneInstanceAttributes : Navmesh file location in scene instance : data/scene_datasets/gibson_semantic//Woodbine.navmesh
I0109 09:17:55.182955 763507 Simulator.cpp:205] ::setSceneInstanceAttributes : Loading navmesh from data/scene_datasets/gibson_semantic//Woodbine.navmesh
I0109 09:17:55.183218 763507 Simulator.cpp:208] ::setSceneInstanceAttributes : Navmesh Loaded.
I0109 09:17:55.183238 763507 SceneGraph.h:85] Created DrawableGroup: 
I0109 09:17:55.183244 763507 Simulator.cpp:243] ::setSceneInstanceAttributes : SceneInstance : data/scene_datasets/gibson_semantic//Woodbine.glb proposed Semantic Scene Descriptor filename : data/scene_datasets/gibson_semantic//Woodbine.scn
Renderer: NVIDIA GeForce RTX 4090/PCIe/SSE2 by NVIDIA Corporation
I0109 09:17:55.201031 763487 Simulator.cpp:208] ::setSceneInstanceAttributes : Navmesh Loaded.
OpenGL version: 4.6.0 NVIDIA 550.54.15
I0109 09:17:55.201078 763487 SceneGraph.h:85] Created DrawableGroup: 
Using optional features:
I0109 09:17:55.201092 763487 Simulator.cpp:243] ::setSceneInstanceAttributes : SceneInstance : data/scene_datasets/gibson_semantic//Cosmos.glb proposed Semantic Scene Descriptor filename : data/scene_datasets/gibson_semantic//Cosmos.scn
    GL_ARB_vertex_array_object
    GL_ARB_ES2_compatibility
    GL_ARB_separate_shader_objects
    GL_ARB_robustness
    GL_ARB_texture_storage
    GL_ARB_invalidate_subdata
    GL_ARB_texture_storage_multisample
    GL_ARB_multi_bind
    GL_ARB_direct_state_access
    GL_ARB_get_texture_sub_image
    GL_ARB_texture_filter_anisotropic
    GL_KHR_debug
Using driver workarounds:
    no-forward-compatible-core-context
    nv-egl-incorrect-gl11-function-pointers
    no-layout-qualifiers-on-old-glsl
    nv-zero-context-profile-mask
    nv-implementation-color-read-format-dsa-broken
    nv-cubemap-inconsistent-compressed-image-size
    nv-cubemap-broken-full-compressed-image-query
    nv-compressed-block-size-in-bits
I0109 09:17:55.201166 763505 ManagedFileBasedContainer.h:210] <Scene Instance>::convertFilenameToPassedExt : Filename : data/scene_datasets/gibson_semantic//Tolstoy.glb changed to proposed scene_instance.json filename : data/scene_datasets/gibson_semantic//Tolstoy.scene_instance.json
I0109 09:17:55.201186 763505 MetadataMediator.cpp:311] ::getSceneAttributesByName : Dataset : default has no preloaded SceneAttributes or StageAttributes named : data/scene_datasets/gibson_semantic//Tolstoy.glb so loading/creating a new StageAttributes with this name, and then creating a SceneAttributes with the same name that references this stage.
I0109 09:17:55.201195 763505 ManagedFileBasedContainer.h:210] <Stage Template>::convertFilenameToPassedExt : Filename : data/scene_datasets/gibson_semantic//Tolstoy.glb changed to proposed stage_config.json filename : data/scene_datasets/gibson_semantic//Tolstoy.stage_config.json
I0109 09:17:55.201202 763505 AttributesManagerBase.h:365] <Stage Template>::createFromJsonOrDefaultInternal : Proposing JSON name : data/scene_datasets/gibson_semantic//Tolstoy.stage_config.json from original name : data/scene_datasets/gibson_semantic//Tolstoy.glb | This file  does not exist.
I0109 09:17:55.201304 763505 AbstractObjectAttributesManagerBase.h:183] File (data/scene_datasets/gibson_semantic//Tolstoy.glb) exists but is not a recognized config filename extension, so new default Stage Template attributes created and registered.
I0109 09:17:55.201344 763505 SceneDatasetAttributes.cpp:45] ::addNewSceneInstanceToDataset : Dataset : 'default' : Stage Attributes 'data/scene_datasets/gibson_semantic//Tolstoy.glb' specified in Scene Attributes exists in dataset library.
I0109 09:17:55.201349 763505 SceneDatasetAttributes.cpp:79] ::addNewSceneInstanceToDataset : Dataset : 'default' : Lighting Layout Attributes 'no_lights' specified in Scene Attributes but does not exist in dataset, so creating.
I0109 09:17:55.201354 763505 ManagedFileBasedContainer.h:210] <Lighting Layout>::convertFilenameToPassedExt : Filename : no_lights changed to proposed lighting_config.json filename : no_lights.lighting_config.json
I0109 09:17:55.201360 763505 ManagedFileBasedContainer.h:210] <Lighting Layout>::convertFilenameToPassedExt : Filename : no_lights changed to proposed lighting_config.json filename : no_lights.lighting_config.json
I0109 09:17:55.201365 763505 AttributesManagerBase.h:365] <Lighting Layout>::createFromJsonOrDefaultInternal : Proposing JSON name : no_lights.lighting_config.json from original name : no_lights | This file  does not exist.
I0109 09:17:55.201380 763505 LightLayoutAttributesManager.cpp:34] File (no_lights) not found, so new default light layout attributes created and registered.
I0109 09:17:55.201388 763505 Simulator.cpp:198] ::setSceneInstanceAttributes : Navmesh file location in scene instance : data/scene_datasets/gibson_semantic//Tolstoy.navmesh
I0109 09:17:55.201395 763505 Simulator.cpp:205] ::setSceneInstanceAttributes : Loading navmesh from data/scene_datasets/gibson_semantic//Tolstoy.navmesh
I0109 09:17:55.201623 763505 Simulator.cpp:208] ::setSceneInstanceAttributes : Navmesh Loaded.
I0109 09:17:55.201643 763505 SceneGraph.h:85] Created DrawableGroup: 
I0109 09:17:55.201649 763505 Simulator.cpp:243] ::setSceneInstanceAttributes : SceneInstance : data/scene_datasets/gibson_semantic//Tolstoy.glb proposed Semantic Scene Descriptor filename : data/scene_datasets/gibson_semantic//Tolstoy.scn
Renderer: NVIDIA GeForce RTX 4090/PCIe/SSE2 by NVIDIA Corporation
OpenGL version: 4.6.0 NVIDIA 550.54.15
Using optional features:
    GL_ARB_vertex_array_object
    GL_ARB_ES2_compatibility
    GL_ARB_separate_shader_objects
    GL_ARB_robustness
    GL_ARB_texture_storage
    GL_ARB_invalidate_subdata
    GL_ARB_texture_storage_multisample
    GL_ARB_multi_bind
    GL_ARB_direct_state_access
    GL_ARB_get_texture_sub_image
    GL_ARB_texture_filter_anisotropic
    GL_KHR_debug
Using driver workarounds:
    no-forward-compatible-core-context
    nv-egl-incorrect-gl11-function-pointers
    no-layout-qualifiers-on-old-glsl
    nv-zero-context-profile-mask
    nv-implementation-color-read-format-dsa-broken
    nv-cubemap-inconsistent-compressed-image-size
    nv-cubemap-broken-full-compressed-image-query
    nv-compressed-block-size-in-bits
I0109 09:17:55.202768 763496 ManagedFileBasedContainer.h:210] <Scene Instance>::convertFilenameToPassedExt : Filename : data/scene_datasets/gibson_semantic//Merom.glb changed to proposed scene_instance.json filename : data/scene_datasets/gibson_semantic//Merom.scene_instance.json
I0109 09:17:55.202783 763496 MetadataMediator.cpp:311] ::getSceneAttributesByName : Dataset : default has no preloaded SceneAttributes or StageAttributes named : data/scene_datasets/gibson_semantic//Merom.glb so loading/creating a new StageAttributes with this name, and then creating a SceneAttributes with the same name that references this stage.
I0109 09:17:55.202791 763496 ManagedFileBasedContainer.h:210] <Stage Template>::convertFilenameToPassedExt : Filename : data/scene_datasets/gibson_semantic//Merom.glb changed to proposed stage_config.json filename : data/scene_datasets/gibson_semantic//Merom.stage_config.json
I0109 09:17:55.202797 763496 AttributesManagerBase.h:365] <Stage Template>::createFromJsonOrDefaultInternal : Proposing JSON name : data/scene_datasets/gibson_semantic//Merom.stage_config.json from original name : data/scene_datasets/gibson_semantic//Merom.glb | This file  does not exist.
I0109 09:17:55.202876 763496 AbstractObjectAttributesManagerBase.h:183] File (data/scene_datasets/gibson_semantic//Merom.glb) exists but is not a recognized config filename extension, so new default Stage Template attributes created and registered.
I0109 09:17:55.202904 763496 SceneDatasetAttributes.cpp:45] ::addNewSceneInstanceToDataset : Dataset : 'default' : Stage Attributes 'data/scene_datasets/gibson_semantic//Merom.glb' specified in Scene Attributes exists in dataset library.
I0109 09:17:55.202909 763496 SceneDatasetAttributes.cpp:79] ::addNewSceneInstanceToDataset : Dataset : 'default' : Lighting Layout Attributes 'no_lights' specified in Scene Attributes but does not exist in dataset, so creating.
I0109 09:17:55.202913 763496 ManagedFileBasedContainer.h:210] <Lighting Layout>::convertFilenameToPassedExt : Filename : no_lights changed to proposed lighting_config.json filename : no_lights.lighting_config.json
I0109 09:17:55.202917 763496 ManagedFileBasedContainer.h:210] <Lighting Layout>::convertFilenameToPassedExt : Filename : no_lights changed to proposed lighting_config.json filename : no_lights.lighting_config.json
I0109 09:17:55.202921 763496 AttributesManagerBase.h:365] <Lighting Layout>::createFromJsonOrDefaultInternal : Proposing JSON name : no_lights.lighting_config.json from original name : no_lights | This file  does not exist.
I0109 09:17:55.202934 763496 LightLayoutAttributesManager.cpp:34] File (no_lights) not found, so new default light layout attributes created and registered.
I0109 09:17:55.202939 763496 Simulator.cpp:198] ::setSceneInstanceAttributes : Navmesh file location in scene instance : data/scene_datasets/gibson_semantic//Merom.navmesh
I0109 09:17:55.202944 763496 Simulator.cpp:205] ::setSceneInstanceAttributes : Loading navmesh from data/scene_datasets/gibson_semantic//Merom.navmesh
I0109 09:17:55.203048 763496 Simulator.cpp:208] ::setSceneInstanceAttributes : Navmesh Loaded.
I0109 09:17:55.203063 763496 SceneGraph.h:85] Created DrawableGroup: 
I0109 09:17:55.203068 763496 Simulator.cpp:243] ::setSceneInstanceAttributes : SceneInstance : data/scene_datasets/gibson_semantic//Merom.glb proposed Semantic Scene Descriptor filename : data/scene_datasets/gibson_semantic//Merom.scn
W0109 09:17:55.203306 763496 Simulator.cpp:267] ::setSceneInstanceAttributes : All attempts to load SSD with SceneAttributes-provided name data/scene_datasets/gibson_semantic//Merom.scn : exist : 0 : loaded as expected type : 1
I0109 09:17:55.203644 763496 Simulator.cpp:316] ::createSceneInstance : Using scene instance-specified Light key : -no_lights-
I0109 09:17:55.203660 763496 MetadataMediator.cpp:68] ::setSimulatorConfiguration : Set new simulator config for scene/stage : data/scene_datasets/gibson_semantic//Merom.glb and dataset : default which is currently active dataset.
I0109 09:17:55.203683 763496 Simulator.cpp:374] ::createSceneInstance : Start to load stage named : data/scene_datasets/gibson_semantic//Merom.glb with render asset : data/scene_datasets/gibson_semantic//Merom.glb and collision asset : data/scene_datasets/gibson_semantic//Merom.glb
I0109 09:17:55.203699 763496 ResourceManager.cpp:249] ::loadStage : Not loading semantic mesh
I0109 09:17:55.203703 763496 ResourceManager.cpp:277] ::loadStage : start load render asset data/scene_datasets/gibson_semantic//Merom.glb.
I0109 09:17:55.203706 763496 ResourceManager.cpp:691] ::loadStageInternal : Attempting to load stage data/scene_datasets/gibson_semantic//Merom.glb 
I0109 09:17:55.203723 763496 ResourceManager.cpp:1265] Importing Basis files as BC7 for Merom.glb
Renderer: NVIDIA GeForce RTX 4090/PCIe/SSE2 by NVIDIA Corporation
OpenGL version: 4.6.0 NVIDIA 550.54.15
Using optional features:
    GL_ARB_vertex_array_object
    GL_ARB_ES2_compatibility
    GL_ARB_separate_shader_objects
    GL_ARB_robustness
    GL_ARB_texture_storage
    GL_ARB_invalidate_subdata
    GL_ARB_texture_storage_multisample
    GL_ARB_multi_bind
    GL_ARB_direct_state_access
    GL_ARB_get_texture_sub_image
    GL_ARB_texture_filter_anisotropic
    GL_KHR_debug
Using driver workarounds:
    no-forward-compatible-core-context
    nv-egl-incorrect-gl11-function-pointers
    no-layout-qualifiers-on-old-glsl
    nv-zero-context-profile-mask
    nv-implementation-color-read-format-dsa-broken
    nv-cubemap-inconsistent-compressed-image-size
    nv-cubemap-broken-full-compressed-image-query
    nv-compressed-block-size-in-bits
I0109 09:17:55.208456 763502 ManagedFileBasedContainer.h:210] <Scene Instance>::convertFilenameToPassedExt : Filename : data/scene_datasets/gibson_semantic//Ranchester.glb changed to proposed scene_instance.json filename : data/scene_datasets/gibson_semantic//Ranchester.scene_instance.json
I0109 09:17:55.208482 763502 MetadataMediator.cpp:311] ::getSceneAttributesByName : Dataset : default has no preloaded SceneAttributes or StageAttributes named : data/scene_datasets/gibson_semantic//Ranchester.glb so loading/creating a new StageAttributes with this name, and then creating a SceneAttributes with the same name that references this stage.
I0109 09:17:55.208492 763502 ManagedFileBasedContainer.h:210] <Stage Template>::convertFilenameToPassedExt : Filename : data/scene_datasets/gibson_semantic//Ranchester.glb changed to proposed stage_config.json filename : data/scene_datasets/gibson_semantic//Ranchester.stage_config.json
I0109 09:17:55.208498 763502 AttributesManagerBase.h:365] <Stage Template>::createFromJsonOrDefaultInternal : Proposing JSON name : data/scene_datasets/gibson_semantic//Ranchester.stage_config.json from original name : data/scene_datasets/gibson_semantic//Ranchester.glb | This file  does not exist.
I0109 09:17:55.208601 763502 AbstractObjectAttributesManagerBase.h:183] File (data/scene_datasets/gibson_semantic//Ranchester.glb) exists but is not a recognized config filename extension, so new default Stage Template attributes created and registered.
I0109 09:17:55.208637 763502 SceneDatasetAttributes.cpp:45] ::addNewSceneInstanceToDataset : Dataset : 'default' : Stage Attributes 'data/scene_datasets/gibson_semantic//Ranchester.glb' specified in Scene Attributes exists in dataset library.
I0109 09:17:55.208652 763502 SceneDatasetAttributes.cpp:79] ::addNewSceneInstanceToDataset : Dataset : 'default' : Lighting Layout Attributes 'no_lights' specified in Scene Attributes but does not exist in dataset, so creating.
I0109 09:17:55.208657 763502 ManagedFileBasedContainer.h:210] <Lighting Layout>::convertFilenameToPassedExt : Filename : no_lights changed to proposed lighting_config.json filename : no_lights.lighting_config.json
I0109 09:17:55.208664 763502 ManagedFileBasedContainer.h:210] <Lighting Layout>::convertFilenameToPassedExt : Filename : no_lights changed to proposed lighting_config.json filename : no_lights.lighting_config.json
I0109 09:17:55.208668 763502 AttributesManagerBase.h:365] <Lighting Layout>::createFromJsonOrDefaultInternal : Proposing JSON name : no_lights.lighting_config.json from original name : no_lights | This file  does not exist.
I0109 09:17:55.208683 763502 LightLayoutAttributesManager.cpp:34] File (no_lights) not found, so new default light layout attributes created and registered.
I0109 09:17:55.208691 763502 Simulator.cpp:198] ::setSceneInstanceAttributes : Navmesh file location in scene instance : data/scene_datasets/gibson_semantic//Ranchester.navmesh
I0109 09:17:55.208698 763502 Simulator.cpp:205] ::setSceneInstanceAttributes : Loading navmesh from data/scene_datasets/gibson_semantic//Ranchester.navmesh
I0109 09:17:55.208870 763502 Simulator.cpp:208] ::setSceneInstanceAttributes : Navmesh Loaded.
I0109 09:17:55.208894 763502 SceneGraph.h:85] Created DrawableGroup: 
I0109 09:17:55.208900 763502 Simulator.cpp:243] ::setSceneInstanceAttributes : SceneInstance : data/scene_datasets/gibson_semantic//Ranchester.glb proposed Semantic Scene Descriptor filename : data/scene_datasets/gibson_semantic//Ranchester.scn
W0109 09:17:55.227893 763507 Simulator.cpp:267] ::setSceneInstanceAttributes : All attempts to load SSD with SceneAttributes-provided name data/scene_datasets/gibson_semantic//Woodbine.scn : exist : 0 : loaded as expected type : 1
I0109 09:17:55.229539 763507 Simulator.cpp:316] ::createSceneInstance : Using scene instance-specified Light key : -no_lights-
I0109 09:17:55.229561 763507 MetadataMediator.cpp:68] ::setSimulatorConfiguration : Set new simulator config for scene/stage : data/scene_datasets/gibson_semantic//Woodbine.glb and dataset : default which is currently active dataset.
I0109 09:17:55.229594 763507 Simulator.cpp:374] ::createSceneInstance : Start to load stage named : data/scene_datasets/gibson_semantic//Woodbine.glb with render asset : data/scene_datasets/gibson_semantic//Woodbine.glb and collision asset : data/scene_datasets/gibson_semantic//Woodbine.glb
I0109 09:17:55.229614 763507 ResourceManager.cpp:249] ::loadStage : Not loading semantic mesh
I0109 09:17:55.229619 763507 ResourceManager.cpp:277] ::loadStage : start load render asset data/scene_datasets/gibson_semantic//Woodbine.glb.
I0109 09:17:55.229624 763507 ResourceManager.cpp:691] ::loadStageInternal : Attempting to load stage data/scene_datasets/gibson_semantic//Woodbine.glb 
I0109 09:17:55.229650 763507 ResourceManager.cpp:1265] Importing Basis files as BC7 for Woodbine.glb
Renderer: NVIDIA GeForce RTX 4090/PCIe/SSE2 by NVIDIA Corporation
OpenGL version: 4.6.0 NVIDIA 550.54.15
Using optional features:
    GL_ARB_vertex_array_object
    GL_ARB_ES2_compatibility
    GL_ARB_separate_shader_objects
    GL_ARB_robustness
    GL_ARB_texture_storage
    GL_ARB_invalidate_subdata
    GL_ARB_texture_storage_multisample
    GL_ARB_multi_bind
    GL_ARB_direct_state_access
    GL_ARB_get_texture_sub_image
    GL_ARB_texture_filter_anisotropic
    GL_KHR_debug
Using driver workarounds:
    no-forward-compatible-core-context
    nv-egl-incorrect-gl11-function-pointers
    no-layout-qualifiers-on-old-glsl
    nv-zero-context-profile-mask
    nv-implementation-color-read-format-dsa-broken
    nv-cubemap-inconsistent-compressed-image-size
    nv-cubemap-broken-full-compressed-image-query
    nv-compressed-block-size-in-bits
I0109 09:17:55.243396 763499 ManagedFileBasedContainer.h:210] <Scene Instance>::convertFilenameToPassedExt : Filename : data/scene_datasets/gibson_semantic//Onaga.glb changed to proposed scene_instance.json filename : data/scene_datasets/gibson_semantic//Onaga.scene_instance.json
I0109 09:17:55.243425 763499 MetadataMediator.cpp:311] ::getSceneAttributesByName : Dataset : default has no preloaded SceneAttributes or StageAttributes named : data/scene_datasets/gibson_semantic//Onaga.glb so loading/creating a new StageAttributes with this name, and then creating a SceneAttributes with the same name that references this stage.
I0109 09:17:55.243435 763499 ManagedFileBasedContainer.h:210] <Stage Template>::convertFilenameToPassedExt : Filename : data/scene_datasets/gibson_semantic//Onaga.glb changed to proposed stage_config.json filename : data/scene_datasets/gibson_semantic//Onaga.stage_config.json
I0109 09:17:55.243440 763499 AttributesManagerBase.h:365] <Stage Template>::createFromJsonOrDefaultInternal : Proposing JSON name : data/scene_datasets/gibson_semantic//Onaga.stage_config.json from original name : data/scene_datasets/gibson_semantic//Onaga.glb | This file  does not exist.
I0109 09:17:55.243531 763499 AbstractObjectAttributesManagerBase.h:183] File (data/scene_datasets/gibson_semantic//Onaga.glb) exists but is not a recognized config filename extension, so new default Stage Template attributes created and registered.
I0109 09:17:55.243566 763499 SceneDatasetAttributes.cpp:45] ::addNewSceneInstanceToDataset : Dataset : 'default' : Stage Attributes 'data/scene_datasets/gibson_semantic//Onaga.glb' specified in Scene Attributes exists in dataset library.
I0109 09:17:55.243570 763499 SceneDatasetAttributes.cpp:79] ::addNewSceneInstanceToDataset : Dataset : 'default' : Lighting Layout Attributes 'no_lights' specified in Scene Attributes but does not exist in dataset, so creating.
I0109 09:17:55.243575 763499 ManagedFileBasedContainer.h:210] <Lighting Layout>::convertFilenameToPassedExt : Filename : no_lights changed to proposed lighting_config.json filename : no_lights.lighting_config.json
I0109 09:17:55.243580 763499 ManagedFileBasedContainer.h:210] <Lighting Layout>::convertFilenameToPassedExt : Filename : no_lights changed to proposed lighting_config.json filename : no_lights.lighting_config.json
I0109 09:17:55.243584 763499 AttributesManagerBase.h:365] <Lighting Layout>::createFromJsonOrDefaultInternal : Proposing JSON name : no_lights.lighting_config.json from original name : no_lights | This file  does not exist.
I0109 09:17:55.243597 763499 LightLayoutAttributesManager.cpp:34] File (no_lights) not found, so new default light layout attributes created and registered.
I0109 09:17:55.243604 763499 Simulator.cpp:198] ::setSceneInstanceAttributes : Navmesh file location in scene instance : data/scene_datasets/gibson_semantic//Onaga.navmesh
I0109 09:17:55.243610 763499 Simulator.cpp:205] ::setSceneInstanceAttributes : Loading navmesh from data/scene_datasets/gibson_semantic//Onaga.navmesh
I0109 09:17:55.243687 763499 Simulator.cpp:208] ::setSceneInstanceAttributes : Navmesh Loaded.
I0109 09:17:55.243705 763499 SceneGraph.h:85] Created DrawableGroup: 
I0109 09:17:55.243711 763499 Simulator.cpp:243] ::setSceneInstanceAttributes : SceneInstance : data/scene_datasets/gibson_semantic//Onaga.glb proposed Semantic Scene Descriptor filename : data/scene_datasets/gibson_semantic//Onaga.scn
Renderer: NVIDIA GeForce RTX 4090/PCIe/SSE2 by NVIDIA Corporation
OpenGL version: 4.6.0 NVIDIA 550.54.15
Using optional features:
    GL_ARB_vertex_array_object
    GL_ARB_ES2_compatibility
    GL_ARB_separate_shader_objects
    GL_ARB_robustness
    GL_ARB_texture_storage
    GL_ARB_invalidate_subdata
    GL_ARB_texture_storage_multisample
    GL_ARB_multi_bind
    GL_ARB_direct_state_access
    GL_ARB_get_texture_sub_image
    GL_ARB_texture_filter_anisotropic
    GL_KHR_debug
Using driver workarounds:
    no-forward-compatible-core-context
    nv-egl-incorrect-gl11-function-pointers
    no-layout-qualifiers-on-old-glsl
    nv-zero-context-profile-mask
    nv-implementation-color-read-format-dsa-broken
    nv-cubemap-inconsistent-compressed-image-size
    nv-cubemap-broken-full-compressed-image-query
    nv-compressed-block-size-in-bits
I0109 09:17:55.243970 763497 ManagedFileBasedContainer.h:210] <Scene Instance>::convertFilenameToPassedExt : Filename : data/scene_datasets/gibson_semantic//Mifflinburg.glb changed to proposed scene_instance.json filename : data/scene_datasets/gibson_semantic//Mifflinburg.scene_instance.json
I0109 09:17:55.243992 763497 MetadataMediator.cpp:311] ::getSceneAttributesByName : Dataset : default has no preloaded SceneAttributes or StageAttributes named : data/scene_datasets/gibson_semantic//Mifflinburg.glb so loading/creating a new StageAttributes with this name, and then creating a SceneAttributes with the same name that references this stage.
I0109 09:17:55.244001 763497 ManagedFileBasedContainer.h:210] <Stage Template>::convertFilenameToPassedExt : Filename : data/scene_datasets/gibson_semantic//Mifflinburg.glb changed to proposed stage_config.json filename : data/scene_datasets/gibson_semantic//Mifflinburg.stage_config.json
I0109 09:17:55.244010 763497 AttributesManagerBase.h:365] <Stage Template>::createFromJsonOrDefaultInternal : Proposing JSON name : data/scene_datasets/gibson_semantic//Mifflinburg.stage_config.json from original name : data/scene_datasets/gibson_semantic//Mifflinburg.glb | This file  does not exist.
I0109 09:17:55.244129 763497 AbstractObjectAttributesManagerBase.h:183] File (data/scene_datasets/gibson_semantic//Mifflinburg.glb) exists but is not a recognized config filename extension, so new default Stage Template attributes created and registered.
I0109 09:17:55.244167 763497 SceneDatasetAttributes.cpp:45] ::addNewSceneInstanceToDataset : Dataset : 'default' : Stage Attributes 'data/scene_datasets/gibson_semantic//Mifflinburg.glb' specified in Scene Attributes exists in dataset library.
I0109 09:17:55.244174 763497 SceneDatasetAttributes.cpp:79] ::addNewSceneInstanceToDataset : Dataset : 'default' : Lighting Layout Attributes 'no_lights' specified in Scene Attributes but does not exist in dataset, so creating.
I0109 09:17:55.244179 763497 ManagedFileBasedContainer.h:210] <Lighting Layout>::convertFilenameToPassedExt : Filename : no_lights changed to proposed lighting_config.json filename : no_lights.lighting_config.json
I0109 09:17:55.244185 763497 ManagedFileBasedContainer.h:210] <Lighting Layout>::convertFilenameToPassedExt : Filename : no_lights changed to proposed lighting_config.json filename : no_lights.lighting_config.json
I0109 09:17:55.244189 763497 AttributesManagerBase.h:365] <Lighting Layout>::createFromJsonOrDefaultInternal : Proposing JSON name : no_lights.lighting_config.json from original name : no_lights | This file  does not exist.
I0109 09:17:55.244204 763497 LightLayoutAttributesManager.cpp:34] File (no_lights) not found, so new default light layout attributes created and registered.
I0109 09:17:55.244212 763497 Simulator.cpp:198] ::setSceneInstanceAttributes : Navmesh file location in scene instance : data/scene_datasets/gibson_semantic//Mifflinburg.navmesh
I0109 09:17:55.244218 763497 Simulator.cpp:205] ::setSceneInstanceAttributes : Loading navmesh from data/scene_datasets/gibson_semantic//Mifflinburg.navmesh
Renderer: NVIDIA GeForce RTX 4090/PCIe/SSE2 by NVIDIA Corporation
OpenGL version: 4.6.0 NVIDIA 550.54.15
Using optional features:
    GL_ARB_vertex_array_object
    GL_ARB_ES2_compatibility
    GL_ARB_separate_shader_objects
    GL_ARB_robustness
    GL_ARB_texture_storage
    GL_ARB_invalidate_subdata
    GL_ARB_texture_storage_multisample
    GL_ARB_multi_bind
    GL_ARB_direct_state_access
    GL_ARB_get_texture_sub_image
    GL_ARB_texture_filter_anisotropic
    GL_KHR_debug
Using driver workarounds:
    no-forward-compatible-core-context
    nv-egl-incorrect-gl11-function-pointers
    no-layout-qualifiers-on-old-glsl
    nv-zero-context-profile-mask
    nv-implementation-color-read-format-dsa-broken
    nv-cubemap-inconsistent-compressed-image-size
    nv-cubemap-broken-full-compressed-image-query
    nv-compressed-block-size-in-bits
I0109 09:17:55.249286 763500 ManagedFileBasedContainer.h:210] <Scene Instance>::convertFilenameToPassedExt : Filename : data/scene_datasets/gibson_semantic//Pinesdale.glb changed to proposed scene_instance.json filename : data/scene_datasets/gibson_semantic//Pinesdale.scene_instance.json
I0109 09:17:55.249307 763500 MetadataMediator.cpp:311] ::getSceneAttributesByName : Dataset : default has no preloaded SceneAttributes or StageAttributes named : data/scene_datasets/gibson_semantic//Pinesdale.glb so loading/creating a new StageAttributes with this name, and then creating a SceneAttributes with the same name that references this stage.
I0109 09:17:55.249316 763500 ManagedFileBasedContainer.h:210] <Stage Template>::convertFilenameToPassedExt : Filename : data/scene_datasets/gibson_semantic//Pinesdale.glb changed to proposed stage_config.json filename : data/scene_datasets/gibson_semantic//Pinesdale.stage_config.json
I0109 09:17:55.249322 763500 AttributesManagerBase.h:365] <Stage Template>::createFromJsonOrDefaultInternal : Proposing JSON name : data/scene_datasets/gibson_semantic//Pinesdale.stage_config.json from original name : data/scene_datasets/gibson_semantic//Pinesdale.glb | This file  does not exist.
I0109 09:17:55.249418 763500 AbstractObjectAttributesManagerBase.h:183] File (data/scene_datasets/gibson_semantic//Pinesdale.glb) exists but is not a recognized config filename extension, so new default Stage Template attributes created and registered.
I0109 09:17:55.249455 763500 SceneDatasetAttributes.cpp:45] ::addNewSceneInstanceToDataset : Dataset : 'default' : Stage Attributes 'data/scene_datasets/gibson_semantic//Pinesdale.glb' specified in Scene Attributes exists in dataset library.
I0109 09:17:55.249469 763500 SceneDatasetAttributes.cpp:79] ::addNewSceneInstanceToDataset : Dataset : 'default' : Lighting Layout Attributes 'no_lights' specified in Scene Attributes but does not exist in dataset, so creating.
I0109 09:17:55.249475 763500 ManagedFileBasedContainer.h:210] <Lighting Layout>::convertFilenameToPassedExt : Filename : no_lights changed to proposed lighting_config.json filename : no_lights.lighting_config.json
I0109 09:17:55.249481 763500 ManagedFileBasedContainer.h:210] <Lighting Layout>::convertFilenameToPassedExt : Filename : no_lights changed to proposed lighting_config.json filename : no_lights.lighting_config.json
I0109 09:17:55.249486 763500 AttributesManagerBase.h:365] <Lighting Layout>::createFromJsonOrDefaultInternal : Proposing JSON name : no_lights.lighting_config.json from original name : no_lights | This file  does not exist.
I0109 09:17:55.249501 763500 LightLayoutAttributesManager.cpp:34] File (no_lights) not found, so new default light layout attributes created and registered.
I0109 09:17:55.249509 763500 Simulator.cpp:198] ::setSceneInstanceAttributes : Navmesh file location in scene instance : data/scene_datasets/gibson_semantic//Pinesdale.navmesh
I0109 09:17:55.249516 763500 Simulator.cpp:205] ::setSceneInstanceAttributes : Loading navmesh from data/scene_datasets/gibson_semantic//Pinesdale.navmesh
I0109 09:17:55.249703 763500 Simulator.cpp:208] ::setSceneInstanceAttributes : Navmesh Loaded.
I0109 09:17:55.249720 763500 SceneGraph.h:85] Created DrawableGroup: 
I0109 09:17:55.249727 763500 Simulator.cpp:243] ::setSceneInstanceAttributes : SceneInstance : data/scene_datasets/gibson_semantic//Pinesdale.glb proposed Semantic Scene Descriptor filename : data/scene_datasets/gibson_semantic//Pinesdale.scn
2025-01-09 09:17:55,265 Initializing dataset PointNav-v1
2025-01-09 09:17:55,266 initializing sim Sim-v0
W0109 09:17:55.268870 763505 Simulator.cpp:267] ::setSceneInstanceAttributes : All attempts to load SSD with SceneAttributes-provided name data/scene_datasets/gibson_semantic//Tolstoy.scn : exist : 0 : loaded as expected type : 1
I0109 09:17:55.269112 763505 Simulator.cpp:316] ::createSceneInstance : Using scene instance-specified Light key : -no_lights-
I0109 09:17:55.269125 763505 MetadataMediator.cpp:68] ::setSimulatorConfiguration : Set new simulator config for scene/stage : data/scene_datasets/gibson_semantic//Tolstoy.glb and dataset : default which is currently active dataset.
I0109 09:17:55.269152 763505 Simulator.cpp:374] ::createSceneInstance : Start to load stage named : data/scene_datasets/gibson_semantic//Tolstoy.glb with render asset : data/scene_datasets/gibson_semantic//Tolstoy.glb and collision asset : data/scene_datasets/gibson_semantic//Tolstoy.glb
I0109 09:17:55.269167 763505 ResourceManager.cpp:249] ::loadStage : Not loading semantic mesh
I0109 09:17:55.269171 763505 ResourceManager.cpp:277] ::loadStage : start load render asset data/scene_datasets/gibson_semantic//Tolstoy.glb.
I0109 09:17:55.269174 763505 ResourceManager.cpp:691] ::loadStageInternal : Attempting to load stage data/scene_datasets/gibson_semantic//Tolstoy.glb 
I0109 09:17:55.269191 763505 ResourceManager.cpp:1265] Importing Basis files as BC7 for Tolstoy.glb
WARNING: Logging before InitGoogleLogging() is written to STDERR
I0109 09:17:55.269603 763488 ManagedFileBasedContainer.h:210] <Dataset>::convertFilenameToPassedExt : Filename : default changed to proposed scene_dataset_config.json filename : default.scene_dataset_config.json
I0109 09:17:55.269632 763488 AttributesManagerBase.h:365] <Dataset>::createFromJsonOrDefaultInternal : Proposing JSON name : default.scene_dataset_config.json from original name : default | This file  does not exist.
I0109 09:17:55.269709 763488 AssetAttributesManager.cpp:120] Asset attributes (capsule3DSolid : capsule3DSolid_hemiRings_4_cylRings_1_segments_12_halfLen_0.75_useTexCoords_false_useTangents_false) created and registered.
I0109 09:17:55.269748 763488 AssetAttributesManager.cpp:120] Asset attributes (capsule3DWireframe : capsule3DWireframe_hemiRings_8_cylRings_1_segments_16_halfLen_1) created and registered.
I0109 09:17:55.269784 763488 AssetAttributesManager.cpp:120] Asset attributes (coneSolid : coneSolid_segments_12_halfLen_1.25_rings_1_useTexCoords_false_useTangents_false_capEnd_true) created and registered.
I0109 09:17:55.269806 763488 AssetAttributesManager.cpp:120] Asset attributes (coneWireframe : coneWireframe_segments_32_halfLen_1.25) created and registered.
I0109 09:17:55.269820 763488 AssetAttributesManager.cpp:120] Asset attributes (cubeSolid : cubeSolid) created and registered.
I0109 09:17:55.269830 763488 AssetAttributesManager.cpp:120] Asset attributes (cubeWireframe : cubeWireframe) created and registered.
I0109 09:17:55.269868 763488 AssetAttributesManager.cpp:120] Asset attributes (cylinderSolid : cylinderSolid_rings_1_segments_12_halfLen_1_useTexCoords_false_useTangents_false_capEnds_true) created and registered.
I0109 09:17:55.269893 763488 AssetAttributesManager.cpp:120] Asset attributes (cylinderWireframe : cylinderWireframe_rings_1_segments_32_halfLen_1) created and registered.
I0109 09:17:55.269905 763488 AssetAttributesManager.cpp:120] Asset attributes (icosphereSolid : icosphereSolid_subdivs_1) created and registered.
I0109 09:17:55.269918 763488 AssetAttributesManager.cpp:120] Asset attributes (icosphereWireframe : icosphereWireframe_subdivs_1) created and registered.
I0109 09:17:55.269935 763488 AssetAttributesManager.cpp:120] Asset attributes (uvSphereSolid : uvSphereSolid_rings_8_segments_16_useTexCoords_false_useTangents_false) created and registered.
I0109 09:17:55.269953 763488 AssetAttributesManager.cpp:120] Asset attributes (uvSphereWireframe : uvSphereWireframe_rings_16_segments_32) created and registered.
I0109 09:17:55.269963 763488 AssetAttributesManager.cpp:108] ::constructor : Built default primitive asset templates : 12
W0109 09:17:55.270401 763487 Simulator.cpp:267] ::setSceneInstanceAttributes : All attempts to load SSD with SceneAttributes-provided name data/scene_datasets/gibson_semantic//Cosmos.scn : exist : 0 : loaded as expected type : 1
I0109 09:17:55.270493 763488 SceneDatasetAttributesManager.cpp:36] File (default) not found, so new default dataset attributes created and registered.
I0109 09:17:55.270501 763488 MetadataMediator.cpp:127] ::createSceneDataset : Dataset default successfully created.
I0109 09:17:55.270510 763488 AttributesManagerBase.h:365] <Physics Manager>::createFromJsonOrDefaultInternal : Proposing JSON name : ./data/default.physics_config.json from original name : ./data/default.physics_config.json | This file  does not exist.
I0109 09:17:55.270532 763488 PhysicsAttributesManager.cpp:26] File (./data/default.physics_config.json) not found, so new default physics manager attributes created and registered.
I0109 09:17:55.270537 763488 MetadataMediator.cpp:212] ::setActiveSceneDatasetName : Previous active dataset  changed to default successfully.
I0109 09:17:55.270540 763488 MetadataMediator.cpp:183] ::setCurrPhysicsAttributesHandle : Old physics manager attributes  changed to ./data/default.physics_config.json successfully.
I0109 09:17:55.270545 763488 MetadataMediator.cpp:68] ::setSimulatorConfiguration : Set new simulator config for scene/stage : data/scene_datasets/gibson_semantic//Forkland.glb and dataset : default which is currently active dataset.
I0109 09:17:55.270643 763487 Simulator.cpp:316] ::createSceneInstance : Using scene instance-specified Light key : -no_lights-
I0109 09:17:55.270656 763487 MetadataMediator.cpp:68] ::setSimulatorConfiguration : Set new simulator config for scene/stage : data/scene_datasets/gibson_semantic//Cosmos.glb and dataset : default which is currently active dataset.
I0109 09:17:55.270694 763487 Simulator.cpp:374] ::createSceneInstance : Start to load stage named : data/scene_datasets/gibson_semantic//Cosmos.glb with render asset : data/scene_datasets/gibson_semantic//Cosmos.glb and collision asset : data/scene_datasets/gibson_semantic//Cosmos.glb
I0109 09:17:55.270707 763487 ResourceManager.cpp:249] ::loadStage : Not loading semantic mesh
I0109 09:17:55.270711 763487 ResourceManager.cpp:277] ::loadStage : start load render asset data/scene_datasets/gibson_semantic//Cosmos.glb.
I0109 09:17:55.270714 763487 ResourceManager.cpp:691] ::loadStageInternal : Attempting to load stage data/scene_datasets/gibson_semantic//Cosmos.glb 
I0109 09:17:55.270732 763487 ResourceManager.cpp:1265] Importing Basis files as BC7 for Cosmos.glb
2025-01-09 09:17:55,271 Initializing dataset PointNav-v1
2025-01-09 09:17:55,272 initializing sim Sim-v0
WARNING: Logging before InitGoogleLogging() is written to STDERR
I0109 09:17:55.275648 763486 ManagedFileBasedContainer.h:210] <Dataset>::convertFilenameToPassedExt : Filename : default changed to proposed scene_dataset_config.json filename : default.scene_dataset_config.json
I0109 09:17:55.275677 763486 AttributesManagerBase.h:365] <Dataset>::createFromJsonOrDefaultInternal : Proposing JSON name : default.scene_dataset_config.json from original name : default | This file  does not exist.
I0109 09:17:55.275751 763486 AssetAttributesManager.cpp:120] Asset attributes (capsule3DSolid : capsule3DSolid_hemiRings_4_cylRings_1_segments_12_halfLen_0.75_useTexCoords_false_useTangents_false) created and registered.
I0109 09:17:55.275787 763486 AssetAttributesManager.cpp:120] Asset attributes (capsule3DWireframe : capsule3DWireframe_hemiRings_8_cylRings_1_segments_16_halfLen_1) created and registered.
I0109 09:17:55.275822 763486 AssetAttributesManager.cpp:120] Asset attributes (coneSolid : coneSolid_segments_12_halfLen_1.25_rings_1_useTexCoords_false_useTangents_false_capEnd_true) created and registered.
I0109 09:17:55.275843 763486 AssetAttributesManager.cpp:120] Asset attributes (coneWireframe : coneWireframe_segments_32_halfLen_1.25) created and registered.
I0109 09:17:55.275857 763486 AssetAttributesManager.cpp:120] Asset attributes (cubeSolid : cubeSolid) created and registered.
I0109 09:17:55.275867 763486 AssetAttributesManager.cpp:120] Asset attributes (cubeWireframe : cubeWireframe) created and registered.
I0109 09:17:55.275897 763486 AssetAttributesManager.cpp:120] Asset attributes (cylinderSolid : cylinderSolid_rings_1_segments_12_halfLen_1_useTexCoords_false_useTangents_false_capEnds_true) created and registered.
I0109 09:17:55.275923 763486 AssetAttributesManager.cpp:120] Asset attributes (cylinderWireframe : cylinderWireframe_rings_1_segments_32_halfLen_1) created and registered.
I0109 09:17:55.275944 763486 AssetAttributesManager.cpp:120] Asset attributes (icosphereSolid : icosphereSolid_subdivs_1) created and registered.
I0109 09:17:55.275969 763486 AssetAttributesManager.cpp:120] Asset attributes (icosphereWireframe : icosphereWireframe_subdivs_1) created and registered.
I0109 09:17:55.275986 763486 AssetAttributesManager.cpp:120] Asset attributes (uvSphereSolid : uvSphereSolid_rings_8_segments_16_useTexCoords_false_useTangents_false) created and registered.
I0109 09:17:55.276003 763486 AssetAttributesManager.cpp:120] Asset attributes (uvSphereWireframe : uvSphereWireframe_rings_16_segments_32) created and registered.
I0109 09:17:55.276012 763486 AssetAttributesManager.cpp:108] ::constructor : Built default primitive asset templates : 12
I0109 09:17:55.276526 763486 SceneDatasetAttributesManager.cpp:36] File (default) not found, so new default dataset attributes created and registered.
I0109 09:17:55.276535 763486 MetadataMediator.cpp:127] ::createSceneDataset : Dataset default successfully created.
I0109 09:17:55.276542 763486 AttributesManagerBase.h:365] <Physics Manager>::createFromJsonOrDefaultInternal : Proposing JSON name : ./data/default.physics_config.json from original name : ./data/default.physics_config.json | This file  does not exist.
I0109 09:17:55.276556 763486 PhysicsAttributesManager.cpp:26] File (./data/default.physics_config.json) not found, so new default physics manager attributes created and registered.
I0109 09:17:55.276561 763486 MetadataMediator.cpp:212] ::setActiveSceneDatasetName : Previous active dataset  changed to default successfully.
I0109 09:17:55.276563 763486 MetadataMediator.cpp:183] ::setCurrPhysicsAttributesHandle : Old physics manager attributes  changed to ./data/default.physics_config.json successfully.
I0109 09:17:55.276567 763486 MetadataMediator.cpp:68] ::setSimulatorConfiguration : Set new simulator config for scene/stage : data/scene_datasets/gibson_semantic//Coffeen.glb and dataset : default which is currently active dataset.
W0109 09:17:55.295554 763495 Simulator.cpp:267] ::setSceneInstanceAttributes : All attempts to load SSD with SceneAttributes-provided name data/scene_datasets/gibson_semantic//Marstons.scn : exist : 0 : loaded as expected type : 1
I0109 09:17:55.295859 763495 Simulator.cpp:316] ::createSceneInstance : Using scene instance-specified Light key : -no_lights-
I0109 09:17:55.295874 763495 MetadataMediator.cpp:68] ::setSimulatorConfiguration : Set new simulator config for scene/stage : data/scene_datasets/gibson_semantic//Marstons.glb and dataset : default which is currently active dataset.
I0109 09:17:55.295903 763495 Simulator.cpp:374] ::createSceneInstance : Start to load stage named : data/scene_datasets/gibson_semantic//Marstons.glb with render asset : data/scene_datasets/gibson_semantic//Marstons.glb and collision asset : data/scene_datasets/gibson_semantic//Marstons.glb
I0109 09:17:55.295919 763495 ResourceManager.cpp:249] ::loadStage : Not loading semantic mesh
I0109 09:17:55.295924 763495 ResourceManager.cpp:277] ::loadStage : start load render asset data/scene_datasets/gibson_semantic//Marstons.glb.
I0109 09:17:55.295926 763495 ResourceManager.cpp:691] ::loadStageInternal : Attempting to load stage data/scene_datasets/gibson_semantic//Marstons.glb 
I0109 09:17:55.295948 763495 ResourceManager.cpp:1265] Importing Basis files as BC7 for Marstons.glb
Renderer: NVIDIA GeForce RTX 4090/PCIe/SSE2 by NVIDIA Corporation
OpenGL version: 4.6.0 NVIDIA 550.54.15
Using optional features:
    GL_ARB_vertex_array_object
    GL_ARB_ES2_compatibility
    GL_ARB_separate_shader_objects
    GL_ARB_robustness
    GL_ARB_texture_storage
    GL_ARB_invalidate_subdata
    GL_ARB_texture_storage_multisample
    GL_ARB_multi_bind
    GL_ARB_direct_state_access
    GL_ARB_get_texture_sub_image
    GL_ARB_texture_filter_anisotropic
    GL_KHR_debug
Using driver workarounds:
    no-forward-compatible-core-context
    nv-egl-incorrect-gl11-function-pointers
    no-layout-qualifiers-on-old-glsl
    nv-zero-context-profile-mask
    nv-implementation-color-read-format-dsa-broken
    nv-cubemap-inconsistent-compressed-image-size
    nv-cubemap-broken-full-compressed-image-query
    nv-compressed-block-size-in-bits
I0109 09:17:55.335846 763488 ManagedFileBasedContainer.h:210] <Scene Instance>::convertFilenameToPassedExt : Filename : data/scene_datasets/gibson_semantic//Forkland.glb changed to proposed scene_instance.json filename : data/scene_datasets/gibson_semantic//Forkland.scene_instance.json
I0109 09:17:55.335870 763488 MetadataMediator.cpp:311] ::getSceneAttributesByName : Dataset : default has no preloaded SceneAttributes or StageAttributes named : data/scene_datasets/gibson_semantic//Forkland.glb so loading/creating a new StageAttributes with this name, and then creating a SceneAttributes with the same name that references this stage.
I0109 09:17:55.335879 763488 ManagedFileBasedContainer.h:210] <Stage Template>::convertFilenameToPassedExt : Filename : data/scene_datasets/gibson_semantic//Forkland.glb changed to proposed stage_config.json filename : data/scene_datasets/gibson_semantic//Forkland.stage_config.json
I0109 09:17:55.335886 763488 AttributesManagerBase.h:365] <Stage Template>::createFromJsonOrDefaultInternal : Proposing JSON name : data/scene_datasets/gibson_semantic//Forkland.stage_config.json from original name : data/scene_datasets/gibson_semantic//Forkland.glb | This file  does not exist.
I0109 09:17:55.335996 763488 AbstractObjectAttributesManagerBase.h:183] File (data/scene_datasets/gibson_semantic//Forkland.glb) exists but is not a recognized config filename extension, so new default Stage Template attributes created and registered.
I0109 09:17:55.336037 763488 SceneDatasetAttributes.cpp:45] ::addNewSceneInstanceToDataset : Dataset : 'default' : Stage Attributes 'data/scene_datasets/gibson_semantic//Forkland.glb' specified in Scene Attributes exists in dataset library.
I0109 09:17:55.336045 763488 SceneDatasetAttributes.cpp:79] ::addNewSceneInstanceToDataset : Dataset : 'default' : Lighting Layout Attributes 'no_lights' specified in Scene Attributes but does not exist in dataset, so creating.
I0109 09:17:55.336050 763488 ManagedFileBasedContainer.h:210] <Lighting Layout>::convertFilenameToPassedExt : Filename : no_lights changed to proposed lighting_config.json filename : no_lights.lighting_config.json
I0109 09:17:55.336056 763488 ManagedFileBasedContainer.h:210] <Lighting Layout>::convertFilenameToPassedExt : Filename : no_lights changed to proposed lighting_config.json filename : no_lights.lighting_config.json
I0109 09:17:55.336061 763488 AttributesManagerBase.h:365] <Lighting Layout>::createFromJsonOrDefaultInternal : Proposing JSON name : no_lights.lighting_config.json from original name : no_lights | This file  does not exist.
I0109 09:17:55.336076 763488 LightLayoutAttributesManager.cpp:34] File (no_lights) not found, so new default light layout attributes created and registered.
I0109 09:17:55.336083 763488 Simulator.cpp:198] ::setSceneInstanceAttributes : Navmesh file location in scene instance : data/scene_datasets/gibson_semantic//Forkland.navmesh
I0109 09:17:55.336090 763488 Simulator.cpp:205] ::setSceneInstanceAttributes : Loading navmesh from data/scene_datasets/gibson_semantic//Forkland.navmesh
I0109 09:17:55.336217 763488 Simulator.cpp:208] ::setSceneInstanceAttributes : Navmesh Loaded.
I0109 09:17:55.336236 763488 SceneGraph.h:85] Created DrawableGroup: 
I0109 09:17:55.336242 763488 Simulator.cpp:243] ::setSceneInstanceAttributes : SceneInstance : data/scene_datasets/gibson_semantic//Forkland.glb proposed Semantic Scene Descriptor filename : data/scene_datasets/gibson_semantic//Forkland.scn
Renderer: NVIDIA GeForce RTX 4090/PCIe/SSE2 by NVIDIA Corporation
OpenGL version: 4.6.0 NVIDIA 550.54.15
Using optional features:
    GL_ARB_vertex_array_object
    GL_ARB_ES2_compatibility
    GL_ARB_separate_shader_objects
    GL_ARB_robustness
    GL_ARB_texture_storage
    GL_ARB_invalidate_subdata
    GL_ARB_texture_storage_multisample
    GL_ARB_multi_bind
    GL_ARB_direct_state_access
    GL_ARB_get_texture_sub_image
    GL_ARB_texture_filter_anisotropic
    GL_KHR_debug
Using driver workarounds:
    no-forward-compatible-core-context
    nv-egl-incorrect-gl11-function-pointers
    no-layout-qualifiers-on-old-glsl
    nv-zero-context-profile-mask
    nv-implementation-color-read-format-dsa-broken
    nv-cubemap-inconsistent-compressed-image-size
    nv-cubemap-broken-full-compressed-image-query
    nv-compressed-block-size-in-bits
I0109 09:17:55.343700 763486 ManagedFileBasedContainer.h:210] <Scene Instance>::convertFilenameToPassedExt : Filename : data/scene_datasets/gibson_semantic//Coffeen.glb changed to proposed scene_instance.json filename : data/scene_datasets/gibson_semantic//Coffeen.scene_instance.json
I0109 09:17:55.343721 763486 MetadataMediator.cpp:311] ::getSceneAttributesByName : Dataset : default has no preloaded SceneAttributes or StageAttributes named : data/scene_datasets/gibson_semantic//Coffeen.glb so loading/creating a new StageAttributes with this name, and then creating a SceneAttributes with the same name that references this stage.
I0109 09:17:55.343729 763486 ManagedFileBasedContainer.h:210] <Stage Template>::convertFilenameToPassedExt : Filename : data/scene_datasets/gibson_semantic//Coffeen.glb changed to proposed stage_config.json filename : data/scene_datasets/gibson_semantic//Coffeen.stage_config.json
I0109 09:17:55.343734 763486 AttributesManagerBase.h:365] <Stage Template>::createFromJsonOrDefaultInternal : Proposing JSON name : data/scene_datasets/gibson_semantic//Coffeen.stage_config.json from original name : data/scene_datasets/gibson_semantic//Coffeen.glb | This file  does not exist.
I0109 09:17:55.343814 763486 AbstractObjectAttributesManagerBase.h:183] File (data/scene_datasets/gibson_semantic//Coffeen.glb) exists but is not a recognized config filename extension, so new default Stage Template attributes created and registered.
I0109 09:17:55.343843 763486 SceneDatasetAttributes.cpp:45] ::addNewSceneInstanceToDataset : Dataset : 'default' : Stage Attributes 'data/scene_datasets/gibson_semantic//Coffeen.glb' specified in Scene Attributes exists in dataset library.
I0109 09:17:55.343848 763486 SceneDatasetAttributes.cpp:79] ::addNewSceneInstanceToDataset : Dataset : 'default' : Lighting Layout Attributes 'no_lights' specified in Scene Attributes but does not exist in dataset, so creating.
I0109 09:17:55.343852 763486 ManagedFileBasedContainer.h:210] <Lighting Layout>::convertFilenameToPassedExt : Filename : no_lights changed to proposed lighting_config.json filename : no_lights.lighting_config.json
I0109 09:17:55.343856 763486 ManagedFileBasedContainer.h:210] <Lighting Layout>::convertFilenameToPassedExt : Filename : no_lights changed to proposed lighting_config.json filename : no_lights.lighting_config.json
I0109 09:17:55.343860 763486 AttributesManagerBase.h:365] <Lighting Layout>::createFromJsonOrDefaultInternal : Proposing JSON name : no_lights.lighting_config.json from original name : no_lights | This file  does not exist.
I0109 09:17:55.343871 763486 LightLayoutAttributesManager.cpp:34] File (no_lights) not found, so new default light layout attributes created and registered.
I0109 09:17:55.343876 763486 Simulator.cpp:198] ::setSceneInstanceAttributes : Navmesh file location in scene instance : data/scene_datasets/gibson_semantic//Coffeen.navmesh
I0109 09:17:55.343881 763486 Simulator.cpp:205] ::setSceneInstanceAttributes : Loading navmesh from data/scene_datasets/gibson_semantic//Coffeen.navmesh
I0109 09:17:55.343983 763486 Simulator.cpp:208] ::setSceneInstanceAttributes : Navmesh Loaded.
I0109 09:17:55.344000 763486 SceneGraph.h:85] Created DrawableGroup: 
I0109 09:17:55.344007 763486 Simulator.cpp:243] ::setSceneInstanceAttributes : SceneInstance : data/scene_datasets/gibson_semantic//Coffeen.glb proposed Semantic Scene Descriptor filename : data/scene_datasets/gibson_semantic//Coffeen.scn
W0109 09:17:55.357067 763500 Simulator.cpp:267] ::setSceneInstanceAttributes : All attempts to load SSD with SceneAttributes-provided name data/scene_datasets/gibson_semantic//Pinesdale.scn : exist : 0 : loaded as expected type : 1
W0109 09:17:55.357245 763502 Simulator.cpp:267] ::setSceneInstanceAttributes : All attempts to load SSD with SceneAttributes-provided name data/scene_datasets/gibson_semantic//Ranchester.scn : exist : 0 : loaded as expected type : 1
I0109 09:17:55.357331 763500 Simulator.cpp:316] ::createSceneInstance : Using scene instance-specified Light key : -no_lights-
I0109 09:17:55.357345 763500 MetadataMediator.cpp:68] ::setSimulatorConfiguration : Set new simulator config for scene/stage : data/scene_datasets/gibson_semantic//Pinesdale.glb and dataset : default which is currently active dataset.
I0109 09:17:55.357371 763500 Simulator.cpp:374] ::createSceneInstance : Start to load stage named : data/scene_datasets/gibson_semantic//Pinesdale.glb with render asset : data/scene_datasets/gibson_semantic//Pinesdale.glb and collision asset : data/scene_datasets/gibson_semantic//Pinesdale.glb
I0109 09:17:55.357386 763500 ResourceManager.cpp:249] ::loadStage : Not loading semantic mesh
I0109 09:17:55.357393 763500 ResourceManager.cpp:277] ::loadStage : start load render asset data/scene_datasets/gibson_semantic//Pinesdale.glb.
I0109 09:17:55.357394 763500 ResourceManager.cpp:691] ::loadStageInternal : Attempting to load stage data/scene_datasets/gibson_semantic//Pinesdale.glb 
I0109 09:17:55.357414 763500 ResourceManager.cpp:1265] Importing Basis files as BC7 for Pinesdale.glb
I0109 09:17:55.357545 763502 Simulator.cpp:316] ::createSceneInstance : Using scene instance-specified Light key : -no_lights-
I0109 09:17:55.357561 763502 MetadataMediator.cpp:68] ::setSimulatorConfiguration : Set new simulator config for scene/stage : data/scene_datasets/gibson_semantic//Ranchester.glb and dataset : default which is currently active dataset.
I0109 09:17:55.357589 763502 Simulator.cpp:374] ::createSceneInstance : Start to load stage named : data/scene_datasets/gibson_semantic//Ranchester.glb with render asset : data/scene_datasets/gibson_semantic//Ranchester.glb and collision asset : data/scene_datasets/gibson_semantic//Ranchester.glb
I0109 09:17:55.357604 763502 ResourceManager.cpp:249] ::loadStage : Not loading semantic mesh
I0109 09:17:55.357609 763502 ResourceManager.cpp:277] ::loadStage : start load render asset data/scene_datasets/gibson_semantic//Ranchester.glb.
I0109 09:17:55.357612 763502 ResourceManager.cpp:691] ::loadStageInternal : Attempting to load stage data/scene_datasets/gibson_semantic//Ranchester.glb 
I0109 09:17:55.357632 763502 ResourceManager.cpp:1265] Importing Basis files as BC7 for Ranchester.glb
W0109 09:17:55.361347 763486 Simulator.cpp:267] ::setSceneInstanceAttributes : All attempts to load SSD with SceneAttributes-provided name data/scene_datasets/gibson_semantic//Coffeen.scn : exist : 0 : loaded as expected type : 1
I0109 09:17:55.361567 763486 Simulator.cpp:316] ::createSceneInstance : Using scene instance-specified Light key : -no_lights-
I0109 09:17:55.361580 763486 MetadataMediator.cpp:68] ::setSimulatorConfiguration : Set new simulator config for scene/stage : data/scene_datasets/gibson_semantic//Coffeen.glb and dataset : default which is currently active dataset.
I0109 09:17:55.361601 763486 Simulator.cpp:374] ::createSceneInstance : Start to load stage named : data/scene_datasets/gibson_semantic//Coffeen.glb with render asset : data/scene_datasets/gibson_semantic//Coffeen.glb and collision asset : data/scene_datasets/gibson_semantic//Coffeen.glb
I0109 09:17:55.361614 763486 ResourceManager.cpp:249] ::loadStage : Not loading semantic mesh
I0109 09:17:55.361618 763486 ResourceManager.cpp:277] ::loadStage : start load render asset data/scene_datasets/gibson_semantic//Coffeen.glb.
I0109 09:17:55.361621 763486 ResourceManager.cpp:691] ::loadStageInternal : Attempting to load stage data/scene_datasets/gibson_semantic//Coffeen.glb 
I0109 09:17:55.361637 763486 ResourceManager.cpp:1265] Importing Basis files as BC7 for Coffeen.glb
I0109 09:17:55.363157 763497 Simulator.cpp:208] ::setSceneInstanceAttributes : Navmesh Loaded.
I0109 09:17:55.363195 763497 SceneGraph.h:85] Created DrawableGroup: 
I0109 09:17:55.363227 763497 Simulator.cpp:243] ::setSceneInstanceAttributes : SceneInstance : data/scene_datasets/gibson_semantic//Mifflinburg.glb proposed Semantic Scene Descriptor filename : data/scene_datasets/gibson_semantic//Mifflinburg.scn
W0109 09:17:55.379662 763497 Simulator.cpp:267] ::setSceneInstanceAttributes : All attempts to load SSD with SceneAttributes-provided name data/scene_datasets/gibson_semantic//Mifflinburg.scn : exist : 0 : loaded as expected type : 1
I0109 09:17:55.379959 763497 Simulator.cpp:316] ::createSceneInstance : Using scene instance-specified Light key : -no_lights-
I0109 09:17:55.379980 763497 MetadataMediator.cpp:68] ::setSimulatorConfiguration : Set new simulator config for scene/stage : data/scene_datasets/gibson_semantic//Mifflinburg.glb and dataset : default which is currently active dataset.
I0109 09:17:55.380008 763497 Simulator.cpp:374] ::createSceneInstance : Start to load stage named : data/scene_datasets/gibson_semantic//Mifflinburg.glb with render asset : data/scene_datasets/gibson_semantic//Mifflinburg.glb and collision asset : data/scene_datasets/gibson_semantic//Mifflinburg.glb
I0109 09:17:55.380024 763497 ResourceManager.cpp:249] ::loadStage : Not loading semantic mesh
I0109 09:17:55.380029 763497 ResourceManager.cpp:277] ::loadStage : start load render asset data/scene_datasets/gibson_semantic//Mifflinburg.glb.
I0109 09:17:55.380031 763497 ResourceManager.cpp:691] ::loadStageInternal : Attempting to load stage data/scene_datasets/gibson_semantic//Mifflinburg.glb 
I0109 09:17:55.380054 763497 ResourceManager.cpp:1265] Importing Basis files as BC7 for Mifflinburg.glb
W0109 09:17:55.389320 763499 Simulator.cpp:267] ::setSceneInstanceAttributes : All attempts to load SSD with SceneAttributes-provided name data/scene_datasets/gibson_semantic//Onaga.scn : exist : 0 : loaded as expected type : 1
I0109 09:17:55.389582 763499 Simulator.cpp:316] ::createSceneInstance : Using scene instance-specified Light key : -no_lights-
I0109 09:17:55.389596 763499 MetadataMediator.cpp:68] ::setSimulatorConfiguration : Set new simulator config for scene/stage : data/scene_datasets/gibson_semantic//Onaga.glb and dataset : default which is currently active dataset.
I0109 09:17:55.389623 763499 Simulator.cpp:374] ::createSceneInstance : Start to load stage named : data/scene_datasets/gibson_semantic//Onaga.glb with render asset : data/scene_datasets/gibson_semantic//Onaga.glb and collision asset : data/scene_datasets/gibson_semantic//Onaga.glb
I0109 09:17:55.389636 763499 ResourceManager.cpp:249] ::loadStage : Not loading semantic mesh
I0109 09:17:55.389642 763499 ResourceManager.cpp:277] ::loadStage : start load render asset data/scene_datasets/gibson_semantic//Onaga.glb.
I0109 09:17:55.389643 763499 ResourceManager.cpp:691] ::loadStageInternal : Attempting to load stage data/scene_datasets/gibson_semantic//Onaga.glb 
I0109 09:17:55.389662 763499 ResourceManager.cpp:1265] Importing Basis files as BC7 for Onaga.glb
W0109 09:17:55.571008 763488 Simulator.cpp:267] ::setSceneInstanceAttributes : All attempts to load SSD with SceneAttributes-provided name data/scene_datasets/gibson_semantic//Forkland.scn : exist : 0 : loaded as expected type : 1
I0109 09:17:55.571349 763488 Simulator.cpp:316] ::createSceneInstance : Using scene instance-specified Light key : -no_lights-
I0109 09:17:55.571365 763488 MetadataMediator.cpp:68] ::setSimulatorConfiguration : Set new simulator config for scene/stage : data/scene_datasets/gibson_semantic//Forkland.glb and dataset : default which is currently active dataset.
I0109 09:17:55.571398 763488 Simulator.cpp:374] ::createSceneInstance : Start to load stage named : data/scene_datasets/gibson_semantic//Forkland.glb with render asset : data/scene_datasets/gibson_semantic//Forkland.glb and collision asset : data/scene_datasets/gibson_semantic//Forkland.glb
I0109 09:17:55.571413 763488 ResourceManager.cpp:249] ::loadStage : Not loading semantic mesh
I0109 09:17:55.571419 763488 ResourceManager.cpp:277] ::loadStage : start load render asset data/scene_datasets/gibson_semantic//Forkland.glb.
I0109 09:17:55.571429 763488 ResourceManager.cpp:691] ::loadStageInternal : Attempting to load stage data/scene_datasets/gibson_semantic//Forkland.glb 
I0109 09:17:55.571455 763488 ResourceManager.cpp:1265] Importing Basis files as BC7 for Forkland.glb
I0109 09:17:55.795259 763503 Simulator.cpp:208] ::setSceneInstanceAttributes : Navmesh Loaded.
I0109 09:17:55.795300 763503 SceneGraph.h:85] Created DrawableGroup: 
I0109 09:17:55.795310 763503 Simulator.cpp:243] ::setSceneInstanceAttributes : SceneInstance : data/scene_datasets/gibson_semantic//Shelbyville.glb proposed Semantic Scene Descriptor filename : data/scene_datasets/gibson_semantic//Shelbyville.scn
2025-01-09 09:17:55,801 initializing sim Sim-v0
WARNING: Logging before InitGoogleLogging() is written to STDERR
I0109 09:17:55.804623 763490 ManagedFileBasedContainer.h:210] <Dataset>::convertFilenameToPassedExt : Filename : default changed to proposed scene_dataset_config.json filename : default.scene_dataset_config.json
I0109 09:17:55.804653 763490 AttributesManagerBase.h:365] <Dataset>::createFromJsonOrDefaultInternal : Proposing JSON name : default.scene_dataset_config.json from original name : default | This file  does not exist.
I0109 09:17:55.804734 763490 AssetAttributesManager.cpp:120] Asset attributes (capsule3DSolid : capsule3DSolid_hemiRings_4_cylRings_1_segments_12_halfLen_0.75_useTexCoords_false_useTangents_false) created and registered.
I0109 09:17:55.804771 763490 AssetAttributesManager.cpp:120] Asset attributes (capsule3DWireframe : capsule3DWireframe_hemiRings_8_cylRings_1_segments_16_halfLen_1) created and registered.
I0109 09:17:55.804805 763490 AssetAttributesManager.cpp:120] Asset attributes (coneSolid : coneSolid_segments_12_halfLen_1.25_rings_1_useTexCoords_false_useTangents_false_capEnd_true) created and registered.
I0109 09:17:55.804826 763490 AssetAttributesManager.cpp:120] Asset attributes (coneWireframe : coneWireframe_segments_32_halfLen_1.25) created and registered.
I0109 09:17:55.804849 763490 AssetAttributesManager.cpp:120] Asset attributes (cubeSolid : cubeSolid) created and registered.
I0109 09:17:55.804862 763490 AssetAttributesManager.cpp:120] Asset attributes (cubeWireframe : cubeWireframe) created and registered.
I0109 09:17:55.804886 763490 AssetAttributesManager.cpp:120] Asset attributes (cylinderSolid : cylinderSolid_rings_1_segments_12_halfLen_1_useTexCoords_false_useTangents_false_capEnds_true) created and registered.
I0109 09:17:55.804910 763490 AssetAttributesManager.cpp:120] Asset attributes (cylinderWireframe : cylinderWireframe_rings_1_segments_32_halfLen_1) created and registered.
I0109 09:17:55.804922 763490 AssetAttributesManager.cpp:120] Asset attributes (icosphereSolid : icosphereSolid_subdivs_1) created and registered.
I0109 09:17:55.804935 763490 AssetAttributesManager.cpp:120] Asset attributes (icosphereWireframe : icosphereWireframe_subdivs_1) created and registered.
I0109 09:17:55.804952 763490 AssetAttributesManager.cpp:120] Asset attributes (uvSphereSolid : uvSphereSolid_rings_8_segments_16_useTexCoords_false_useTangents_false) created and registered.
I0109 09:17:55.804970 763490 AssetAttributesManager.cpp:120] Asset attributes (uvSphereWireframe : uvSphereWireframe_rings_16_segments_32) created and registered.
I0109 09:17:55.804978 763490 AssetAttributesManager.cpp:108] ::constructor : Built default primitive asset templates : 12
I0109 09:17:55.805488 763490 SceneDatasetAttributesManager.cpp:36] File (default) not found, so new default dataset attributes created and registered.
I0109 09:17:55.805496 763490 MetadataMediator.cpp:127] ::createSceneDataset : Dataset default successfully created.
I0109 09:17:55.805506 763490 AttributesManagerBase.h:365] <Physics Manager>::createFromJsonOrDefaultInternal : Proposing JSON name : ./data/default.physics_config.json from original name : ./data/default.physics_config.json | This file  does not exist.
I0109 09:17:55.805521 763490 PhysicsAttributesManager.cpp:26] File (./data/default.physics_config.json) not found, so new default physics manager attributes created and registered.
I0109 09:17:55.805531 763490 MetadataMediator.cpp:212] ::setActiveSceneDatasetName : Previous active dataset  changed to default successfully.
I0109 09:17:55.805534 763490 MetadataMediator.cpp:183] ::setCurrPhysicsAttributesHandle : Old physics manager attributes  changed to ./data/default.physics_config.json successfully.
I0109 09:17:55.805537 763490 MetadataMediator.cpp:68] ::setSimulatorConfiguration : Set new simulator config for scene/stage : data/scene_datasets/gibson_semantic//Hiteman.glb and dataset : default which is currently active dataset.
W0109 09:17:55.812096 763503 Simulator.cpp:267] ::setSceneInstanceAttributes : All attempts to load SSD with SceneAttributes-provided name data/scene_datasets/gibson_semantic//Shelbyville.scn : exist : 0 : loaded as expected type : 1
I0109 09:17:55.812422 763503 Simulator.cpp:316] ::createSceneInstance : Using scene instance-specified Light key : -no_lights-
I0109 09:17:55.812436 763503 MetadataMediator.cpp:68] ::setSimulatorConfiguration : Set new simulator config for scene/stage : data/scene_datasets/gibson_semantic//Shelbyville.glb and dataset : default which is currently active dataset.
I0109 09:17:55.812464 763503 Simulator.cpp:374] ::createSceneInstance : Start to load stage named : data/scene_datasets/gibson_semantic//Shelbyville.glb with render asset : data/scene_datasets/gibson_semantic//Shelbyville.glb and collision asset : data/scene_datasets/gibson_semantic//Shelbyville.glb
I0109 09:17:55.812479 763503 ResourceManager.cpp:249] ::loadStage : Not loading semantic mesh
I0109 09:17:55.812484 763503 ResourceManager.cpp:277] ::loadStage : start load render asset data/scene_datasets/gibson_semantic//Shelbyville.glb.
I0109 09:17:55.812487 763503 ResourceManager.cpp:691] ::loadStageInternal : Attempting to load stage data/scene_datasets/gibson_semantic//Shelbyville.glb 
I0109 09:17:55.812505 763503 ResourceManager.cpp:1265] Importing Basis files as BC7 for Shelbyville.glb
Renderer: NVIDIA GeForce RTX 4090/PCIe/SSE2 by NVIDIA Corporation
OpenGL version: 4.6.0 NVIDIA 550.54.15
Using optional features:
    GL_ARB_vertex_array_object
    GL_ARB_ES2_compatibility
    GL_ARB_separate_shader_objects
    GL_ARB_robustness
    GL_ARB_texture_storage
    GL_ARB_invalidate_subdata
    GL_ARB_texture_storage_multisample
    GL_ARB_multi_bind
    GL_ARB_direct_state_access
    GL_ARB_get_texture_sub_image
    GL_ARB_texture_filter_anisotropic
    GL_KHR_debug
Using driver workarounds:
    no-forward-compatible-core-context
    nv-egl-incorrect-gl11-function-pointers
    no-layout-qualifiers-on-old-glsl
    nv-zero-context-profile-mask
    nv-implementation-color-read-format-dsa-broken
    nv-cubemap-inconsistent-compressed-image-size
    nv-cubemap-broken-full-compressed-image-query
    nv-compressed-block-size-in-bits
I0109 09:17:55.873026 763490 ManagedFileBasedContainer.h:210] <Scene Instance>::convertFilenameToPassedExt : Filename : data/scene_datasets/gibson_semantic//Hiteman.glb changed to proposed scene_instance.json filename : data/scene_datasets/gibson_semantic//Hiteman.scene_instance.json
I0109 09:17:55.873045 763490 MetadataMediator.cpp:311] ::getSceneAttributesByName : Dataset : default has no preloaded SceneAttributes or StageAttributes named : data/scene_datasets/gibson_semantic//Hiteman.glb so loading/creating a new StageAttributes with this name, and then creating a SceneAttributes with the same name that references this stage.
I0109 09:17:55.873054 763490 ManagedFileBasedContainer.h:210] <Stage Template>::convertFilenameToPassedExt : Filename : data/scene_datasets/gibson_semantic//Hiteman.glb changed to proposed stage_config.json filename : data/scene_datasets/gibson_semantic//Hiteman.stage_config.json
I0109 09:17:55.873059 763490 AttributesManagerBase.h:365] <Stage Template>::createFromJsonOrDefaultInternal : Proposing JSON name : data/scene_datasets/gibson_semantic//Hiteman.stage_config.json from original name : data/scene_datasets/gibson_semantic//Hiteman.glb | This file  does not exist.
I0109 09:17:55.873140 763490 AbstractObjectAttributesManagerBase.h:183] File (data/scene_datasets/gibson_semantic//Hiteman.glb) exists but is not a recognized config filename extension, so new default Stage Template attributes created and registered.
I0109 09:17:55.873176 763490 SceneDatasetAttributes.cpp:45] ::addNewSceneInstanceToDataset : Dataset : 'default' : Stage Attributes 'data/scene_datasets/gibson_semantic//Hiteman.glb' specified in Scene Attributes exists in dataset library.
I0109 09:17:55.873183 763490 SceneDatasetAttributes.cpp:79] ::addNewSceneInstanceToDataset : Dataset : 'default' : Lighting Layout Attributes 'no_lights' specified in Scene Attributes but does not exist in dataset, so creating.
I0109 09:17:55.873186 763490 ManagedFileBasedContainer.h:210] <Lighting Layout>::convertFilenameToPassedExt : Filename : no_lights changed to proposed lighting_config.json filename : no_lights.lighting_config.json
I0109 09:17:55.873191 763490 ManagedFileBasedContainer.h:210] <Lighting Layout>::convertFilenameToPassedExt : Filename : no_lights changed to proposed lighting_config.json filename : no_lights.lighting_config.json
I0109 09:17:55.873194 763490 AttributesManagerBase.h:365] <Lighting Layout>::createFromJsonOrDefaultInternal : Proposing JSON name : no_lights.lighting_config.json from original name : no_lights | This file  does not exist.
I0109 09:17:55.873205 763490 LightLayoutAttributesManager.cpp:34] File (no_lights) not found, so new default light layout attributes created and registered.
I0109 09:17:55.873211 763490 Simulator.cpp:198] ::setSceneInstanceAttributes : Navmesh file location in scene instance : data/scene_datasets/gibson_semantic//Hiteman.navmesh
I0109 09:17:55.873216 763490 Simulator.cpp:205] ::setSceneInstanceAttributes : Loading navmesh from data/scene_datasets/gibson_semantic//Hiteman.navmesh
I0109 09:17:55.873314 763490 Simulator.cpp:208] ::setSceneInstanceAttributes : Navmesh Loaded.
I0109 09:17:55.873332 763490 SceneGraph.h:85] Created DrawableGroup: 
I0109 09:17:55.873337 763490 Simulator.cpp:243] ::setSceneInstanceAttributes : SceneInstance : data/scene_datasets/gibson_semantic//Hiteman.glb proposed Semantic Scene Descriptor filename : data/scene_datasets/gibson_semantic//Hiteman.scn
W0109 09:17:55.948755 763490 Simulator.cpp:267] ::setSceneInstanceAttributes : All attempts to load SSD with SceneAttributes-provided name data/scene_datasets/gibson_semantic//Hiteman.scn : exist : 0 : loaded as expected type : 1
I0109 09:17:55.948967 763490 Simulator.cpp:316] ::createSceneInstance : Using scene instance-specified Light key : -no_lights-
I0109 09:17:55.948980 763490 MetadataMediator.cpp:68] ::setSimulatorConfiguration : Set new simulator config for scene/stage : data/scene_datasets/gibson_semantic//Hiteman.glb and dataset : default which is currently active dataset.
I0109 09:17:55.949000 763490 Simulator.cpp:374] ::createSceneInstance : Start to load stage named : data/scene_datasets/gibson_semantic//Hiteman.glb with render asset : data/scene_datasets/gibson_semantic//Hiteman.glb and collision asset : data/scene_datasets/gibson_semantic//Hiteman.glb
I0109 09:17:55.949016 763490 ResourceManager.cpp:249] ::loadStage : Not loading semantic mesh
I0109 09:17:55.949020 763490 ResourceManager.cpp:277] ::loadStage : start load render asset data/scene_datasets/gibson_semantic//Hiteman.glb.
I0109 09:17:55.949023 763490 ResourceManager.cpp:691] ::loadStageInternal : Attempting to load stage data/scene_datasets/gibson_semantic//Hiteman.glb 
I0109 09:17:55.949040 763490 ResourceManager.cpp:1265] Importing Basis files as BC7 for Hiteman.glb
I0109 09:17:56.031219 763506 Simulator.cpp:208] ::setSceneInstanceAttributes : Navmesh Loaded.
I0109 09:17:56.031270 763506 SceneGraph.h:85] Created DrawableGroup: 
I0109 09:17:56.031288 763506 Simulator.cpp:243] ::setSceneInstanceAttributes : SceneInstance : data/scene_datasets/gibson_semantic//Wainscott.glb proposed Semantic Scene Descriptor filename : data/scene_datasets/gibson_semantic//Wainscott.scn
I0109 09:17:56.034816 763501 Simulator.cpp:208] ::setSceneInstanceAttributes : Navmesh Loaded.
I0109 09:17:56.034868 763501 SceneGraph.h:85] Created DrawableGroup: 
I0109 09:17:56.034884 763501 Simulator.cpp:243] ::setSceneInstanceAttributes : SceneInstance : data/scene_datasets/gibson_semantic//Pomaria.glb proposed Semantic Scene Descriptor filename : data/scene_datasets/gibson_semantic//Pomaria.scn
W0109 09:17:56.042282 763506 Simulator.cpp:267] ::setSceneInstanceAttributes : All attempts to load SSD with SceneAttributes-provided name data/scene_datasets/gibson_semantic//Wainscott.scn : exist : 0 : loaded as expected type : 1
I0109 09:17:56.042605 763506 Simulator.cpp:316] ::createSceneInstance : Using scene instance-specified Light key : -no_lights-
I0109 09:17:56.042621 763506 MetadataMediator.cpp:68] ::setSimulatorConfiguration : Set new simulator config for scene/stage : data/scene_datasets/gibson_semantic//Wainscott.glb and dataset : default which is currently active dataset.
I0109 09:17:56.042654 763506 Simulator.cpp:374] ::createSceneInstance : Start to load stage named : data/scene_datasets/gibson_semantic//Wainscott.glb with render asset : data/scene_datasets/gibson_semantic//Wainscott.glb and collision asset : data/scene_datasets/gibson_semantic//Wainscott.glb
I0109 09:17:56.042670 763506 ResourceManager.cpp:249] ::loadStage : Not loading semantic mesh
I0109 09:17:56.042675 763506 ResourceManager.cpp:277] ::loadStage : start load render asset data/scene_datasets/gibson_semantic//Wainscott.glb.
I0109 09:17:56.042677 763506 ResourceManager.cpp:691] ::loadStageInternal : Attempting to load stage data/scene_datasets/gibson_semantic//Wainscott.glb 
I0109 09:17:56.042701 763506 ResourceManager.cpp:1265] Importing Basis files as BC7 for Wainscott.glb
W0109 09:17:56.232044 763501 Simulator.cpp:267] ::setSceneInstanceAttributes : All attempts to load SSD with SceneAttributes-provided name data/scene_datasets/gibson_semantic//Pomaria.scn : exist : 0 : loaded as expected type : 1
I0109 09:17:56.232409 763501 Simulator.cpp:316] ::createSceneInstance : Using scene instance-specified Light key : -no_lights-
I0109 09:17:56.232426 763501 MetadataMediator.cpp:68] ::setSimulatorConfiguration : Set new simulator config for scene/stage : data/scene_datasets/gibson_semantic//Pomaria.glb and dataset : default which is currently active dataset.
I0109 09:17:56.232462 763501 Simulator.cpp:374] ::createSceneInstance : Start to load stage named : data/scene_datasets/gibson_semantic//Pomaria.glb with render asset : data/scene_datasets/gibson_semantic//Pomaria.glb and collision asset : data/scene_datasets/gibson_semantic//Pomaria.glb
I0109 09:17:56.232479 763501 ResourceManager.cpp:249] ::loadStage : Not loading semantic mesh
I0109 09:17:56.232484 763501 ResourceManager.cpp:277] ::loadStage : start load render asset data/scene_datasets/gibson_semantic//Pomaria.glb.
I0109 09:17:56.232486 763501 ResourceManager.cpp:691] ::loadStageInternal : Attempting to load stage data/scene_datasets/gibson_semantic//Pomaria.glb 
I0109 09:17:56.232513 763501 ResourceManager.cpp:1265] Importing Basis files as BC7 for Pomaria.glb
I0109 09:18:01.988715 763485 Simulator.cpp:392] ::createSceneInstance : Successfully loaded stage named : data/scene_datasets/gibson_semantic//Beechwood.glb
W0109 09:18:01.988867 763485 Simulator.cpp:427] 
---
Simulator::createSceneInstance : The active scene does not contain semantic annotations. 
---
I0109 09:18:01.988919 763485 MetadataMediator.cpp:262] ::getSceneAttributesByName : Query dataset : default for SceneAttributes named : data/scene_datasets/gibson_semantic//Beechwood.glb yields 1 candidates.  Using data/scene_datasets/gibson_semantic//Beechwood.glb.
I0109 09:18:01.988968 763485 SceneDatasetAttributes.cpp:45] ::addNewSceneInstanceToDataset : Dataset : 'default' : Stage Attributes 'data/scene_datasets/gibson_semantic//Beechwood.glb' specified in Scene Attributes exists in dataset library.
I0109 09:18:01.988982 763485 SceneDatasetAttributes.cpp:85] ::addNewSceneInstanceToDataset : Dataset : 'default' : Lighting Layout Attributes no_lights specified in Scene Attributes exists in dataset library.
I0109 09:18:01.988991 763485 MetadataMediator.cpp:262] ::getSceneAttributesByName : Query dataset : default for SceneAttributes named : data/scene_datasets/gibson_semantic//Beechwood.glb yields 1 candidates.  Using data/scene_datasets/gibson_semantic//Beechwood.glb.
I0109 09:18:01.989008 763485 SceneDatasetAttributes.cpp:45] ::addNewSceneInstanceToDataset : Dataset : 'default' : Stage Attributes 'data/scene_datasets/gibson_semantic//Beechwood.glb' specified in Scene Attributes exists in dataset library.
I0109 09:18:01.989012 763485 SceneDatasetAttributes.cpp:85] ::addNewSceneInstanceToDataset : Dataset : 'default' : Lighting Layout Attributes no_lights specified in Scene Attributes exists in dataset library.
I0109 09:18:01.989099 763485 Simulator.cpp:171] ::reconfigure : createSceneInstance success == true for active scene name : data/scene_datasets/gibson_semantic//Beechwood.glb with renderer.
I0109 09:18:01.991322 763485 simulator.py:221] Loaded navmesh data/scene_datasets/gibson_semantic//Beechwood.navmesh
I0109 09:18:01.993340 763485 simulator.py:232] Recomputing navmesh for agent's height 0.88 and radius 0.18.
I0109 09:18:02.035228 763485 PathFinder.cpp:382] Building navmesh with 273x336 cells
I0109 09:18:02.245260 763485 PathFinder.cpp:652] Created navmesh with 571 vertices 284 polygons
I0109 09:18:02.245349 763485 Simulator.cpp:790] reconstruct navmesh successful
2025-01-09 09:18:02,250 Initializing task ObjectNav-v1
[01/09 09:18:02 detectron2]: Arguments: Namespace(confidence_threshold=0.9, config_file='configs/COCO-InstanceSegmentation/mask_rcnn_R_50_FPN_3x.yaml', input=['input1.jpeg'], opts=['MODEL.WEIGHTS', 'detectron2://COCO-InstanceSegmentation/mask_rcnn_R_50_FPN_3x/137849600/model_final_f10217.pkl', 'MODEL.DEVICE', 'cuda:1'], output=None, video_input=None, webcam=False)
I0109 09:18:03.227022 763495 Simulator.cpp:392] ::createSceneInstance : Successfully loaded stage named : data/scene_datasets/gibson_semantic//Marstons.glb
W0109 09:18:03.227099 763495 Simulator.cpp:427] 
---
Simulator::createSceneInstance : The active scene does not contain semantic annotations. 
---
I0109 09:18:03.227120 763495 MetadataMediator.cpp:262] ::getSceneAttributesByName : Query dataset : default for SceneAttributes named : data/scene_datasets/gibson_semantic//Marstons.glb yields 1 candidates.  Using data/scene_datasets/gibson_semantic//Marstons.glb.
I0109 09:18:03.227144 763495 SceneDatasetAttributes.cpp:45] ::addNewSceneInstanceToDataset : Dataset : 'default' : Stage Attributes 'data/scene_datasets/gibson_semantic//Marstons.glb' specified in Scene Attributes exists in dataset library.
I0109 09:18:03.227150 763495 SceneDatasetAttributes.cpp:85] ::addNewSceneInstanceToDataset : Dataset : 'default' : Lighting Layout Attributes no_lights specified in Scene Attributes exists in dataset library.
I0109 09:18:03.227159 763495 MetadataMediator.cpp:262] ::getSceneAttributesByName : Query dataset : default for SceneAttributes named : data/scene_datasets/gibson_semantic//Marstons.glb yields 1 candidates.  Using data/scene_datasets/gibson_semantic//Marstons.glb.
I0109 09:18:03.227165 763495 SceneDatasetAttributes.cpp:45] ::addNewSceneInstanceToDataset : Dataset : 'default' : Stage Attributes 'data/scene_datasets/gibson_semantic//Marstons.glb' specified in Scene Attributes exists in dataset library.
I0109 09:18:03.227169 763495 SceneDatasetAttributes.cpp:85] ::addNewSceneInstanceToDataset : Dataset : 'default' : Lighting Layout Attributes no_lights specified in Scene Attributes exists in dataset library.
I0109 09:18:03.227192 763495 Simulator.cpp:171] ::reconfigure : createSceneInstance success == true for active scene name : data/scene_datasets/gibson_semantic//Marstons.glb with renderer.
I0109 09:18:03.228416 763495 simulator.py:221] Loaded navmesh data/scene_datasets/gibson_semantic//Marstons.navmesh
I0109 09:18:03.229219 763495 simulator.py:232] Recomputing navmesh for agent's height 0.88 and radius 0.18.
I0109 09:18:03.259788 763495 PathFinder.cpp:382] Building navmesh with 412x319 cells
I0109 09:18:03.470769 763492 Simulator.cpp:392] ::createSceneInstance : Successfully loaded stage named : data/scene_datasets/gibson_semantic//Lakeville.glb
W0109 09:18:03.470892 763492 Simulator.cpp:427] 
---
Simulator::createSceneInstance : The active scene does not contain semantic annotations. 
---
I0109 09:18:03.470928 763492 MetadataMediator.cpp:262] ::getSceneAttributesByName : Query dataset : default for SceneAttributes named : data/scene_datasets/gibson_semantic//Lakeville.glb yields 1 candidates.  Using data/scene_datasets/gibson_semantic//Lakeville.glb.
I0109 09:18:03.470958 763492 SceneDatasetAttributes.cpp:45] ::addNewSceneInstanceToDataset : Dataset : 'default' : Stage Attributes 'data/scene_datasets/gibson_semantic//Lakeville.glb' specified in Scene Attributes exists in dataset library.
I0109 09:18:03.470965 763492 SceneDatasetAttributes.cpp:85] ::addNewSceneInstanceToDataset : Dataset : 'default' : Lighting Layout Attributes no_lights specified in Scene Attributes exists in dataset library.
I0109 09:18:03.470973 763492 MetadataMediator.cpp:262] ::getSceneAttributesByName : Query dataset : default for SceneAttributes named : data/scene_datasets/gibson_semantic//Lakeville.glb yields 1 candidates.  Using data/scene_datasets/gibson_semantic//Lakeville.glb.
I0109 09:18:03.470978 763492 SceneDatasetAttributes.cpp:45] ::addNewSceneInstanceToDataset : Dataset : 'default' : Stage Attributes 'data/scene_datasets/gibson_semantic//Lakeville.glb' specified in Scene Attributes exists in dataset library.
I0109 09:18:03.470981 763492 SceneDatasetAttributes.cpp:85] ::addNewSceneInstanceToDataset : Dataset : 'default' : Lighting Layout Attributes no_lights specified in Scene Attributes exists in dataset library.
I0109 09:18:03.471021 763492 Simulator.cpp:171] ::reconfigure : createSceneInstance success == true for active scene name : data/scene_datasets/gibson_semantic//Lakeville.glb with renderer.
I0109 09:18:03.472397 763492 simulator.py:221] Loaded navmesh data/scene_datasets/gibson_semantic//Lakeville.navmesh
I0109 09:18:03.473567 763492 simulator.py:232] Recomputing navmesh for agent's height 0.88 and radius 0.18.
I0109 09:18:03.496873 763492 PathFinder.cpp:382] Building navmesh with 390x382 cells
I0109 09:18:03.574965 763495 PathFinder.cpp:652] Created navmesh with 1154 vertices 569 polygons
I0109 09:18:03.575084 763495 Simulator.cpp:790] reconstruct navmesh successful
2025-01-09 09:18:03,578 Initializing task ObjectNav-v1
[01/09 09:18:03 detectron2]: Arguments: Namespace(confidence_threshold=0.9, config_file='configs/COCO-InstanceSegmentation/mask_rcnn_R_50_FPN_3x.yaml', input=['input1.jpeg'], opts=['MODEL.WEIGHTS', 'detectron2://COCO-InstanceSegmentation/mask_rcnn_R_50_FPN_3x/137849600/model_final_f10217.pkl', 'MODEL.DEVICE', 'cuda:2'], output=None, video_input=None, webcam=False)
I0109 09:18:03.693768 763492 PathFinder.cpp:652] Created navmesh with 843 vertices 440 polygons
I0109 09:18:03.693861 763492 Simulator.cpp:790] reconstruct navmesh successful
2025-01-09 09:18:03,696 Initializing task ObjectNav-v1
[01/09 09:18:03 detectron2]: Arguments: Namespace(confidence_threshold=0.9, config_file='configs/COCO-InstanceSegmentation/mask_rcnn_R_50_FPN_3x.yaml', input=['input1.jpeg'], opts=['MODEL.WEIGHTS', 'detectron2://COCO-InstanceSegmentation/mask_rcnn_R_50_FPN_3x/137849600/model_final_f10217.pkl', 'MODEL.DEVICE', 'cuda:1'], output=None, video_input=None, webcam=False)
I0109 09:18:03.713755 763496 Simulator.cpp:392] ::createSceneInstance : Successfully loaded stage named : data/scene_datasets/gibson_semantic//Merom.glb
W0109 09:18:03.713806 763496 Simulator.cpp:427] 
---
Simulator::createSceneInstance : The active scene does not contain semantic annotations. 
---
I0109 09:18:03.713824 763496 MetadataMediator.cpp:262] ::getSceneAttributesByName : Query dataset : default for SceneAttributes named : data/scene_datasets/gibson_semantic//Merom.glb yields 1 candidates.  Using data/scene_datasets/gibson_semantic//Merom.glb.
I0109 09:18:03.713842 763496 SceneDatasetAttributes.cpp:45] ::addNewSceneInstanceToDataset : Dataset : 'default' : Stage Attributes 'data/scene_datasets/gibson_semantic//Merom.glb' specified in Scene Attributes exists in dataset library.
I0109 09:18:03.713857 763496 SceneDatasetAttributes.cpp:85] ::addNewSceneInstanceToDataset : Dataset : 'default' : Lighting Layout Attributes no_lights specified in Scene Attributes exists in dataset library.
I0109 09:18:03.713864 763496 MetadataMediator.cpp:262] ::getSceneAttributesByName : Query dataset : default for SceneAttributes named : data/scene_datasets/gibson_semantic//Merom.glb yields 1 candidates.  Using data/scene_datasets/gibson_semantic//Merom.glb.
I0109 09:18:03.713869 763496 SceneDatasetAttributes.cpp:45] ::addNewSceneInstanceToDataset : Dataset : 'default' : Stage Attributes 'data/scene_datasets/gibson_semantic//Merom.glb' specified in Scene Attributes exists in dataset library.
I0109 09:18:03.713872 763496 SceneDatasetAttributes.cpp:85] ::addNewSceneInstanceToDataset : Dataset : 'default' : Lighting Layout Attributes no_lights specified in Scene Attributes exists in dataset library.
I0109 09:18:03.713891 763496 Simulator.cpp:171] ::reconfigure : createSceneInstance success == true for active scene name : data/scene_datasets/gibson_semantic//Merom.glb with renderer.
I0109 09:18:03.714663 763496 simulator.py:221] Loaded navmesh data/scene_datasets/gibson_semantic//Merom.navmesh
I0109 09:18:03.715337 763496 simulator.py:232] Recomputing navmesh for agent's height 0.88 and radius 0.18.
I0109 09:18:03.746416 763496 PathFinder.cpp:382] Building navmesh with 167x255 cells
I0109 09:18:03.903369 763496 PathFinder.cpp:652] Created navmesh with 365 vertices 180 polygons
I0109 09:18:03.903432 763496 Simulator.cpp:790] reconstruct navmesh successful
2025-01-09 09:18:03,908 Initializing task ObjectNav-v1
[01/09 09:18:03 detectron2]: Arguments: Namespace(confidence_threshold=0.9, config_file='configs/COCO-InstanceSegmentation/mask_rcnn_R_50_FPN_3x.yaml', input=['input1.jpeg'], opts=['MODEL.WEIGHTS', 'detectron2://COCO-InstanceSegmentation/mask_rcnn_R_50_FPN_3x/137849600/model_final_f10217.pkl', 'MODEL.DEVICE', 'cuda:2'], output=None, video_input=None, webcam=False)
I0109 09:18:04.301400 763487 Simulator.cpp:392] ::createSceneInstance : Successfully loaded stage named : data/scene_datasets/gibson_semantic//Cosmos.glb
W0109 09:18:04.301477 763487 Simulator.cpp:427] 
---
Simulator::createSceneInstance : The active scene does not contain semantic annotations. 
---
I0109 09:18:04.301496 763487 MetadataMediator.cpp:262] ::getSceneAttributesByName : Query dataset : default for SceneAttributes named : data/scene_datasets/gibson_semantic//Cosmos.glb yields 1 candidates.  Using data/scene_datasets/gibson_semantic//Cosmos.glb.
I0109 09:18:04.301514 763487 SceneDatasetAttributes.cpp:45] ::addNewSceneInstanceToDataset : Dataset : 'default' : Stage Attributes 'data/scene_datasets/gibson_semantic//Cosmos.glb' specified in Scene Attributes exists in dataset library.
I0109 09:18:04.301522 763487 SceneDatasetAttributes.cpp:85] ::addNewSceneInstanceToDataset : Dataset : 'default' : Lighting Layout Attributes no_lights specified in Scene Attributes exists in dataset library.
I0109 09:18:04.301530 763487 MetadataMediator.cpp:262] ::getSceneAttributesByName : Query dataset : default for SceneAttributes named : data/scene_datasets/gibson_semantic//Cosmos.glb yields 1 candidates.  Using data/scene_datasets/gibson_semantic//Cosmos.glb.
I0109 09:18:04.301535 763487 SceneDatasetAttributes.cpp:45] ::addNewSceneInstanceToDataset : Dataset : 'default' : Stage Attributes 'data/scene_datasets/gibson_semantic//Cosmos.glb' specified in Scene Attributes exists in dataset library.
I0109 09:18:04.301539 763487 SceneDatasetAttributes.cpp:85] ::addNewSceneInstanceToDataset : Dataset : 'default' : Lighting Layout Attributes no_lights specified in Scene Attributes exists in dataset library.
I0109 09:18:04.301559 763487 Simulator.cpp:171] ::reconfigure : createSceneInstance success == true for active scene name : data/scene_datasets/gibson_semantic//Cosmos.glb with renderer.
I0109 09:18:04.302530 763487 simulator.py:221] Loaded navmesh data/scene_datasets/gibson_semantic//Cosmos.navmesh
I0109 09:18:04.303232 763487 simulator.py:232] Recomputing navmesh for agent's height 0.88 and radius 0.18.
I0109 09:18:04.338663 763494 Simulator.cpp:392] ::createSceneInstance : Successfully loaded stage named : data/scene_datasets/gibson_semantic//Lindenwood.glb
W0109 09:18:04.338739 763494 Simulator.cpp:427] 
---
Simulator::createSceneInstance : The active scene does not contain semantic annotations. 
---
I0109 09:18:04.338760 763494 MetadataMediator.cpp:262] ::getSceneAttributesByName : Query dataset : default for SceneAttributes named : data/scene_datasets/gibson_semantic//Lindenwood.glb yields 1 candidates.  Using data/scene_datasets/gibson_semantic//Lindenwood.glb.
I0109 09:18:04.338781 763494 SceneDatasetAttributes.cpp:45] ::addNewSceneInstanceToDataset : Dataset : 'default' : Stage Attributes 'data/scene_datasets/gibson_semantic//Lindenwood.glb' specified in Scene Attributes exists in dataset library.
I0109 09:18:04.338789 763494 SceneDatasetAttributes.cpp:85] ::addNewSceneInstanceToDataset : Dataset : 'default' : Lighting Layout Attributes no_lights specified in Scene Attributes exists in dataset library.
I0109 09:18:04.338799 763494 MetadataMediator.cpp:262] ::getSceneAttributesByName : Query dataset : default for SceneAttributes named : data/scene_datasets/gibson_semantic//Lindenwood.glb yields 1 candidates.  Using data/scene_datasets/gibson_semantic//Lindenwood.glb.
I0109 09:18:04.338804 763494 SceneDatasetAttributes.cpp:45] ::addNewSceneInstanceToDataset : Dataset : 'default' : Stage Attributes 'data/scene_datasets/gibson_semantic//Lindenwood.glb' specified in Scene Attributes exists in dataset library.
I0109 09:18:04.338809 763494 SceneDatasetAttributes.cpp:85] ::addNewSceneInstanceToDataset : Dataset : 'default' : Lighting Layout Attributes no_lights specified in Scene Attributes exists in dataset library.
I0109 09:18:04.338832 763494 Simulator.cpp:171] ::reconfigure : createSceneInstance success == true for active scene name : data/scene_datasets/gibson_semantic//Lindenwood.glb with renderer.
I0109 09:18:04.340241 763494 simulator.py:221] Loaded navmesh data/scene_datasets/gibson_semantic//Lindenwood.navmesh
I0109 09:18:04.341211 763494 simulator.py:232] Recomputing navmesh for agent's height 0.88 and radius 0.18.
I0109 09:18:04.341744 763487 PathFinder.cpp:382] Building navmesh with 179x334 cells
I0109 09:18:04.415225 763494 PathFinder.cpp:382] Building navmesh with 345x659 cells
I0109 09:18:04.535162 763484 Simulator.cpp:392] ::createSceneInstance : Successfully loaded stage named : data/scene_datasets/gibson_semantic//Allensville.glb
W0109 09:18:04.535287 763484 Simulator.cpp:427] 
---
Simulator::createSceneInstance : The active scene does not contain semantic annotations. 
---
I0109 09:18:04.535319 763484 MetadataMediator.cpp:262] ::getSceneAttributesByName : Query dataset : default for SceneAttributes named : data/scene_datasets/gibson_semantic//Allensville.glb yields 1 candidates.  Using data/scene_datasets/gibson_semantic//Allensville.glb.
I0109 09:18:04.535347 763484 SceneDatasetAttributes.cpp:45] ::addNewSceneInstanceToDataset : Dataset : 'default' : Stage Attributes 'data/scene_datasets/gibson_semantic//Allensville.glb' specified in Scene Attributes exists in dataset library.
I0109 09:18:04.535357 763484 SceneDatasetAttributes.cpp:85] ::addNewSceneInstanceToDataset : Dataset : 'default' : Lighting Layout Attributes no_lights specified in Scene Attributes exists in dataset library.
I0109 09:18:04.535369 763484 MetadataMediator.cpp:262] ::getSceneAttributesByName : Query dataset : default for SceneAttributes named : data/scene_datasets/gibson_semantic//Allensville.glb yields 1 candidates.  Using data/scene_datasets/gibson_semantic//Allensville.glb.
I0109 09:18:04.535374 763484 SceneDatasetAttributes.cpp:45] ::addNewSceneInstanceToDataset : Dataset : 'default' : Stage Attributes 'data/scene_datasets/gibson_semantic//Allensville.glb' specified in Scene Attributes exists in dataset library.
I0109 09:18:04.535378 763484 SceneDatasetAttributes.cpp:85] ::addNewSceneInstanceToDataset : Dataset : 'default' : Lighting Layout Attributes no_lights specified in Scene Attributes exists in dataset library.
I0109 09:18:04.535429 763484 Simulator.cpp:171] ::reconfigure : createSceneInstance success == true for active scene name : data/scene_datasets/gibson_semantic//Allensville.glb with renderer.
I0109 09:18:04.536517 763484 simulator.py:221] Loaded navmesh data/scene_datasets/gibson_semantic//Allensville.navmesh
I0109 09:18:04.537483 763484 simulator.py:232] Recomputing navmesh for agent's height 0.88 and radius 0.18.
I0109 09:18:04.537979 763487 PathFinder.cpp:652] Created navmesh with 517 vertices 257 polygons
I0109 09:18:04.538076 763487 Simulator.cpp:790] reconstruct navmesh successful
2025-01-09 09:18:04,540 Initializing task ObjectNav-v1
[01/09 09:18:04 detectron2]: Arguments: Namespace(confidence_threshold=0.9, config_file='configs/COCO-InstanceSegmentation/mask_rcnn_R_50_FPN_3x.yaml', input=['input1.jpeg'], opts=['MODEL.WEIGHTS', 'detectron2://COCO-InstanceSegmentation/mask_rcnn_R_50_FPN_3x/137849600/model_final_f10217.pkl', 'MODEL.DEVICE', 'cuda:1'], output=None, video_input=None, webcam=False)
I0109 09:18:04.556174 763503 Simulator.cpp:392] ::createSceneInstance : Successfully loaded stage named : data/scene_datasets/gibson_semantic//Shelbyville.glb
W0109 09:18:04.556234 763503 Simulator.cpp:427] 
---
Simulator::createSceneInstance : The active scene does not contain semantic annotations. 
---
I0109 09:18:04.556253 763503 MetadataMediator.cpp:262] ::getSceneAttributesByName : Query dataset : default for SceneAttributes named : data/scene_datasets/gibson_semantic//Shelbyville.glb yields 1 candidates.  Using data/scene_datasets/gibson_semantic//Shelbyville.glb.
I0109 09:18:04.556275 763503 SceneDatasetAttributes.cpp:45] ::addNewSceneInstanceToDataset : Dataset : 'default' : Stage Attributes 'data/scene_datasets/gibson_semantic//Shelbyville.glb' specified in Scene Attributes exists in dataset library.
I0109 09:18:04.556284 763503 SceneDatasetAttributes.cpp:85] ::addNewSceneInstanceToDataset : Dataset : 'default' : Lighting Layout Attributes no_lights specified in Scene Attributes exists in dataset library.
I0109 09:18:04.556295 763503 MetadataMediator.cpp:262] ::getSceneAttributesByName : Query dataset : default for SceneAttributes named : data/scene_datasets/gibson_semantic//Shelbyville.glb yields 1 candidates.  Using data/scene_datasets/gibson_semantic//Shelbyville.glb.
I0109 09:18:04.556303 763503 SceneDatasetAttributes.cpp:45] ::addNewSceneInstanceToDataset : Dataset : 'default' : Stage Attributes 'data/scene_datasets/gibson_semantic//Shelbyville.glb' specified in Scene Attributes exists in dataset library.
I0109 09:18:04.556308 763503 SceneDatasetAttributes.cpp:85] ::addNewSceneInstanceToDataset : Dataset : 'default' : Lighting Layout Attributes no_lights specified in Scene Attributes exists in dataset library.
I0109 09:18:04.556329 763503 Simulator.cpp:171] ::reconfigure : createSceneInstance success == true for active scene name : data/scene_datasets/gibson_semantic//Shelbyville.glb with renderer.
I0109 09:18:04.557971 763503 simulator.py:221] Loaded navmesh data/scene_datasets/gibson_semantic//Shelbyville.navmesh
I0109 09:18:04.559286 763503 simulator.py:232] Recomputing navmesh for agent's height 0.88 and radius 0.18.
I0109 09:18:04.570920 763484 PathFinder.cpp:382] Building navmesh with 195x177 cells
I0109 09:18:04.612867 763503 PathFinder.cpp:382] Building navmesh with 246x298 cells
I0109 09:18:04.629211 763497 Simulator.cpp:392] ::createSceneInstance : Successfully loaded stage named : data/scene_datasets/gibson_semantic//Mifflinburg.glb
W0109 09:18:04.629298 763497 Simulator.cpp:427] 
---
Simulator::createSceneInstance : The active scene does not contain semantic annotations. 
---
I0109 09:18:04.629331 763497 MetadataMediator.cpp:262] ::getSceneAttributesByName : Query dataset : default for SceneAttributes named : data/scene_datasets/gibson_semantic//Mifflinburg.glb yields 1 candidates.  Using data/scene_datasets/gibson_semantic//Mifflinburg.glb.
I0109 09:18:04.629354 763497 SceneDatasetAttributes.cpp:45] ::addNewSceneInstanceToDataset : Dataset : 'default' : Stage Attributes 'data/scene_datasets/gibson_semantic//Mifflinburg.glb' specified in Scene Attributes exists in dataset library.
I0109 09:18:04.629376 763497 SceneDatasetAttributes.cpp:85] ::addNewSceneInstanceToDataset : Dataset : 'default' : Lighting Layout Attributes no_lights specified in Scene Attributes exists in dataset library.
I0109 09:18:04.629387 763497 MetadataMediator.cpp:262] ::getSceneAttributesByName : Query dataset : default for SceneAttributes named : data/scene_datasets/gibson_semantic//Mifflinburg.glb yields 1 candidates.  Using data/scene_datasets/gibson_semantic//Mifflinburg.glb.
I0109 09:18:04.629392 763497 SceneDatasetAttributes.cpp:45] ::addNewSceneInstanceToDataset : Dataset : 'default' : Stage Attributes 'data/scene_datasets/gibson_semantic//Mifflinburg.glb' specified in Scene Attributes exists in dataset library.
I0109 09:18:04.629396 763497 SceneDatasetAttributes.cpp:85] ::addNewSceneInstanceToDataset : Dataset : 'default' : Lighting Layout Attributes no_lights specified in Scene Attributes exists in dataset library.
I0109 09:18:04.629422 763497 Simulator.cpp:171] ::reconfigure : createSceneInstance success == true for active scene name : data/scene_datasets/gibson_semantic//Mifflinburg.glb with renderer.
I0109 09:18:04.631557 763497 simulator.py:221] Loaded navmesh data/scene_datasets/gibson_semantic//Mifflinburg.navmesh
I0109 09:18:04.632978 763497 simulator.py:232] Recomputing navmesh for agent's height 0.88 and radius 0.18.
I0109 09:18:04.671898 763497 PathFinder.cpp:382] Building navmesh with 137x206 cells
I0109 09:18:04.693722 763484 PathFinder.cpp:652] Created navmesh with 217 vertices 110 polygons
I0109 09:18:04.693773 763484 Simulator.cpp:790] reconstruct navmesh successful
2025-01-09 09:18:04,697 Initializing task ObjectNav-v1
[01/09 09:18:04 detectron2]: Arguments: Namespace(confidence_threshold=0.9, config_file='configs/COCO-InstanceSegmentation/mask_rcnn_R_50_FPN_3x.yaml', input=['input1.jpeg'], opts=['MODEL.WEIGHTS', 'detectron2://COCO-InstanceSegmentation/mask_rcnn_R_50_FPN_3x/137849600/model_final_f10217.pkl', 'MODEL.DEVICE', 'cuda:1'], output=None, video_input=None, webcam=False)
I0109 09:18:04.769744 763490 Simulator.cpp:392] ::createSceneInstance : Successfully loaded stage named : data/scene_datasets/gibson_semantic//Hiteman.glb
W0109 09:18:04.769861 763490 Simulator.cpp:427] 
---
Simulator::createSceneInstance : The active scene does not contain semantic annotations. 
---
I0109 09:18:04.769909 763490 MetadataMediator.cpp:262] ::getSceneAttributesByName : Query dataset : default for SceneAttributes named : data/scene_datasets/gibson_semantic//Hiteman.glb yields 1 candidates.  Using data/scene_datasets/gibson_semantic//Hiteman.glb.
I0109 09:18:04.769939 763490 SceneDatasetAttributes.cpp:45] ::addNewSceneInstanceToDataset : Dataset : 'default' : Stage Attributes 'data/scene_datasets/gibson_semantic//Hiteman.glb' specified in Scene Attributes exists in dataset library.
I0109 09:18:04.769948 763490 SceneDatasetAttributes.cpp:85] ::addNewSceneInstanceToDataset : Dataset : 'default' : Lighting Layout Attributes no_lights specified in Scene Attributes exists in dataset library.
I0109 09:18:04.769958 763490 MetadataMediator.cpp:262] ::getSceneAttributesByName : Query dataset : default for SceneAttributes named : data/scene_datasets/gibson_semantic//Hiteman.glb yields 1 candidates.  Using data/scene_datasets/gibson_semantic//Hiteman.glb.
I0109 09:18:04.769963 763490 SceneDatasetAttributes.cpp:45] ::addNewSceneInstanceToDataset : Dataset : 'default' : Stage Attributes 'data/scene_datasets/gibson_semantic//Hiteman.glb' specified in Scene Attributes exists in dataset library.
I0109 09:18:04.769968 763490 SceneDatasetAttributes.cpp:85] ::addNewSceneInstanceToDataset : Dataset : 'default' : Lighting Layout Attributes no_lights specified in Scene Attributes exists in dataset library.
I0109 09:18:04.770018 763490 Simulator.cpp:171] ::reconfigure : createSceneInstance success == true for active scene name : data/scene_datasets/gibson_semantic//Hiteman.glb with renderer.
I0109 09:18:04.771816 763490 simulator.py:221] Loaded navmesh data/scene_datasets/gibson_semantic//Hiteman.navmesh
I0109 09:18:04.773545 763490 simulator.py:232] Recomputing navmesh for agent's height 0.88 and radius 0.18.
I0109 09:18:04.810662 763490 PathFinder.cpp:382] Building navmesh with 262x119 cells
I0109 09:18:04.822337 763494 PathFinder.cpp:652] Created navmesh with 1069 vertices 526 polygons
I0109 09:18:04.822497 763494 Simulator.cpp:790] reconstruct navmesh successful
2025-01-09 09:18:04,826 Initializing task ObjectNav-v1
[01/09 09:18:04 detectron2]: Arguments: Namespace(confidence_threshold=0.9, config_file='configs/COCO-InstanceSegmentation/mask_rcnn_R_50_FPN_3x.yaml', input=['input1.jpeg'], opts=['MODEL.WEIGHTS', 'detectron2://COCO-InstanceSegmentation/mask_rcnn_R_50_FPN_3x/137849600/model_final_f10217.pkl', 'MODEL.DEVICE', 'cuda:2'], output=None, video_input=None, webcam=False)
I0109 09:18:04.839046 763497 PathFinder.cpp:652] Created navmesh with 325 vertices 164 polygons
I0109 09:18:04.839093 763497 Simulator.cpp:790] reconstruct navmesh successful
2025-01-09 09:18:04,845 Initializing task ObjectNav-v1
[01/09 09:18:04 detectron2]: Arguments: Namespace(confidence_threshold=0.9, config_file='configs/COCO-InstanceSegmentation/mask_rcnn_R_50_FPN_3x.yaml', input=['input1.jpeg'], opts=['MODEL.WEIGHTS', 'detectron2://COCO-InstanceSegmentation/mask_rcnn_R_50_FPN_3x/137849600/model_final_f10217.pkl', 'MODEL.DEVICE', 'cuda:2'], output=None, video_input=None, webcam=False)
I0109 09:18:04.973376 763503 PathFinder.cpp:652] Created navmesh with 958 vertices 472 polygons
I0109 09:18:04.973486 763503 Simulator.cpp:790] reconstruct navmesh successful
2025-01-09 09:18:04,989 Initializing task ObjectNav-v1
[01/09 09:18:04 detectron2]: Arguments: Namespace(confidence_threshold=0.9, config_file='configs/COCO-InstanceSegmentation/mask_rcnn_R_50_FPN_3x.yaml', input=['input1.jpeg'], opts=['MODEL.WEIGHTS', 'detectron2://COCO-InstanceSegmentation/mask_rcnn_R_50_FPN_3x/137849600/model_final_f10217.pkl', 'MODEL.DEVICE', 'cuda:3'], output=None, video_input=None, webcam=False)
I0109 09:18:05.006137 763490 PathFinder.cpp:652] Created navmesh with 430 vertices 218 polygons
I0109 09:18:05.006209 763490 Simulator.cpp:790] reconstruct navmesh successful
2025-01-09 09:18:05,047 Initializing task ObjectNav-v1
[01/09 09:18:05 detectron2]: Arguments: Namespace(confidence_threshold=0.9, config_file='configs/COCO-InstanceSegmentation/mask_rcnn_R_50_FPN_3x.yaml', input=['input1.jpeg'], opts=['MODEL.WEIGHTS', 'detectron2://COCO-InstanceSegmentation/mask_rcnn_R_50_FPN_3x/137849600/model_final_f10217.pkl', 'MODEL.DEVICE', 'cuda:1'], output=None, video_input=None, webcam=False)
I0109 09:18:05.213331 763489 Simulator.cpp:392] ::createSceneInstance : Successfully loaded stage named : data/scene_datasets/gibson_semantic//Hanson.glb
W0109 09:18:05.213470 763489 Simulator.cpp:427] 
---
Simulator::createSceneInstance : The active scene does not contain semantic annotations. 
---
I0109 09:18:05.213498 763489 MetadataMediator.cpp:262] ::getSceneAttributesByName : Query dataset : default for SceneAttributes named : data/scene_datasets/gibson_semantic//Hanson.glb yields 1 candidates.  Using data/scene_datasets/gibson_semantic//Hanson.glb.
I0109 09:18:05.213524 763489 SceneDatasetAttributes.cpp:45] ::addNewSceneInstanceToDataset : Dataset : 'default' : Stage Attributes 'data/scene_datasets/gibson_semantic//Hanson.glb' specified in Scene Attributes exists in dataset library.
I0109 09:18:05.213536 763489 SceneDatasetAttributes.cpp:85] ::addNewSceneInstanceToDataset : Dataset : 'default' : Lighting Layout Attributes no_lights specified in Scene Attributes exists in dataset library.
I0109 09:18:05.213548 763489 MetadataMediator.cpp:262] ::getSceneAttributesByName : Query dataset : default for SceneAttributes named : data/scene_datasets/gibson_semantic//Hanson.glb yields 1 candidates.  Using data/scene_datasets/gibson_semantic//Hanson.glb.
I0109 09:18:05.213554 763489 SceneDatasetAttributes.cpp:45] ::addNewSceneInstanceToDataset : Dataset : 'default' : Stage Attributes 'data/scene_datasets/gibson_semantic//Hanson.glb' specified in Scene Attributes exists in dataset library.
I0109 09:18:05.213579 763489 SceneDatasetAttributes.cpp:85] ::addNewSceneInstanceToDataset : Dataset : 'default' : Lighting Layout Attributes no_lights specified in Scene Attributes exists in dataset library.
I0109 09:18:05.213608 763489 Simulator.cpp:171] ::reconfigure : createSceneInstance success == true for active scene name : data/scene_datasets/gibson_semantic//Hanson.glb with renderer.
I0109 09:18:05.214750 763489 simulator.py:221] Loaded navmesh data/scene_datasets/gibson_semantic//Hanson.navmesh
I0109 09:18:05.215779 763489 simulator.py:232] Recomputing navmesh for agent's height 0.88 and radius 0.18.
I0109 09:18:05.263805 763489 PathFinder.cpp:382] Building navmesh with 138x326 cells
I0109 09:18:05.313187 763488 Simulator.cpp:392] ::createSceneInstance : Successfully loaded stage named : data/scene_datasets/gibson_semantic//Forkland.glb
W0109 09:18:05.313292 763488 Simulator.cpp:427] 
---
Simulator::createSceneInstance : The active scene does not contain semantic annotations. 
---
I0109 09:18:05.313329 763488 MetadataMediator.cpp:262] ::getSceneAttributesByName : Query dataset : default for SceneAttributes named : data/scene_datasets/gibson_semantic//Forkland.glb yields 1 candidates.  Using data/scene_datasets/gibson_semantic//Forkland.glb.
I0109 09:18:05.313350 763488 SceneDatasetAttributes.cpp:45] ::addNewSceneInstanceToDataset : Dataset : 'default' : Stage Attributes 'data/scene_datasets/gibson_semantic//Forkland.glb' specified in Scene Attributes exists in dataset library.
I0109 09:18:05.313359 763488 SceneDatasetAttributes.cpp:85] ::addNewSceneInstanceToDataset : Dataset : 'default' : Lighting Layout Attributes no_lights specified in Scene Attributes exists in dataset library.
I0109 09:18:05.313369 763488 MetadataMediator.cpp:262] ::getSceneAttributesByName : Query dataset : default for SceneAttributes named : data/scene_datasets/gibson_semantic//Forkland.glb yields 1 candidates.  Using data/scene_datasets/gibson_semantic//Forkland.glb.
I0109 09:18:05.313375 763488 SceneDatasetAttributes.cpp:45] ::addNewSceneInstanceToDataset : Dataset : 'default' : Stage Attributes 'data/scene_datasets/gibson_semantic//Forkland.glb' specified in Scene Attributes exists in dataset library.
I0109 09:18:05.313378 763488 SceneDatasetAttributes.cpp:85] ::addNewSceneInstanceToDataset : Dataset : 'default' : Lighting Layout Attributes no_lights specified in Scene Attributes exists in dataset library.
I0109 09:18:05.313414 763488 Simulator.cpp:171] ::reconfigure : createSceneInstance success == true for active scene name : data/scene_datasets/gibson_semantic//Forkland.glb with renderer.
I0109 09:18:05.314752 763488 simulator.py:221] Loaded navmesh data/scene_datasets/gibson_semantic//Forkland.navmesh
I0109 09:18:05.315953 763488 simulator.py:232] Recomputing navmesh for agent's height 0.88 and radius 0.18.
I0109 09:18:05.355894 763499 Simulator.cpp:392] ::createSceneInstance : Successfully loaded stage named : data/scene_datasets/gibson_semantic//Onaga.glb
W0109 09:18:05.356029 763499 Simulator.cpp:427] 
---
Simulator::createSceneInstance : The active scene does not contain semantic annotations. 
---
I0109 09:18:05.356057 763499 MetadataMediator.cpp:262] ::getSceneAttributesByName : Query dataset : default for SceneAttributes named : data/scene_datasets/gibson_semantic//Onaga.glb yields 1 candidates.  Using data/scene_datasets/gibson_semantic//Onaga.glb.
I0109 09:18:05.356099 763499 SceneDatasetAttributes.cpp:45] ::addNewSceneInstanceToDataset : Dataset : 'default' : Stage Attributes 'data/scene_datasets/gibson_semantic//Onaga.glb' specified in Scene Attributes exists in dataset library.
I0109 09:18:05.356109 763499 SceneDatasetAttributes.cpp:85] ::addNewSceneInstanceToDataset : Dataset : 'default' : Lighting Layout Attributes no_lights specified in Scene Attributes exists in dataset library.
I0109 09:18:05.356119 763499 MetadataMediator.cpp:262] ::getSceneAttributesByName : Query dataset : default for SceneAttributes named : data/scene_datasets/gibson_semantic//Onaga.glb yields 1 candidates.  Using data/scene_datasets/gibson_semantic//Onaga.glb.
I0109 09:18:05.356138 763499 SceneDatasetAttributes.cpp:45] ::addNewSceneInstanceToDataset : Dataset : 'default' : Stage Attributes 'data/scene_datasets/gibson_semantic//Onaga.glb' specified in Scene Attributes exists in dataset library.
I0109 09:18:05.356142 763499 SceneDatasetAttributes.cpp:85] ::addNewSceneInstanceToDataset : Dataset : 'default' : Lighting Layout Attributes no_lights specified in Scene Attributes exists in dataset library.
I0109 09:18:05.356169 763499 Simulator.cpp:171] ::reconfigure : createSceneInstance success == true for active scene name : data/scene_datasets/gibson_semantic//Onaga.glb with renderer.
I0109 09:18:05.357780 763499 simulator.py:221] Loaded navmesh data/scene_datasets/gibson_semantic//Onaga.navmesh
I0109 09:18:05.359147 763499 simulator.py:232] Recomputing navmesh for agent's height 0.88 and radius 0.18.
I0109 09:18:05.362777 763488 PathFinder.cpp:382] Building navmesh with 229x156 cells
I0109 09:18:05.400591 763499 PathFinder.cpp:382] Building navmesh with 131x251 cells
I0109 09:18:05.403560 763486 Simulator.cpp:392] ::createSceneInstance : Successfully loaded stage named : data/scene_datasets/gibson_semantic//Coffeen.glb
W0109 09:18:05.403641 763486 Simulator.cpp:427] 
---
Simulator::createSceneInstance : The active scene does not contain semantic annotations. 
---
I0109 09:18:05.403704 763486 MetadataMediator.cpp:262] ::getSceneAttributesByName : Query dataset : default for SceneAttributes named : data/scene_datasets/gibson_semantic//Coffeen.glb yields 1 candidates.  Using data/scene_datasets/gibson_semantic//Coffeen.glb.
I0109 09:18:05.403738 763486 SceneDatasetAttributes.cpp:45] ::addNewSceneInstanceToDataset : Dataset : 'default' : Stage Attributes 'data/scene_datasets/gibson_semantic//Coffeen.glb' specified in Scene Attributes exists in dataset library.
I0109 09:18:05.403755 763486 SceneDatasetAttributes.cpp:85] ::addNewSceneInstanceToDataset : Dataset : 'default' : Lighting Layout Attributes no_lights specified in Scene Attributes exists in dataset library.
I0109 09:18:05.403765 763486 MetadataMediator.cpp:262] ::getSceneAttributesByName : Query dataset : default for SceneAttributes named : data/scene_datasets/gibson_semantic//Coffeen.glb yields 1 candidates.  Using data/scene_datasets/gibson_semantic//Coffeen.glb.
I0109 09:18:05.403774 763486 SceneDatasetAttributes.cpp:45] ::addNewSceneInstanceToDataset : Dataset : 'default' : Stage Attributes 'data/scene_datasets/gibson_semantic//Coffeen.glb' specified in Scene Attributes exists in dataset library.
I0109 09:18:05.403779 763486 SceneDatasetAttributes.cpp:85] ::addNewSceneInstanceToDataset : Dataset : 'default' : Lighting Layout Attributes no_lights specified in Scene Attributes exists in dataset library.
I0109 09:18:05.403824 763486 Simulator.cpp:171] ::reconfigure : createSceneInstance success == true for active scene name : data/scene_datasets/gibson_semantic//Coffeen.glb with renderer.
I0109 09:18:05.405259 763486 simulator.py:221] Loaded navmesh data/scene_datasets/gibson_semantic//Coffeen.navmesh
I0109 09:18:05.406640 763486 simulator.py:232] Recomputing navmesh for agent's height 0.88 and radius 0.18.
I0109 09:18:05.440690 763491 Simulator.cpp:392] ::createSceneInstance : Successfully loaded stage named : data/scene_datasets/gibson_semantic//Klickitat.glb
W0109 09:18:05.440785 763491 Simulator.cpp:427] 
---
Simulator::createSceneInstance : The active scene does not contain semantic annotations. 
---
I0109 09:18:05.440809 763491 MetadataMediator.cpp:262] ::getSceneAttributesByName : Query dataset : default for SceneAttributes named : data/scene_datasets/gibson_semantic//Klickitat.glb yields 1 candidates.  Using data/scene_datasets/gibson_semantic//Klickitat.glb.
I0109 09:18:05.440830 763491 SceneDatasetAttributes.cpp:45] ::addNewSceneInstanceToDataset : Dataset : 'default' : Stage Attributes 'data/scene_datasets/gibson_semantic//Klickitat.glb' specified in Scene Attributes exists in dataset library.
I0109 09:18:05.440857 763491 SceneDatasetAttributes.cpp:85] ::addNewSceneInstanceToDataset : Dataset : 'default' : Lighting Layout Attributes no_lights specified in Scene Attributes exists in dataset library.
I0109 09:18:05.440867 763491 MetadataMediator.cpp:262] ::getSceneAttributesByName : Query dataset : default for SceneAttributes named : data/scene_datasets/gibson_semantic//Klickitat.glb yields 1 candidates.  Using data/scene_datasets/gibson_semantic//Klickitat.glb.
I0109 09:18:05.440873 763491 SceneDatasetAttributes.cpp:45] ::addNewSceneInstanceToDataset : Dataset : 'default' : Stage Attributes 'data/scene_datasets/gibson_semantic//Klickitat.glb' specified in Scene Attributes exists in dataset library.
I0109 09:18:05.440877 763491 SceneDatasetAttributes.cpp:85] ::addNewSceneInstanceToDataset : Dataset : 'default' : Lighting Layout Attributes no_lights specified in Scene Attributes exists in dataset library.
I0109 09:18:05.440905 763491 Simulator.cpp:171] ::reconfigure : createSceneInstance success == true for active scene name : data/scene_datasets/gibson_semantic//Klickitat.glb with renderer.
I0109 09:18:05.442176 763491 simulator.py:221] Loaded navmesh data/scene_datasets/gibson_semantic//Klickitat.navmesh
I0109 09:18:05.443137 763491 simulator.py:232] Recomputing navmesh for agent's height 0.88 and radius 0.18.
I0109 09:18:05.469162 763486 PathFinder.cpp:382] Building navmesh with 124x211 cells
I0109 09:18:05.492081 763491 PathFinder.cpp:382] Building navmesh with 456x450 cells
I0109 09:18:05.505982 763489 PathFinder.cpp:652] Created navmesh with 505 vertices 240 polygons
I0109 09:18:05.506076 763489 Simulator.cpp:790] reconstruct navmesh successful
2025-01-09 09:18:05,510 Initializing task ObjectNav-v1
[01/09 09:18:05 detectron2]: Arguments: Namespace(confidence_threshold=0.9, config_file='configs/COCO-InstanceSegmentation/mask_rcnn_R_50_FPN_3x.yaml', input=['input1.jpeg'], opts=['MODEL.WEIGHTS', 'detectron2://COCO-InstanceSegmentation/mask_rcnn_R_50_FPN_3x/137849600/model_final_f10217.pkl', 'MODEL.DEVICE', 'cuda:1'], output=None, video_input=None, webcam=False)
I0109 09:18:05.569041 763499 PathFinder.cpp:652] Created navmesh with 258 vertices 127 polygons
I0109 09:18:05.569123 763499 Simulator.cpp:790] reconstruct navmesh successful
I0109 09:18:05.571071 763488 PathFinder.cpp:652] Created navmesh with 467 vertices 234 polygons
I0109 09:18:05.571146 763488 Simulator.cpp:790] reconstruct navmesh successful
2025-01-09 09:18:05,573 Initializing task ObjectNav-v1
2025-01-09 09:18:05,576 Initializing task ObjectNav-v1
[01/09 09:18:05 detectron2]: Arguments: Namespace(confidence_threshold=0.9, config_file='configs/COCO-InstanceSegmentation/mask_rcnn_R_50_FPN_3x.yaml', input=['input1.jpeg'], opts=['MODEL.WEIGHTS', 'detectron2://COCO-InstanceSegmentation/mask_rcnn_R_50_FPN_3x/137849600/model_final_f10217.pkl', 'MODEL.DEVICE', 'cuda:2'], output=None, video_input=None, webcam=False)
[01/09 09:18:05 detectron2]: Arguments: Namespace(confidence_threshold=0.9, config_file='configs/COCO-InstanceSegmentation/mask_rcnn_R_50_FPN_3x.yaml', input=['input1.jpeg'], opts=['MODEL.WEIGHTS', 'detectron2://COCO-InstanceSegmentation/mask_rcnn_R_50_FPN_3x/137849600/model_final_f10217.pkl', 'MODEL.DEVICE', 'cuda:1'], output=None, video_input=None, webcam=False)
I0109 09:18:05.725332 763486 PathFinder.cpp:652] Created navmesh with 460 vertices 219 polygons
I0109 09:18:05.725394 763486 Simulator.cpp:790] reconstruct navmesh successful
2025-01-09 09:18:05,729 Initializing task ObjectNav-v1
[01/09 09:18:05 detectron2]: Arguments: Namespace(confidence_threshold=0.9, config_file='configs/COCO-InstanceSegmentation/mask_rcnn_R_50_FPN_3x.yaml', input=['input1.jpeg'], opts=['MODEL.WEIGHTS', 'detectron2://COCO-InstanceSegmentation/mask_rcnn_R_50_FPN_3x/137849600/model_final_f10217.pkl', 'MODEL.DEVICE', 'cuda:1'], output=None, video_input=None, webcam=False)
I0109 09:18:05.757380 763500 Simulator.cpp:392] ::createSceneInstance : Successfully loaded stage named : data/scene_datasets/gibson_semantic//Pinesdale.glb
W0109 09:18:05.757463 763500 Simulator.cpp:427] 
---
Simulator::createSceneInstance : The active scene does not contain semantic annotations. 
---
I0109 09:18:05.757493 763500 MetadataMediator.cpp:262] ::getSceneAttributesByName : Query dataset : default for SceneAttributes named : data/scene_datasets/gibson_semantic//Pinesdale.glb yields 1 candidates.  Using data/scene_datasets/gibson_semantic//Pinesdale.glb.
I0109 09:18:05.757511 763500 SceneDatasetAttributes.cpp:45] ::addNewSceneInstanceToDataset : Dataset : 'default' : Stage Attributes 'data/scene_datasets/gibson_semantic//Pinesdale.glb' specified in Scene Attributes exists in dataset library.
I0109 09:18:05.757519 763500 SceneDatasetAttributes.cpp:85] ::addNewSceneInstanceToDataset : Dataset : 'default' : Lighting Layout Attributes no_lights specified in Scene Attributes exists in dataset library.
I0109 09:18:05.757527 763500 MetadataMediator.cpp:262] ::getSceneAttributesByName : Query dataset : default for SceneAttributes named : data/scene_datasets/gibson_semantic//Pinesdale.glb yields 1 candidates.  Using data/scene_datasets/gibson_semantic//Pinesdale.glb.
I0109 09:18:05.757532 763500 SceneDatasetAttributes.cpp:45] ::addNewSceneInstanceToDataset : Dataset : 'default' : Stage Attributes 'data/scene_datasets/gibson_semantic//Pinesdale.glb' specified in Scene Attributes exists in dataset library.
I0109 09:18:05.757535 763500 SceneDatasetAttributes.cpp:85] ::addNewSceneInstanceToDataset : Dataset : 'default' : Lighting Layout Attributes no_lights specified in Scene Attributes exists in dataset library.
I0109 09:18:05.757553 763500 Simulator.cpp:171] ::reconfigure : createSceneInstance success == true for active scene name : data/scene_datasets/gibson_semantic//Pinesdale.glb with renderer.
I0109 09:18:05.758765 763500 simulator.py:221] Loaded navmesh data/scene_datasets/gibson_semantic//Pinesdale.navmesh
I0109 09:18:05.760032 763500 simulator.py:232] Recomputing navmesh for agent's height 0.88 and radius 0.18.
I0109 09:18:05.790974 763506 Simulator.cpp:392] ::createSceneInstance : Successfully loaded stage named : data/scene_datasets/gibson_semantic//Wainscott.glb
W0109 09:18:05.791098 763506 Simulator.cpp:427] 
---
Simulator::createSceneInstance : The active scene does not contain semantic annotations. 
---
I0109 09:18:05.791131 763506 MetadataMediator.cpp:262] ::getSceneAttributesByName : Query dataset : default for SceneAttributes named : data/scene_datasets/gibson_semantic//Wainscott.glb yields 1 candidates.  Using data/scene_datasets/gibson_semantic//Wainscott.glb.
I0109 09:18:05.791167 763506 SceneDatasetAttributes.cpp:45] ::addNewSceneInstanceToDataset : Dataset : 'default' : Stage Attributes 'data/scene_datasets/gibson_semantic//Wainscott.glb' specified in Scene Attributes exists in dataset library.
I0109 09:18:05.791179 763506 SceneDatasetAttributes.cpp:85] ::addNewSceneInstanceToDataset : Dataset : 'default' : Lighting Layout Attributes no_lights specified in Scene Attributes exists in dataset library.
I0109 09:18:05.791189 763506 MetadataMediator.cpp:262] ::getSceneAttributesByName : Query dataset : default for SceneAttributes named : data/scene_datasets/gibson_semantic//Wainscott.glb yields 1 candidates.  Using data/scene_datasets/gibson_semantic//Wainscott.glb.
I0109 09:18:05.791195 763506 SceneDatasetAttributes.cpp:45] ::addNewSceneInstanceToDataset : Dataset : 'default' : Stage Attributes 'data/scene_datasets/gibson_semantic//Wainscott.glb' specified in Scene Attributes exists in dataset library.
I0109 09:18:05.791199 763506 SceneDatasetAttributes.cpp:85] ::addNewSceneInstanceToDataset : Dataset : 'default' : Lighting Layout Attributes no_lights specified in Scene Attributes exists in dataset library.
I0109 09:18:05.791236 763506 Simulator.cpp:171] ::reconfigure : createSceneInstance success == true for active scene name : data/scene_datasets/gibson_semantic//Wainscott.glb with renderer.
I0109 09:18:05.793218 763506 simulator.py:221] Loaded navmesh data/scene_datasets/gibson_semantic//Wainscott.navmesh
I0109 09:18:05.794680 763506 simulator.py:232] Recomputing navmesh for agent's height 0.88 and radius 0.18.
I0109 09:18:05.798385 763500 PathFinder.cpp:382] Building navmesh with 274x475 cells
I0109 09:18:05.803128 763493 Simulator.cpp:392] ::createSceneInstance : Successfully loaded stage named : data/scene_datasets/gibson_semantic//Leonardo.glb
W0109 09:18:05.803213 763493 Simulator.cpp:427] 
---
Simulator::createSceneInstance : The active scene does not contain semantic annotations. 
---
I0109 09:18:05.803246 763493 MetadataMediator.cpp:262] ::getSceneAttributesByName : Query dataset : default for SceneAttributes named : data/scene_datasets/gibson_semantic//Leonardo.glb yields 1 candidates.  Using data/scene_datasets/gibson_semantic//Leonardo.glb.
I0109 09:18:05.803269 763493 SceneDatasetAttributes.cpp:45] ::addNewSceneInstanceToDataset : Dataset : 'default' : Stage Attributes 'data/scene_datasets/gibson_semantic//Leonardo.glb' specified in Scene Attributes exists in dataset library.
I0109 09:18:05.803277 763493 SceneDatasetAttributes.cpp:85] ::addNewSceneInstanceToDataset : Dataset : 'default' : Lighting Layout Attributes no_lights specified in Scene Attributes exists in dataset library.
I0109 09:18:05.803284 763493 MetadataMediator.cpp:262] ::getSceneAttributesByName : Query dataset : default for SceneAttributes named : data/scene_datasets/gibson_semantic//Leonardo.glb yields 1 candidates.  Using data/scene_datasets/gibson_semantic//Leonardo.glb.
I0109 09:18:05.803289 763493 SceneDatasetAttributes.cpp:45] ::addNewSceneInstanceToDataset : Dataset : 'default' : Stage Attributes 'data/scene_datasets/gibson_semantic//Leonardo.glb' specified in Scene Attributes exists in dataset library.
I0109 09:18:05.803293 763493 SceneDatasetAttributes.cpp:85] ::addNewSceneInstanceToDataset : Dataset : 'default' : Lighting Layout Attributes no_lights specified in Scene Attributes exists in dataset library.
I0109 09:18:05.803328 763493 Simulator.cpp:171] ::reconfigure : createSceneInstance success == true for active scene name : data/scene_datasets/gibson_semantic//Leonardo.glb with renderer.
I0109 09:18:05.804544 763493 simulator.py:221] Loaded navmesh data/scene_datasets/gibson_semantic//Leonardo.navmesh
I0109 09:18:05.805502 763493 simulator.py:232] Recomputing navmesh for agent's height 0.88 and radius 0.18.
I0109 09:18:05.809859 763505 Simulator.cpp:392] ::createSceneInstance : Successfully loaded stage named : data/scene_datasets/gibson_semantic//Tolstoy.glb
W0109 09:18:05.809899 763505 Simulator.cpp:427] 
---
Simulator::createSceneInstance : The active scene does not contain semantic annotations. 
---
I0109 09:18:05.809914 763505 MetadataMediator.cpp:262] ::getSceneAttributesByName : Query dataset : default for SceneAttributes named : data/scene_datasets/gibson_semantic//Tolstoy.glb yields 1 candidates.  Using data/scene_datasets/gibson_semantic//Tolstoy.glb.
I0109 09:18:05.809929 763505 SceneDatasetAttributes.cpp:45] ::addNewSceneInstanceToDataset : Dataset : 'default' : Stage Attributes 'data/scene_datasets/gibson_semantic//Tolstoy.glb' specified in Scene Attributes exists in dataset library.
I0109 09:18:05.809937 763505 SceneDatasetAttributes.cpp:85] ::addNewSceneInstanceToDataset : Dataset : 'default' : Lighting Layout Attributes no_lights specified in Scene Attributes exists in dataset library.
I0109 09:18:05.809943 763505 MetadataMediator.cpp:262] ::getSceneAttributesByName : Query dataset : default for SceneAttributes named : data/scene_datasets/gibson_semantic//Tolstoy.glb yields 1 candidates.  Using data/scene_datasets/gibson_semantic//Tolstoy.glb.
I0109 09:18:05.809948 763505 SceneDatasetAttributes.cpp:45] ::addNewSceneInstanceToDataset : Dataset : 'default' : Stage Attributes 'data/scene_datasets/gibson_semantic//Tolstoy.glb' specified in Scene Attributes exists in dataset library.
I0109 09:18:05.809952 763505 SceneDatasetAttributes.cpp:85] ::addNewSceneInstanceToDataset : Dataset : 'default' : Lighting Layout Attributes no_lights specified in Scene Attributes exists in dataset library.
I0109 09:18:05.809970 763505 Simulator.cpp:171] ::reconfigure : createSceneInstance success == true for active scene name : data/scene_datasets/gibson_semantic//Tolstoy.glb with renderer.
I0109 09:18:05.810902 763505 simulator.py:221] Loaded navmesh data/scene_datasets/gibson_semantic//Tolstoy.navmesh
I0109 09:18:05.811671 763505 simulator.py:232] Recomputing navmesh for agent's height 0.88 and radius 0.18.
I0109 09:18:05.818951 763506 PathFinder.cpp:382] Building navmesh with 255x414 cells
I0109 09:18:05.842098 763493 PathFinder.cpp:382] Building navmesh with 285x315 cells
I0109 09:18:05.848379 763505 PathFinder.cpp:382] Building navmesh with 266x309 cells
I0109 09:18:05.875528 763491 PathFinder.cpp:652] Created navmesh with 958 vertices 480 polygons
I0109 09:18:05.875689 763491 Simulator.cpp:790] reconstruct navmesh successful
2025-01-09 09:18:05,879 Initializing task ObjectNav-v1
[01/09 09:18:05 detectron2]: Arguments: Namespace(confidence_threshold=0.9, config_file='configs/COCO-InstanceSegmentation/mask_rcnn_R_50_FPN_3x.yaml', input=['input1.jpeg'], opts=['MODEL.WEIGHTS', 'detectron2://COCO-InstanceSegmentation/mask_rcnn_R_50_FPN_3x/137849600/model_final_f10217.pkl', 'MODEL.DEVICE', 'cuda:1'], output=None, video_input=None, webcam=False)
I0109 09:18:05.992352 763500 PathFinder.cpp:652] Created navmesh with 580 vertices 285 polygons
I0109 09:18:05.992432 763500 Simulator.cpp:790] reconstruct navmesh successful
2025-01-09 09:18:05,996 Initializing task ObjectNav-v1
[01/09 09:18:06 detectron2]: Arguments: Namespace(confidence_threshold=0.9, config_file='configs/COCO-InstanceSegmentation/mask_rcnn_R_50_FPN_3x.yaml', input=['input1.jpeg'], opts=['MODEL.WEIGHTS', 'detectron2://COCO-InstanceSegmentation/mask_rcnn_R_50_FPN_3x/137849600/model_final_f10217.pkl', 'MODEL.DEVICE', 'cuda:2'], output=None, video_input=None, webcam=False)
I0109 09:18:06.023727 763502 Simulator.cpp:392] ::createSceneInstance : Successfully loaded stage named : data/scene_datasets/gibson_semantic//Ranchester.glb
W0109 09:18:06.023800 763502 Simulator.cpp:427] 
---
Simulator::createSceneInstance : The active scene does not contain semantic annotations. 
---
I0109 09:18:06.023833 763502 MetadataMediator.cpp:262] ::getSceneAttributesByName : Query dataset : default for SceneAttributes named : data/scene_datasets/gibson_semantic//Ranchester.glb yields 1 candidates.  Using data/scene_datasets/gibson_semantic//Ranchester.glb.
I0109 09:18:06.023875 763502 SceneDatasetAttributes.cpp:45] ::addNewSceneInstanceToDataset : Dataset : 'default' : Stage Attributes 'data/scene_datasets/gibson_semantic//Ranchester.glb' specified in Scene Attributes exists in dataset library.
I0109 09:18:06.023887 763502 SceneDatasetAttributes.cpp:85] ::addNewSceneInstanceToDataset : Dataset : 'default' : Lighting Layout Attributes no_lights specified in Scene Attributes exists in dataset library.
I0109 09:18:06.023901 763502 MetadataMediator.cpp:262] ::getSceneAttributesByName : Query dataset : default for SceneAttributes named : data/scene_datasets/gibson_semantic//Ranchester.glb yields 1 candidates.  Using data/scene_datasets/gibson_semantic//Ranchester.glb.
I0109 09:18:06.023907 763502 SceneDatasetAttributes.cpp:45] ::addNewSceneInstanceToDataset : Dataset : 'default' : Stage Attributes 'data/scene_datasets/gibson_semantic//Ranchester.glb' specified in Scene Attributes exists in dataset library.
I0109 09:18:06.023911 763502 SceneDatasetAttributes.cpp:85] ::addNewSceneInstanceToDataset : Dataset : 'default' : Lighting Layout Attributes no_lights specified in Scene Attributes exists in dataset library.
I0109 09:18:06.023947 763502 Simulator.cpp:171] ::reconfigure : createSceneInstance success == true for active scene name : data/scene_datasets/gibson_semantic//Ranchester.glb with renderer.
I0109 09:18:06.025369 763502 simulator.py:221] Loaded navmesh data/scene_datasets/gibson_semantic//Ranchester.navmesh
I0109 09:18:06.026798 763502 simulator.py:232] Recomputing navmesh for agent's height 0.88 and radius 0.18.
I0109 09:18:06.048736 763506 PathFinder.cpp:652] Created navmesh with 751 vertices 376 polygons
I0109 09:18:06.048846 763506 Simulator.cpp:790] reconstruct navmesh successful
I0109 09:18:06.054149 763502 PathFinder.cpp:382] Building navmesh with 200x441 cells
I0109 09:18:06.065994 763505 PathFinder.cpp:652] Created navmesh with 701 vertices 336 polygons
I0109 09:18:06.066074 763505 Simulator.cpp:790] reconstruct navmesh successful
2025-01-09 09:18:06,068 Initializing task ObjectNav-v1
2025-01-09 09:18:06,070 Initializing task ObjectNav-v1
I0109 09:18:06.072135 763493 PathFinder.cpp:652] Created navmesh with 831 vertices 425 polygons
I0109 09:18:06.072189 763493 Simulator.cpp:790] reconstruct navmesh successful
[01/09 09:18:06 detectron2]: Arguments: Namespace(confidence_threshold=0.9, config_file='configs/COCO-InstanceSegmentation/mask_rcnn_R_50_FPN_3x.yaml', input=['input1.jpeg'], opts=['MODEL.WEIGHTS', 'detectron2://COCO-InstanceSegmentation/mask_rcnn_R_50_FPN_3x/137849600/model_final_f10217.pkl', 'MODEL.DEVICE', 'cuda:3'], output=None, video_input=None, webcam=False)
[01/09 09:18:06 detectron2]: Arguments: Namespace(confidence_threshold=0.9, config_file='configs/COCO-InstanceSegmentation/mask_rcnn_R_50_FPN_3x.yaml', input=['input1.jpeg'], opts=['MODEL.WEIGHTS', 'detectron2://COCO-InstanceSegmentation/mask_rcnn_R_50_FPN_3x/137849600/model_final_f10217.pkl', 'MODEL.DEVICE', 'cuda:3'], output=None, video_input=None, webcam=False)
2025-01-09 09:18:06,077 Initializing task ObjectNav-v1
[01/09 09:18:06 detectron2]: Arguments: Namespace(confidence_threshold=0.9, config_file='configs/COCO-InstanceSegmentation/mask_rcnn_R_50_FPN_3x.yaml', input=['input1.jpeg'], opts=['MODEL.WEIGHTS', 'detectron2://COCO-InstanceSegmentation/mask_rcnn_R_50_FPN_3x/137849600/model_final_f10217.pkl', 'MODEL.DEVICE', 'cuda:2'], output=None, video_input=None, webcam=False)
I0109 09:18:06.242913 763502 PathFinder.cpp:652] Created navmesh with 568 vertices 271 polygons
I0109 09:18:06.242985 763502 Simulator.cpp:790] reconstruct navmesh successful
2025-01-09 09:18:06,247 Initializing task ObjectNav-v1
[01/09 09:18:06 detectron2]: Arguments: Namespace(confidence_threshold=0.9, config_file='configs/COCO-InstanceSegmentation/mask_rcnn_R_50_FPN_3x.yaml', input=['input1.jpeg'], opts=['MODEL.WEIGHTS', 'detectron2://COCO-InstanceSegmentation/mask_rcnn_R_50_FPN_3x/137849600/model_final_f10217.pkl', 'MODEL.DEVICE', 'cuda:3'], output=None, video_input=None, webcam=False)
I0109 09:18:06.348012 763498 Simulator.cpp:392] ::createSceneInstance : Successfully loaded stage named : data/scene_datasets/gibson_semantic//Newfields.glb
W0109 09:18:06.348114 763498 Simulator.cpp:427] 
---
Simulator::createSceneInstance : The active scene does not contain semantic annotations. 
---
I0109 09:18:06.348140 763498 MetadataMediator.cpp:262] ::getSceneAttributesByName : Query dataset : default for SceneAttributes named : data/scene_datasets/gibson_semantic//Newfields.glb yields 1 candidates.  Using data/scene_datasets/gibson_semantic//Newfields.glb.
I0109 09:18:06.348172 763498 SceneDatasetAttributes.cpp:45] ::addNewSceneInstanceToDataset : Dataset : 'default' : Stage Attributes 'data/scene_datasets/gibson_semantic//Newfields.glb' specified in Scene Attributes exists in dataset library.
I0109 09:18:06.348182 763498 SceneDatasetAttributes.cpp:85] ::addNewSceneInstanceToDataset : Dataset : 'default' : Lighting Layout Attributes no_lights specified in Scene Attributes exists in dataset library.
I0109 09:18:06.348194 763498 MetadataMediator.cpp:262] ::getSceneAttributesByName : Query dataset : default for SceneAttributes named : data/scene_datasets/gibson_semantic//Newfields.glb yields 1 candidates.  Using data/scene_datasets/gibson_semantic//Newfields.glb.
I0109 09:18:06.348201 763498 SceneDatasetAttributes.cpp:45] ::addNewSceneInstanceToDataset : Dataset : 'default' : Stage Attributes 'data/scene_datasets/gibson_semantic//Newfields.glb' specified in Scene Attributes exists in dataset library.
I0109 09:18:06.348204 763498 SceneDatasetAttributes.cpp:85] ::addNewSceneInstanceToDataset : Dataset : 'default' : Lighting Layout Attributes no_lights specified in Scene Attributes exists in dataset library.
I0109 09:18:06.348227 763498 Simulator.cpp:171] ::reconfigure : createSceneInstance success == true for active scene name : data/scene_datasets/gibson_semantic//Newfields.glb with renderer.
I0109 09:18:06.349306 763498 simulator.py:221] Loaded navmesh data/scene_datasets/gibson_semantic//Newfields.navmesh
I0109 09:18:06.350437 763498 simulator.py:232] Recomputing navmesh for agent's height 0.88 and radius 0.18.
I0109 09:18:06.428448 763498 PathFinder.cpp:382] Building navmesh with 312x212 cells
I0109 09:18:06.469480 763501 Simulator.cpp:392] ::createSceneInstance : Successfully loaded stage named : data/scene_datasets/gibson_semantic//Pomaria.glb
W0109 09:18:06.469622 763501 Simulator.cpp:427] 
---
Simulator::createSceneInstance : The active scene does not contain semantic annotations. 
---
I0109 09:18:06.469663 763501 MetadataMediator.cpp:262] ::getSceneAttributesByName : Query dataset : default for SceneAttributes named : data/scene_datasets/gibson_semantic//Pomaria.glb yields 1 candidates.  Using data/scene_datasets/gibson_semantic//Pomaria.glb.
I0109 09:18:06.469692 763501 SceneDatasetAttributes.cpp:45] ::addNewSceneInstanceToDataset : Dataset : 'default' : Stage Attributes 'data/scene_datasets/gibson_semantic//Pomaria.glb' specified in Scene Attributes exists in dataset library.
I0109 09:18:06.469699 763501 SceneDatasetAttributes.cpp:85] ::addNewSceneInstanceToDataset : Dataset : 'default' : Lighting Layout Attributes no_lights specified in Scene Attributes exists in dataset library.
I0109 09:18:06.469708 763501 MetadataMediator.cpp:262] ::getSceneAttributesByName : Query dataset : default for SceneAttributes named : data/scene_datasets/gibson_semantic//Pomaria.glb yields 1 candidates.  Using data/scene_datasets/gibson_semantic//Pomaria.glb.
I0109 09:18:06.469713 763501 SceneDatasetAttributes.cpp:45] ::addNewSceneInstanceToDataset : Dataset : 'default' : Stage Attributes 'data/scene_datasets/gibson_semantic//Pomaria.glb' specified in Scene Attributes exists in dataset library.
I0109 09:18:06.469717 763501 SceneDatasetAttributes.cpp:85] ::addNewSceneInstanceToDataset : Dataset : 'default' : Lighting Layout Attributes no_lights specified in Scene Attributes exists in dataset library.
I0109 09:18:06.469751 763501 Simulator.cpp:171] ::reconfigure : createSceneInstance success == true for active scene name : data/scene_datasets/gibson_semantic//Pomaria.glb with renderer.
I0109 09:18:06.472213 763501 simulator.py:221] Loaded navmesh data/scene_datasets/gibson_semantic//Pomaria.navmesh
I0109 09:18:06.474744 763501 simulator.py:232] Recomputing navmesh for agent's height 0.88 and radius 0.18.
I0109 09:18:06.496512 763501 PathFinder.cpp:382] Building navmesh with 307x225 cells
I0109 09:18:06.573313 763504 Simulator.cpp:392] ::createSceneInstance : Successfully loaded stage named : data/scene_datasets/gibson_semantic//Stockman.glb
W0109 09:18:06.573386 763504 Simulator.cpp:427] 
---
Simulator::createSceneInstance : The active scene does not contain semantic annotations. 
---
I0109 09:18:06.573422 763504 MetadataMediator.cpp:262] ::getSceneAttributesByName : Query dataset : default for SceneAttributes named : data/scene_datasets/gibson_semantic//Stockman.glb yields 1 candidates.  Using data/scene_datasets/gibson_semantic//Stockman.glb.
I0109 09:18:06.573443 763504 SceneDatasetAttributes.cpp:45] ::addNewSceneInstanceToDataset : Dataset : 'default' : Stage Attributes 'data/scene_datasets/gibson_semantic//Stockman.glb' specified in Scene Attributes exists in dataset library.
I0109 09:18:06.573450 763504 SceneDatasetAttributes.cpp:85] ::addNewSceneInstanceToDataset : Dataset : 'default' : Lighting Layout Attributes no_lights specified in Scene Attributes exists in dataset library.
I0109 09:18:06.573468 763504 MetadataMediator.cpp:262] ::getSceneAttributesByName : Query dataset : default for SceneAttributes named : data/scene_datasets/gibson_semantic//Stockman.glb yields 1 candidates.  Using data/scene_datasets/gibson_semantic//Stockman.glb.
I0109 09:18:06.573475 763504 SceneDatasetAttributes.cpp:45] ::addNewSceneInstanceToDataset : Dataset : 'default' : Stage Attributes 'data/scene_datasets/gibson_semantic//Stockman.glb' specified in Scene Attributes exists in dataset library.
I0109 09:18:06.573489 763504 SceneDatasetAttributes.cpp:85] ::addNewSceneInstanceToDataset : Dataset : 'default' : Lighting Layout Attributes no_lights specified in Scene Attributes exists in dataset library.
I0109 09:18:06.573513 763504 Simulator.cpp:171] ::reconfigure : createSceneInstance success == true for active scene name : data/scene_datasets/gibson_semantic//Stockman.glb with renderer.
I0109 09:18:06.574444 763504 simulator.py:221] Loaded navmesh data/scene_datasets/gibson_semantic//Stockman.navmesh
I0109 09:18:06.575195 763504 simulator.py:232] Recomputing navmesh for agent's height 0.88 and radius 0.18.
I0109 09:18:06.582729 763507 Simulator.cpp:392] ::createSceneInstance : Successfully loaded stage named : data/scene_datasets/gibson_semantic//Woodbine.glb
W0109 09:18:06.582855 763507 Simulator.cpp:427] 
---
Simulator::createSceneInstance : The active scene does not contain semantic annotations. 
---
I0109 09:18:06.582904 763507 MetadataMediator.cpp:262] ::getSceneAttributesByName : Query dataset : default for SceneAttributes named : data/scene_datasets/gibson_semantic//Woodbine.glb yields 1 candidates.  Using data/scene_datasets/gibson_semantic//Woodbine.glb.
I0109 09:18:06.582934 763507 SceneDatasetAttributes.cpp:45] ::addNewSceneInstanceToDataset : Dataset : 'default' : Stage Attributes 'data/scene_datasets/gibson_semantic//Woodbine.glb' specified in Scene Attributes exists in dataset library.
I0109 09:18:06.582947 763507 SceneDatasetAttributes.cpp:85] ::addNewSceneInstanceToDataset : Dataset : 'default' : Lighting Layout Attributes no_lights specified in Scene Attributes exists in dataset library.
I0109 09:18:06.582955 763507 MetadataMediator.cpp:262] ::getSceneAttributesByName : Query dataset : default for SceneAttributes named : data/scene_datasets/gibson_semantic//Woodbine.glb yields 1 candidates.  Using data/scene_datasets/gibson_semantic//Woodbine.glb.
I0109 09:18:06.582962 763507 SceneDatasetAttributes.cpp:45] ::addNewSceneInstanceToDataset : Dataset : 'default' : Stage Attributes 'data/scene_datasets/gibson_semantic//Woodbine.glb' specified in Scene Attributes exists in dataset library.
I0109 09:18:06.582964 763507 SceneDatasetAttributes.cpp:85] ::addNewSceneInstanceToDataset : Dataset : 'default' : Lighting Layout Attributes no_lights specified in Scene Attributes exists in dataset library.
I0109 09:18:06.583005 763507 Simulator.cpp:171] ::reconfigure : createSceneInstance success == true for active scene name : data/scene_datasets/gibson_semantic//Woodbine.glb with renderer.
I0109 09:18:06.585294 763507 simulator.py:221] Loaded navmesh data/scene_datasets/gibson_semantic//Woodbine.navmesh
I0109 09:18:06.587129 763507 simulator.py:232] Recomputing navmesh for agent's height 0.88 and radius 0.18.
I0109 09:18:06.617331 763504 PathFinder.cpp:382] Building navmesh with 286x347 cells
I0109 09:18:06.623780 763507 PathFinder.cpp:382] Building navmesh with 365x405 cells
I0109 09:18:06.676395 763501 PathFinder.cpp:652] Created navmesh with 461 vertices 225 polygons
I0109 09:18:06.676460 763501 Simulator.cpp:790] reconstruct navmesh successful
2025-01-09 09:18:06,688 Initializing task ObjectNav-v1
I0109 09:18:06.693441 763498 PathFinder.cpp:652] Created navmesh with 596 vertices 293 polygons
I0109 09:18:06.693539 763498 Simulator.cpp:790] reconstruct navmesh successful
2025-01-09 09:18:06,696 Initializing task ObjectNav-v1
[01/09 09:18:06 detectron2]: Arguments: Namespace(confidence_threshold=0.9, config_file='configs/COCO-InstanceSegmentation/mask_rcnn_R_50_FPN_3x.yaml', input=['input1.jpeg'], opts=['MODEL.WEIGHTS', 'detectron2://COCO-InstanceSegmentation/mask_rcnn_R_50_FPN_3x/137849600/model_final_f10217.pkl', 'MODEL.DEVICE', 'cuda:2'], output=None, video_input=None, webcam=False)
[01/09 09:18:06 detectron2]: Arguments: Namespace(confidence_threshold=0.9, config_file='configs/COCO-InstanceSegmentation/mask_rcnn_R_50_FPN_3x.yaml', input=['input1.jpeg'], opts=['MODEL.WEIGHTS', 'detectron2://COCO-InstanceSegmentation/mask_rcnn_R_50_FPN_3x/137849600/model_final_f10217.pkl', 'MODEL.DEVICE', 'cuda:2'], output=None, video_input=None, webcam=False)
I0109 09:18:06.861414 763504 PathFinder.cpp:652] Created navmesh with 517 vertices 270 polygons
I0109 09:18:06.861552 763504 Simulator.cpp:790] reconstruct navmesh successful
2025-01-09 09:18:06,865 Initializing task ObjectNav-v1
[01/09 09:18:06 detectron2]: Arguments: Namespace(confidence_threshold=0.9, config_file='configs/COCO-InstanceSegmentation/mask_rcnn_R_50_FPN_3x.yaml', input=['input1.jpeg'], opts=['MODEL.WEIGHTS', 'detectron2://COCO-InstanceSegmentation/mask_rcnn_R_50_FPN_3x/137849600/model_final_f10217.pkl', 'MODEL.DEVICE', 'cuda:3'], output=None, video_input=None, webcam=False)
I0109 09:18:06.874258 763507 PathFinder.cpp:652] Created navmesh with 859 vertices 414 polygons
I0109 09:18:06.874369 763507 Simulator.cpp:790] reconstruct navmesh successful
2025-01-09 09:18:06,880 Initializing task ObjectNav-v1
[01/09 09:18:06 detectron2]: Arguments: Namespace(confidence_threshold=0.9, config_file='configs/COCO-InstanceSegmentation/mask_rcnn_R_50_FPN_3x.yaml', input=['input1.jpeg'], opts=['MODEL.WEIGHTS', 'detectron2://COCO-InstanceSegmentation/mask_rcnn_R_50_FPN_3x/137849600/model_final_f10217.pkl', 'MODEL.DEVICE', 'cuda:3'], output=None, video_input=None, webcam=False)
 semantic num: 6
seman num in mapps: 6
Starting training
training frames is 10000000
Time: 00d 00h 00m 00s, num timesteps 0, FPS 0,
	Rewards: per step mean/med/min/max, rew: 0.0000/0.0000/0.0000/0.0000,
	Losses:
Time: 00d 00h 00m 03s, num timesteps 240, FPS 73,
	Rewards: per step mean/med/min/max, rew: 0.0040/0.0000/0.0000/0.0338,
	Losses:
Time: 00d 00h 00m 06s, num timesteps 480, FPS 79,
	Rewards: per step mean/med/min/max, rew: 0.0025/0.0000/0.0000/0.0338,
	Losses:
Time: 00d 00h 00m 08s, num timesteps 720, FPS 80,
	Rewards: per step mean/med/min/max, rew: 0.0021/0.0000/0.0000/0.0338,
	Losses:
Time: 00d 00h 00m 11s, num timesteps 960, FPS 82,
	Rewards: per step mean/med/min/max, rew: 0.0023/0.0000/0.0000/0.0338,
	Losses:
Time: 00d 00h 00m 14s, num timesteps 1200, FPS 83,
	Rewards: per step mean/med/min/max, rew: 0.0020/0.0000/0.0000/0.0338,
	Losses:
Time: 00d 00h 00m 17s, num timesteps 1440, FPS 84,
	Rewards: per step mean/med/min/max, rew: 0.0019/0.0000/0.0000/0.0338,
	Losses:
Time: 00d 00h 00m 19s, num timesteps 1680, FPS 84,
	Rewards: per step mean/med/min/max, rew: 0.0018/0.0000/0.0000/0.0338,
	Losses:
Time: 00d 00h 00m 22s, num timesteps 1920, FPS 85,
	Rewards: per step mean/med/min/max, rew: 0.0022/0.0000/0.0000/0.0338,
	Losses:
Time: 00d 00h 00m 25s, num timesteps 2160, FPS 85,
	Rewards: per step mean/med/min/max, rew: 0.0025/0.0000/0.0000/0.0338,
	Losses:
Time: 00d 00h 00m 31s, num timesteps 2400, FPS 77,
	Rewards: per step mean/med/min/max, rew: 0.0031/0.0000/0.0000/0.0338,
	Losses: Policy Loss value/action/dist: 0.063/-0.001/1.098,
Time: 00d 00h 00m 33s, num timesteps 2640, FPS 78,
	Rewards: per step mean/med/min/max, rew: 0.0030/0.0000/0.0000/0.0338,
	Losses: Policy Loss value/action/dist: 0.063/-0.001/1.098,
Time: 00d 00h 00m 36s, num timesteps 2880, FPS 78,
	Rewards: per step mean/med/min/max, rew: 0.0030/0.0000/0.0000/0.0338,
	Losses: Policy Loss value/action/dist: 0.063/-0.001/1.098,
Time: 00d 00h 00m 39s, num timesteps 3120, FPS 79,
	Rewards: per step mean/med/min/max, rew: 0.0031/0.0000/0.0000/0.0338,
	Losses: Policy Loss value/action/dist: 0.063/-0.001/1.098,
Time: 00d 00h 00m 42s, num timesteps 3360, FPS 79,
	Rewards: per step mean/med/min/max, rew: 0.0029/0.0000/0.0000/0.0338,
	Losses: Policy Loss value/action/dist: 0.063/-0.001/1.098,
Time: 00d 00h 00m 44s, num timesteps 3600, FPS 80,
	Rewards: per step mean/med/min/max, rew: 0.0028/0.0000/0.0000/0.0338,
	Losses: Policy Loss value/action/dist: 0.063/-0.001/1.098,
Time: 00d 00h 00m 47s, num timesteps 3840, FPS 80,
	Rewards: per step mean/med/min/max, rew: 0.0028/0.0000/0.0000/0.0338,
	Losses: Policy Loss value/action/dist: 0.063/-0.001/1.098,
Time: 00d 00h 00m 50s, num timesteps 4080, FPS 80,
	Rewards: per step mean/med/min/max, rew: 0.0029/0.0000/0.0000/0.0338,
	Losses: Policy Loss value/action/dist: 0.063/-0.001/1.098,
Time: 00d 00h 00m 53s, num timesteps 4320, FPS 81,
	Rewards: per step mean/med/min/max, rew: 0.0027/0.0000/0.0000/0.0338,
	Losses: Policy Loss value/action/dist: 0.063/-0.001/1.098,
Time: 00d 00h 00m 56s, num timesteps 4560, FPS 81,
	Rewards: per step mean/med/min/max, rew: 0.0028/0.0000/0.0000/0.0338,
	Losses: Policy Loss value/action/dist: 0.063/-0.001/1.098,
Time: 00d 00h 01m 01s, num timesteps 4800, FPS 78,
	Rewards: per step mean/med/min/max, rew: 0.0027/0.0000/0.0000/0.0338,
	Losses: Policy Loss value/action/dist: 0.043/-0.001/1.098,
Time: 00d 00h 01m 04s, num timesteps 5040, FPS 78,
	Rewards: per step mean/med/min/max, rew: 0.0027/0.0000/0.0000/0.0338,
	Losses: Policy Loss value/action/dist: 0.043/-0.001/1.098,
Time: 00d 00h 01m 06s, num timesteps 5280, FPS 78,
	Rewards: per step mean/med/min/max, rew: 0.0026/0.0000/0.0000/0.0338,
	Losses: Policy Loss value/action/dist: 0.043/-0.001/1.098,
Time: 00d 00h 01m 09s, num timesteps 5520, FPS 79,
	Rewards: per step mean/med/min/max, rew: 0.0025/0.0000/0.0000/0.0338,
	Losses: Policy Loss value/action/dist: 0.043/-0.001/1.098,
Time: 00d 00h 01m 12s, num timesteps 5760, FPS 79,
	Rewards: per step mean/med/min/max, rew: 0.0024/0.0000/0.0000/0.0338,
	Losses: Policy Loss value/action/dist: 0.043/-0.001/1.098,
Time: 00d 00h 01m 15s, num timesteps 6000, FPS 79,
	Rewards: per step mean/med/min/max, rew: 0.0024/0.0000/0.0000/0.0338,
	Losses: Policy Loss value/action/dist: 0.043/-0.001/1.098,
Time: 00d 00h 01m 17s, num timesteps 6240, FPS 80,
	Rewards: per step mean/med/min/max, rew: 0.0023/0.0000/0.0000/0.0338,
	Losses: Policy Loss value/action/dist: 0.043/-0.001/1.098,
Time: 00d 00h 01m 20s, num timesteps 6480, FPS 80,
	Rewards: per step mean/med/min/max, rew: 0.0022/0.0000/0.0000/0.0338,
	Losses: Policy Loss value/action/dist: 0.043/-0.001/1.098,
Time: 00d 00h 01m 23s, num timesteps 6720, FPS 80,
	Rewards: per step mean/med/min/max, rew: 0.0022/0.0000/0.0000/0.0338,
	Losses: Policy Loss value/action/dist: 0.043/-0.001/1.098,
Time: 00d 00h 01m 25s, num timesteps 6960, FPS 81,
	Rewards: per step mean/med/min/max, rew: 0.0024/0.0000/0.0000/0.0338,
	Losses: Policy Loss value/action/dist: 0.043/-0.001/1.098,
Time: 00d 00h 01m 31s, num timesteps 7200, FPS 78,
	Rewards: per step mean/med/min/max, rew: 0.0025/0.0000/0.0000/0.0338,
	Losses: Policy Loss value/action/dist: 0.036/-0.001/1.098,
Time: 00d 00h 01m 34s, num timesteps 7440, FPS 79,
	Rewards: per step mean/med/min/max, rew: 0.0025/0.0000/0.0000/0.0338,
	Losses: Policy Loss value/action/dist: 0.036/-0.001/1.098,
Time: 00d 00h 01m 36s, num timesteps 7680, FPS 79,
	Rewards: per step mean/med/min/max, rew: 0.0024/0.0000/0.0000/0.0338,
	Losses: Policy Loss value/action/dist: 0.036/-0.001/1.098,
Time: 00d 00h 01m 39s, num timesteps 7920, FPS 79,
	Rewards: per step mean/med/min/max, rew: 0.0024/0.0000/0.0000/0.0338,
	Losses: Policy Loss value/action/dist: 0.036/-0.001/1.098,
Time: 00d 00h 01m 42s, num timesteps 8160, FPS 79,
	Rewards: per step mean/med/min/max, rew: 0.0023/0.0000/0.0000/0.0338,
	Losses: Policy Loss value/action/dist: 0.036/-0.001/1.098,
Time: 00d 00h 01m 44s, num timesteps 8400, FPS 80,
	Rewards: per step mean/med/min/max, rew: 0.0023/0.0000/0.0000/0.0338,
	Losses: Policy Loss value/action/dist: 0.036/-0.001/1.098,
Time: 00d 00h 01m 47s, num timesteps 8640, FPS 80,
	Rewards: per step mean/med/min/max, rew: 0.0024/0.0000/0.0000/0.0338,
	Losses: Policy Loss value/action/dist: 0.036/-0.001/1.098,
Time: 00d 00h 01m 50s, num timesteps 8880, FPS 80,
	Rewards: per step mean/med/min/max, rew: 0.0023/0.0000/0.0000/0.0338,
	Losses: Policy Loss value/action/dist: 0.036/-0.001/1.098,
Time: 00d 00h 01m 53s, num timesteps 9120, FPS 80,
	Rewards: per step mean/med/min/max, rew: 0.0023/0.0000/0.0000/0.0338,
	Losses: Policy Loss value/action/dist: 0.036/-0.001/1.098,
Time: 00d 00h 01m 56s, num timesteps 9360, FPS 80,
	Rewards: per step mean/med/min/max, rew: 0.0023/0.0000/0.0000/0.0338,
	Losses: Policy Loss value/action/dist: 0.036/-0.001/1.098,
Time: 00d 00h 02m 01s, num timesteps 9600, FPS 79,
	Rewards: per step mean/med/min/max, rew: 0.0022/0.0000/0.0000/0.0338,
	Losses: Policy Loss value/action/dist: 0.030/-0.001/1.098,
Time: 00d 00h 02m 04s, num timesteps 9840, FPS 79,
	Rewards: per step mean/med/min/max, rew: 0.0022/0.0000/0.0000/0.0338,
	Losses: Policy Loss value/action/dist: 0.030/-0.001/1.098,
Time: 00d 00h 02m 07s, num timesteps 10080, FPS 79,
	Rewards: per step mean/med/min/max, rew: 0.0023/0.0000/0.0000/0.0338,
	Losses: Policy Loss value/action/dist: 0.030/-0.001/1.098,
Time: 00d 00h 02m 09s, num timesteps 10320, FPS 79,
	Rewards: per step mean/med/min/max, rew: 0.0023/0.0000/0.0000/0.0338,
	Losses: Policy Loss value/action/dist: 0.030/-0.001/1.098,
Time: 00d 00h 02m 12s, num timesteps 10560, FPS 79,
	Rewards: per step mean/med/min/max, rew: 0.0023/0.0001/0.0000/0.0338,
	Losses: Policy Loss value/action/dist: 0.030/-0.001/1.098,
Time: 00d 00h 02m 15s, num timesteps 10800, FPS 79,
	Rewards: per step mean/med/min/max, rew: 0.0023/0.0001/0.0000/0.0338,
	Losses: Policy Loss value/action/dist: 0.030/-0.001/1.098,
Time: 00d 00h 02m 18s, num timesteps 11040, FPS 79,
	Rewards: per step mean/med/min/max, rew: 0.0022/0.0001/0.0000/0.0338,
	Losses: Policy Loss value/action/dist: 0.030/-0.001/1.098,
Time: 00d 00h 02m 21s, num timesteps 11280, FPS 79,
	Rewards: per step mean/med/min/max, rew: 0.0022/0.0001/0.0000/0.0338,
	Losses: Policy Loss value/action/dist: 0.030/-0.001/1.098,
Time: 00d 00h 02m 23s, num timesteps 11520, FPS 80,
	Rewards: per step mean/med/min/max, rew: 0.0022/0.0001/0.0000/0.0338,
	Losses: Policy Loss value/action/dist: 0.030/-0.001/1.098,
Time: 00d 00h 02m 26s, num timesteps 11760, FPS 80,
	Rewards: per step mean/med/min/max, rew: 0.0021/0.0001/0.0000/0.0338,
	Losses: Policy Loss value/action/dist: 0.030/-0.001/1.098,
Env 0's episode over in 498 step, 98 local step, reset maps
Env 1's episode over in 498 step, 98 local step, reset maps
Env 2's episode over in 498 step, 98 local step, reset maps
Env 3's episode over in 498 step, 98 local step, reset maps
Env 4's episode over in 498 step, 98 local step, reset maps
Env 5's episode over in 498 step, 98 local step, reset maps
Env 6's episode over in 498 step, 98 local step, reset maps
Env 7's episode over in 498 step, 98 local step, reset maps
Env 8's episode over in 498 step, 98 local step, reset maps
Env 9's episode over in 498 step, 98 local step, reset maps
Env 10's episode over in 498 step, 98 local step, reset maps
Env 11's episode over in 498 step, 98 local step, reset maps
Env 12's episode over in 498 step, 98 local step, reset maps
Env 13's episode over in 498 step, 98 local step, reset maps
Env 14's episode over in 498 step, 98 local step, reset maps
Env 15's episode over in 498 step, 98 local step, reset maps
Env 16's episode over in 498 step, 98 local step, reset maps
Env 17's episode over in 498 step, 98 local step, reset maps
Env 18's episode over in 498 step, 98 local step, reset maps
Env 19's episode over in 498 step, 98 local step, reset maps
Env 20's episode over in 498 step, 98 local step, reset maps
Env 21's episode over in 498 step, 98 local step, reset maps
Env 22's episode over in 498 step, 98 local step, reset maps
Env 23's episode over in 498 step, 98 local step, reset maps
episode over in 499 step, 99 local step, rollouts done;
 episode mean reward=1.08164381980896
Time: 00d 00h 02m 32s, num timesteps 12000, FPS 78,
	Rewards: per step mean/med/min/max, rew: 0.0022/0.0001/0.0000/0.0338,
	Losses: Policy Loss value/action/dist: 0.026/-0.002/1.098,
Time: 00d 00h 02m 34s, num timesteps 12240, FPS 79,
	Rewards: per step mean/med/min/max, rew: 0.0022/0.0001/0.0000/0.0381,
	Losses: Policy Loss value/action/dist: 0.026/-0.002/1.098,
Time: 00d 00h 02m 37s, num timesteps 12480, FPS 79,
	Rewards: per step mean/med/min/max, rew: 0.0023/0.0001/0.0000/0.0381,
	Losses: Policy Loss value/action/dist: 0.026/-0.002/1.098,
Time: 00d 00h 02m 40s, num timesteps 12720, FPS 79,
	Rewards: per step mean/med/min/max, rew: 0.0024/0.0001/0.0000/0.0381,
	Losses: Policy Loss value/action/dist: 0.026/-0.002/1.098,
Time: 00d 00h 02m 43s, num timesteps 12960, FPS 79,
	Rewards: per step mean/med/min/max, rew: 0.0025/0.0001/0.0000/0.0381,
	Losses: Policy Loss value/action/dist: 0.026/-0.002/1.098,
Time: 00d 00h 02m 45s, num timesteps 13200, FPS 79,
	Rewards: per step mean/med/min/max, rew: 0.0025/0.0001/0.0000/0.0381,
	Losses: Policy Loss value/action/dist: 0.026/-0.002/1.098,
Time: 00d 00h 02m 48s, num timesteps 13440, FPS 79,
	Rewards: per step mean/med/min/max, rew: 0.0025/0.0001/0.0000/0.0444,
	Losses: Policy Loss value/action/dist: 0.026/-0.002/1.098,
Time: 00d 00h 02m 51s, num timesteps 13680, FPS 79,
	Rewards: per step mean/med/min/max, rew: 0.0026/0.0001/0.0000/0.0444,
	Losses: Policy Loss value/action/dist: 0.026/-0.002/1.098,
Time: 00d 00h 02m 54s, num timesteps 13920, FPS 79,
	Rewards: per step mean/med/min/max, rew: 0.0026/0.0002/0.0000/0.0444,
	Losses: Policy Loss value/action/dist: 0.026/-0.002/1.098,
Time: 00d 00h 02m 56s, num timesteps 14160, FPS 80,
	Rewards: per step mean/med/min/max, rew: 0.0026/0.0002/0.0000/0.0444,
	Losses: Policy Loss value/action/dist: 0.026/-0.002/1.098,
Time: 00d 00h 03m 02s, num timesteps 14400, FPS 79,
	Rewards: per step mean/med/min/max, rew: 0.0026/0.0002/0.0000/0.0444,
	Losses: Policy Loss value/action/dist: 0.032/-0.003/1.097,
Time: 00d 00h 03m 05s, num timesteps 14640, FPS 79,
	Rewards: per step mean/med/min/max, rew: 0.0026/0.0002/0.0000/0.0444,
	Losses: Policy Loss value/action/dist: 0.032/-0.003/1.097,
Time: 00d 00h 03m 07s, num timesteps 14880, FPS 79,
	Rewards: per step mean/med/min/max, rew: 0.0026/0.0002/0.0000/0.0444,
	Losses: Policy Loss value/action/dist: 0.032/-0.003/1.097,
Time: 00d 00h 03m 10s, num timesteps 15120, FPS 79,
	Rewards: per step mean/med/min/max, rew: 0.0026/0.0002/0.0000/0.0444,
	Losses: Policy Loss value/action/dist: 0.032/-0.003/1.097,
Time: 00d 00h 03m 13s, num timesteps 15360, FPS 79,
	Rewards: per step mean/med/min/max, rew: 0.0026/0.0002/0.0000/0.0444,
	Losses: Policy Loss value/action/dist: 0.032/-0.003/1.097,
Time: 00d 00h 03m 15s, num timesteps 15600, FPS 79,
	Rewards: per step mean/med/min/max, rew: 0.0026/0.0002/0.0000/0.0444,
	Losses: Policy Loss value/action/dist: 0.032/-0.003/1.097,
Time: 00d 00h 03m 18s, num timesteps 15840, FPS 79,
	Rewards: per step mean/med/min/max, rew: 0.0026/0.0002/0.0000/0.0444,
	Losses: Policy Loss value/action/dist: 0.032/-0.003/1.097,
Time: 00d 00h 03m 21s, num timesteps 16080, FPS 79,
	Rewards: per step mean/med/min/max, rew: 0.0027/0.0002/0.0000/0.0444,
	Losses: Policy Loss value/action/dist: 0.032/-0.003/1.097,
Time: 00d 00h 03m 24s, num timesteps 16320, FPS 79,
	Rewards: per step mean/med/min/max, rew: 0.0027/0.0002/0.0000/0.0444,
	Losses: Policy Loss value/action/dist: 0.032/-0.003/1.097,
Time: 00d 00h 03m 26s, num timesteps 16560, FPS 80,
	Rewards: per step mean/med/min/max, rew: 0.0026/0.0002/0.0000/0.0444,
	Losses: Policy Loss value/action/dist: 0.032/-0.003/1.097,
Time: 00d 00h 03m 32s, num timesteps 16800, FPS 79,
	Rewards: per step mean/med/min/max, rew: 0.0026/0.0002/0.0000/0.0444,
	Losses: Policy Loss value/action/dist: 0.030/-0.004/1.095,
Time: 00d 00h 03m 35s, num timesteps 17040, FPS 79,
	Rewards: per step mean/med/min/max, rew: 0.0026/0.0002/0.0000/0.0444,
	Losses: Policy Loss value/action/dist: 0.030/-0.004/1.095,
Time: 00d 00h 03m 37s, num timesteps 17280, FPS 79,
	Rewards: per step mean/med/min/max, rew: 0.0026/0.0002/0.0000/0.0444,
	Losses: Policy Loss value/action/dist: 0.030/-0.004/1.095,
Time: 00d 00h 03m 40s, num timesteps 17520, FPS 79,
	Rewards: per step mean/med/min/max, rew: 0.0026/0.0002/0.0000/0.0444,
	Losses: Policy Loss value/action/dist: 0.030/-0.004/1.095,
Time: 00d 00h 03m 43s, num timesteps 17760, FPS 79,
	Rewards: per step mean/med/min/max, rew: 0.0026/0.0002/0.0000/0.0444,
	Losses: Policy Loss value/action/dist: 0.030/-0.004/1.095,
Time: 00d 00h 03m 46s, num timesteps 18000, FPS 79,
	Rewards: per step mean/med/min/max, rew: 0.0025/0.0003/0.0000/0.0444,
	Losses: Policy Loss value/action/dist: 0.030/-0.004/1.095,
Time: 00d 00h 03m 48s, num timesteps 18240, FPS 79,
	Rewards: per step mean/med/min/max, rew: 0.0025/0.0003/0.0000/0.0444,
	Losses: Policy Loss value/action/dist: 0.030/-0.004/1.095,
Time: 00d 00h 03m 51s, num timesteps 18480, FPS 79,
	Rewards: per step mean/med/min/max, rew: 0.0026/0.0003/0.0000/0.0444,
	Losses: Policy Loss value/action/dist: 0.030/-0.004/1.095,
Time: 00d 00h 03m 54s, num timesteps 18720, FPS 79,
	Rewards: per step mean/med/min/max, rew: 0.0026/0.0003/0.0000/0.0444,
	Losses: Policy Loss value/action/dist: 0.030/-0.004/1.095,
Time: 00d 00h 03m 57s, num timesteps 18960, FPS 79,
	Rewards: per step mean/med/min/max, rew: 0.0025/0.0003/0.0000/0.0444,
	Losses: Policy Loss value/action/dist: 0.030/-0.004/1.095,
Time: 00d 00h 04m 02s, num timesteps 19200, FPS 79,
	Rewards: per step mean/med/min/max, rew: 0.0025/0.0003/0.0000/0.0444,
	Losses: Policy Loss value/action/dist: 0.029/-0.005/1.094,
Time: 00d 00h 04m 05s, num timesteps 19440, FPS 79,
	Rewards: per step mean/med/min/max, rew: 0.0025/0.0003/0.0000/0.0444,
	Losses: Policy Loss value/action/dist: 0.029/-0.005/1.094,
Time: 00d 00h 04m 07s, num timesteps 19680, FPS 79,
	Rewards: per step mean/med/min/max, rew: 0.0025/0.0003/0.0000/0.0444,
	Losses: Policy Loss value/action/dist: 0.029/-0.005/1.094,
Time: 00d 00h 04m 10s, num timesteps 19920, FPS 79,
	Rewards: per step mean/med/min/max, rew: 0.0025/0.0003/0.0000/0.0444,
	Losses: Policy Loss value/action/dist: 0.029/-0.005/1.094,
Time: 00d 00h 04m 13s, num timesteps 20160, FPS 79,
	Rewards: per step mean/med/min/max, rew: 0.0024/0.0002/0.0000/0.0444,
	Losses: Policy Loss value/action/dist: 0.029/-0.005/1.094,
Time: 00d 00h 04m 16s, num timesteps 20400, FPS 79,
	Rewards: per step mean/med/min/max, rew: 0.0024/0.0002/0.0000/0.0444,
	Losses: Policy Loss value/action/dist: 0.029/-0.005/1.094,
Time: 00d 00h 04m 18s, num timesteps 20640, FPS 79,
	Rewards: per step mean/med/min/max, rew: 0.0025/0.0002/0.0000/0.0468,
	Losses: Policy Loss value/action/dist: 0.029/-0.005/1.094,
Time: 00d 00h 04m 21s, num timesteps 20880, FPS 79,
	Rewards: per step mean/med/min/max, rew: 0.0025/0.0002/0.0000/0.0468,
	Losses: Policy Loss value/action/dist: 0.029/-0.005/1.094,
Time: 00d 00h 04m 24s, num timesteps 21120, FPS 79,
	Rewards: per step mean/med/min/max, rew: 0.0025/0.0002/0.0000/0.0468,
	Losses: Policy Loss value/action/dist: 0.029/-0.005/1.094,
Time: 00d 00h 04m 26s, num timesteps 21360, FPS 80,
	Rewards: per step mean/med/min/max, rew: 0.0025/0.0002/0.0000/0.0468,
	Losses: Policy Loss value/action/dist: 0.029/-0.005/1.094,
Time: 00d 00h 04m 32s, num timesteps 21600, FPS 79,
	Rewards: per step mean/med/min/max, rew: 0.0024/0.0002/0.0000/0.0468,
	Losses: Policy Loss value/action/dist: 0.032/-0.005/1.093,
Time: 00d 00h 04m 34s, num timesteps 21840, FPS 79,
	Rewards: per step mean/med/min/max, rew: 0.0024/0.0002/0.0000/0.0468,
	Losses: Policy Loss value/action/dist: 0.032/-0.005/1.093,
Time: 00d 00h 04m 37s, num timesteps 22080, FPS 79,
	Rewards: per step mean/med/min/max, rew: 0.0024/0.0002/0.0000/0.0468,
	Losses: Policy Loss value/action/dist: 0.032/-0.005/1.093,
Time: 00d 00h 04m 40s, num timesteps 22320, FPS 79,
	Rewards: per step mean/med/min/max, rew: 0.0024/0.0002/0.0000/0.0468,
	Losses: Policy Loss value/action/dist: 0.032/-0.005/1.093,
Time: 00d 00h 04m 42s, num timesteps 22560, FPS 79,
	Rewards: per step mean/med/min/max, rew: 0.0024/0.0002/0.0000/0.0468,
	Losses: Policy Loss value/action/dist: 0.032/-0.005/1.093,
Time: 00d 00h 04m 45s, num timesteps 22800, FPS 79,
	Rewards: per step mean/med/min/max, rew: 0.0024/0.0002/0.0000/0.0468,
	Losses: Policy Loss value/action/dist: 0.032/-0.005/1.093,
Time: 00d 00h 04m 48s, num timesteps 23040, FPS 79,
	Rewards: per step mean/med/min/max, rew: 0.0024/0.0002/0.0000/0.0468,
	Losses: Policy Loss value/action/dist: 0.032/-0.005/1.093,
Time: 00d 00h 04m 51s, num timesteps 23280, FPS 79,
	Rewards: per step mean/med/min/max, rew: 0.0024/0.0002/0.0000/0.0468,
	Losses: Policy Loss value/action/dist: 0.032/-0.005/1.093,
Time: 00d 00h 04m 53s, num timesteps 23520, FPS 80,
	Rewards: per step mean/med/min/max, rew: 0.0024/0.0002/0.0000/0.0468,
	Losses: Policy Loss value/action/dist: 0.032/-0.005/1.093,
Time: 00d 00h 04m 56s, num timesteps 23760, FPS 80,
	Rewards: per step mean/med/min/max, rew: 0.0024/0.0002/0.0000/0.0468,
	Losses: Policy Loss value/action/dist: 0.032/-0.005/1.093,
Env 0's episode over in 998 step, 98 local step, reset maps
Env 1's episode over in 998 step, 98 local step, reset maps
Env 2's episode over in 998 step, 98 local step, reset maps
Env 3's episode over in 998 step, 98 local step, reset maps
Env 4's episode over in 998 step, 98 local step, reset maps
Env 5's episode over in 998 step, 98 local step, reset maps
Env 6's episode over in 998 step, 98 local step, reset maps
Env 7's episode over in 998 step, 98 local step, reset maps
Env 8's episode over in 998 step, 98 local step, reset maps
Env 9's episode over in 998 step, 98 local step, reset maps
Env 10's episode over in 998 step, 98 local step, reset maps
Env 11's episode over in 998 step, 98 local step, reset maps
Env 12's episode over in 998 step, 98 local step, reset maps
Env 13's episode over in 998 step, 98 local step, reset maps
Env 14's episode over in 998 step, 98 local step, reset maps
Env 15's episode over in 998 step, 98 local step, reset maps
Env 16's episode over in 998 step, 98 local step, reset maps
Env 17's episode over in 998 step, 98 local step, reset maps
Env 18's episode over in 998 step, 98 local step, reset maps
Env 19's episode over in 998 step, 98 local step, reset maps
Env 20's episode over in 998 step, 98 local step, reset maps
Env 21's episode over in 998 step, 98 local step, reset maps
Env 22's episode over in 998 step, 98 local step, reset maps
Env 23's episode over in 998 step, 98 local step, reset maps
episode over in 999 step, 99 local step, rollouts done;
 episode mean reward=1.281163215637207
Time: 00d 00h 05m 02s, num timesteps 24000, FPS 79,
	Rewards: per step mean/med/min/max, rew: 0.0024/0.0002/0.0000/0.0468,
	Losses: Policy Loss value/action/dist: 0.032/-0.006/1.092,
Time: 00d 00h 05m 04s, num timesteps 24240, FPS 79,
	Rewards: per step mean/med/min/max, rew: 0.0023/0.0002/0.0000/0.0468,
	Losses: Policy Loss value/action/dist: 0.032/-0.006/1.092,
Time: 00d 00h 05m 07s, num timesteps 24480, FPS 79,
	Rewards: per step mean/med/min/max, rew: 0.0024/0.0002/0.0000/0.0468,
	Losses: Policy Loss value/action/dist: 0.032/-0.006/1.092,
Time: 00d 00h 05m 10s, num timesteps 24720, FPS 79,
	Rewards: per step mean/med/min/max, rew: 0.0025/0.0002/0.0000/0.0468,
	Losses: Policy Loss value/action/dist: 0.032/-0.006/1.092,
Time: 00d 00h 05m 13s, num timesteps 24960, FPS 79,
	Rewards: per step mean/med/min/max, rew: 0.0025/0.0002/0.0000/0.0468,
	Losses: Policy Loss value/action/dist: 0.032/-0.006/1.092,
Time: 00d 00h 05m 15s, num timesteps 25200, FPS 79,
	Rewards: per step mean/med/min/max, rew: 0.0026/0.0003/0.0000/0.0468,
	Losses: Policy Loss value/action/dist: 0.032/-0.006/1.092,
Time: 00d 00h 05m 18s, num timesteps 25440, FPS 79,
	Rewards: per step mean/med/min/max, rew: 0.0027/0.0003/0.0000/0.0468,
	Losses: Policy Loss value/action/dist: 0.032/-0.006/1.092,
Time: 00d 00h 05m 21s, num timesteps 25680, FPS 79,
	Rewards: per step mean/med/min/max, rew: 0.0027/0.0003/0.0000/0.0468,
	Losses: Policy Loss value/action/dist: 0.032/-0.006/1.092,
Time: 00d 00h 05m 24s, num timesteps 25920, FPS 79,
	Rewards: per step mean/med/min/max, rew: 0.0026/0.0003/0.0000/0.0468,
	Losses: Policy Loss value/action/dist: 0.032/-0.006/1.092,
Time: 00d 00h 05m 26s, num timesteps 26160, FPS 80,
	Rewards: per step mean/med/min/max, rew: 0.0026/0.0003/0.0000/0.0468,
	Losses: Policy Loss value/action/dist: 0.032/-0.006/1.092,
Time: 00d 00h 05m 32s, num timesteps 26400, FPS 79,
	Rewards: per step mean/med/min/max, rew: 0.0025/0.0003/0.0000/0.0468,
	Losses: Policy Loss value/action/dist: 0.034/-0.007/1.090,
Time: 00d 00h 05m 34s, num timesteps 26640, FPS 79,
	Rewards: per step mean/med/min/max, rew: 0.0025/0.0003/0.0000/0.0468,
	Losses: Policy Loss value/action/dist: 0.034/-0.007/1.090,
Time: 00d 00h 05m 37s, num timesteps 26880, FPS 79,
	Rewards: per step mean/med/min/max, rew: 0.0026/0.0003/0.0000/0.0468,
	Losses: Policy Loss value/action/dist: 0.034/-0.007/1.090,
Time: 00d 00h 05m 40s, num timesteps 27120, FPS 79,
	Rewards: per step mean/med/min/max, rew: 0.0026/0.0003/0.0000/0.0564,
	Losses: Policy Loss value/action/dist: 0.034/-0.007/1.090,
Time: 00d 00h 05m 42s, num timesteps 27360, FPS 79,
	Rewards: per step mean/med/min/max, rew: 0.0026/0.0003/0.0000/0.0564,
	Losses: Policy Loss value/action/dist: 0.034/-0.007/1.090,
Time: 00d 00h 05m 45s, num timesteps 27600, FPS 79,
	Rewards: per step mean/med/min/max, rew: 0.0026/0.0003/0.0000/0.0564,
	Losses: Policy Loss value/action/dist: 0.034/-0.007/1.090,
Time: 00d 00h 05m 48s, num timesteps 27840, FPS 79,
	Rewards: per step mean/med/min/max, rew: 0.0027/0.0004/0.0000/0.0564,
	Losses: Policy Loss value/action/dist: 0.034/-0.007/1.090,
Time: 00d 00h 05m 51s, num timesteps 28080, FPS 79,
	Rewards: per step mean/med/min/max, rew: 0.0027/0.0004/0.0000/0.0564,
	Losses: Policy Loss value/action/dist: 0.034/-0.007/1.090,
Time: 00d 00h 05m 53s, num timesteps 28320, FPS 80,
	Rewards: per step mean/med/min/max, rew: 0.0027/0.0004/0.0000/0.0564,
	Losses: Policy Loss value/action/dist: 0.034/-0.007/1.090,
Time: 00d 00h 05m 56s, num timesteps 28560, FPS 80,
	Rewards: per step mean/med/min/max, rew: 0.0028/0.0004/0.0000/0.0564,
	Losses: Policy Loss value/action/dist: 0.034/-0.007/1.090,
Time: 00d 00h 06m 01s, num timesteps 28800, FPS 79,
	Rewards: per step mean/med/min/max, rew: 0.0028/0.0004/0.0000/0.0564,
	Losses: Policy Loss value/action/dist: 0.037/-0.009/1.088,
Time: 00d 00h 06m 04s, num timesteps 29040, FPS 79,
	Rewards: per step mean/med/min/max, rew: 0.0028/0.0004/0.0000/0.0564,
	Losses: Policy Loss value/action/dist: 0.037/-0.009/1.088,
Time: 00d 00h 06m 07s, num timesteps 29280, FPS 79,
	Rewards: per step mean/med/min/max, rew: 0.0028/0.0004/0.0000/0.0564,
	Losses: Policy Loss value/action/dist: 0.037/-0.009/1.088,
Time: 00d 00h 06m 09s, num timesteps 29520, FPS 79,
	Rewards: per step mean/med/min/max, rew: 0.0028/0.0005/0.0000/0.0564,
	Losses: Policy Loss value/action/dist: 0.037/-0.009/1.088,
Time: 00d 00h 06m 12s, num timesteps 29760, FPS 79,
	Rewards: per step mean/med/min/max, rew: 0.0028/0.0005/0.0000/0.0564,
	Losses: Policy Loss value/action/dist: 0.037/-0.009/1.088,
Time: 00d 00h 06m 15s, num timesteps 30000, FPS 79,
	Rewards: per step mean/med/min/max, rew: 0.0028/0.0005/0.0000/0.0564,
	Losses: Policy Loss value/action/dist: 0.037/-0.009/1.088,
Time: 00d 00h 06m 17s, num timesteps 30240, FPS 80,
	Rewards: per step mean/med/min/max, rew: 0.0029/0.0005/0.0000/0.0564,
	Losses: Policy Loss value/action/dist: 0.037/-0.009/1.088,
Time: 00d 00h 06m 20s, num timesteps 30480, FPS 80,
	Rewards: per step mean/med/min/max, rew: 0.0029/0.0005/0.0000/0.0564,
	Losses: Policy Loss value/action/dist: 0.037/-0.009/1.088,
Time: 00d 00h 06m 23s, num timesteps 30720, FPS 80,
	Rewards: per step mean/med/min/max, rew: 0.0029/0.0005/0.0000/0.0564,
	Losses: Policy Loss value/action/dist: 0.037/-0.009/1.088,
Time: 00d 00h 06m 26s, num timesteps 30960, FPS 80,
	Rewards: per step mean/med/min/max, rew: 0.0028/0.0005/0.0000/0.0564,
	Losses: Policy Loss value/action/dist: 0.037/-0.009/1.088,
Time: 00d 00h 06m 31s, num timesteps 31200, FPS 79,
	Rewards: per step mean/med/min/max, rew: 0.0028/0.0006/0.0000/0.0564,
	Losses: Policy Loss value/action/dist: 0.035/-0.010/1.086,
Time: 00d 00h 06m 34s, num timesteps 31440, FPS 79,
	Rewards: per step mean/med/min/max, rew: 0.0029/0.0006/0.0000/0.0564,
	Losses: Policy Loss value/action/dist: 0.035/-0.010/1.086,
Time: 00d 00h 06m 36s, num timesteps 31680, FPS 79,
	Rewards: per step mean/med/min/max, rew: 0.0029/0.0006/0.0000/0.0564,
	Losses: Policy Loss value/action/dist: 0.035/-0.010/1.086,
Time: 00d 00h 06m 39s, num timesteps 31920, FPS 79,
	Rewards: per step mean/med/min/max, rew: 0.0030/0.0006/0.0000/0.0564,
	Losses: Policy Loss value/action/dist: 0.035/-0.010/1.086,
Time: 00d 00h 06m 42s, num timesteps 32160, FPS 79,
	Rewards: per step mean/med/min/max, rew: 0.0030/0.0007/0.0000/0.0564,
	Losses: Policy Loss value/action/dist: 0.035/-0.010/1.086,
Time: 00d 00h 06m 44s, num timesteps 32400, FPS 80,
	Rewards: per step mean/med/min/max, rew: 0.0030/0.0007/0.0000/0.0564,
	Losses: Policy Loss value/action/dist: 0.035/-0.010/1.086,
Time: 00d 00h 06m 47s, num timesteps 32640, FPS 80,
	Rewards: per step mean/med/min/max, rew: 0.0029/0.0007/0.0000/0.0564,
	Losses: Policy Loss value/action/dist: 0.035/-0.010/1.086,
Time: 00d 00h 06m 50s, num timesteps 32880, FPS 80,
	Rewards: per step mean/med/min/max, rew: 0.0030/0.0007/0.0000/0.0564,
	Losses: Policy Loss value/action/dist: 0.035/-0.010/1.086,
Time: 00d 00h 06m 52s, num timesteps 33120, FPS 80,
	Rewards: per step mean/med/min/max, rew: 0.0030/0.0007/0.0000/0.0564,
	Losses: Policy Loss value/action/dist: 0.035/-0.010/1.086,
Time: 00d 00h 06m 55s, num timesteps 33360, FPS 80,
	Rewards: per step mean/med/min/max, rew: 0.0030/0.0007/0.0000/0.0564,
	Losses: Policy Loss value/action/dist: 0.035/-0.010/1.086,
Time: 00d 00h 07m 00s, num timesteps 33600, FPS 79,
	Rewards: per step mean/med/min/max, rew: 0.0031/0.0008/0.0000/0.0564,
	Losses: Policy Loss value/action/dist: 0.035/-0.010/1.084,
Time: 00d 00h 07m 03s, num timesteps 33840, FPS 79,
	Rewards: per step mean/med/min/max, rew: 0.0031/0.0008/0.0000/0.0564,
	Losses: Policy Loss value/action/dist: 0.035/-0.010/1.084,
Time: 00d 00h 07m 05s, num timesteps 34080, FPS 80,
	Rewards: per step mean/med/min/max, rew: 0.0031/0.0008/0.0000/0.0564,
	Losses: Policy Loss value/action/dist: 0.035/-0.010/1.084,
Time: 00d 00h 07m 08s, num timesteps 34320, FPS 80,
	Rewards: per step mean/med/min/max, rew: 0.0031/0.0008/0.0000/0.0564,
	Losses: Policy Loss value/action/dist: 0.035/-0.010/1.084,
Time: 00d 00h 07m 11s, num timesteps 34560, FPS 80,
	Rewards: per step mean/med/min/max, rew: 0.0031/0.0008/0.0000/0.0564,
	Losses: Policy Loss value/action/dist: 0.035/-0.010/1.084,
Time: 00d 00h 07m 14s, num timesteps 34800, FPS 80,
	Rewards: per step mean/med/min/max, rew: 0.0031/0.0008/0.0000/0.0564,
	Losses: Policy Loss value/action/dist: 0.035/-0.010/1.084,
Time: 00d 00h 07m 16s, num timesteps 35040, FPS 80,
	Rewards: per step mean/med/min/max, rew: 0.0031/0.0008/0.0000/0.0564,
	Losses: Policy Loss value/action/dist: 0.035/-0.010/1.084,
Time: 00d 00h 07m 19s, num timesteps 35280, FPS 80,
	Rewards: per step mean/med/min/max, rew: 0.0032/0.0008/0.0000/0.0564,
	Losses: Policy Loss value/action/dist: 0.035/-0.010/1.084,
Time: 00d 00h 07m 22s, num timesteps 35520, FPS 80,
	Rewards: per step mean/med/min/max, rew: 0.0032/0.0009/0.0000/0.0564,
	Losses: Policy Loss value/action/dist: 0.035/-0.010/1.084,
Time: 00d 00h 07m 24s, num timesteps 35760, FPS 80,
	Rewards: per step mean/med/min/max, rew: 0.0032/0.0009/0.0000/0.0564,
	Losses: Policy Loss value/action/dist: 0.035/-0.010/1.084,
Env 0's episode over in 1498 step, 98 local step, reset maps
Env 1's episode over in 1498 step, 98 local step, reset maps
Env 2's episode over in 1498 step, 98 local step, reset maps
Env 3's episode over in 1498 step, 98 local step, reset maps
Env 4's episode over in 1498 step, 98 local step, reset maps
Env 5's episode over in 1498 step, 98 local step, reset maps
Env 6's episode over in 1498 step, 98 local step, reset maps
Env 7's episode over in 1498 step, 98 local step, reset maps
Env 8's episode over in 1498 step, 98 local step, reset maps
Env 9's episode over in 1498 step, 98 local step, reset maps
Env 10's episode over in 1498 step, 98 local step, reset maps
Env 11's episode over in 1498 step, 98 local step, reset maps
Env 12's episode over in 1498 step, 98 local step, reset maps
Env 13's episode over in 1498 step, 98 local step, reset maps
Env 14's episode over in 1498 step, 98 local step, reset maps
Env 15's episode over in 1498 step, 98 local step, reset maps
Env 16's episode over in 1498 step, 98 local step, reset maps
Env 17's episode over in 1498 step, 98 local step, reset maps
Env 18's episode over in 1498 step, 98 local step, reset maps
Env 19's episode over in 1498 step, 98 local step, reset maps
Env 20's episode over in 1498 step, 98 local step, reset maps
Env 21's episode over in 1498 step, 98 local step, reset maps
Env 22's episode over in 1498 step, 98 local step, reset maps
Env 23's episode over in 1498 step, 98 local step, reset maps
episode over in 1499 step, 99 local step, rollouts done;
 episode mean reward=1.9225553274154663
Time: 00d 00h 07m 30s, num timesteps 36000, FPS 79,
	Rewards: per step mean/med/min/max, rew: 0.0032/0.0009/0.0000/0.0564,
	Losses: Policy Loss value/action/dist: 0.035/-0.011/1.081,
Time: 00d 00h 07m 32s, num timesteps 36240, FPS 80,
	Rewards: per step mean/med/min/max, rew: 0.0032/0.0009/0.0000/0.0564,
	Losses: Policy Loss value/action/dist: 0.035/-0.011/1.081,
Time: 00d 00h 07m 35s, num timesteps 36480, FPS 80,
	Rewards: per step mean/med/min/max, rew: 0.0034/0.0009/0.0000/0.0564,
	Losses: Policy Loss value/action/dist: 0.035/-0.011/1.081,
Time: 00d 00h 07m 38s, num timesteps 36720, FPS 80,
	Rewards: per step mean/med/min/max, rew: 0.0033/0.0009/0.0000/0.0564,
	Losses: Policy Loss value/action/dist: 0.035/-0.011/1.081,
Time: 00d 00h 07m 41s, num timesteps 36960, FPS 80,
	Rewards: per step mean/med/min/max, rew: 0.0033/0.0009/0.0000/0.0564,
	Losses: Policy Loss value/action/dist: 0.035/-0.011/1.081,
Time: 00d 00h 07m 43s, num timesteps 37200, FPS 80,
	Rewards: per step mean/med/min/max, rew: 0.0034/0.0009/0.0000/0.0564,
	Losses: Policy Loss value/action/dist: 0.035/-0.011/1.081,
Time: 00d 00h 07m 46s, num timesteps 37440, FPS 80,
	Rewards: per step mean/med/min/max, rew: 0.0034/0.0010/0.0000/0.0564,
	Losses: Policy Loss value/action/dist: 0.035/-0.011/1.081,
Time: 00d 00h 07m 49s, num timesteps 37680, FPS 80,
	Rewards: per step mean/med/min/max, rew: 0.0033/0.0009/0.0000/0.0564,
	Losses: Policy Loss value/action/dist: 0.035/-0.011/1.081,
Time: 00d 00h 07m 51s, num timesteps 37920, FPS 80,
	Rewards: per step mean/med/min/max, rew: 0.0033/0.0009/0.0000/0.0564,
	Losses: Policy Loss value/action/dist: 0.035/-0.011/1.081,
Time: 00d 00h 07m 54s, num timesteps 38160, FPS 80,
	Rewards: per step mean/med/min/max, rew: 0.0033/0.0010/0.0000/0.0564,
	Losses: Policy Loss value/action/dist: 0.035/-0.011/1.081,
Time: 00d 00h 07m 59s, num timesteps 38400, FPS 80,
	Rewards: per step mean/med/min/max, rew: 0.0034/0.0010/0.0000/0.0564,
	Losses: Policy Loss value/action/dist: 0.036/-0.012/1.078,
Time: 00d 00h 08m 02s, num timesteps 38640, FPS 80,
	Rewards: per step mean/med/min/max, rew: 0.0034/0.0010/0.0000/0.0564,
	Losses: Policy Loss value/action/dist: 0.036/-0.012/1.078,
Time: 00d 00h 08m 05s, num timesteps 38880, FPS 80,
	Rewards: per step mean/med/min/max, rew: 0.0034/0.0010/0.0000/0.0564,
	Losses: Policy Loss value/action/dist: 0.036/-0.012/1.078,
Time: 00d 00h 08m 07s, num timesteps 39120, FPS 80,
	Rewards: per step mean/med/min/max, rew: 0.0034/0.0010/0.0000/0.0564,
	Losses: Policy Loss value/action/dist: 0.036/-0.012/1.078,
Time: 00d 00h 08m 10s, num timesteps 39360, FPS 80,
	Rewards: per step mean/med/min/max, rew: 0.0034/0.0010/0.0000/0.0564,
	Losses: Policy Loss value/action/dist: 0.036/-0.012/1.078,
Time: 00d 00h 08m 13s, num timesteps 39600, FPS 80,
	Rewards: per step mean/med/min/max, rew: 0.0034/0.0010/0.0000/0.0564,
	Losses: Policy Loss value/action/dist: 0.036/-0.012/1.078,
Time: 00d 00h 08m 15s, num timesteps 39840, FPS 80,
	Rewards: per step mean/med/min/max, rew: 0.0034/0.0010/0.0000/0.0564,
	Losses: Policy Loss value/action/dist: 0.036/-0.012/1.078,
Time: 00d 00h 08m 18s, num timesteps 40080, FPS 80,
	Rewards: per step mean/med/min/max, rew: 0.0034/0.0010/0.0000/0.0564,
	Losses: Policy Loss value/action/dist: 0.036/-0.012/1.078,
Time: 00d 00h 08m 21s, num timesteps 40320, FPS 80,
	Rewards: per step mean/med/min/max, rew: 0.0034/0.0010/0.0000/0.0564,
	Losses: Policy Loss value/action/dist: 0.036/-0.012/1.078,
Time: 00d 00h 08m 24s, num timesteps 40560, FPS 80,
	Rewards: per step mean/med/min/max, rew: 0.0034/0.0010/0.0000/0.0564,
	Losses: Policy Loss value/action/dist: 0.036/-0.012/1.078,
Time: 00d 00h 08m 29s, num timesteps 40800, FPS 80,
	Rewards: per step mean/med/min/max, rew: 0.0034/0.0010/0.0000/0.0564,
	Losses: Policy Loss value/action/dist: 0.036/-0.012/1.075,
Time: 00d 00h 08m 32s, num timesteps 41040, FPS 80,
	Rewards: per step mean/med/min/max, rew: 0.0034/0.0010/0.0000/0.0564,
	Losses: Policy Loss value/action/dist: 0.036/-0.012/1.075,
Time: 00d 00h 08m 34s, num timesteps 41280, FPS 80,
	Rewards: per step mean/med/min/max, rew: 0.0035/0.0011/0.0000/0.0564,
	Losses: Policy Loss value/action/dist: 0.036/-0.012/1.075,
Time: 00d 00h 08m 37s, num timesteps 41520, FPS 80,
	Rewards: per step mean/med/min/max, rew: 0.0035/0.0011/0.0000/0.0564,
	Losses: Policy Loss value/action/dist: 0.036/-0.012/1.075,
Time: 00d 00h 08m 40s, num timesteps 41760, FPS 80,
	Rewards: per step mean/med/min/max, rew: 0.0035/0.0010/0.0000/0.0564,
	Losses: Policy Loss value/action/dist: 0.036/-0.012/1.075,
Time: 00d 00h 08m 42s, num timesteps 42000, FPS 80,
	Rewards: per step mean/med/min/max, rew: 0.0035/0.0010/0.0000/0.0564,
	Losses: Policy Loss value/action/dist: 0.036/-0.012/1.075,
Time: 00d 00h 08m 45s, num timesteps 42240, FPS 80,
	Rewards: per step mean/med/min/max, rew: 0.0035/0.0010/0.0000/0.0564,
	Losses: Policy Loss value/action/dist: 0.036/-0.012/1.075,
Time: 00d 00h 08m 48s, num timesteps 42480, FPS 80,
	Rewards: per step mean/med/min/max, rew: 0.0035/0.0010/0.0000/0.0564,
	Losses: Policy Loss value/action/dist: 0.036/-0.012/1.075,
Time: 00d 00h 08m 50s, num timesteps 42720, FPS 80,
	Rewards: per step mean/med/min/max, rew: 0.0035/0.0010/0.0000/0.0564,
	Losses: Policy Loss value/action/dist: 0.036/-0.012/1.075,
Time: 00d 00h 08m 53s, num timesteps 42960, FPS 80,
	Rewards: per step mean/med/min/max, rew: 0.0035/0.0011/0.0000/0.0564,
	Losses: Policy Loss value/action/dist: 0.036/-0.012/1.075,
Time: 00d 00h 08m 58s, num timesteps 43200, FPS 80,
	Rewards: per step mean/med/min/max, rew: 0.0035/0.0010/0.0000/0.0564,
	Losses: Policy Loss value/action/dist: 0.036/-0.012/1.072,
Time: 00d 00h 09m 01s, num timesteps 43440, FPS 80,
	Rewards: per step mean/med/min/max, rew: 0.0035/0.0011/0.0000/0.0564,
	Losses: Policy Loss value/action/dist: 0.036/-0.012/1.072,
Time: 00d 00h 09m 04s, num timesteps 43680, FPS 80,
	Rewards: per step mean/med/min/max, rew: 0.0035/0.0011/0.0000/0.0564,
	Losses: Policy Loss value/action/dist: 0.036/-0.012/1.072,
Time: 00d 00h 09m 06s, num timesteps 43920, FPS 80,
	Rewards: per step mean/med/min/max, rew: 0.0035/0.0011/0.0000/0.0564,
	Losses: Policy Loss value/action/dist: 0.036/-0.012/1.072,
Time: 00d 00h 09m 09s, num timesteps 44160, FPS 80,
	Rewards: per step mean/med/min/max, rew: 0.0036/0.0011/0.0000/0.0564,
	Losses: Policy Loss value/action/dist: 0.036/-0.012/1.072,
Time: 00d 00h 09m 12s, num timesteps 44400, FPS 80,
	Rewards: per step mean/med/min/max, rew: 0.0036/0.0011/0.0000/0.0564,
	Losses: Policy Loss value/action/dist: 0.036/-0.012/1.072,
Time: 00d 00h 09m 14s, num timesteps 44640, FPS 80,
	Rewards: per step mean/med/min/max, rew: 0.0035/0.0011/0.0000/0.0564,
	Losses: Policy Loss value/action/dist: 0.036/-0.012/1.072,
Time: 00d 00h 09m 17s, num timesteps 44880, FPS 80,
	Rewards: per step mean/med/min/max, rew: 0.0035/0.0011/0.0000/0.0564,
	Losses: Policy Loss value/action/dist: 0.036/-0.012/1.072,
Time: 00d 00h 09m 20s, num timesteps 45120, FPS 80,
	Rewards: per step mean/med/min/max, rew: 0.0035/0.0011/0.0000/0.0564,
	Losses: Policy Loss value/action/dist: 0.036/-0.012/1.072,
Time: 00d 00h 09m 22s, num timesteps 45360, FPS 80,
	Rewards: per step mean/med/min/max, rew: 0.0036/0.0011/0.0000/0.0564,
	Losses: Policy Loss value/action/dist: 0.036/-0.012/1.072,
Time: 00d 00h 09m 28s, num timesteps 45600, FPS 80,
	Rewards: per step mean/med/min/max, rew: 0.0036/0.0011/0.0000/0.0564,
	Losses: Policy Loss value/action/dist: 0.035/-0.012/1.070,
Time: 00d 00h 09m 31s, num timesteps 45840, FPS 80,
	Rewards: per step mean/med/min/max, rew: 0.0036/0.0011/0.0000/0.0564,
	Losses: Policy Loss value/action/dist: 0.035/-0.012/1.070,
Time: 00d 00h 09m 33s, num timesteps 46080, FPS 80,
	Rewards: per step mean/med/min/max, rew: 0.0036/0.0011/0.0000/0.0564,
	Losses: Policy Loss value/action/dist: 0.035/-0.012/1.070,
Time: 00d 00h 09m 36s, num timesteps 46320, FPS 80,
	Rewards: per step mean/med/min/max, rew: 0.0036/0.0011/0.0000/0.0564,
	Losses: Policy Loss value/action/dist: 0.035/-0.012/1.070,
Time: 00d 00h 09m 39s, num timesteps 46560, FPS 80,
	Rewards: per step mean/med/min/max, rew: 0.0036/0.0012/0.0000/0.0564,
	Losses: Policy Loss value/action/dist: 0.035/-0.012/1.070,
Time: 00d 00h 09m 41s, num timesteps 46800, FPS 80,
	Rewards: per step mean/med/min/max, rew: 0.0037/0.0012/0.0000/0.0564,
	Losses: Policy Loss value/action/dist: 0.035/-0.012/1.070,
Time: 00d 00h 09m 44s, num timesteps 47040, FPS 80,
	Rewards: per step mean/med/min/max, rew: 0.0036/0.0012/0.0000/0.0564,
	Losses: Policy Loss value/action/dist: 0.035/-0.012/1.070,
Time: 00d 00h 09m 47s, num timesteps 47280, FPS 80,
	Rewards: per step mean/med/min/max, rew: 0.0036/0.0011/0.0000/0.0564,
	Losses: Policy Loss value/action/dist: 0.035/-0.012/1.070,
Time: 00d 00h 09m 50s, num timesteps 47520, FPS 80,
	Rewards: per step mean/med/min/max, rew: 0.0036/0.0012/0.0000/0.0564,
	Losses: Policy Loss value/action/dist: 0.035/-0.012/1.070,
Time: 00d 00h 09m 52s, num timesteps 47760, FPS 80,
	Rewards: per step mean/med/min/max, rew: 0.0037/0.0012/0.0000/0.0564,
	Losses: Policy Loss value/action/dist: 0.035/-0.012/1.070,
Env 0's episode over in 1998 step, 98 local step, reset maps
Env 1's episode over in 1998 step, 98 local step, reset maps
Env 2's episode over in 1998 step, 98 local step, reset maps
Env 3's episode over in 1998 step, 98 local step, reset maps
Env 4's episode over in 1998 step, 98 local step, reset maps
Env 5's episode over in 1998 step, 98 local step, reset maps
Env 6's episode over in 1998 step, 98 local step, reset maps
Env 7's episode over in 1998 step, 98 local step, reset maps
Env 8's episode over in 1998 step, 98 local step, reset maps
Env 9's episode over in 1998 step, 98 local step, reset maps
Env 10's episode over in 1998 step, 98 local step, reset maps
Env 11's episode over in 1998 step, 98 local step, reset maps
Env 12's episode over in 1998 step, 98 local step, reset maps
Env 13's episode over in 1998 step, 98 local step, reset maps
Env 14's episode over in 1998 step, 98 local step, reset maps
Env 15's episode over in 1998 step, 98 local step, reset maps
Env 16's episode over in 1998 step, 98 local step, reset maps
Env 17's episode over in 1998 step, 98 local step, reset maps
Env 18's episode over in 1998 step, 98 local step, reset maps
Env 19's episode over in 1998 step, 98 local step, reset maps
Env 20's episode over in 1998 step, 98 local step, reset maps
Env 21's episode over in 1998 step, 98 local step, reset maps
Env 22's episode over in 1998 step, 98 local step, reset maps
Env 23's episode over in 1998 step, 98 local step, reset maps
episode over in 1999 step, 99 local step, rollouts done;
 episode mean reward=1.732803225517273
Time: 00d 00h 09m 58s, num timesteps 48000, FPS 80,
	Rewards: per step mean/med/min/max, rew: 0.0037/0.0012/0.0000/0.0564,
	Losses: Policy Loss value/action/dist: 0.034/-0.012/1.069,
Time: 00d 00h 10m 00s, num timesteps 48240, FPS 80,
	Rewards: per step mean/med/min/max, rew: 0.0037/0.0012/0.0000/0.0564,
	Losses: Policy Loss value/action/dist: 0.034/-0.012/1.069,
Time: 00d 00h 10m 03s, num timesteps 48480, FPS 80,
	Rewards: per step mean/med/min/max, rew: 0.0037/0.0011/0.0000/0.0564,
	Losses: Policy Loss value/action/dist: 0.034/-0.012/1.069,
Time: 00d 00h 10m 06s, num timesteps 48720, FPS 80,
	Rewards: per step mean/med/min/max, rew: 0.0037/0.0012/0.0000/0.0584,
	Losses: Policy Loss value/action/dist: 0.034/-0.012/1.069,
Time: 00d 00h 10m 09s, num timesteps 48960, FPS 80,
	Rewards: per step mean/med/min/max, rew: 0.0037/0.0011/0.0000/0.0584,
	Losses: Policy Loss value/action/dist: 0.034/-0.012/1.069,
Time: 00d 00h 10m 11s, num timesteps 49200, FPS 80,
	Rewards: per step mean/med/min/max, rew: 0.0036/0.0011/0.0000/0.0584,
	Losses: Policy Loss value/action/dist: 0.034/-0.012/1.069,
Time: 00d 00h 10m 14s, num timesteps 49440, FPS 80,
	Rewards: per step mean/med/min/max, rew: 0.0036/0.0011/0.0000/0.0584,
	Losses: Policy Loss value/action/dist: 0.034/-0.012/1.069,
Time: 00d 00h 10m 17s, num timesteps 49680, FPS 80,
	Rewards: per step mean/med/min/max, rew: 0.0036/0.0011/0.0000/0.0584,
	Losses: Policy Loss value/action/dist: 0.034/-0.012/1.069,
Time: 00d 00h 10m 20s, num timesteps 49920, FPS 80,
	Rewards: per step mean/med/min/max, rew: 0.0036/0.0011/0.0000/0.0584,
	Losses: Policy Loss value/action/dist: 0.034/-0.012/1.069,
Time: 00d 00h 10m 22s, num timesteps 50160, FPS 80,
	Rewards: per step mean/med/min/max, rew: 0.0037/0.0012/0.0000/0.0584,
	Losses: Policy Loss value/action/dist: 0.034/-0.012/1.069,
Time: 00d 00h 10m 28s, num timesteps 50400, FPS 80,
	Rewards: per step mean/med/min/max, rew: 0.0037/0.0012/0.0000/0.0584,
	Losses: Policy Loss value/action/dist: 0.035/-0.013/1.066,
Time: 00d 00h 10m 31s, num timesteps 50640, FPS 80,
	Rewards: per step mean/med/min/max, rew: 0.0037/0.0012/0.0000/0.0584,
	Losses: Policy Loss value/action/dist: 0.035/-0.013/1.066,
Time: 00d 00h 10m 33s, num timesteps 50880, FPS 80,
	Rewards: per step mean/med/min/max, rew: 0.0037/0.0011/0.0000/0.0584,
	Losses: Policy Loss value/action/dist: 0.035/-0.013/1.066,
Time: 00d 00h 10m 36s, num timesteps 51120, FPS 80,
	Rewards: per step mean/med/min/max, rew: 0.0036/0.0011/0.0000/0.0584,
	Losses: Policy Loss value/action/dist: 0.035/-0.013/1.066,
Time: 00d 00h 10m 39s, num timesteps 51360, FPS 80,
	Rewards: per step mean/med/min/max, rew: 0.0036/0.0011/0.0000/0.0584,
	Losses: Policy Loss value/action/dist: 0.035/-0.013/1.066,
Time: 00d 00h 10m 42s, num timesteps 51600, FPS 80,
	Rewards: per step mean/med/min/max, rew: 0.0036/0.0011/0.0000/0.0584,
	Losses: Policy Loss value/action/dist: 0.035/-0.013/1.066,
Time: 00d 00h 10m 44s, num timesteps 51840, FPS 80,
	Rewards: per step mean/med/min/max, rew: 0.0036/0.0011/0.0000/0.0584,
	Losses: Policy Loss value/action/dist: 0.035/-0.013/1.066,
Time: 00d 00h 10m 47s, num timesteps 52080, FPS 80,
	Rewards: per step mean/med/min/max, rew: 0.0037/0.0011/0.0000/0.0584,
	Losses: Policy Loss value/action/dist: 0.035/-0.013/1.066,
Time: 00d 00h 10m 50s, num timesteps 52320, FPS 80,
	Rewards: per step mean/med/min/max, rew: 0.0037/0.0011/0.0000/0.0584,
	Losses: Policy Loss value/action/dist: 0.035/-0.013/1.066,
Time: 00d 00h 10m 52s, num timesteps 52560, FPS 80,
	Rewards: per step mean/med/min/max, rew: 0.0036/0.0011/0.0000/0.0584,
	Losses: Policy Loss value/action/dist: 0.035/-0.013/1.066,
Time: 00d 00h 10m 58s, num timesteps 52800, FPS 80,
	Rewards: per step mean/med/min/max, rew: 0.0036/0.0011/0.0000/0.0584,
	Losses: Policy Loss value/action/dist: 0.037/-0.013/1.064,
Time: 00d 00h 11m 00s, num timesteps 53040, FPS 80,
	Rewards: per step mean/med/min/max, rew: 0.0037/0.0011/0.0000/0.0584,
	Losses: Policy Loss value/action/dist: 0.037/-0.013/1.064,
Time: 00d 00h 11m 03s, num timesteps 53280, FPS 80,
	Rewards: per step mean/med/min/max, rew: 0.0037/0.0011/0.0000/0.0584,
	Losses: Policy Loss value/action/dist: 0.037/-0.013/1.064,
Time: 00d 00h 11m 06s, num timesteps 53520, FPS 80,
	Rewards: per step mean/med/min/max, rew: 0.0037/0.0012/0.0000/0.0584,
	Losses: Policy Loss value/action/dist: 0.037/-0.013/1.064,
Time: 00d 00h 11m 08s, num timesteps 53760, FPS 80,
	Rewards: per step mean/med/min/max, rew: 0.0038/0.0012/0.0000/0.0584,
	Losses: Policy Loss value/action/dist: 0.037/-0.013/1.064,
Time: 00d 00h 11m 11s, num timesteps 54000, FPS 80,
	Rewards: per step mean/med/min/max, rew: 0.0038/0.0012/0.0000/0.0584,
	Losses: Policy Loss value/action/dist: 0.037/-0.013/1.064,
Time: 00d 00h 11m 14s, num timesteps 54240, FPS 80,
	Rewards: per step mean/med/min/max, rew: 0.0038/0.0012/0.0000/0.0584,
	Losses: Policy Loss value/action/dist: 0.037/-0.013/1.064,
Time: 00d 00h 11m 17s, num timesteps 54480, FPS 80,
	Rewards: per step mean/med/min/max, rew: 0.0037/0.0011/0.0000/0.0584,
	Losses: Policy Loss value/action/dist: 0.037/-0.013/1.064,
Time: 00d 00h 11m 19s, num timesteps 54720, FPS 80,
	Rewards: per step mean/med/min/max, rew: 0.0038/0.0011/0.0000/0.0584,
	Losses: Policy Loss value/action/dist: 0.037/-0.013/1.064,
Time: 00d 00h 11m 22s, num timesteps 54960, FPS 80,
	Rewards: per step mean/med/min/max, rew: 0.0038/0.0011/0.0000/0.0584,
	Losses: Policy Loss value/action/dist: 0.037/-0.013/1.064,
Time: 00d 00h 11m 27s, num timesteps 55200, FPS 80,
	Rewards: per step mean/med/min/max, rew: 0.0037/0.0011/0.0000/0.0584,
	Losses: Policy Loss value/action/dist: 0.038/-0.013/1.062,
Time: 00d 00h 11m 30s, num timesteps 55440, FPS 80,
	Rewards: per step mean/med/min/max, rew: 0.0037/0.0010/0.0000/0.0584,
	Losses: Policy Loss value/action/dist: 0.038/-0.013/1.062,
Time: 00d 00h 11m 33s, num timesteps 55680, FPS 80,
	Rewards: per step mean/med/min/max, rew: 0.0037/0.0010/0.0000/0.0584,
	Losses: Policy Loss value/action/dist: 0.038/-0.013/1.062,
Time: 00d 00h 11m 35s, num timesteps 55920, FPS 80,
	Rewards: per step mean/med/min/max, rew: 0.0036/0.0010/0.0000/0.0584,
	Losses: Policy Loss value/action/dist: 0.038/-0.013/1.062,
Time: 00d 00h 11m 38s, num timesteps 56160, FPS 80,
	Rewards: per step mean/med/min/max, rew: 0.0036/0.0010/0.0000/0.0584,
	Losses: Policy Loss value/action/dist: 0.038/-0.013/1.062,
Time: 00d 00h 11m 41s, num timesteps 56400, FPS 80,
	Rewards: per step mean/med/min/max, rew: 0.0036/0.0010/0.0000/0.0584,
	Losses: Policy Loss value/action/dist: 0.038/-0.013/1.062,
Time: 00d 00h 11m 44s, num timesteps 56640, FPS 80,
	Rewards: per step mean/med/min/max, rew: 0.0036/0.0010/0.0000/0.0584,
	Losses: Policy Loss value/action/dist: 0.038/-0.013/1.062,
Time: 00d 00h 11m 46s, num timesteps 56880, FPS 80,
	Rewards: per step mean/med/min/max, rew: 0.0036/0.0010/0.0000/0.0584,
	Losses: Policy Loss value/action/dist: 0.038/-0.013/1.062,
Time: 00d 00h 11m 49s, num timesteps 57120, FPS 80,
	Rewards: per step mean/med/min/max, rew: 0.0036/0.0010/0.0000/0.0584,
	Losses: Policy Loss value/action/dist: 0.038/-0.013/1.062,
Time: 00d 00h 11m 52s, num timesteps 57360, FPS 80,
	Rewards: per step mean/med/min/max, rew: 0.0036/0.0010/0.0000/0.0584,
	Losses: Policy Loss value/action/dist: 0.038/-0.013/1.062,
Time: 00d 00h 11m 57s, num timesteps 57600, FPS 80,
	Rewards: per step mean/med/min/max, rew: 0.0036/0.0010/0.0000/0.0584,
	Losses: Policy Loss value/action/dist: 0.037/-0.013/1.060,
Time: 00d 00h 12m 00s, num timesteps 57840, FPS 80,
	Rewards: per step mean/med/min/max, rew: 0.0036/0.0010/0.0000/0.0584,
	Losses: Policy Loss value/action/dist: 0.037/-0.013/1.060,
Time: 00d 00h 12m 02s, num timesteps 58080, FPS 80,
	Rewards: per step mean/med/min/max, rew: 0.0036/0.0010/0.0000/0.0584,
	Losses: Policy Loss value/action/dist: 0.037/-0.013/1.060,
Time: 00d 00h 12m 05s, num timesteps 58320, FPS 80,
	Rewards: per step mean/med/min/max, rew: 0.0036/0.0010/0.0000/0.0584,
	Losses: Policy Loss value/action/dist: 0.037/-0.013/1.060,
Time: 00d 00h 12m 08s, num timesteps 58560, FPS 80,
	Rewards: per step mean/med/min/max, rew: 0.0035/0.0010/0.0000/0.0584,
	Losses: Policy Loss value/action/dist: 0.037/-0.013/1.060,
Time: 00d 00h 12m 11s, num timesteps 58800, FPS 80,
	Rewards: per step mean/med/min/max, rew: 0.0035/0.0010/0.0000/0.0584,
	Losses: Policy Loss value/action/dist: 0.037/-0.013/1.060,
Time: 00d 00h 12m 13s, num timesteps 59040, FPS 80,
	Rewards: per step mean/med/min/max, rew: 0.0035/0.0010/0.0000/0.0584,
	Losses: Policy Loss value/action/dist: 0.037/-0.013/1.060,
Time: 00d 00h 12m 16s, num timesteps 59280, FPS 80,
	Rewards: per step mean/med/min/max, rew: 0.0035/0.0010/0.0000/0.0584,
	Losses: Policy Loss value/action/dist: 0.037/-0.013/1.060,
Time: 00d 00h 12m 19s, num timesteps 59520, FPS 80,
	Rewards: per step mean/med/min/max, rew: 0.0035/0.0010/0.0000/0.0584,
	Losses: Policy Loss value/action/dist: 0.037/-0.013/1.060,
Time: 00d 00h 12m 21s, num timesteps 59760, FPS 80,
	Rewards: per step mean/med/min/max, rew: 0.0035/0.0010/0.0000/0.0584,
	Losses: Policy Loss value/action/dist: 0.037/-0.013/1.060,
Env 0's episode over in 2498 step, 98 local step, reset maps
Env 1's episode over in 2498 step, 98 local step, reset maps
Env 2's episode over in 2498 step, 98 local step, reset maps
Env 3's episode over in 2498 step, 98 local step, reset maps
Env 4's episode over in 2498 step, 98 local step, reset maps
Env 5's episode over in 2498 step, 98 local step, reset maps
Env 6's episode over in 2498 step, 98 local step, reset maps
Env 7's episode over in 2498 step, 98 local step, reset maps
Env 8's episode over in 2498 step, 98 local step, reset maps
Env 9's episode over in 2498 step, 98 local step, reset maps
Env 10's episode over in 2498 step, 98 local step, reset maps
Env 11's episode over in 2498 step, 98 local step, reset maps
Env 12's episode over in 2498 step, 98 local step, reset maps
Env 13's episode over in 2498 step, 98 local step, reset maps
Env 14's episode over in 2498 step, 98 local step, reset maps
Env 15's episode over in 2498 step, 98 local step, reset maps
Env 16's episode over in 2498 step, 98 local step, reset maps
Env 17's episode over in 2498 step, 98 local step, reset maps
Env 18's episode over in 2498 step, 98 local step, reset maps
Env 19's episode over in 2498 step, 98 local step, reset maps
Env 20's episode over in 2498 step, 98 local step, reset maps
Env 21's episode over in 2498 step, 98 local step, reset maps
Env 22's episode over in 2498 step, 98 local step, reset maps
Env 23's episode over in 2498 step, 98 local step, reset maps
episode over in 2499 step, 99 local step, rollouts done;
 episode mean reward=1.744919776916504
Time: 00d 00h 12m 27s, num timesteps 60000, FPS 80,
	Rewards: per step mean/med/min/max, rew: 0.0035/0.0010/0.0000/0.0584,
	Losses: Policy Loss value/action/dist: 0.036/-0.013/1.058,
Time: 00d 00h 12m 30s, num timesteps 60240, FPS 80,
	Rewards: per step mean/med/min/max, rew: 0.0034/0.0010/0.0000/0.0584,
	Losses: Policy Loss value/action/dist: 0.036/-0.013/1.058,
Time: 00d 00h 12m 32s, num timesteps 60480, FPS 80,
	Rewards: per step mean/med/min/max, rew: 0.0034/0.0010/0.0000/0.0584,
	Losses: Policy Loss value/action/dist: 0.036/-0.013/1.058,
Time: 00d 00h 12m 35s, num timesteps 60720, FPS 80,
	Rewards: per step mean/med/min/max, rew: 0.0035/0.0010/0.0000/0.0584,
	Losses: Policy Loss value/action/dist: 0.036/-0.013/1.058,
Time: 00d 00h 12m 38s, num timesteps 60960, FPS 80,
	Rewards: per step mean/med/min/max, rew: 0.0035/0.0011/0.0000/0.0584,
	Losses: Policy Loss value/action/dist: 0.036/-0.013/1.058,
Time: 00d 00h 12m 40s, num timesteps 61200, FPS 80,
	Rewards: per step mean/med/min/max, rew: 0.0035/0.0010/0.0000/0.0584,
	Losses: Policy Loss value/action/dist: 0.036/-0.013/1.058,
Time: 00d 00h 12m 43s, num timesteps 61440, FPS 80,
	Rewards: per step mean/med/min/max, rew: 0.0035/0.0010/0.0000/0.0584,
	Losses: Policy Loss value/action/dist: 0.036/-0.013/1.058,
Time: 00d 00h 12m 46s, num timesteps 61680, FPS 80,
	Rewards: per step mean/med/min/max, rew: 0.0035/0.0010/0.0000/0.0584,
	Losses: Policy Loss value/action/dist: 0.036/-0.013/1.058,
Time: 00d 00h 12m 48s, num timesteps 61920, FPS 80,
	Rewards: per step mean/med/min/max, rew: 0.0035/0.0010/0.0000/0.0584,
	Losses: Policy Loss value/action/dist: 0.036/-0.013/1.058,
Time: 00d 00h 12m 51s, num timesteps 62160, FPS 80,
	Rewards: per step mean/med/min/max, rew: 0.0035/0.0010/0.0000/0.0584,
	Losses: Policy Loss value/action/dist: 0.036/-0.013/1.058,
Time: 00d 00h 12m 56s, num timesteps 62400, FPS 80,
	Rewards: per step mean/med/min/max, rew: 0.0035/0.0010/0.0000/0.0584,
	Losses: Policy Loss value/action/dist: 0.038/-0.013/1.057,
Time: 00d 00h 12m 59s, num timesteps 62640, FPS 80,
	Rewards: per step mean/med/min/max, rew: 0.0035/0.0010/0.0000/0.0584,
	Losses: Policy Loss value/action/dist: 0.038/-0.013/1.057,
Time: 00d 00h 13m 02s, num timesteps 62880, FPS 80,
	Rewards: per step mean/med/min/max, rew: 0.0036/0.0010/0.0000/0.0584,
	Losses: Policy Loss value/action/dist: 0.038/-0.013/1.057,
Time: 00d 00h 13m 04s, num timesteps 63120, FPS 80,
	Rewards: per step mean/med/min/max, rew: 0.0035/0.0009/0.0000/0.0584,
	Losses: Policy Loss value/action/dist: 0.038/-0.013/1.057,
Time: 00d 00h 13m 07s, num timesteps 63360, FPS 80,
	Rewards: per step mean/med/min/max, rew: 0.0035/0.0009/0.0000/0.0584,
	Losses: Policy Loss value/action/dist: 0.038/-0.013/1.057,
Time: 00d 00h 13m 10s, num timesteps 63600, FPS 80,
	Rewards: per step mean/med/min/max, rew: 0.0035/0.0009/0.0000/0.0584,
	Losses: Policy Loss value/action/dist: 0.038/-0.013/1.057,
Time: 00d 00h 13m 13s, num timesteps 63840, FPS 80,
	Rewards: per step mean/med/min/max, rew: 0.0035/0.0009/0.0000/0.0584,
	Losses: Policy Loss value/action/dist: 0.038/-0.013/1.057,
Time: 00d 00h 13m 15s, num timesteps 64080, FPS 80,
	Rewards: per step mean/med/min/max, rew: 0.0035/0.0009/0.0000/0.0584,
	Losses: Policy Loss value/action/dist: 0.038/-0.013/1.057,
Time: 00d 00h 13m 18s, num timesteps 64320, FPS 80,
	Rewards: per step mean/med/min/max, rew: 0.0035/0.0009/0.0000/0.0584,
	Losses: Policy Loss value/action/dist: 0.038/-0.013/1.057,
Time: 00d 00h 13m 21s, num timesteps 64560, FPS 80,
	Rewards: per step mean/med/min/max, rew: 0.0035/0.0009/0.0000/0.0584,
	Losses: Policy Loss value/action/dist: 0.038/-0.013/1.057,
Time: 00d 00h 13m 26s, num timesteps 64800, FPS 80,
	Rewards: per step mean/med/min/max, rew: 0.0035/0.0009/0.0000/0.0584,
	Losses: Policy Loss value/action/dist: 0.038/-0.013/1.054,
Time: 00d 00h 13m 29s, num timesteps 65040, FPS 80,
	Rewards: per step mean/med/min/max, rew: 0.0035/0.0009/0.0000/0.0584,
	Losses: Policy Loss value/action/dist: 0.038/-0.013/1.054,
Time: 00d 00h 13m 31s, num timesteps 65280, FPS 80,
	Rewards: per step mean/med/min/max, rew: 0.0035/0.0009/0.0000/0.0584,
	Losses: Policy Loss value/action/dist: 0.038/-0.013/1.054,
Time: 00d 00h 13m 34s, num timesteps 65520, FPS 80,
	Rewards: per step mean/med/min/max, rew: 0.0034/0.0009/0.0000/0.0584,
	Losses: Policy Loss value/action/dist: 0.038/-0.013/1.054,
Time: 00d 00h 13m 37s, num timesteps 65760, FPS 80,
	Rewards: per step mean/med/min/max, rew: 0.0035/0.0009/0.0000/0.0584,
	Losses: Policy Loss value/action/dist: 0.038/-0.013/1.054,
Time: 00d 00h 13m 39s, num timesteps 66000, FPS 80,
	Rewards: per step mean/med/min/max, rew: 0.0035/0.0009/0.0000/0.0584,
	Losses: Policy Loss value/action/dist: 0.038/-0.013/1.054,
Time: 00d 00h 13m 42s, num timesteps 66240, FPS 80,
	Rewards: per step mean/med/min/max, rew: 0.0035/0.0009/0.0000/0.0584,
	Losses: Policy Loss value/action/dist: 0.038/-0.013/1.054,
Time: 00d 00h 13m 45s, num timesteps 66480, FPS 80,
	Rewards: per step mean/med/min/max, rew: 0.0035/0.0009/0.0000/0.0584,
	Losses: Policy Loss value/action/dist: 0.038/-0.013/1.054,
Time: 00d 00h 13m 47s, num timesteps 66720, FPS 80,
	Rewards: per step mean/med/min/max, rew: 0.0035/0.0009/0.0000/0.0584,
	Losses: Policy Loss value/action/dist: 0.038/-0.013/1.054,
Time: 00d 00h 13m 50s, num timesteps 66960, FPS 80,
	Rewards: per step mean/med/min/max, rew: 0.0036/0.0009/0.0000/0.0584,
	Losses: Policy Loss value/action/dist: 0.038/-0.013/1.054,
Time: 00d 00h 13m 55s, num timesteps 67200, FPS 80,
	Rewards: per step mean/med/min/max, rew: 0.0036/0.0010/0.0000/0.0584,
	Losses: Policy Loss value/action/dist: 0.039/-0.013/1.053,
Time: 00d 00h 13m 58s, num timesteps 67440, FPS 80,
	Rewards: per step mean/med/min/max, rew: 0.0036/0.0010/0.0000/0.0584,
	Losses: Policy Loss value/action/dist: 0.039/-0.013/1.053,
Time: 00d 00h 14m 01s, num timesteps 67680, FPS 80,
	Rewards: per step mean/med/min/max, rew: 0.0036/0.0010/0.0000/0.0584,
	Losses: Policy Loss value/action/dist: 0.039/-0.013/1.053,
Time: 00d 00h 14m 04s, num timesteps 67920, FPS 80,
	Rewards: per step mean/med/min/max, rew: 0.0036/0.0010/0.0000/0.0584,
	Losses: Policy Loss value/action/dist: 0.039/-0.013/1.053,
Time: 00d 00h 14m 06s, num timesteps 68160, FPS 80,
	Rewards: per step mean/med/min/max, rew: 0.0036/0.0010/0.0000/0.0584,
	Losses: Policy Loss value/action/dist: 0.039/-0.013/1.053,
Time: 00d 00h 14m 09s, num timesteps 68400, FPS 80,
	Rewards: per step mean/med/min/max, rew: 0.0036/0.0010/0.0000/0.0584,
	Losses: Policy Loss value/action/dist: 0.039/-0.013/1.053,
Time: 00d 00h 14m 12s, num timesteps 68640, FPS 80,
	Rewards: per step mean/med/min/max, rew: 0.0037/0.0011/0.0000/0.0584,
	Losses: Policy Loss value/action/dist: 0.039/-0.013/1.053,
Time: 00d 00h 14m 15s, num timesteps 68880, FPS 80,
	Rewards: per step mean/med/min/max, rew: 0.0037/0.0011/0.0000/0.0584,
	Losses: Policy Loss value/action/dist: 0.039/-0.013/1.053,
Time: 00d 00h 14m 17s, num timesteps 69120, FPS 80,
	Rewards: per step mean/med/min/max, rew: 0.0037/0.0011/0.0000/0.0584,
	Losses: Policy Loss value/action/dist: 0.039/-0.013/1.053,
Time: 00d 00h 14m 20s, num timesteps 69360, FPS 80,
	Rewards: per step mean/med/min/max, rew: 0.0036/0.0010/0.0000/0.0584,
	Losses: Policy Loss value/action/dist: 0.039/-0.013/1.053,
Time: 00d 00h 14m 25s, num timesteps 69600, FPS 80,
	Rewards: per step mean/med/min/max, rew: 0.0037/0.0011/0.0000/0.0584,
	Losses: Policy Loss value/action/dist: 0.039/-0.013/1.051,
Time: 00d 00h 14m 28s, num timesteps 69840, FPS 80,
	Rewards: per step mean/med/min/max, rew: 0.0037/0.0011/0.0000/0.0584,
	Losses: Policy Loss value/action/dist: 0.039/-0.013/1.051,
Time: 00d 00h 14m 31s, num timesteps 70080, FPS 80,
	Rewards: per step mean/med/min/max, rew: 0.0037/0.0011/0.0000/0.0584,
	Losses: Policy Loss value/action/dist: 0.039/-0.013/1.051,
Time: 00d 00h 14m 33s, num timesteps 70320, FPS 80,
	Rewards: per step mean/med/min/max, rew: 0.0037/0.0011/0.0000/0.0584,
	Losses: Policy Loss value/action/dist: 0.039/-0.013/1.051,
Time: 00d 00h 14m 36s, num timesteps 70560, FPS 80,
	Rewards: per step mean/med/min/max, rew: 0.0037/0.0011/0.0000/0.0584,
	Losses: Policy Loss value/action/dist: 0.039/-0.013/1.051,
Time: 00d 00h 14m 39s, num timesteps 70800, FPS 80,
	Rewards: per step mean/med/min/max, rew: 0.0036/0.0010/0.0000/0.0584,
	Losses: Policy Loss value/action/dist: 0.039/-0.013/1.051,
Time: 00d 00h 14m 41s, num timesteps 71040, FPS 80,
	Rewards: per step mean/med/min/max, rew: 0.0037/0.0010/0.0000/0.0584,
	Losses: Policy Loss value/action/dist: 0.039/-0.013/1.051,
Time: 00d 00h 14m 44s, num timesteps 71280, FPS 80,
	Rewards: per step mean/med/min/max, rew: 0.0037/0.0011/0.0000/0.0584,
	Losses: Policy Loss value/action/dist: 0.039/-0.013/1.051,
Time: 00d 00h 14m 47s, num timesteps 71520, FPS 80,
	Rewards: per step mean/med/min/max, rew: 0.0037/0.0010/0.0000/0.0584,
	Losses: Policy Loss value/action/dist: 0.039/-0.013/1.051,
Time: 00d 00h 14m 49s, num timesteps 71760, FPS 80,
	Rewards: per step mean/med/min/max, rew: 0.0037/0.0010/0.0000/0.0584,
	Losses: Policy Loss value/action/dist: 0.039/-0.013/1.051,
Env 0's episode over in 2998 step, 98 local step, reset maps
Env 1's episode over in 2998 step, 98 local step, reset maps
Env 2's episode over in 2998 step, 98 local step, reset maps
Env 3's episode over in 2998 step, 98 local step, reset maps
Env 4's episode over in 2998 step, 98 local step, reset maps
Env 5's episode over in 2998 step, 98 local step, reset maps
Env 6's episode over in 2998 step, 98 local step, reset maps
Env 7's episode over in 2998 step, 98 local step, reset maps
Env 8's episode over in 2998 step, 98 local step, reset maps
Env 9's episode over in 2998 step, 98 local step, reset maps
Env 10's episode over in 2998 step, 98 local step, reset maps
Env 11's episode over in 2998 step, 98 local step, reset maps
Env 12's episode over in 2998 step, 98 local step, reset maps
Env 13's episode over in 2998 step, 98 local step, reset maps
Env 14's episode over in 2998 step, 98 local step, reset maps
Env 15's episode over in 2998 step, 98 local step, reset maps
Env 16's episode over in 2998 step, 98 local step, reset maps
Env 17's episode over in 2998 step, 98 local step, reset maps
Env 18's episode over in 2998 step, 98 local step, reset maps
Env 19's episode over in 2998 step, 98 local step, reset maps
Env 20's episode over in 2998 step, 98 local step, reset maps
Env 21's episode over in 2998 step, 98 local step, reset maps
Env 22's episode over in 2998 step, 98 local step, reset maps
Env 23's episode over in 2998 step, 98 local step, reset maps
episode over in 2999 step, 99 local step, rollouts done;
 episode mean reward=2.0601816177368164
Time: 00d 00h 14m 55s, num timesteps 72000, FPS 80,
	Rewards: per step mean/med/min/max, rew: 0.0038/0.0011/0.0000/0.0584,
	Losses: Policy Loss value/action/dist: 0.040/-0.013/1.049,
Time: 00d 00h 14m 57s, num timesteps 72240, FPS 80,
	Rewards: per step mean/med/min/max, rew: 0.0039/0.0011/0.0000/0.0584,
	Losses: Policy Loss value/action/dist: 0.040/-0.013/1.049,
Time: 00d 00h 15m 00s, num timesteps 72480, FPS 80,
	Rewards: per step mean/med/min/max, rew: 0.0039/0.0011/0.0000/0.0584,
	Losses: Policy Loss value/action/dist: 0.040/-0.013/1.049,
Time: 00d 00h 15m 03s, num timesteps 72720, FPS 80,
	Rewards: per step mean/med/min/max, rew: 0.0037/0.0011/0.0000/0.0503,
	Losses: Policy Loss value/action/dist: 0.040/-0.013/1.049,
Time: 00d 00h 15m 05s, num timesteps 72960, FPS 80,
	Rewards: per step mean/med/min/max, rew: 0.0038/0.0012/0.0000/0.0503,
	Losses: Policy Loss value/action/dist: 0.040/-0.013/1.049,
Time: 00d 00h 15m 08s, num timesteps 73200, FPS 80,
	Rewards: per step mean/med/min/max, rew: 0.0038/0.0012/0.0000/0.0503,
	Losses: Policy Loss value/action/dist: 0.040/-0.013/1.049,
Time: 00d 00h 15m 11s, num timesteps 73440, FPS 80,
	Rewards: per step mean/med/min/max, rew: 0.0039/0.0012/0.0000/0.0503,
	Losses: Policy Loss value/action/dist: 0.040/-0.013/1.049,
Time: 00d 00h 15m 14s, num timesteps 73680, FPS 80,
	Rewards: per step mean/med/min/max, rew: 0.0040/0.0012/0.0000/0.0503,
	Losses: Policy Loss value/action/dist: 0.040/-0.013/1.049,
Time: 00d 00h 15m 16s, num timesteps 73920, FPS 80,
	Rewards: per step mean/med/min/max, rew: 0.0040/0.0012/0.0000/0.0503,
	Losses: Policy Loss value/action/dist: 0.040/-0.013/1.049,
Time: 00d 00h 15m 19s, num timesteps 74160, FPS 80,
	Rewards: per step mean/med/min/max, rew: 0.0040/0.0012/0.0000/0.0503,
	Losses: Policy Loss value/action/dist: 0.040/-0.013/1.049,
Time: 00d 00h 15m 24s, num timesteps 74400, FPS 80,
	Rewards: per step mean/med/min/max, rew: 0.0040/0.0012/0.0000/0.0503,
	Losses: Policy Loss value/action/dist: 0.042/-0.013/1.048,
Time: 00d 00h 15m 27s, num timesteps 74640, FPS 80,
	Rewards: per step mean/med/min/max, rew: 0.0039/0.0012/0.0000/0.0503,
	Losses: Policy Loss value/action/dist: 0.042/-0.013/1.048,
Time: 00d 00h 15m 29s, num timesteps 74880, FPS 80,
	Rewards: per step mean/med/min/max, rew: 0.0040/0.0012/0.0000/0.0503,
	Losses: Policy Loss value/action/dist: 0.042/-0.013/1.048,
Time: 00d 00h 15m 32s, num timesteps 75120, FPS 80,
	Rewards: per step mean/med/min/max, rew: 0.0040/0.0012/0.0000/0.0503,
	Losses: Policy Loss value/action/dist: 0.042/-0.013/1.048,
Time: 00d 00h 15m 35s, num timesteps 75360, FPS 80,
	Rewards: per step mean/med/min/max, rew: 0.0041/0.0012/0.0000/0.0503,
	Losses: Policy Loss value/action/dist: 0.042/-0.013/1.048,
Time: 00d 00h 15m 37s, num timesteps 75600, FPS 80,
	Rewards: per step mean/med/min/max, rew: 0.0040/0.0012/0.0000/0.0503,
	Losses: Policy Loss value/action/dist: 0.042/-0.013/1.048,
Time: 00d 00h 15m 40s, num timesteps 75840, FPS 80,
	Rewards: per step mean/med/min/max, rew: 0.0040/0.0012/0.0000/0.0503,
	Losses: Policy Loss value/action/dist: 0.042/-0.013/1.048,
Time: 00d 00h 15m 43s, num timesteps 76080, FPS 80,
	Rewards: per step mean/med/min/max, rew: 0.0039/0.0012/0.0000/0.0503,
	Losses: Policy Loss value/action/dist: 0.042/-0.013/1.048,
Time: 00d 00h 15m 45s, num timesteps 76320, FPS 80,
	Rewards: per step mean/med/min/max, rew: 0.0039/0.0012/0.0000/0.0503,
	Losses: Policy Loss value/action/dist: 0.042/-0.013/1.048,
Time: 00d 00h 15m 48s, num timesteps 76560, FPS 80,
	Rewards: per step mean/med/min/max, rew: 0.0039/0.0012/0.0000/0.0503,
	Losses: Policy Loss value/action/dist: 0.042/-0.013/1.048,
Time: 00d 00h 15m 53s, num timesteps 76800, FPS 80,
	Rewards: per step mean/med/min/max, rew: 0.0039/0.0012/0.0000/0.0503,
	Losses: Policy Loss value/action/dist: 0.043/-0.013/1.046,
Time: 00d 00h 15m 56s, num timesteps 77040, FPS 80,
	Rewards: per step mean/med/min/max, rew: 0.0039/0.0012/0.0000/0.0503,
	Losses: Policy Loss value/action/dist: 0.043/-0.013/1.046,
Time: 00d 00h 15m 59s, num timesteps 77280, FPS 80,
	Rewards: per step mean/med/min/max, rew: 0.0038/0.0012/0.0000/0.0503,
	Losses: Policy Loss value/action/dist: 0.043/-0.013/1.046,
Time: 00d 00h 16m 01s, num timesteps 77520, FPS 80,
	Rewards: per step mean/med/min/max, rew: 0.0038/0.0012/0.0000/0.0503,
	Losses: Policy Loss value/action/dist: 0.043/-0.013/1.046,
Time: 00d 00h 16m 04s, num timesteps 77760, FPS 80,
	Rewards: per step mean/med/min/max, rew: 0.0038/0.0012/0.0000/0.0503,
	Losses: Policy Loss value/action/dist: 0.043/-0.013/1.046,
Time: 00d 00h 16m 07s, num timesteps 78000, FPS 80,
	Rewards: per step mean/med/min/max, rew: 0.0038/0.0012/0.0000/0.0503,
	Losses: Policy Loss value/action/dist: 0.043/-0.013/1.046,
Time: 00d 00h 16m 10s, num timesteps 78240, FPS 80,
	Rewards: per step mean/med/min/max, rew: 0.0038/0.0012/0.0000/0.0503,
	Losses: Policy Loss value/action/dist: 0.043/-0.013/1.046,
Time: 00d 00h 16m 12s, num timesteps 78480, FPS 80,
	Rewards: per step mean/med/min/max, rew: 0.0038/0.0012/0.0000/0.0503,
	Losses: Policy Loss value/action/dist: 0.043/-0.013/1.046,
Time: 00d 00h 16m 15s, num timesteps 78720, FPS 80,
	Rewards: per step mean/med/min/max, rew: 0.0038/0.0012/0.0000/0.0503,
	Losses: Policy Loss value/action/dist: 0.043/-0.013/1.046,
Time: 00d 00h 16m 18s, num timesteps 78960, FPS 80,
	Rewards: per step mean/med/min/max, rew: 0.0038/0.0012/0.0000/0.0503,
	Losses: Policy Loss value/action/dist: 0.043/-0.013/1.046,
Time: 00d 00h 16m 23s, num timesteps 79200, FPS 80,
	Rewards: per step mean/med/min/max, rew: 0.0038/0.0012/0.0000/0.0503,
	Losses: Policy Loss value/action/dist: 0.042/-0.013/1.045,
Time: 00d 00h 16m 26s, num timesteps 79440, FPS 80,
	Rewards: per step mean/med/min/max, rew: 0.0038/0.0012/0.0000/0.0503,
	Losses: Policy Loss value/action/dist: 0.042/-0.013/1.045,
Time: 00d 00h 16m 28s, num timesteps 79680, FPS 80,
	Rewards: per step mean/med/min/max, rew: 0.0039/0.0012/0.0000/0.0503,
	Losses: Policy Loss value/action/dist: 0.042/-0.013/1.045,
Time: 00d 00h 16m 31s, num timesteps 79920, FPS 80,
	Rewards: per step mean/med/min/max, rew: 0.0039/0.0012/0.0000/0.0503,
	Losses: Policy Loss value/action/dist: 0.042/-0.013/1.045,
Time: 00d 00h 16m 34s, num timesteps 80160, FPS 80,
	Rewards: per step mean/med/min/max, rew: 0.0040/0.0013/0.0000/0.0503,
	Losses: Policy Loss value/action/dist: 0.042/-0.013/1.045,
Time: 00d 00h 16m 36s, num timesteps 80400, FPS 80,
	Rewards: per step mean/med/min/max, rew: 0.0040/0.0013/0.0000/0.0503,
	Losses: Policy Loss value/action/dist: 0.042/-0.013/1.045,
Time: 00d 00h 16m 39s, num timesteps 80640, FPS 80,
	Rewards: per step mean/med/min/max, rew: 0.0040/0.0012/0.0000/0.0503,
	Losses: Policy Loss value/action/dist: 0.042/-0.013/1.045,
Time: 00d 00h 16m 42s, num timesteps 80880, FPS 80,
	Rewards: per step mean/med/min/max, rew: 0.0039/0.0012/0.0000/0.0503,
	Losses: Policy Loss value/action/dist: 0.042/-0.013/1.045,
Time: 00d 00h 16m 45s, num timesteps 81120, FPS 80,
	Rewards: per step mean/med/min/max, rew: 0.0039/0.0012/0.0000/0.0503,
	Losses: Policy Loss value/action/dist: 0.042/-0.013/1.045,
Time: 00d 00h 16m 47s, num timesteps 81360, FPS 80,
	Rewards: per step mean/med/min/max, rew: 0.0040/0.0013/0.0000/0.0503,
	Losses: Policy Loss value/action/dist: 0.042/-0.013/1.045,
Time: 00d 00h 16m 53s, num timesteps 81600, FPS 80,
	Rewards: per step mean/med/min/max, rew: 0.0039/0.0012/0.0000/0.0503,
	Losses: Policy Loss value/action/dist: 0.042/-0.013/1.044,
Time: 00d 00h 16m 55s, num timesteps 81840, FPS 80,
	Rewards: per step mean/med/min/max, rew: 0.0039/0.0012/0.0000/0.0503,
	Losses: Policy Loss value/action/dist: 0.042/-0.013/1.044,
Time: 00d 00h 16m 58s, num timesteps 82080, FPS 80,
	Rewards: per step mean/med/min/max, rew: 0.0040/0.0012/0.0000/0.0503,
	Losses: Policy Loss value/action/dist: 0.042/-0.013/1.044,
Time: 00d 00h 17m 01s, num timesteps 82320, FPS 80,
	Rewards: per step mean/med/min/max, rew: 0.0040/0.0012/0.0000/0.0503,
	Losses: Policy Loss value/action/dist: 0.042/-0.013/1.044,
Time: 00d 00h 17m 03s, num timesteps 82560, FPS 80,
	Rewards: per step mean/med/min/max, rew: 0.0040/0.0012/0.0000/0.0503,
	Losses: Policy Loss value/action/dist: 0.042/-0.013/1.044,
Time: 00d 00h 17m 06s, num timesteps 82800, FPS 80,
	Rewards: per step mean/med/min/max, rew: 0.0041/0.0012/0.0000/0.0503,
	Losses: Policy Loss value/action/dist: 0.042/-0.013/1.044,
Time: 00d 00h 17m 09s, num timesteps 83040, FPS 80,
	Rewards: per step mean/med/min/max, rew: 0.0041/0.0012/0.0000/0.0503,
	Losses: Policy Loss value/action/dist: 0.042/-0.013/1.044,
Time: 00d 00h 17m 12s, num timesteps 83280, FPS 80,
	Rewards: per step mean/med/min/max, rew: 0.0041/0.0012/0.0000/0.0503,
	Losses: Policy Loss value/action/dist: 0.042/-0.013/1.044,
Time: 00d 00h 17m 14s, num timesteps 83520, FPS 80,
	Rewards: per step mean/med/min/max, rew: 0.0041/0.0012/0.0000/0.0503,
	Losses: Policy Loss value/action/dist: 0.042/-0.013/1.044,
Time: 00d 00h 17m 17s, num timesteps 83760, FPS 80,
	Rewards: per step mean/med/min/max, rew: 0.0040/0.0012/0.0000/0.0503,
	Losses: Policy Loss value/action/dist: 0.042/-0.013/1.044,
Env 0's episode over in 3498 step, 98 local step, reset maps
Env 1's episode over in 3498 step, 98 local step, reset maps
Env 2's episode over in 3498 step, 98 local step, reset maps
Env 3's episode over in 3498 step, 98 local step, reset maps
Env 4's episode over in 3498 step, 98 local step, reset maps
Env 5's episode over in 3498 step, 98 local step, reset maps
Env 6's episode over in 3498 step, 98 local step, reset maps
Env 7's episode over in 3498 step, 98 local step, reset maps
Env 8's episode over in 3498 step, 98 local step, reset maps
Env 9's episode over in 3498 step, 98 local step, reset maps
Env 10's episode over in 3498 step, 98 local step, reset maps
Env 11's episode over in 3498 step, 98 local step, reset maps
Env 12's episode over in 3498 step, 98 local step, reset maps
Env 13's episode over in 3498 step, 98 local step, reset maps
Env 14's episode over in 3498 step, 98 local step, reset maps
Env 15's episode over in 3498 step, 98 local step, reset maps
Env 16's episode over in 3498 step, 98 local step, reset maps
Env 17's episode over in 3498 step, 98 local step, reset maps
Env 18's episode over in 3498 step, 98 local step, reset maps
Env 19's episode over in 3498 step, 98 local step, reset maps
Env 20's episode over in 3498 step, 98 local step, reset maps
Env 21's episode over in 3498 step, 98 local step, reset maps
Env 22's episode over in 3498 step, 98 local step, reset maps
Env 23's episode over in 3498 step, 98 local step, reset maps
episode over in 3499 step, 99 local step, rollouts done;
 episode mean reward=1.976258635520935
Time: 00d 00h 17m 22s, num timesteps 84000, FPS 80,
	Rewards: per step mean/med/min/max, rew: 0.0040/0.0012/0.0000/0.0503,
	Losses: Policy Loss value/action/dist: 0.042/-0.013/1.043,
Time: 00d 00h 17m 25s, num timesteps 84240, FPS 80,
	Rewards: per step mean/med/min/max, rew: 0.0041/0.0012/0.0000/0.0503,
	Losses: Policy Loss value/action/dist: 0.042/-0.013/1.043,
Time: 00d 00h 17m 28s, num timesteps 84480, FPS 80,
	Rewards: per step mean/med/min/max, rew: 0.0040/0.0012/0.0000/0.0503,
	Losses: Policy Loss value/action/dist: 0.042/-0.013/1.043,
Time: 00d 00h 17m 30s, num timesteps 84720, FPS 80,
	Rewards: per step mean/med/min/max, rew: 0.0039/0.0011/0.0000/0.0503,
	Losses: Policy Loss value/action/dist: 0.042/-0.013/1.043,
Time: 00d 00h 17m 33s, num timesteps 84960, FPS 80,
	Rewards: per step mean/med/min/max, rew: 0.0039/0.0011/0.0000/0.0503,
	Losses: Policy Loss value/action/dist: 0.042/-0.013/1.043,
Time: 00d 00h 17m 36s, num timesteps 85200, FPS 80,
	Rewards: per step mean/med/min/max, rew: 0.0040/0.0012/0.0000/0.0503,
	Losses: Policy Loss value/action/dist: 0.042/-0.013/1.043,
Time: 00d 00h 17m 39s, num timesteps 85440, FPS 80,
	Rewards: per step mean/med/min/max, rew: 0.0040/0.0012/0.0000/0.0503,
	Losses: Policy Loss value/action/dist: 0.042/-0.013/1.043,
Time: 00d 00h 17m 41s, num timesteps 85680, FPS 80,
	Rewards: per step mean/med/min/max, rew: 0.0041/0.0012/0.0000/0.0503,
	Losses: Policy Loss value/action/dist: 0.042/-0.013/1.043,
Time: 00d 00h 17m 44s, num timesteps 85920, FPS 80,
	Rewards: per step mean/med/min/max, rew: 0.0042/0.0012/0.0000/0.0503,
	Losses: Policy Loss value/action/dist: 0.042/-0.013/1.043,
Time: 00d 00h 17m 47s, num timesteps 86160, FPS 80,
	Rewards: per step mean/med/min/max, rew: 0.0041/0.0012/0.0000/0.0503,
	Losses: Policy Loss value/action/dist: 0.042/-0.013/1.043,
Time: 00d 00h 17m 52s, num timesteps 86400, FPS 80,
	Rewards: per step mean/med/min/max, rew: 0.0042/0.0013/0.0000/0.0503,
	Losses: Policy Loss value/action/dist: 0.045/-0.013/1.042,
Time: 00d 00h 17m 55s, num timesteps 86640, FPS 80,
	Rewards: per step mean/med/min/max, rew: 0.0043/0.0013/0.0000/0.0503,
	Losses: Policy Loss value/action/dist: 0.045/-0.013/1.042,
Time: 00d 00h 17m 57s, num timesteps 86880, FPS 80,
	Rewards: per step mean/med/min/max, rew: 0.0043/0.0013/0.0000/0.0503,
	Losses: Policy Loss value/action/dist: 0.045/-0.013/1.042,
Time: 00d 00h 18m 00s, num timesteps 87120, FPS 80,
	Rewards: per step mean/med/min/max, rew: 0.0044/0.0014/0.0000/0.0503,
	Losses: Policy Loss value/action/dist: 0.045/-0.013/1.042,
Time: 00d 00h 18m 03s, num timesteps 87360, FPS 80,
	Rewards: per step mean/med/min/max, rew: 0.0045/0.0014/0.0000/0.0503,
	Losses: Policy Loss value/action/dist: 0.045/-0.013/1.042,
Time: 00d 00h 18m 06s, num timesteps 87600, FPS 80,
	Rewards: per step mean/med/min/max, rew: 0.0045/0.0014/0.0000/0.0503,
	Losses: Policy Loss value/action/dist: 0.045/-0.013/1.042,
Time: 00d 00h 18m 08s, num timesteps 87840, FPS 80,
	Rewards: per step mean/med/min/max, rew: 0.0045/0.0015/0.0000/0.0503,
	Losses: Policy Loss value/action/dist: 0.045/-0.013/1.042,
Time: 00d 00h 18m 11s, num timesteps 88080, FPS 80,
	Rewards: per step mean/med/min/max, rew: 0.0046/0.0016/0.0000/0.0503,
	Losses: Policy Loss value/action/dist: 0.045/-0.013/1.042,
Time: 00d 00h 18m 14s, num timesteps 88320, FPS 80,
	Rewards: per step mean/med/min/max, rew: 0.0046/0.0016/0.0000/0.0503,
	Losses: Policy Loss value/action/dist: 0.045/-0.013/1.042,
Time: 00d 00h 18m 16s, num timesteps 88560, FPS 80,
	Rewards: per step mean/med/min/max, rew: 0.0046/0.0016/0.0000/0.0503,
	Losses: Policy Loss value/action/dist: 0.045/-0.013/1.042,
Time: 00d 00h 18m 21s, num timesteps 88800, FPS 80,
	Rewards: per step mean/med/min/max, rew: 0.0046/0.0016/0.0000/0.0503,
	Losses: Policy Loss value/action/dist: 0.045/-0.013/1.040,
Time: 00d 00h 18m 24s, num timesteps 89040, FPS 80,
	Rewards: per step mean/med/min/max, rew: 0.0046/0.0016/0.0000/0.0503,
	Losses: Policy Loss value/action/dist: 0.045/-0.013/1.040,
Time: 00d 00h 18m 27s, num timesteps 89280, FPS 80,
	Rewards: per step mean/med/min/max, rew: 0.0045/0.0016/0.0000/0.0503,
	Losses: Policy Loss value/action/dist: 0.045/-0.013/1.040,
Time: 00d 00h 18m 30s, num timesteps 89520, FPS 80,
	Rewards: per step mean/med/min/max, rew: 0.0045/0.0016/0.0000/0.0503,
	Losses: Policy Loss value/action/dist: 0.045/-0.013/1.040,
Time: 00d 00h 18m 32s, num timesteps 89760, FPS 80,
	Rewards: per step mean/med/min/max, rew: 0.0045/0.0016/0.0000/0.0503,
	Losses: Policy Loss value/action/dist: 0.045/-0.013/1.040,
Time: 00d 00h 18m 35s, num timesteps 90000, FPS 80,
	Rewards: per step mean/med/min/max, rew: 0.0045/0.0015/0.0000/0.0503,
	Losses: Policy Loss value/action/dist: 0.045/-0.013/1.040,
Time: 00d 00h 18m 38s, num timesteps 90240, FPS 80,
	Rewards: per step mean/med/min/max, rew: 0.0044/0.0014/0.0000/0.0503,
	Losses: Policy Loss value/action/dist: 0.045/-0.013/1.040,
Time: 00d 00h 18m 40s, num timesteps 90480, FPS 80,
	Rewards: per step mean/med/min/max, rew: 0.0044/0.0014/0.0000/0.0503,
	Losses: Policy Loss value/action/dist: 0.045/-0.013/1.040,
Time: 00d 00h 18m 43s, num timesteps 90720, FPS 80,
	Rewards: per step mean/med/min/max, rew: 0.0044/0.0014/0.0000/0.0503,
	Losses: Policy Loss value/action/dist: 0.045/-0.013/1.040,
Time: 00d 00h 18m 46s, num timesteps 90960, FPS 80,
	Rewards: per step mean/med/min/max, rew: 0.0043/0.0014/0.0000/0.0503,
	Losses: Policy Loss value/action/dist: 0.045/-0.013/1.040,
Time: 00d 00h 18m 51s, num timesteps 91200, FPS 80,
	Rewards: per step mean/med/min/max, rew: 0.0043/0.0014/0.0000/0.0503,
	Losses: Policy Loss value/action/dist: 0.045/-0.013/1.039,
Time: 00d 00h 18m 54s, num timesteps 91440, FPS 80,
	Rewards: per step mean/med/min/max, rew: 0.0043/0.0014/0.0000/0.0499,
	Losses: Policy Loss value/action/dist: 0.045/-0.013/1.039,
Time: 00d 00h 18m 56s, num timesteps 91680, FPS 80,
	Rewards: per step mean/med/min/max, rew: 0.0043/0.0014/0.0000/0.0499,
	Losses: Policy Loss value/action/dist: 0.045/-0.013/1.039,
Time: 00d 00h 18m 59s, num timesteps 91920, FPS 80,
	Rewards: per step mean/med/min/max, rew: 0.0043/0.0013/0.0000/0.0499,
	Losses: Policy Loss value/action/dist: 0.045/-0.013/1.039,
Time: 00d 00h 19m 02s, num timesteps 92160, FPS 80,
	Rewards: per step mean/med/min/max, rew: 0.0043/0.0013/0.0000/0.0499,
	Losses: Policy Loss value/action/dist: 0.045/-0.013/1.039,
Time: 00d 00h 19m 04s, num timesteps 92400, FPS 80,
	Rewards: per step mean/med/min/max, rew: 0.0043/0.0013/0.0000/0.0499,
	Losses: Policy Loss value/action/dist: 0.045/-0.013/1.039,
Time: 00d 00h 19m 07s, num timesteps 92640, FPS 80,
	Rewards: per step mean/med/min/max, rew: 0.0042/0.0013/0.0000/0.0499,
	Losses: Policy Loss value/action/dist: 0.045/-0.013/1.039,
Time: 00d 00h 19m 10s, num timesteps 92880, FPS 80,
	Rewards: per step mean/med/min/max, rew: 0.0042/0.0013/0.0000/0.0499,
	Losses: Policy Loss value/action/dist: 0.045/-0.013/1.039,
Time: 00d 00h 19m 12s, num timesteps 93120, FPS 80,
	Rewards: per step mean/med/min/max, rew: 0.0043/0.0013/0.0000/0.0499,
	Losses: Policy Loss value/action/dist: 0.045/-0.013/1.039,
Time: 00d 00h 19m 15s, num timesteps 93360, FPS 80,
	Rewards: per step mean/med/min/max, rew: 0.0043/0.0013/0.0000/0.0499,
	Losses: Policy Loss value/action/dist: 0.045/-0.013/1.039,
Time: 00d 00h 19m 20s, num timesteps 93600, FPS 80,
	Rewards: per step mean/med/min/max, rew: 0.0042/0.0013/0.0000/0.0499,
	Losses: Policy Loss value/action/dist: 0.044/-0.013/1.038,
Time: 00d 00h 19m 23s, num timesteps 93840, FPS 80,
	Rewards: per step mean/med/min/max, rew: 0.0042/0.0013/0.0000/0.0499,
	Losses: Policy Loss value/action/dist: 0.044/-0.013/1.038,
Time: 00d 00h 19m 26s, num timesteps 94080, FPS 80,
	Rewards: per step mean/med/min/max, rew: 0.0042/0.0012/0.0000/0.0499,
	Losses: Policy Loss value/action/dist: 0.044/-0.013/1.038,
Time: 00d 00h 19m 29s, num timesteps 94320, FPS 80,
	Rewards: per step mean/med/min/max, rew: 0.0042/0.0013/0.0000/0.0499,
	Losses: Policy Loss value/action/dist: 0.044/-0.013/1.038,
Time: 00d 00h 19m 31s, num timesteps 94560, FPS 80,
	Rewards: per step mean/med/min/max, rew: 0.0041/0.0012/0.0000/0.0499,
	Losses: Policy Loss value/action/dist: 0.044/-0.013/1.038,
Time: 00d 00h 19m 34s, num timesteps 94800, FPS 80,
	Rewards: per step mean/med/min/max, rew: 0.0042/0.0013/0.0000/0.0499,
	Losses: Policy Loss value/action/dist: 0.044/-0.013/1.038,
Time: 00d 00h 19m 37s, num timesteps 95040, FPS 80,
	Rewards: per step mean/med/min/max, rew: 0.0041/0.0012/0.0000/0.0499,
	Losses: Policy Loss value/action/dist: 0.044/-0.013/1.038,
Time: 00d 00h 19m 39s, num timesteps 95280, FPS 80,
	Rewards: per step mean/med/min/max, rew: 0.0041/0.0012/0.0000/0.0499,
	Losses: Policy Loss value/action/dist: 0.044/-0.013/1.038,
Time: 00d 00h 19m 42s, num timesteps 95520, FPS 80,
	Rewards: per step mean/med/min/max, rew: 0.0041/0.0012/0.0000/0.0499,
	Losses: Policy Loss value/action/dist: 0.044/-0.013/1.038,
Time: 00d 00h 19m 45s, num timesteps 95760, FPS 80,
	Rewards: per step mean/med/min/max, rew: 0.0041/0.0012/0.0000/0.0499,
	Losses: Policy Loss value/action/dist: 0.044/-0.013/1.038,
Env 0's episode over in 3998 step, 98 local step, reset maps
Env 1's episode over in 3998 step, 98 local step, reset maps
Env 2's episode over in 3998 step, 98 local step, reset maps
Env 3's episode over in 3998 step, 98 local step, reset maps
Env 4's episode over in 3998 step, 98 local step, reset maps
Env 5's episode over in 3998 step, 98 local step, reset maps
Env 6's episode over in 3998 step, 98 local step, reset maps
Env 7's episode over in 3998 step, 98 local step, reset maps
Env 8's episode over in 3998 step, 98 local step, reset maps
Env 9's episode over in 3998 step, 98 local step, reset maps
Env 10's episode over in 3998 step, 98 local step, reset maps
Env 11's episode over in 3998 step, 98 local step, reset maps
Env 12's episode over in 3998 step, 98 local step, reset maps
Env 13's episode over in 3998 step, 98 local step, reset maps
Env 14's episode over in 3998 step, 98 local step, reset maps
Env 15's episode over in 3998 step, 98 local step, reset maps
Env 16's episode over in 3998 step, 98 local step, reset maps
Env 17's episode over in 3998 step, 98 local step, reset maps
Env 18's episode over in 3998 step, 98 local step, reset maps
Env 19's episode over in 3998 step, 98 local step, reset maps
Env 20's episode over in 3998 step, 98 local step, reset maps
Env 21's episode over in 3998 step, 98 local step, reset maps
Env 22's episode over in 3998 step, 98 local step, reset maps
Env 23's episode over in 3998 step, 98 local step, reset maps
episode over in 3999 step, 99 local step, rollouts done;
 episode mean reward=2.051645040512085
Time: 00d 00h 19m 50s, num timesteps 96000, FPS 80,
	Rewards: per step mean/med/min/max, rew: 0.0040/0.0012/0.0000/0.0499,
	Losses: Policy Loss value/action/dist: 0.043/-0.013/1.037,
Time: 00d 00h 19m 53s, num timesteps 96240, FPS 80,
	Rewards: per step mean/med/min/max, rew: 0.0041/0.0012/0.0000/0.0442,
	Losses: Policy Loss value/action/dist: 0.043/-0.013/1.037,
Time: 00d 00h 19m 56s, num timesteps 96480, FPS 80,
	Rewards: per step mean/med/min/max, rew: 0.0040/0.0012/0.0000/0.0442,
	Losses: Policy Loss value/action/dist: 0.043/-0.013/1.037,
Time: 00d 00h 19m 58s, num timesteps 96720, FPS 80,
	Rewards: per step mean/med/min/max, rew: 0.0040/0.0012/0.0000/0.0442,
	Losses: Policy Loss value/action/dist: 0.043/-0.013/1.037,
Time: 00d 00h 20m 01s, num timesteps 96960, FPS 80,
	Rewards: per step mean/med/min/max, rew: 0.0040/0.0011/0.0000/0.0442,
	Losses: Policy Loss value/action/dist: 0.043/-0.013/1.037,
Time: 00d 00h 20m 04s, num timesteps 97200, FPS 80,
	Rewards: per step mean/med/min/max, rew: 0.0040/0.0011/0.0000/0.0442,
	Losses: Policy Loss value/action/dist: 0.043/-0.013/1.037,
Time: 00d 00h 20m 06s, num timesteps 97440, FPS 80,
	Rewards: per step mean/med/min/max, rew: 0.0039/0.0011/0.0000/0.0442,
	Losses: Policy Loss value/action/dist: 0.043/-0.013/1.037,
Time: 00d 00h 20m 09s, num timesteps 97680, FPS 80,
	Rewards: per step mean/med/min/max, rew: 0.0038/0.0010/0.0000/0.0442,
	Losses: Policy Loss value/action/dist: 0.043/-0.013/1.037,
Time: 00d 00h 20m 12s, num timesteps 97920, FPS 80,
	Rewards: per step mean/med/min/max, rew: 0.0038/0.0009/0.0000/0.0442,
	Losses: Policy Loss value/action/dist: 0.043/-0.013/1.037,
Time: 00d 00h 20m 14s, num timesteps 98160, FPS 80,
	Rewards: per step mean/med/min/max, rew: 0.0039/0.0009/0.0000/0.0442,
	Losses: Policy Loss value/action/dist: 0.043/-0.013/1.037,
Time: 00d 00h 20m 20s, num timesteps 98400, FPS 80,
	Rewards: per step mean/med/min/max, rew: 0.0039/0.0010/0.0000/0.0442,
	Losses: Policy Loss value/action/dist: 0.044/-0.014/1.036,
Time: 00d 00h 20m 22s, num timesteps 98640, FPS 80,
	Rewards: per step mean/med/min/max, rew: 0.0040/0.0010/0.0000/0.0442,
	Losses: Policy Loss value/action/dist: 0.044/-0.014/1.036,
Time: 00d 00h 20m 25s, num timesteps 98880, FPS 80,
	Rewards: per step mean/med/min/max, rew: 0.0040/0.0010/0.0000/0.0442,
	Losses: Policy Loss value/action/dist: 0.044/-0.014/1.036,
Time: 00d 00h 20m 28s, num timesteps 99120, FPS 80,
	Rewards: per step mean/med/min/max, rew: 0.0040/0.0010/0.0000/0.0442,
	Losses: Policy Loss value/action/dist: 0.044/-0.014/1.036,
Time: 00d 00h 20m 30s, num timesteps 99360, FPS 80,
	Rewards: per step mean/med/min/max, rew: 0.0040/0.0010/0.0000/0.0442,
	Losses: Policy Loss value/action/dist: 0.044/-0.014/1.036,
Time: 00d 00h 20m 33s, num timesteps 99600, FPS 80,
	Rewards: per step mean/med/min/max, rew: 0.0040/0.0011/0.0000/0.0442,
	Losses: Policy Loss value/action/dist: 0.044/-0.014/1.036,
Time: 00d 00h 20m 36s, num timesteps 99840, FPS 80,
	Rewards: per step mean/med/min/max, rew: 0.0040/0.0010/0.0000/0.0442,
	Losses: Policy Loss value/action/dist: 0.044/-0.014/1.036,
Time: 00d 00h 20m 39s, num timesteps 100080, FPS 80,
	Rewards: per step mean/med/min/max, rew: 0.0040/0.0010/0.0000/0.0442,
	Losses: Policy Loss value/action/dist: 0.044/-0.014/1.036,
Time: 00d 00h 20m 41s, num timesteps 100320, FPS 80,
	Rewards: per step mean/med/min/max, rew: 0.0040/0.0011/0.0000/0.0442,
	Losses: Policy Loss value/action/dist: 0.044/-0.014/1.036,
Time: 00d 00h 20m 44s, num timesteps 100560, FPS 80,
	Rewards: per step mean/med/min/max, rew: 0.0040/0.0011/0.0000/0.0442,
	Losses: Policy Loss value/action/dist: 0.044/-0.014/1.036,
Time: 00d 00h 20m 49s, num timesteps 100800, FPS 80,
	Rewards: per step mean/med/min/max, rew: 0.0040/0.0011/0.0000/0.0442,
	Losses: Policy Loss value/action/dist: 0.044/-0.014/1.035,
Time: 00d 00h 20m 52s, num timesteps 101040, FPS 80,
	Rewards: per step mean/med/min/max, rew: 0.0040/0.0011/0.0000/0.0442,
	Losses: Policy Loss value/action/dist: 0.044/-0.014/1.035,
Time: 00d 00h 20m 55s, num timesteps 101280, FPS 80,
	Rewards: per step mean/med/min/max, rew: 0.0040/0.0011/0.0000/0.0442,
	Losses: Policy Loss value/action/dist: 0.044/-0.014/1.035,
Time: 00d 00h 20m 57s, num timesteps 101520, FPS 80,
	Rewards: per step mean/med/min/max, rew: 0.0041/0.0011/0.0000/0.0442,
	Losses: Policy Loss value/action/dist: 0.044/-0.014/1.035,
Time: 00d 00h 21m 00s, num timesteps 101760, FPS 80,
	Rewards: per step mean/med/min/max, rew: 0.0041/0.0011/0.0000/0.0442,
	Losses: Policy Loss value/action/dist: 0.044/-0.014/1.035,
Time: 00d 00h 21m 03s, num timesteps 102000, FPS 80,
	Rewards: per step mean/med/min/max, rew: 0.0040/0.0011/0.0000/0.0442,
	Losses: Policy Loss value/action/dist: 0.044/-0.014/1.035,
Time: 00d 00h 21m 06s, num timesteps 102240, FPS 80,
	Rewards: per step mean/med/min/max, rew: 0.0040/0.0011/0.0000/0.0442,
	Losses: Policy Loss value/action/dist: 0.044/-0.014/1.035,
Time: 00d 00h 21m 08s, num timesteps 102480, FPS 80,
	Rewards: per step mean/med/min/max, rew: 0.0041/0.0011/0.0000/0.0442,
	Losses: Policy Loss value/action/dist: 0.044/-0.014/1.035,
Time: 00d 00h 21m 11s, num timesteps 102720, FPS 80,
	Rewards: per step mean/med/min/max, rew: 0.0041/0.0012/0.0000/0.0442,
	Losses: Policy Loss value/action/dist: 0.044/-0.014/1.035,
Time: 00d 00h 21m 14s, num timesteps 102960, FPS 80,
	Rewards: per step mean/med/min/max, rew: 0.0041/0.0013/0.0000/0.0442,
	Losses: Policy Loss value/action/dist: 0.044/-0.014/1.035,
Time: 00d 00h 21m 19s, num timesteps 103200, FPS 80,
	Rewards: per step mean/med/min/max, rew: 0.0041/0.0013/0.0000/0.0442,
	Losses: Policy Loss value/action/dist: 0.044/-0.014/1.033,
Time: 00d 00h 21m 22s, num timesteps 103440, FPS 80,
	Rewards: per step mean/med/min/max, rew: 0.0041/0.0012/0.0000/0.0442,
	Losses: Policy Loss value/action/dist: 0.044/-0.014/1.033,
Time: 00d 00h 21m 24s, num timesteps 103680, FPS 80,
	Rewards: per step mean/med/min/max, rew: 0.0040/0.0012/0.0000/0.0442,
	Losses: Policy Loss value/action/dist: 0.044/-0.014/1.033,
Time: 00d 00h 21m 27s, num timesteps 103920, FPS 80,
	Rewards: per step mean/med/min/max, rew: 0.0040/0.0012/0.0000/0.0442,
	Losses: Policy Loss value/action/dist: 0.044/-0.014/1.033,
Time: 00d 00h 21m 30s, num timesteps 104160, FPS 80,
	Rewards: per step mean/med/min/max, rew: 0.0040/0.0012/0.0000/0.0442,
	Losses: Policy Loss value/action/dist: 0.044/-0.014/1.033,
Time: 00d 00h 21m 33s, num timesteps 104400, FPS 80,
	Rewards: per step mean/med/min/max, rew: 0.0039/0.0011/0.0000/0.0442,
	Losses: Policy Loss value/action/dist: 0.044/-0.014/1.033,
Time: 00d 00h 21m 35s, num timesteps 104640, FPS 80,
	Rewards: per step mean/med/min/max, rew: 0.0040/0.0012/0.0000/0.0442,
	Losses: Policy Loss value/action/dist: 0.044/-0.014/1.033,
Time: 00d 00h 21m 38s, num timesteps 104880, FPS 80,
	Rewards: per step mean/med/min/max, rew: 0.0040/0.0012/0.0000/0.0442,
	Losses: Policy Loss value/action/dist: 0.044/-0.014/1.033,
Time: 00d 00h 21m 41s, num timesteps 105120, FPS 80,
	Rewards: per step mean/med/min/max, rew: 0.0040/0.0012/0.0000/0.0442,
	Losses: Policy Loss value/action/dist: 0.044/-0.014/1.033,
Time: 00d 00h 21m 43s, num timesteps 105360, FPS 80,
	Rewards: per step mean/med/min/max, rew: 0.0039/0.0011/0.0000/0.0442,
	Losses: Policy Loss value/action/dist: 0.044/-0.014/1.033,
Time: 00d 00h 21m 49s, num timesteps 105600, FPS 80,
	Rewards: per step mean/med/min/max, rew: 0.0039/0.0011/0.0000/0.0442,
	Losses: Policy Loss value/action/dist: 0.043/-0.014/1.032,
Time: 00d 00h 21m 51s, num timesteps 105840, FPS 80,
	Rewards: per step mean/med/min/max, rew: 0.0039/0.0011/0.0000/0.0442,
	Losses: Policy Loss value/action/dist: 0.043/-0.014/1.032,
Time: 00d 00h 21m 54s, num timesteps 106080, FPS 80,
	Rewards: per step mean/med/min/max, rew: 0.0039/0.0011/0.0000/0.0442,
	Losses: Policy Loss value/action/dist: 0.043/-0.014/1.032,
Time: 00d 00h 21m 57s, num timesteps 106320, FPS 80,
	Rewards: per step mean/med/min/max, rew: 0.0039/0.0011/0.0000/0.0442,
	Losses: Policy Loss value/action/dist: 0.043/-0.014/1.032,
Time: 00d 00h 21m 59s, num timesteps 106560, FPS 80,
	Rewards: per step mean/med/min/max, rew: 0.0038/0.0011/0.0000/0.0442,
	Losses: Policy Loss value/action/dist: 0.043/-0.014/1.032,
Time: 00d 00h 22m 02s, num timesteps 106800, FPS 80,
	Rewards: per step mean/med/min/max, rew: 0.0038/0.0011/0.0000/0.0442,
	Losses: Policy Loss value/action/dist: 0.043/-0.014/1.032,
Time: 00d 00h 22m 05s, num timesteps 107040, FPS 80,
	Rewards: per step mean/med/min/max, rew: 0.0038/0.0011/0.0000/0.0442,
	Losses: Policy Loss value/action/dist: 0.043/-0.014/1.032,
Time: 00d 00h 22m 07s, num timesteps 107280, FPS 80,
	Rewards: per step mean/med/min/max, rew: 0.0038/0.0011/0.0000/0.0442,
	Losses: Policy Loss value/action/dist: 0.043/-0.014/1.032,
Time: 00d 00h 22m 10s, num timesteps 107520, FPS 80,
	Rewards: per step mean/med/min/max, rew: 0.0038/0.0011/0.0000/0.0442,
	Losses: Policy Loss value/action/dist: 0.043/-0.014/1.032,
Time: 00d 00h 22m 13s, num timesteps 107760, FPS 80,
	Rewards: per step mean/med/min/max, rew: 0.0038/0.0011/0.0000/0.0442,
	Losses: Policy Loss value/action/dist: 0.043/-0.014/1.032,
Env 0's episode over in 4498 step, 98 local step, reset maps
Env 1's episode over in 4498 step, 98 local step, reset maps
Env 2's episode over in 4498 step, 98 local step, reset maps
Env 3's episode over in 4498 step, 98 local step, reset maps
Env 4's episode over in 4498 step, 98 local step, reset maps
Env 5's episode over in 4498 step, 98 local step, reset maps
Env 6's episode over in 4498 step, 98 local step, reset maps
Env 7's episode over in 4498 step, 98 local step, reset maps
Env 8's episode over in 4498 step, 98 local step, reset maps
Env 9's episode over in 4498 step, 98 local step, reset maps
Env 10's episode over in 4498 step, 98 local step, reset maps
Env 11's episode over in 4498 step, 98 local step, reset maps
Env 12's episode over in 4498 step, 98 local step, reset maps
Env 13's episode over in 4498 step, 98 local step, reset maps
Env 14's episode over in 4498 step, 98 local step, reset maps
Env 15's episode over in 4498 step, 98 local step, reset maps
Env 16's episode over in 4498 step, 98 local step, reset maps
Env 17's episode over in 4498 step, 98 local step, reset maps
Env 18's episode over in 4498 step, 98 local step, reset maps
Env 19's episode over in 4498 step, 98 local step, reset maps
Env 20's episode over in 4498 step, 98 local step, reset maps
Env 21's episode over in 4498 step, 98 local step, reset maps
Env 22's episode over in 4498 step, 98 local step, reset maps
Env 23's episode over in 4498 step, 98 local step, reset maps
episode over in 4499 step, 99 local step, rollouts done;
 episode mean reward=1.7516201734542847
Time: 00d 00h 22m 18s, num timesteps 108000, FPS 80,
	Rewards: per step mean/med/min/max, rew: 0.0038/0.0011/0.0000/0.0442,
	Losses: Policy Loss value/action/dist: 0.042/-0.014/1.031,
Time: 00d 00h 22m 21s, num timesteps 108240, FPS 80,
	Rewards: per step mean/med/min/max, rew: 0.0038/0.0011/0.0000/0.0442,
	Losses: Policy Loss value/action/dist: 0.042/-0.014/1.031,
Time: 00d 00h 22m 24s, num timesteps 108480, FPS 80,
	Rewards: per step mean/med/min/max, rew: 0.0039/0.0011/0.0000/0.0442,
	Losses: Policy Loss value/action/dist: 0.042/-0.014/1.031,
Time: 00d 00h 22m 26s, num timesteps 108720, FPS 80,
	Rewards: per step mean/med/min/max, rew: 0.0039/0.0011/0.0000/0.0442,
	Losses: Policy Loss value/action/dist: 0.042/-0.014/1.031,
Time: 00d 00h 22m 29s, num timesteps 108960, FPS 80,
	Rewards: per step mean/med/min/max, rew: 0.0040/0.0011/0.0000/0.0442,
	Losses: Policy Loss value/action/dist: 0.042/-0.014/1.031,
Time: 00d 00h 22m 32s, num timesteps 109200, FPS 80,
	Rewards: per step mean/med/min/max, rew: 0.0041/0.0011/0.0000/0.0442,
	Losses: Policy Loss value/action/dist: 0.042/-0.014/1.031,
Time: 00d 00h 22m 35s, num timesteps 109440, FPS 80,
	Rewards: per step mean/med/min/max, rew: 0.0041/0.0011/0.0000/0.0442,
	Losses: Policy Loss value/action/dist: 0.042/-0.014/1.031,
Time: 00d 00h 22m 37s, num timesteps 109680, FPS 80,
	Rewards: per step mean/med/min/max, rew: 0.0040/0.0011/0.0000/0.0442,
	Losses: Policy Loss value/action/dist: 0.042/-0.014/1.031,
Time: 00d 00h 22m 40s, num timesteps 109920, FPS 80,
	Rewards: per step mean/med/min/max, rew: 0.0040/0.0011/0.0000/0.0442,
	Losses: Policy Loss value/action/dist: 0.042/-0.014/1.031,
Time: 00d 00h 22m 43s, num timesteps 110160, FPS 80,
	Rewards: per step mean/med/min/max, rew: 0.0040/0.0011/0.0000/0.0442,
	Losses: Policy Loss value/action/dist: 0.042/-0.014/1.031,
Time: 00d 00h 22m 48s, num timesteps 110400, FPS 80,
	Rewards: per step mean/med/min/max, rew: 0.0039/0.0011/0.0000/0.0442,
	Losses: Policy Loss value/action/dist: 0.045/-0.014/1.030,
Time: 00d 00h 22m 51s, num timesteps 110640, FPS 80,
	Rewards: per step mean/med/min/max, rew: 0.0038/0.0010/0.0000/0.0442,
	Losses: Policy Loss value/action/dist: 0.045/-0.014/1.030,
Time: 00d 00h 22m 54s, num timesteps 110880, FPS 80,
	Rewards: per step mean/med/min/max, rew: 0.0038/0.0010/0.0000/0.0442,
	Losses: Policy Loss value/action/dist: 0.045/-0.014/1.030,
Time: 00d 00h 22m 56s, num timesteps 111120, FPS 80,
	Rewards: per step mean/med/min/max, rew: 0.0037/0.0010/0.0000/0.0442,
	Losses: Policy Loss value/action/dist: 0.045/-0.014/1.030,
Time: 00d 00h 22m 59s, num timesteps 111360, FPS 80,
	Rewards: per step mean/med/min/max, rew: 0.0036/0.0009/0.0000/0.0442,
	Losses: Policy Loss value/action/dist: 0.045/-0.014/1.030,
Time: 00d 00h 23m 02s, num timesteps 111600, FPS 80,
	Rewards: per step mean/med/min/max, rew: 0.0035/0.0009/0.0000/0.0442,
	Losses: Policy Loss value/action/dist: 0.045/-0.014/1.030,
Time: 00d 00h 23m 04s, num timesteps 111840, FPS 80,
	Rewards: per step mean/med/min/max, rew: 0.0035/0.0009/0.0000/0.0442,
	Losses: Policy Loss value/action/dist: 0.045/-0.014/1.030,
Time: 00d 00h 23m 07s, num timesteps 112080, FPS 80,
	Rewards: per step mean/med/min/max, rew: 0.0035/0.0008/0.0000/0.0442,
	Losses: Policy Loss value/action/dist: 0.045/-0.014/1.030,
Time: 00d 00h 23m 10s, num timesteps 112320, FPS 80,
	Rewards: per step mean/med/min/max, rew: 0.0035/0.0008/0.0000/0.0442,
	Losses: Policy Loss value/action/dist: 0.045/-0.014/1.030,
Time: 00d 00h 23m 13s, num timesteps 112560, FPS 80,
	Rewards: per step mean/med/min/max, rew: 0.0035/0.0008/0.0000/0.0442,
	Losses: Policy Loss value/action/dist: 0.045/-0.014/1.030,
Time: 00d 00h 23m 18s, num timesteps 112800, FPS 80,
	Rewards: per step mean/med/min/max, rew: 0.0035/0.0009/0.0000/0.0442,
	Losses: Policy Loss value/action/dist: 0.044/-0.014/1.029,
Time: 00d 00h 23m 21s, num timesteps 113040, FPS 80,
	Rewards: per step mean/med/min/max, rew: 0.0035/0.0009/0.0000/0.0442,
	Losses: Policy Loss value/action/dist: 0.044/-0.014/1.029,
Time: 00d 00h 23m 24s, num timesteps 113280, FPS 80,
	Rewards: per step mean/med/min/max, rew: 0.0035/0.0008/0.0000/0.0442,
	Losses: Policy Loss value/action/dist: 0.044/-0.014/1.029,
Time: 00d 00h 23m 26s, num timesteps 113520, FPS 80,
	Rewards: per step mean/med/min/max, rew: 0.0035/0.0008/0.0000/0.0442,
	Losses: Policy Loss value/action/dist: 0.044/-0.014/1.029,
Time: 00d 00h 23m 29s, num timesteps 113760, FPS 80,
	Rewards: per step mean/med/min/max, rew: 0.0035/0.0009/0.0000/0.0442,
	Losses: Policy Loss value/action/dist: 0.044/-0.014/1.029,
Time: 00d 00h 23m 32s, num timesteps 114000, FPS 80,
	Rewards: per step mean/med/min/max, rew: 0.0035/0.0009/0.0000/0.0442,
	Losses: Policy Loss value/action/dist: 0.044/-0.014/1.029,
Time: 00d 00h 23m 35s, num timesteps 114240, FPS 80,
	Rewards: per step mean/med/min/max, rew: 0.0035/0.0009/0.0000/0.0442,
	Losses: Policy Loss value/action/dist: 0.044/-0.014/1.029,
Time: 00d 00h 23m 37s, num timesteps 114480, FPS 80,
	Rewards: per step mean/med/min/max, rew: 0.0036/0.0010/0.0000/0.0442,
	Losses: Policy Loss value/action/dist: 0.044/-0.014/1.029,
Time: 00d 00h 23m 40s, num timesteps 114720, FPS 80,
	Rewards: per step mean/med/min/max, rew: 0.0036/0.0010/0.0000/0.0442,
	Losses: Policy Loss value/action/dist: 0.044/-0.014/1.029,
Time: 00d 00h 23m 43s, num timesteps 114960, FPS 80,
	Rewards: per step mean/med/min/max, rew: 0.0036/0.0010/0.0000/0.0442,
	Losses: Policy Loss value/action/dist: 0.044/-0.014/1.029,
Time: 00d 00h 23m 48s, num timesteps 115200, FPS 80,
	Rewards: per step mean/med/min/max, rew: 0.0036/0.0009/0.0000/0.0442,
	Losses: Policy Loss value/action/dist: 0.044/-0.014/1.028,
Time: 00d 00h 23m 51s, num timesteps 115440, FPS 80,
	Rewards: per step mean/med/min/max, rew: 0.0036/0.0009/0.0000/0.0442,
	Losses: Policy Loss value/action/dist: 0.044/-0.014/1.028,
Time: 00d 00h 23m 53s, num timesteps 115680, FPS 80,
	Rewards: per step mean/med/min/max, rew: 0.0036/0.0009/0.0000/0.0442,
	Losses: Policy Loss value/action/dist: 0.044/-0.014/1.028,
Time: 00d 00h 23m 56s, num timesteps 115920, FPS 80,
	Rewards: per step mean/med/min/max, rew: 0.0036/0.0009/0.0000/0.0442,
	Losses: Policy Loss value/action/dist: 0.044/-0.014/1.028,
Time: 00d 00h 23m 59s, num timesteps 116160, FPS 80,
	Rewards: per step mean/med/min/max, rew: 0.0036/0.0010/0.0000/0.0442,
	Losses: Policy Loss value/action/dist: 0.044/-0.014/1.028,
Time: 00d 00h 24m 01s, num timesteps 116400, FPS 80,
	Rewards: per step mean/med/min/max, rew: 0.0037/0.0010/0.0000/0.0442,
	Losses: Policy Loss value/action/dist: 0.044/-0.014/1.028,
Time: 00d 00h 24m 04s, num timesteps 116640, FPS 80,
	Rewards: per step mean/med/min/max, rew: 0.0037/0.0010/0.0000/0.0442,
	Losses: Policy Loss value/action/dist: 0.044/-0.014/1.028,
Time: 00d 00h 24m 07s, num timesteps 116880, FPS 80,
	Rewards: per step mean/med/min/max, rew: 0.0038/0.0011/0.0000/0.0442,
	Losses: Policy Loss value/action/dist: 0.044/-0.014/1.028,
Time: 00d 00h 24m 09s, num timesteps 117120, FPS 80,
	Rewards: per step mean/med/min/max, rew: 0.0038/0.0011/0.0000/0.0442,
	Losses: Policy Loss value/action/dist: 0.044/-0.014/1.028,
Time: 00d 00h 24m 12s, num timesteps 117360, FPS 80,
	Rewards: per step mean/med/min/max, rew: 0.0038/0.0011/0.0000/0.0442,
	Losses: Policy Loss value/action/dist: 0.044/-0.014/1.028,
Time: 00d 00h 24m 17s, num timesteps 117600, FPS 80,
	Rewards: per step mean/med/min/max, rew: 0.0038/0.0011/0.0000/0.0442,
	Losses: Policy Loss value/action/dist: 0.044/-0.014/1.027,
Time: 00d 00h 24m 20s, num timesteps 117840, FPS 80,
	Rewards: per step mean/med/min/max, rew: 0.0038/0.0011/0.0000/0.0442,
	Losses: Policy Loss value/action/dist: 0.044/-0.014/1.027,
Time: 00d 00h 24m 23s, num timesteps 118080, FPS 80,
	Rewards: per step mean/med/min/max, rew: 0.0038/0.0011/0.0000/0.0442,
	Losses: Policy Loss value/action/dist: 0.044/-0.014/1.027,
Time: 00d 00h 24m 26s, num timesteps 118320, FPS 80,
	Rewards: per step mean/med/min/max, rew: 0.0038/0.0011/0.0000/0.0442,
	Losses: Policy Loss value/action/dist: 0.044/-0.014/1.027,
Time: 00d 00h 24m 28s, num timesteps 118560, FPS 80,
	Rewards: per step mean/med/min/max, rew: 0.0038/0.0011/0.0000/0.0442,
	Losses: Policy Loss value/action/dist: 0.044/-0.014/1.027,
Time: 00d 00h 24m 31s, num timesteps 118800, FPS 80,
	Rewards: per step mean/med/min/max, rew: 0.0038/0.0011/0.0000/0.0442,
	Losses: Policy Loss value/action/dist: 0.044/-0.014/1.027,
Time: 00d 00h 24m 34s, num timesteps 119040, FPS 80,
	Rewards: per step mean/med/min/max, rew: 0.0038/0.0011/0.0000/0.0442,
	Losses: Policy Loss value/action/dist: 0.044/-0.014/1.027,
Time: 00d 00h 24m 36s, num timesteps 119280, FPS 80,
	Rewards: per step mean/med/min/max, rew: 0.0038/0.0011/0.0000/0.0442,
	Losses: Policy Loss value/action/dist: 0.044/-0.014/1.027,
Time: 00d 00h 24m 39s, num timesteps 119520, FPS 80,
	Rewards: per step mean/med/min/max, rew: 0.0038/0.0011/0.0000/0.0400,
	Losses: Policy Loss value/action/dist: 0.044/-0.014/1.027,
Time: 00d 00h 24m 42s, num timesteps 119760, FPS 80,
	Rewards: per step mean/med/min/max, rew: 0.0038/0.0011/0.0000/0.0400,
	Losses: Policy Loss value/action/dist: 0.044/-0.014/1.027,
Env 0's episode over in 4998 step, 98 local step, reset maps
Env 1's episode over in 4998 step, 98 local step, reset maps
Env 2's episode over in 4998 step, 98 local step, reset maps
Env 3's episode over in 4998 step, 98 local step, reset maps
Env 4's episode over in 4998 step, 98 local step, reset maps
Env 5's episode over in 4998 step, 98 local step, reset maps
Env 6's episode over in 4998 step, 98 local step, reset maps
Env 7's episode over in 4998 step, 98 local step, reset maps
Env 8's episode over in 4998 step, 98 local step, reset maps
Env 9's episode over in 4998 step, 98 local step, reset maps
Env 10's episode over in 4998 step, 98 local step, reset maps
Env 11's episode over in 4998 step, 98 local step, reset maps
Env 12's episode over in 4998 step, 98 local step, reset maps
Env 13's episode over in 4998 step, 98 local step, reset maps
Env 14's episode over in 4998 step, 98 local step, reset maps
Env 15's episode over in 4998 step, 98 local step, reset maps
Env 16's episode over in 4998 step, 98 local step, reset maps
Env 17's episode over in 4998 step, 98 local step, reset maps
Env 18's episode over in 4998 step, 98 local step, reset maps
Env 19's episode over in 4998 step, 98 local step, reset maps
Env 20's episode over in 4998 step, 98 local step, reset maps
Env 21's episode over in 4998 step, 98 local step, reset maps
Env 22's episode over in 4998 step, 98 local step, reset maps
Env 23's episode over in 4998 step, 98 local step, reset maps
episode over in 4999 step, 99 local step, rollouts done;
 episode mean reward=2.0267839431762695
Time: 00d 00h 24m 47s, num timesteps 120000, FPS 80,
	Rewards: per step mean/med/min/max, rew: 0.0038/0.0011/0.0000/0.0400,
	Losses: Policy Loss value/action/dist: 0.044/-0.014/1.027,
Time: 00d 00h 24m 50s, num timesteps 120240, FPS 80,
	Rewards: per step mean/med/min/max, rew: 0.0037/0.0011/0.0000/0.0398,
	Losses: Policy Loss value/action/dist: 0.044/-0.014/1.027,
Time: 00d 00h 24m 53s, num timesteps 120480, FPS 80,
	Rewards: per step mean/med/min/max, rew: 0.0038/0.0012/0.0000/0.0453,
	Losses: Policy Loss value/action/dist: 0.044/-0.014/1.027,
Time: 00d 00h 24m 55s, num timesteps 120720, FPS 80,
	Rewards: per step mean/med/min/max, rew: 0.0039/0.0012/0.0000/0.0453,
	Losses: Policy Loss value/action/dist: 0.044/-0.014/1.027,
Time: 00d 00h 24m 58s, num timesteps 120960, FPS 80,
	Rewards: per step mean/med/min/max, rew: 0.0039/0.0012/0.0000/0.0453,
	Losses: Policy Loss value/action/dist: 0.044/-0.014/1.027,
Time: 00d 00h 25m 01s, num timesteps 121200, FPS 80,
	Rewards: per step mean/med/min/max, rew: 0.0039/0.0012/0.0000/0.0453,
	Losses: Policy Loss value/action/dist: 0.044/-0.014/1.027,
Time: 00d 00h 25m 03s, num timesteps 121440, FPS 80,
	Rewards: per step mean/med/min/max, rew: 0.0040/0.0013/0.0000/0.0453,
	Losses: Policy Loss value/action/dist: 0.044/-0.014/1.027,
Time: 00d 00h 25m 06s, num timesteps 121680, FPS 80,
	Rewards: per step mean/med/min/max, rew: 0.0040/0.0014/0.0000/0.0453,
	Losses: Policy Loss value/action/dist: 0.044/-0.014/1.027,
Time: 00d 00h 25m 08s, num timesteps 121920, FPS 80,
	Rewards: per step mean/med/min/max, rew: 0.0040/0.0014/0.0000/0.0453,
	Losses: Policy Loss value/action/dist: 0.044/-0.014/1.027,
Time: 00d 00h 25m 11s, num timesteps 122160, FPS 80,
	Rewards: per step mean/med/min/max, rew: 0.0039/0.0013/0.0000/0.0453,
	Losses: Policy Loss value/action/dist: 0.044/-0.014/1.027,
Time: 00d 00h 25m 16s, num timesteps 122400, FPS 80,
	Rewards: per step mean/med/min/max, rew: 0.0039/0.0013/0.0000/0.0453,
	Losses: Policy Loss value/action/dist: 0.045/-0.014/1.026,
Time: 00d 00h 25m 19s, num timesteps 122640, FPS 80,
	Rewards: per step mean/med/min/max, rew: 0.0039/0.0013/0.0000/0.0453,
	Losses: Policy Loss value/action/dist: 0.045/-0.014/1.026,
Time: 00d 00h 25m 22s, num timesteps 122880, FPS 80,
	Rewards: per step mean/med/min/max, rew: 0.0038/0.0013/0.0000/0.0453,
	Losses: Policy Loss value/action/dist: 0.045/-0.014/1.026,
Time: 00d 00h 25m 25s, num timesteps 123120, FPS 80,
	Rewards: per step mean/med/min/max, rew: 0.0038/0.0013/0.0000/0.0453,
	Losses: Policy Loss value/action/dist: 0.045/-0.014/1.026,
Time: 00d 00h 25m 27s, num timesteps 123360, FPS 80,
	Rewards: per step mean/med/min/max, rew: 0.0038/0.0013/0.0000/0.0453,
	Losses: Policy Loss value/action/dist: 0.045/-0.014/1.026,
Time: 00d 00h 25m 30s, num timesteps 123600, FPS 80,
	Rewards: per step mean/med/min/max, rew: 0.0038/0.0013/0.0000/0.0453,
	Losses: Policy Loss value/action/dist: 0.045/-0.014/1.026,
Time: 00d 00h 25m 33s, num timesteps 123840, FPS 80,
	Rewards: per step mean/med/min/max, rew: 0.0038/0.0013/0.0000/0.0453,
	Losses: Policy Loss value/action/dist: 0.045/-0.014/1.026,
Time: 00d 00h 25m 36s, num timesteps 124080, FPS 80,
	Rewards: per step mean/med/min/max, rew: 0.0038/0.0013/0.0000/0.0453,
	Losses: Policy Loss value/action/dist: 0.045/-0.014/1.026,
Time: 00d 00h 25m 38s, num timesteps 124320, FPS 80,
	Rewards: per step mean/med/min/max, rew: 0.0038/0.0012/0.0000/0.0453,
	Losses: Policy Loss value/action/dist: 0.045/-0.014/1.026,
Time: 00d 00h 25m 41s, num timesteps 124560, FPS 80,
	Rewards: per step mean/med/min/max, rew: 0.0038/0.0012/0.0000/0.0453,
	Losses: Policy Loss value/action/dist: 0.045/-0.014/1.026,
Time: 00d 00h 25m 47s, num timesteps 124800, FPS 80,
	Rewards: per step mean/med/min/max, rew: 0.0037/0.0012/0.0000/0.0453,
	Losses: Policy Loss value/action/dist: 0.045/-0.014/1.026,
Time: 00d 00h 25m 49s, num timesteps 125040, FPS 80,
	Rewards: per step mean/med/min/max, rew: 0.0037/0.0012/0.0000/0.0453,
	Losses: Policy Loss value/action/dist: 0.045/-0.014/1.026,
Time: 00d 00h 25m 52s, num timesteps 125280, FPS 80,
	Rewards: per step mean/med/min/max, rew: 0.0037/0.0011/0.0000/0.0453,
	Losses: Policy Loss value/action/dist: 0.045/-0.014/1.026,
Time: 00d 00h 25m 55s, num timesteps 125520, FPS 80,
	Rewards: per step mean/med/min/max, rew: 0.0037/0.0011/0.0000/0.0453,
	Losses: Policy Loss value/action/dist: 0.045/-0.014/1.026,
Time: 00d 00h 25m 57s, num timesteps 125760, FPS 80,
	Rewards: per step mean/med/min/max, rew: 0.0037/0.0011/0.0000/0.0453,
	Losses: Policy Loss value/action/dist: 0.045/-0.014/1.026,
Time: 00d 00h 26m 00s, num timesteps 126000, FPS 80,
	Rewards: per step mean/med/min/max, rew: 0.0037/0.0011/0.0000/0.0453,
	Losses: Policy Loss value/action/dist: 0.045/-0.014/1.026,
Time: 00d 00h 26m 03s, num timesteps 126240, FPS 80,
	Rewards: per step mean/med/min/max, rew: 0.0037/0.0011/0.0000/0.0453,
	Losses: Policy Loss value/action/dist: 0.045/-0.014/1.026,
Time: 00d 00h 26m 06s, num timesteps 126480, FPS 80,
	Rewards: per step mean/med/min/max, rew: 0.0037/0.0011/0.0000/0.0453,
	Losses: Policy Loss value/action/dist: 0.045/-0.014/1.026,
Time: 00d 00h 26m 08s, num timesteps 126720, FPS 80,
	Rewards: per step mean/med/min/max, rew: 0.0037/0.0011/0.0000/0.0453,
	Losses: Policy Loss value/action/dist: 0.045/-0.014/1.026,
Time: 00d 00h 26m 11s, num timesteps 126960, FPS 80,
	Rewards: per step mean/med/min/max, rew: 0.0036/0.0011/0.0000/0.0453,
	Losses: Policy Loss value/action/dist: 0.045/-0.014/1.026,
Time: 00d 00h 26m 16s, num timesteps 127200, FPS 80,
	Rewards: per step mean/med/min/max, rew: 0.0036/0.0011/0.0000/0.0453,
	Losses: Policy Loss value/action/dist: 0.044/-0.014/1.026,
Time: 00d 00h 26m 19s, num timesteps 127440, FPS 80,
	Rewards: per step mean/med/min/max, rew: 0.0036/0.0011/0.0000/0.0453,
	Losses: Policy Loss value/action/dist: 0.044/-0.014/1.026,
Time: 00d 00h 26m 22s, num timesteps 127680, FPS 80,
	Rewards: per step mean/med/min/max, rew: 0.0037/0.0011/0.0000/0.0741,
	Losses: Policy Loss value/action/dist: 0.044/-0.014/1.026,
Time: 00d 00h 26m 24s, num timesteps 127920, FPS 80,
	Rewards: per step mean/med/min/max, rew: 0.0037/0.0011/0.0000/0.0741,
	Losses: Policy Loss value/action/dist: 0.044/-0.014/1.026,
Time: 00d 00h 26m 27s, num timesteps 128160, FPS 80,
	Rewards: per step mean/med/min/max, rew: 0.0037/0.0010/0.0000/0.0741,
	Losses: Policy Loss value/action/dist: 0.044/-0.014/1.026,
Time: 00d 00h 26m 30s, num timesteps 128400, FPS 80,
	Rewards: per step mean/med/min/max, rew: 0.0037/0.0010/0.0000/0.0741,
	Losses: Policy Loss value/action/dist: 0.044/-0.014/1.026,
Time: 00d 00h 26m 33s, num timesteps 128640, FPS 80,
	Rewards: per step mean/med/min/max, rew: 0.0037/0.0010/0.0000/0.0741,
	Losses: Policy Loss value/action/dist: 0.044/-0.014/1.026,
Time: 00d 00h 26m 36s, num timesteps 128880, FPS 80,
	Rewards: per step mean/med/min/max, rew: 0.0037/0.0010/0.0000/0.0741,
	Losses: Policy Loss value/action/dist: 0.044/-0.014/1.026,
Time: 00d 00h 26m 38s, num timesteps 129120, FPS 80,
	Rewards: per step mean/med/min/max, rew: 0.0037/0.0010/0.0000/0.0741,
	Losses: Policy Loss value/action/dist: 0.044/-0.014/1.026,
Time: 00d 00h 26m 41s, num timesteps 129360, FPS 80,
	Rewards: per step mean/med/min/max, rew: 0.0037/0.0010/0.0000/0.0741,
	Losses: Policy Loss value/action/dist: 0.044/-0.014/1.026,
Time: 00d 00h 26m 46s, num timesteps 129600, FPS 80,
	Rewards: per step mean/med/min/max, rew: 0.0037/0.0010/0.0000/0.0741,
	Losses: Policy Loss value/action/dist: 0.044/-0.014/1.026,
Time: 00d 00h 26m 49s, num timesteps 129840, FPS 80,
	Rewards: per step mean/med/min/max, rew: 0.0037/0.0010/0.0000/0.0741,
	Losses: Policy Loss value/action/dist: 0.044/-0.014/1.026,
Time: 00d 00h 26m 52s, num timesteps 130080, FPS 80,
	Rewards: per step mean/med/min/max, rew: 0.0037/0.0009/0.0000/0.0741,
	Losses: Policy Loss value/action/dist: 0.044/-0.014/1.026,
Time: 00d 00h 26m 54s, num timesteps 130320, FPS 80,
	Rewards: per step mean/med/min/max, rew: 0.0037/0.0010/0.0000/0.0741,
	Losses: Policy Loss value/action/dist: 0.044/-0.014/1.026,
Time: 00d 00h 26m 57s, num timesteps 130560, FPS 80,
	Rewards: per step mean/med/min/max, rew: 0.0037/0.0010/0.0000/0.0741,
	Losses: Policy Loss value/action/dist: 0.044/-0.014/1.026,
Time: 00d 00h 27m 00s, num timesteps 130800, FPS 80,
	Rewards: per step mean/med/min/max, rew: 0.0037/0.0010/0.0000/0.0741,
	Losses: Policy Loss value/action/dist: 0.044/-0.014/1.026,
Time: 00d 00h 27m 03s, num timesteps 131040, FPS 80,
	Rewards: per step mean/med/min/max, rew: 0.0037/0.0011/0.0000/0.0741,
	Losses: Policy Loss value/action/dist: 0.044/-0.014/1.026,
Time: 00d 00h 27m 06s, num timesteps 131280, FPS 80,
	Rewards: per step mean/med/min/max, rew: 0.0037/0.0010/0.0000/0.0741,
	Losses: Policy Loss value/action/dist: 0.044/-0.014/1.026,
Time: 00d 00h 27m 08s, num timesteps 131520, FPS 80,
	Rewards: per step mean/med/min/max, rew: 0.0038/0.0011/0.0000/0.0741,
	Losses: Policy Loss value/action/dist: 0.044/-0.014/1.026,
Time: 00d 00h 27m 11s, num timesteps 131760, FPS 80,
	Rewards: per step mean/med/min/max, rew: 0.0037/0.0011/0.0000/0.0741,
	Losses: Policy Loss value/action/dist: 0.044/-0.014/1.026,
Env 0's episode over in 5498 step, 98 local step, reset maps
Env 1's episode over in 5498 step, 98 local step, reset maps
Env 2's episode over in 5498 step, 98 local step, reset maps
Env 3's episode over in 5498 step, 98 local step, reset maps
Env 4's episode over in 5498 step, 98 local step, reset maps
Env 5's episode over in 5498 step, 98 local step, reset maps
Env 6's episode over in 5498 step, 98 local step, reset maps
Env 7's episode over in 5498 step, 98 local step, reset maps
Env 8's episode over in 5498 step, 98 local step, reset maps
Env 9's episode over in 5498 step, 98 local step, reset maps
Env 10's episode over in 5498 step, 98 local step, reset maps
Env 11's episode over in 5498 step, 98 local step, reset maps
Env 12's episode over in 5498 step, 98 local step, reset maps
Env 13's episode over in 5498 step, 98 local step, reset maps
Env 14's episode over in 5498 step, 98 local step, reset maps
Env 15's episode over in 5498 step, 98 local step, reset maps
Env 16's episode over in 5498 step, 98 local step, reset maps
Env 17's episode over in 5498 step, 98 local step, reset maps
Env 18's episode over in 5498 step, 98 local step, reset maps
Env 19's episode over in 5498 step, 98 local step, reset maps
Env 20's episode over in 5498 step, 98 local step, reset maps
Env 21's episode over in 5498 step, 98 local step, reset maps
Env 22's episode over in 5498 step, 98 local step, reset maps
Env 23's episode over in 5498 step, 98 local step, reset maps
episode over in 5499 step, 99 local step, rollouts done;
 episode mean reward=1.7192128896713257
Time: 00d 00h 27m 16s, num timesteps 132000, FPS 80,
	Rewards: per step mean/med/min/max, rew: 0.0037/0.0011/0.0000/0.0741,
	Losses: Policy Loss value/action/dist: 0.044/-0.014/1.026,
Time: 00d 00h 27m 19s, num timesteps 132240, FPS 80,
	Rewards: per step mean/med/min/max, rew: 0.0037/0.0011/0.0000/0.0741,
	Losses: Policy Loss value/action/dist: 0.044/-0.014/1.026,
Time: 00d 00h 27m 22s, num timesteps 132480, FPS 80,
	Rewards: per step mean/med/min/max, rew: 0.0037/0.0011/0.0000/0.0741,
	Losses: Policy Loss value/action/dist: 0.044/-0.014/1.026,
Time: 00d 00h 27m 25s, num timesteps 132720, FPS 80,
	Rewards: per step mean/med/min/max, rew: 0.0037/0.0011/0.0000/0.0741,
	Losses: Policy Loss value/action/dist: 0.044/-0.014/1.026,
Time: 00d 00h 27m 28s, num timesteps 132960, FPS 80,
	Rewards: per step mean/med/min/max, rew: 0.0036/0.0011/0.0000/0.0741,
	Losses: Policy Loss value/action/dist: 0.044/-0.014/1.026,
Time: 00d 00h 27m 30s, num timesteps 133200, FPS 80,
	Rewards: per step mean/med/min/max, rew: 0.0036/0.0011/0.0000/0.0741,
	Losses: Policy Loss value/action/dist: 0.044/-0.014/1.026,
Time: 00d 00h 27m 33s, num timesteps 133440, FPS 80,
	Rewards: per step mean/med/min/max, rew: 0.0036/0.0011/0.0000/0.0741,
	Losses: Policy Loss value/action/dist: 0.044/-0.014/1.026,
Time: 00d 00h 27m 36s, num timesteps 133680, FPS 80,
	Rewards: per step mean/med/min/max, rew: 0.0036/0.0011/0.0000/0.0741,
	Losses: Policy Loss value/action/dist: 0.044/-0.014/1.026,
Time: 00d 00h 27m 38s, num timesteps 133920, FPS 80,
	Rewards: per step mean/med/min/max, rew: 0.0036/0.0011/0.0000/0.0741,
	Losses: Policy Loss value/action/dist: 0.044/-0.014/1.026,
Time: 00d 00h 27m 41s, num timesteps 134160, FPS 80,
	Rewards: per step mean/med/min/max, rew: 0.0036/0.0011/0.0000/0.0741,
	Losses: Policy Loss value/action/dist: 0.044/-0.014/1.026,
Time: 00d 00h 27m 46s, num timesteps 134400, FPS 80,
	Rewards: per step mean/med/min/max, rew: 0.0036/0.0011/0.0000/0.0741,
	Losses: Policy Loss value/action/dist: 0.045/-0.014/1.025,
Time: 00d 00h 27m 49s, num timesteps 134640, FPS 80,
	Rewards: per step mean/med/min/max, rew: 0.0036/0.0011/0.0000/0.0741,
	Losses: Policy Loss value/action/dist: 0.045/-0.014/1.025,
Time: 00d 00h 27m 52s, num timesteps 134880, FPS 80,
	Rewards: per step mean/med/min/max, rew: 0.0037/0.0011/0.0000/0.0741,
	Losses: Policy Loss value/action/dist: 0.045/-0.014/1.025,
Time: 00d 00h 27m 54s, num timesteps 135120, FPS 80,
	Rewards: per step mean/med/min/max, rew: 0.0038/0.0012/0.0000/0.0741,
	Losses: Policy Loss value/action/dist: 0.045/-0.014/1.025,
Time: 00d 00h 27m 57s, num timesteps 135360, FPS 80,
	Rewards: per step mean/med/min/max, rew: 0.0038/0.0012/0.0000/0.0741,
	Losses: Policy Loss value/action/dist: 0.045/-0.014/1.025,
Time: 00d 00h 28m 00s, num timesteps 135600, FPS 80,
	Rewards: per step mean/med/min/max, rew: 0.0038/0.0012/0.0000/0.0741,
	Losses: Policy Loss value/action/dist: 0.045/-0.014/1.025,
Time: 00d 00h 28m 03s, num timesteps 135840, FPS 80,
	Rewards: per step mean/med/min/max, rew: 0.0039/0.0013/0.0000/0.0741,
	Losses: Policy Loss value/action/dist: 0.045/-0.014/1.025,
Time: 00d 00h 28m 05s, num timesteps 136080, FPS 80,
	Rewards: per step mean/med/min/max, rew: 0.0039/0.0013/0.0000/0.0741,
	Losses: Policy Loss value/action/dist: 0.045/-0.014/1.025,
Time: 00d 00h 28m 08s, num timesteps 136320, FPS 80,
	Rewards: per step mean/med/min/max, rew: 0.0038/0.0013/0.0000/0.0741,
	Losses: Policy Loss value/action/dist: 0.045/-0.014/1.025,
Time: 00d 00h 28m 11s, num timesteps 136560, FPS 80,
	Rewards: per step mean/med/min/max, rew: 0.0039/0.0013/0.0000/0.0741,
	Losses: Policy Loss value/action/dist: 0.045/-0.014/1.025,
Time: 00d 00h 28m 16s, num timesteps 136800, FPS 80,
	Rewards: per step mean/med/min/max, rew: 0.0040/0.0013/0.0000/0.0741,
	Losses: Policy Loss value/action/dist: 0.045/-0.014/1.024,
Time: 00d 00h 28m 19s, num timesteps 137040, FPS 80,
	Rewards: per step mean/med/min/max, rew: 0.0040/0.0014/0.0000/0.0741,
	Losses: Policy Loss value/action/dist: 0.045/-0.014/1.024,
Time: 00d 00h 28m 21s, num timesteps 137280, FPS 80,
	Rewards: per step mean/med/min/max, rew: 0.0041/0.0014/0.0000/0.0741,
	Losses: Policy Loss value/action/dist: 0.045/-0.014/1.024,
Time: 00d 00h 28m 24s, num timesteps 137520, FPS 80,
	Rewards: per step mean/med/min/max, rew: 0.0041/0.0014/0.0000/0.0741,
	Losses: Policy Loss value/action/dist: 0.045/-0.014/1.024,
Time: 00d 00h 28m 27s, num timesteps 137760, FPS 80,
	Rewards: per step mean/med/min/max, rew: 0.0040/0.0014/0.0000/0.0741,
	Losses: Policy Loss value/action/dist: 0.045/-0.014/1.024,
Time: 00d 00h 28m 29s, num timesteps 138000, FPS 80,
	Rewards: per step mean/med/min/max, rew: 0.0040/0.0013/0.0000/0.0741,
	Losses: Policy Loss value/action/dist: 0.045/-0.014/1.024,
Time: 00d 00h 28m 32s, num timesteps 138240, FPS 80,
	Rewards: per step mean/med/min/max, rew: 0.0041/0.0014/0.0000/0.0741,
	Losses: Policy Loss value/action/dist: 0.045/-0.014/1.024,
Time: 00d 00h 28m 35s, num timesteps 138480, FPS 80,
	Rewards: per step mean/med/min/max, rew: 0.0040/0.0014/0.0000/0.0741,
	Losses: Policy Loss value/action/dist: 0.045/-0.014/1.024,
Time: 00d 00h 28m 37s, num timesteps 138720, FPS 80,
	Rewards: per step mean/med/min/max, rew: 0.0040/0.0014/0.0000/0.0741,
	Losses: Policy Loss value/action/dist: 0.045/-0.014/1.024,
Time: 00d 00h 28m 40s, num timesteps 138960, FPS 80,
	Rewards: per step mean/med/min/max, rew: 0.0040/0.0014/0.0000/0.0741,
	Losses: Policy Loss value/action/dist: 0.045/-0.014/1.024,
Time: 00d 00h 28m 45s, num timesteps 139200, FPS 80,
	Rewards: per step mean/med/min/max, rew: 0.0041/0.0014/0.0000/0.0741,
	Losses: Policy Loss value/action/dist: 0.045/-0.014/1.024,
Time: 00d 00h 28m 48s, num timesteps 139440, FPS 80,
	Rewards: per step mean/med/min/max, rew: 0.0042/0.0016/0.0000/0.0741,
	Losses: Policy Loss value/action/dist: 0.045/-0.014/1.024,
Time: 00d 00h 28m 51s, num timesteps 139680, FPS 80,
	Rewards: per step mean/med/min/max, rew: 0.0042/0.0015/0.0000/0.0741,
	Losses: Policy Loss value/action/dist: 0.045/-0.014/1.024,
Time: 00d 00h 28m 54s, num timesteps 139920, FPS 80,
	Rewards: per step mean/med/min/max, rew: 0.0041/0.0015/0.0000/0.0741,
	Losses: Policy Loss value/action/dist: 0.045/-0.014/1.024,
Time: 00d 00h 28m 56s, num timesteps 140160, FPS 80,
	Rewards: per step mean/med/min/max, rew: 0.0041/0.0014/0.0000/0.0741,
	Losses: Policy Loss value/action/dist: 0.045/-0.014/1.024,
Time: 00d 00h 28m 59s, num timesteps 140400, FPS 80,
	Rewards: per step mean/med/min/max, rew: 0.0041/0.0014/0.0000/0.0741,
	Losses: Policy Loss value/action/dist: 0.045/-0.014/1.024,
Time: 00d 00h 29m 02s, num timesteps 140640, FPS 80,
	Rewards: per step mean/med/min/max, rew: 0.0040/0.0014/0.0000/0.0741,
	Losses: Policy Loss value/action/dist: 0.045/-0.014/1.024,
Time: 00d 00h 29m 04s, num timesteps 140880, FPS 80,
	Rewards: per step mean/med/min/max, rew: 0.0040/0.0013/0.0000/0.0741,
	Losses: Policy Loss value/action/dist: 0.045/-0.014/1.024,
Time: 00d 00h 29m 07s, num timesteps 141120, FPS 80,
	Rewards: per step mean/med/min/max, rew: 0.0039/0.0013/0.0000/0.0741,
	Losses: Policy Loss value/action/dist: 0.045/-0.014/1.024,
Time: 00d 00h 29m 10s, num timesteps 141360, FPS 80,
	Rewards: per step mean/med/min/max, rew: 0.0040/0.0014/0.0000/0.0741,
	Losses: Policy Loss value/action/dist: 0.045/-0.014/1.024,
Time: 00d 00h 29m 15s, num timesteps 141600, FPS 80,
	Rewards: per step mean/med/min/max, rew: 0.0040/0.0014/0.0000/0.0741,
	Losses: Policy Loss value/action/dist: 0.044/-0.014/1.023,
Time: 00d 00h 29m 18s, num timesteps 141840, FPS 80,
	Rewards: per step mean/med/min/max, rew: 0.0040/0.0014/0.0000/0.0741,
	Losses: Policy Loss value/action/dist: 0.044/-0.014/1.023,
Time: 00d 00h 29m 21s, num timesteps 142080, FPS 80,
	Rewards: per step mean/med/min/max, rew: 0.0040/0.0014/0.0000/0.0741,
	Losses: Policy Loss value/action/dist: 0.044/-0.014/1.023,
Time: 00d 00h 29m 23s, num timesteps 142320, FPS 80,
	Rewards: per step mean/med/min/max, rew: 0.0040/0.0014/0.0000/0.0741,
	Losses: Policy Loss value/action/dist: 0.044/-0.014/1.023,
Time: 00d 00h 29m 26s, num timesteps 142560, FPS 80,
	Rewards: per step mean/med/min/max, rew: 0.0040/0.0014/0.0000/0.0741,
	Losses: Policy Loss value/action/dist: 0.044/-0.014/1.023,
Time: 00d 00h 29m 29s, num timesteps 142800, FPS 80,
	Rewards: per step mean/med/min/max, rew: 0.0040/0.0014/0.0000/0.0741,
	Losses: Policy Loss value/action/dist: 0.044/-0.014/1.023,
Time: 00d 00h 29m 31s, num timesteps 143040, FPS 80,
	Rewards: per step mean/med/min/max, rew: 0.0040/0.0014/0.0000/0.0741,
	Losses: Policy Loss value/action/dist: 0.044/-0.014/1.023,
Time: 00d 00h 29m 34s, num timesteps 143280, FPS 80,
	Rewards: per step mean/med/min/max, rew: 0.0039/0.0014/0.0000/0.0741,
	Losses: Policy Loss value/action/dist: 0.044/-0.014/1.023,
Time: 00d 00h 29m 37s, num timesteps 143520, FPS 80,
	Rewards: per step mean/med/min/max, rew: 0.0039/0.0013/0.0000/0.0741,
	Losses: Policy Loss value/action/dist: 0.044/-0.014/1.023,
Time: 00d 00h 29m 39s, num timesteps 143760, FPS 80,
	Rewards: per step mean/med/min/max, rew: 0.0039/0.0014/0.0000/0.0741,
	Losses: Policy Loss value/action/dist: 0.044/-0.014/1.023,
Env 0's episode over in 5998 step, 98 local step, reset maps
Env 1's episode over in 5998 step, 98 local step, reset maps
Env 2's episode over in 5998 step, 98 local step, reset maps
Env 3's episode over in 5998 step, 98 local step, reset maps
Env 4's episode over in 5998 step, 98 local step, reset maps
Env 5's episode over in 5998 step, 98 local step, reset maps
Env 6's episode over in 5998 step, 98 local step, reset maps
Env 7's episode over in 5998 step, 98 local step, reset maps
Env 8's episode over in 5998 step, 98 local step, reset maps
Env 9's episode over in 5998 step, 98 local step, reset maps
Env 10's episode over in 5998 step, 98 local step, reset maps
Env 11's episode over in 5998 step, 98 local step, reset maps
Env 12's episode over in 5998 step, 98 local step, reset maps
Env 13's episode over in 5998 step, 98 local step, reset maps
Env 14's episode over in 5998 step, 98 local step, reset maps
Env 15's episode over in 5998 step, 98 local step, reset maps
Env 16's episode over in 5998 step, 98 local step, reset maps
Env 17's episode over in 5998 step, 98 local step, reset maps
Env 18's episode over in 5998 step, 98 local step, reset maps
Env 19's episode over in 5998 step, 98 local step, reset maps
Env 20's episode over in 5998 step, 98 local step, reset maps
Env 21's episode over in 5998 step, 98 local step, reset maps
Env 22's episode over in 5998 step, 98 local step, reset maps
Env 23's episode over in 5998 step, 98 local step, reset maps
episode over in 5999 step, 99 local step, rollouts done;
 episode mean reward=2.2586851119995117
Time: 00d 00h 29m 45s, num timesteps 144000, FPS 80,
	Rewards: per step mean/med/min/max, rew: 0.0040/0.0014/0.0000/0.0741,
	Losses: Policy Loss value/action/dist: 0.044/-0.015/1.023,
Time: 00d 00h 29m 48s, num timesteps 144240, FPS 80,
	Rewards: per step mean/med/min/max, rew: 0.0040/0.0014/0.0000/0.0741,
	Losses: Policy Loss value/action/dist: 0.044/-0.015/1.023,
Time: 00d 00h 29m 50s, num timesteps 144480, FPS 80,
	Rewards: per step mean/med/min/max, rew: 0.0040/0.0014/0.0000/0.0741,
	Losses: Policy Loss value/action/dist: 0.044/-0.015/1.023,
Time: 00d 00h 29m 53s, num timesteps 144720, FPS 80,
	Rewards: per step mean/med/min/max, rew: 0.0041/0.0014/0.0000/0.0741,
	Losses: Policy Loss value/action/dist: 0.044/-0.015/1.023,
Time: 00d 00h 29m 56s, num timesteps 144960, FPS 80,
	Rewards: per step mean/med/min/max, rew: 0.0041/0.0014/0.0000/0.0741,
	Losses: Policy Loss value/action/dist: 0.044/-0.015/1.023,
Time: 00d 00h 29m 59s, num timesteps 145200, FPS 80,
	Rewards: per step mean/med/min/max, rew: 0.0042/0.0014/0.0000/0.0741,
	Losses: Policy Loss value/action/dist: 0.044/-0.015/1.023,
Time: 00d 00h 30m 01s, num timesteps 145440, FPS 80,
	Rewards: per step mean/med/min/max, rew: 0.0042/0.0014/0.0000/0.0741,
	Losses: Policy Loss value/action/dist: 0.044/-0.015/1.023,
Time: 00d 00h 30m 04s, num timesteps 145680, FPS 80,
	Rewards: per step mean/med/min/max, rew: 0.0042/0.0014/0.0000/0.0741,
	Losses: Policy Loss value/action/dist: 0.044/-0.015/1.023,
Time: 00d 00h 30m 07s, num timesteps 145920, FPS 80,
	Rewards: per step mean/med/min/max, rew: 0.0042/0.0014/0.0000/0.0741,
	Losses: Policy Loss value/action/dist: 0.044/-0.015/1.023,
Time: 00d 00h 30m 09s, num timesteps 146160, FPS 80,
	Rewards: per step mean/med/min/max, rew: 0.0042/0.0014/0.0000/0.0741,
	Losses: Policy Loss value/action/dist: 0.044/-0.015/1.023,
Time: 00d 00h 30m 15s, num timesteps 146400, FPS 80,
	Rewards: per step mean/med/min/max, rew: 0.0042/0.0014/0.0000/0.0741,
	Losses: Policy Loss value/action/dist: 0.045/-0.015/1.022,
Time: 00d 00h 30m 17s, num timesteps 146640, FPS 80,
	Rewards: per step mean/med/min/max, rew: 0.0043/0.0014/0.0000/0.0741,
	Losses: Policy Loss value/action/dist: 0.045/-0.015/1.022,
Time: 00d 00h 30m 20s, num timesteps 146880, FPS 80,
	Rewards: per step mean/med/min/max, rew: 0.0042/0.0014/0.0000/0.0741,
	Losses: Policy Loss value/action/dist: 0.045/-0.015/1.022,
Time: 00d 00h 30m 23s, num timesteps 147120, FPS 80,
	Rewards: per step mean/med/min/max, rew: 0.0043/0.0015/0.0000/0.0741,
	Losses: Policy Loss value/action/dist: 0.045/-0.015/1.022,
Time: 00d 00h 30m 25s, num timesteps 147360, FPS 80,
	Rewards: per step mean/med/min/max, rew: 0.0043/0.0015/0.0000/0.0741,
	Losses: Policy Loss value/action/dist: 0.045/-0.015/1.022,
Time: 00d 00h 30m 28s, num timesteps 147600, FPS 80,
	Rewards: per step mean/med/min/max, rew: 0.0043/0.0014/0.0000/0.0741,
	Losses: Policy Loss value/action/dist: 0.045/-0.015/1.022,
Time: 00d 00h 30m 31s, num timesteps 147840, FPS 80,
	Rewards: per step mean/med/min/max, rew: 0.0043/0.0014/0.0000/0.0741,
	Losses: Policy Loss value/action/dist: 0.045/-0.015/1.022,
Time: 00d 00h 30m 34s, num timesteps 148080, FPS 80,
	Rewards: per step mean/med/min/max, rew: 0.0043/0.0014/0.0000/0.0741,
	Losses: Policy Loss value/action/dist: 0.045/-0.015/1.022,
Time: 00d 00h 30m 36s, num timesteps 148320, FPS 80,
	Rewards: per step mean/med/min/max, rew: 0.0044/0.0015/0.0000/0.0741,
	Losses: Policy Loss value/action/dist: 0.045/-0.015/1.022,
Time: 00d 00h 30m 39s, num timesteps 148560, FPS 80,
	Rewards: per step mean/med/min/max, rew: 0.0044/0.0015/0.0000/0.0741,
	Losses: Policy Loss value/action/dist: 0.045/-0.015/1.022,
Time: 00d 00h 30m 44s, num timesteps 148800, FPS 80,
	Rewards: per step mean/med/min/max, rew: 0.0044/0.0016/0.0000/0.0741,
	Losses: Policy Loss value/action/dist: 0.046/-0.015/1.021,
Time: 00d 00h 30m 47s, num timesteps 149040, FPS 80,
	Rewards: per step mean/med/min/max, rew: 0.0044/0.0016/0.0000/0.0741,
	Losses: Policy Loss value/action/dist: 0.046/-0.015/1.021,
Time: 00d 00h 30m 50s, num timesteps 149280, FPS 80,
	Rewards: per step mean/med/min/max, rew: 0.0044/0.0016/0.0000/0.0741,
	Losses: Policy Loss value/action/dist: 0.046/-0.015/1.021,
Time: 00d 00h 30m 52s, num timesteps 149520, FPS 80,
	Rewards: per step mean/med/min/max, rew: 0.0044/0.0015/0.0000/0.0741,
	Losses: Policy Loss value/action/dist: 0.046/-0.015/1.021,
Time: 00d 00h 30m 55s, num timesteps 149760, FPS 80,
	Rewards: per step mean/med/min/max, rew: 0.0044/0.0015/0.0000/0.0741,
	Losses: Policy Loss value/action/dist: 0.046/-0.015/1.021,
Time: 00d 00h 30m 58s, num timesteps 150000, FPS 80,
	Rewards: per step mean/med/min/max, rew: 0.0044/0.0016/0.0000/0.0741,
	Losses: Policy Loss value/action/dist: 0.046/-0.015/1.021,
Time: 00d 00h 31m 01s, num timesteps 150240, FPS 80,
	Rewards: per step mean/med/min/max, rew: 0.0044/0.0016/0.0000/0.0741,
	Losses: Policy Loss value/action/dist: 0.046/-0.015/1.021,
Time: 00d 00h 31m 03s, num timesteps 150480, FPS 80,
	Rewards: per step mean/med/min/max, rew: 0.0044/0.0016/0.0000/0.0741,
	Losses: Policy Loss value/action/dist: 0.046/-0.015/1.021,
Time: 00d 00h 31m 06s, num timesteps 150720, FPS 80,
	Rewards: per step mean/med/min/max, rew: 0.0044/0.0016/0.0000/0.0741,
	Losses: Policy Loss value/action/dist: 0.046/-0.015/1.021,
Time: 00d 00h 31m 08s, num timesteps 150960, FPS 80,
	Rewards: per step mean/med/min/max, rew: 0.0044/0.0015/0.0000/0.0741,
	Losses: Policy Loss value/action/dist: 0.046/-0.015/1.021,
Time: 00d 00h 31m 14s, num timesteps 151200, FPS 80,
	Rewards: per step mean/med/min/max, rew: 0.0044/0.0015/0.0000/0.0741,
	Losses: Policy Loss value/action/dist: 0.045/-0.015/1.021,
Time: 00d 00h 31m 16s, num timesteps 151440, FPS 80,
	Rewards: per step mean/med/min/max, rew: 0.0044/0.0015/0.0000/0.0741,
	Losses: Policy Loss value/action/dist: 0.045/-0.015/1.021,
Time: 00d 00h 31m 19s, num timesteps 151680, FPS 80,
	Rewards: per step mean/med/min/max, rew: 0.0043/0.0015/0.0000/0.0498,
	Losses: Policy Loss value/action/dist: 0.045/-0.015/1.021,
Time: 00d 00h 31m 22s, num timesteps 151920, FPS 80,
	Rewards: per step mean/med/min/max, rew: 0.0044/0.0016/0.0000/0.0498,
	Losses: Policy Loss value/action/dist: 0.045/-0.015/1.021,
Time: 00d 00h 31m 25s, num timesteps 152160, FPS 80,
	Rewards: per step mean/med/min/max, rew: 0.0044/0.0016/0.0000/0.0498,
	Losses: Policy Loss value/action/dist: 0.045/-0.015/1.021,
Time: 00d 00h 31m 27s, num timesteps 152400, FPS 80,
	Rewards: per step mean/med/min/max, rew: 0.0043/0.0016/0.0000/0.0498,
	Losses: Policy Loss value/action/dist: 0.045/-0.015/1.021,
Time: 00d 00h 31m 30s, num timesteps 152640, FPS 80,
	Rewards: per step mean/med/min/max, rew: 0.0044/0.0016/0.0000/0.0498,
	Losses: Policy Loss value/action/dist: 0.045/-0.015/1.021,
Time: 00d 00h 31m 33s, num timesteps 152880, FPS 80,
	Rewards: per step mean/med/min/max, rew: 0.0044/0.0016/0.0000/0.0498,
	Losses: Policy Loss value/action/dist: 0.045/-0.015/1.021,
Time: 00d 00h 31m 36s, num timesteps 153120, FPS 80,
	Rewards: per step mean/med/min/max, rew: 0.0044/0.0016/0.0000/0.0498,
	Losses: Policy Loss value/action/dist: 0.045/-0.015/1.021,
Time: 00d 00h 31m 38s, num timesteps 153360, FPS 80,
	Rewards: per step mean/med/min/max, rew: 0.0044/0.0016/0.0000/0.0498,
	Losses: Policy Loss value/action/dist: 0.045/-0.015/1.021,
Time: 00d 00h 31m 44s, num timesteps 153600, FPS 80,
	Rewards: per step mean/med/min/max, rew: 0.0044/0.0016/0.0000/0.0498,
	Losses: Policy Loss value/action/dist: 0.045/-0.015/1.020,
Time: 00d 00h 31m 46s, num timesteps 153840, FPS 80,
	Rewards: per step mean/med/min/max, rew: 0.0044/0.0016/0.0000/0.0498,
	Losses: Policy Loss value/action/dist: 0.045/-0.015/1.020,
Time: 00d 00h 31m 49s, num timesteps 154080, FPS 80,
	Rewards: per step mean/med/min/max, rew: 0.0044/0.0016/0.0000/0.0498,
	Losses: Policy Loss value/action/dist: 0.045/-0.015/1.020,
Time: 00d 00h 31m 52s, num timesteps 154320, FPS 80,
	Rewards: per step mean/med/min/max, rew: 0.0044/0.0016/0.0000/0.0498,
	Losses: Policy Loss value/action/dist: 0.045/-0.015/1.020,
Time: 00d 00h 31m 54s, num timesteps 154560, FPS 80,
	Rewards: per step mean/med/min/max, rew: 0.0044/0.0016/0.0000/0.0498,
	Losses: Policy Loss value/action/dist: 0.045/-0.015/1.020,
Time: 00d 00h 31m 57s, num timesteps 154800, FPS 80,
	Rewards: per step mean/med/min/max, rew: 0.0044/0.0016/0.0000/0.0498,
	Losses: Policy Loss value/action/dist: 0.045/-0.015/1.020,
Time: 00d 00h 32m 00s, num timesteps 155040, FPS 80,
	Rewards: per step mean/med/min/max, rew: 0.0044/0.0016/0.0000/0.0498,
	Losses: Policy Loss value/action/dist: 0.045/-0.015/1.020,
Time: 00d 00h 32m 03s, num timesteps 155280, FPS 80,
	Rewards: per step mean/med/min/max, rew: 0.0044/0.0016/0.0000/0.0498,
	Losses: Policy Loss value/action/dist: 0.045/-0.015/1.020,
Time: 00d 00h 32m 05s, num timesteps 155520, FPS 80,
	Rewards: per step mean/med/min/max, rew: 0.0044/0.0016/0.0000/0.0498,
	Losses: Policy Loss value/action/dist: 0.045/-0.015/1.020,
Time: 00d 00h 32m 08s, num timesteps 155760, FPS 80,
	Rewards: per step mean/med/min/max, rew: 0.0044/0.0016/0.0000/0.0498,
	Losses: Policy Loss value/action/dist: 0.045/-0.015/1.020,
Env 0's episode over in 6498 step, 98 local step, reset maps
Env 1's episode over in 6498 step, 98 local step, reset maps
Env 2's episode over in 6498 step, 98 local step, reset maps
Env 3's episode over in 6498 step, 98 local step, reset maps
Env 4's episode over in 6498 step, 98 local step, reset maps
Env 5's episode over in 6498 step, 98 local step, reset maps
Env 6's episode over in 6498 step, 98 local step, reset maps
Env 7's episode over in 6498 step, 98 local step, reset maps
Env 8's episode over in 6498 step, 98 local step, reset maps
Env 9's episode over in 6498 step, 98 local step, reset maps
Env 10's episode over in 6498 step, 98 local step, reset maps
Env 11's episode over in 6498 step, 98 local step, reset maps
Env 12's episode over in 6498 step, 98 local step, reset maps
Env 13's episode over in 6498 step, 98 local step, reset maps
Env 14's episode over in 6498 step, 98 local step, reset maps
Env 15's episode over in 6498 step, 98 local step, reset maps
Env 16's episode over in 6498 step, 98 local step, reset maps
Env 17's episode over in 6498 step, 98 local step, reset maps
Env 18's episode over in 6498 step, 98 local step, reset maps
Env 19's episode over in 6498 step, 98 local step, reset maps
Env 20's episode over in 6498 step, 98 local step, reset maps
Env 21's episode over in 6498 step, 98 local step, reset maps
Env 22's episode over in 6498 step, 98 local step, reset maps
Env 23's episode over in 6498 step, 98 local step, reset maps
episode over in 6499 step, 99 local step, rollouts done;
 episode mean reward=2.070946455001831
Time: 00d 00h 32m 13s, num timesteps 156000, FPS 80,
	Rewards: per step mean/med/min/max, rew: 0.0043/0.0015/0.0000/0.0498,
	Losses: Policy Loss value/action/dist: 0.045/-0.015/1.020,
Time: 00d 00h 32m 16s, num timesteps 156240, FPS 80,
	Rewards: per step mean/med/min/max, rew: 0.0043/0.0015/0.0000/0.0498,
	Losses: Policy Loss value/action/dist: 0.045/-0.015/1.020,
Time: 00d 00h 32m 19s, num timesteps 156480, FPS 80,
	Rewards: per step mean/med/min/max, rew: 0.0045/0.0016/0.0000/0.0613,
	Losses: Policy Loss value/action/dist: 0.045/-0.015/1.020,
Time: 00d 00h 32m 21s, num timesteps 156720, FPS 80,
	Rewards: per step mean/med/min/max, rew: 0.0044/0.0015/0.0000/0.0613,
	Losses: Policy Loss value/action/dist: 0.045/-0.015/1.020,
Time: 00d 00h 32m 24s, num timesteps 156960, FPS 80,
	Rewards: per step mean/med/min/max, rew: 0.0045/0.0015/0.0000/0.0613,
	Losses: Policy Loss value/action/dist: 0.045/-0.015/1.020,
Time: 00d 00h 32m 27s, num timesteps 157200, FPS 80,
	Rewards: per step mean/med/min/max, rew: 0.0044/0.0015/0.0000/0.0613,
	Losses: Policy Loss value/action/dist: 0.045/-0.015/1.020,
Time: 00d 00h 32m 30s, num timesteps 157440, FPS 80,
	Rewards: per step mean/med/min/max, rew: 0.0044/0.0015/0.0000/0.0613,
	Losses: Policy Loss value/action/dist: 0.045/-0.015/1.020,
Time: 00d 00h 32m 32s, num timesteps 157680, FPS 80,
	Rewards: per step mean/med/min/max, rew: 0.0044/0.0015/0.0000/0.0613,
	Losses: Policy Loss value/action/dist: 0.045/-0.015/1.020,
Time: 00d 00h 32m 35s, num timesteps 157920, FPS 80,
	Rewards: per step mean/med/min/max, rew: 0.0044/0.0016/0.0000/0.0613,
	Losses: Policy Loss value/action/dist: 0.045/-0.015/1.020,
Time: 00d 00h 32m 38s, num timesteps 158160, FPS 80,
	Rewards: per step mean/med/min/max, rew: 0.0044/0.0016/0.0000/0.0613,
	Losses: Policy Loss value/action/dist: 0.045/-0.015/1.020,
Time: 00d 00h 32m 43s, num timesteps 158400, FPS 80,
	Rewards: per step mean/med/min/max, rew: 0.0044/0.0015/0.0000/0.0613,
	Losses: Policy Loss value/action/dist: 0.045/-0.015/1.019,
Time: 00d 00h 32m 46s, num timesteps 158640, FPS 80,
	Rewards: per step mean/med/min/max, rew: 0.0043/0.0015/0.0000/0.0613,
	Losses: Policy Loss value/action/dist: 0.045/-0.015/1.019,
Time: 00d 00h 32m 48s, num timesteps 158880, FPS 80,
	Rewards: per step mean/med/min/max, rew: 0.0043/0.0016/0.0000/0.0613,
	Losses: Policy Loss value/action/dist: 0.045/-0.015/1.019,
Time: 00d 00h 32m 51s, num timesteps 159120, FPS 80,
	Rewards: per step mean/med/min/max, rew: 0.0043/0.0015/0.0000/0.0613,
	Losses: Policy Loss value/action/dist: 0.045/-0.015/1.019,
Time: 00d 00h 32m 54s, num timesteps 159360, FPS 80,
	Rewards: per step mean/med/min/max, rew: 0.0043/0.0015/0.0000/0.0613,
	Losses: Policy Loss value/action/dist: 0.045/-0.015/1.019,
Time: 00d 00h 32m 57s, num timesteps 159600, FPS 80,
	Rewards: per step mean/med/min/max, rew: 0.0043/0.0015/0.0000/0.0613,
	Losses: Policy Loss value/action/dist: 0.045/-0.015/1.019,
Time: 00d 00h 32m 59s, num timesteps 159840, FPS 80,
	Rewards: per step mean/med/min/max, rew: 0.0043/0.0015/0.0000/0.0613,
	Losses: Policy Loss value/action/dist: 0.045/-0.015/1.019,
Time: 00d 00h 33m 02s, num timesteps 160080, FPS 80,
	Rewards: per step mean/med/min/max, rew: 0.0043/0.0015/0.0000/0.0613,
	Losses: Policy Loss value/action/dist: 0.045/-0.015/1.019,
Time: 00d 00h 33m 05s, num timesteps 160320, FPS 80,
	Rewards: per step mean/med/min/max, rew: 0.0043/0.0015/0.0000/0.0613,
	Losses: Policy Loss value/action/dist: 0.045/-0.015/1.019,
Time: 00d 00h 33m 07s, num timesteps 160560, FPS 80,
	Rewards: per step mean/med/min/max, rew: 0.0043/0.0014/0.0000/0.0613,
	Losses: Policy Loss value/action/dist: 0.045/-0.015/1.019,
Time: 00d 00h 33m 13s, num timesteps 160800, FPS 80,
	Rewards: per step mean/med/min/max, rew: 0.0042/0.0014/0.0000/0.0613,
	Losses: Policy Loss value/action/dist: 0.045/-0.015/1.018,
Time: 00d 00h 33m 15s, num timesteps 161040, FPS 80,
	Rewards: per step mean/med/min/max, rew: 0.0041/0.0013/0.0000/0.0613,
	Losses: Policy Loss value/action/dist: 0.045/-0.015/1.018,
Time: 00d 00h 33m 18s, num timesteps 161280, FPS 80,
	Rewards: per step mean/med/min/max, rew: 0.0041/0.0013/0.0000/0.0613,
	Losses: Policy Loss value/action/dist: 0.045/-0.015/1.018,
Time: 00d 00h 33m 21s, num timesteps 161520, FPS 80,
	Rewards: per step mean/med/min/max, rew: 0.0041/0.0013/0.0000/0.0613,
	Losses: Policy Loss value/action/dist: 0.045/-0.015/1.018,
Time: 00d 00h 33m 24s, num timesteps 161760, FPS 80,
	Rewards: per step mean/med/min/max, rew: 0.0041/0.0013/0.0000/0.0613,
	Losses: Policy Loss value/action/dist: 0.045/-0.015/1.018,
Time: 00d 00h 33m 26s, num timesteps 162000, FPS 80,
	Rewards: per step mean/med/min/max, rew: 0.0041/0.0013/0.0000/0.0613,
	Losses: Policy Loss value/action/dist: 0.045/-0.015/1.018,
Time: 00d 00h 33m 29s, num timesteps 162240, FPS 80,
	Rewards: per step mean/med/min/max, rew: 0.0041/0.0013/0.0000/0.0613,
	Losses: Policy Loss value/action/dist: 0.045/-0.015/1.018,
Time: 00d 00h 33m 32s, num timesteps 162480, FPS 80,
	Rewards: per step mean/med/min/max, rew: 0.0041/0.0013/0.0000/0.0613,
	Losses: Policy Loss value/action/dist: 0.045/-0.015/1.018,
Time: 00d 00h 33m 34s, num timesteps 162720, FPS 80,
	Rewards: per step mean/med/min/max, rew: 0.0041/0.0013/0.0000/0.0613,
	Losses: Policy Loss value/action/dist: 0.045/-0.015/1.018,
Time: 00d 00h 33m 37s, num timesteps 162960, FPS 80,
	Rewards: per step mean/med/min/max, rew: 0.0041/0.0013/0.0000/0.0613,
	Losses: Policy Loss value/action/dist: 0.045/-0.015/1.018,
Time: 00d 00h 33m 42s, num timesteps 163200, FPS 80,
	Rewards: per step mean/med/min/max, rew: 0.0041/0.0012/0.0000/0.0613,
	Losses: Policy Loss value/action/dist: 0.045/-0.015/1.017,
Time: 00d 00h 33m 45s, num timesteps 163440, FPS 80,
	Rewards: per step mean/med/min/max, rew: 0.0041/0.0012/0.0000/0.0613,
	Losses: Policy Loss value/action/dist: 0.045/-0.015/1.017,
Time: 00d 00h 33m 48s, num timesteps 163680, FPS 80,
	Rewards: per step mean/med/min/max, rew: 0.0041/0.0012/0.0000/0.0613,
	Losses: Policy Loss value/action/dist: 0.045/-0.015/1.017,
Time: 00d 00h 33m 50s, num timesteps 163920, FPS 80,
	Rewards: per step mean/med/min/max, rew: 0.0041/0.0013/0.0000/0.0613,
	Losses: Policy Loss value/action/dist: 0.045/-0.015/1.017,
Time: 00d 00h 33m 53s, num timesteps 164160, FPS 80,
	Rewards: per step mean/med/min/max, rew: 0.0041/0.0013/0.0000/0.0613,
	Losses: Policy Loss value/action/dist: 0.045/-0.015/1.017,
Time: 00d 00h 33m 56s, num timesteps 164400, FPS 80,
	Rewards: per step mean/med/min/max, rew: 0.0041/0.0012/0.0000/0.0613,
	Losses: Policy Loss value/action/dist: 0.045/-0.015/1.017,
Time: 00d 00h 33m 59s, num timesteps 164640, FPS 80,
	Rewards: per step mean/med/min/max, rew: 0.0041/0.0013/0.0000/0.0613,
	Losses: Policy Loss value/action/dist: 0.045/-0.015/1.017,
Time: 00d 00h 34m 01s, num timesteps 164880, FPS 80,
	Rewards: per step mean/med/min/max, rew: 0.0041/0.0012/0.0000/0.0613,
	Losses: Policy Loss value/action/dist: 0.045/-0.015/1.017,
Time: 00d 00h 34m 04s, num timesteps 165120, FPS 80,
	Rewards: per step mean/med/min/max, rew: 0.0041/0.0012/0.0000/0.0613,
	Losses: Policy Loss value/action/dist: 0.045/-0.015/1.017,
Time: 00d 00h 34m 07s, num timesteps 165360, FPS 80,
	Rewards: per step mean/med/min/max, rew: 0.0041/0.0012/0.0000/0.0613,
	Losses: Policy Loss value/action/dist: 0.045/-0.015/1.017,
Time: 00d 00h 34m 12s, num timesteps 165600, FPS 80,
	Rewards: per step mean/med/min/max, rew: 0.0041/0.0012/0.0000/0.0613,
	Losses: Policy Loss value/action/dist: 0.044/-0.015/1.017,
Time: 00d 00h 34m 15s, num timesteps 165840, FPS 80,
	Rewards: per step mean/med/min/max, rew: 0.0041/0.0012/0.0000/0.0613,
	Losses: Policy Loss value/action/dist: 0.044/-0.015/1.017,
Time: 00d 00h 34m 18s, num timesteps 166080, FPS 80,
	Rewards: per step mean/med/min/max, rew: 0.0041/0.0013/0.0000/0.0613,
	Losses: Policy Loss value/action/dist: 0.044/-0.015/1.017,
Time: 00d 00h 34m 20s, num timesteps 166320, FPS 80,
	Rewards: per step mean/med/min/max, rew: 0.0041/0.0013/0.0000/0.0613,
	Losses: Policy Loss value/action/dist: 0.044/-0.015/1.017,
Time: 00d 00h 34m 23s, num timesteps 166560, FPS 80,
	Rewards: per step mean/med/min/max, rew: 0.0041/0.0013/0.0000/0.0613,
	Losses: Policy Loss value/action/dist: 0.044/-0.015/1.017,
Time: 00d 00h 34m 26s, num timesteps 166800, FPS 80,
	Rewards: per step mean/med/min/max, rew: 0.0041/0.0013/0.0000/0.0613,
	Losses: Policy Loss value/action/dist: 0.044/-0.015/1.017,
Time: 00d 00h 34m 28s, num timesteps 167040, FPS 80,
	Rewards: per step mean/med/min/max, rew: 0.0041/0.0013/0.0000/0.0613,
	Losses: Policy Loss value/action/dist: 0.044/-0.015/1.017,
Time: 00d 00h 34m 31s, num timesteps 167280, FPS 80,
	Rewards: per step mean/med/min/max, rew: 0.0041/0.0013/0.0000/0.0613,
	Losses: Policy Loss value/action/dist: 0.044/-0.015/1.017,
Time: 00d 00h 34m 34s, num timesteps 167520, FPS 80,
	Rewards: per step mean/med/min/max, rew: 0.0041/0.0013/0.0000/0.0613,
	Losses: Policy Loss value/action/dist: 0.044/-0.015/1.017,
Time: 00d 00h 34m 37s, num timesteps 167760, FPS 80,
	Rewards: per step mean/med/min/max, rew: 0.0041/0.0013/0.0000/0.0613,
	Losses: Policy Loss value/action/dist: 0.044/-0.015/1.017,
Env 0's episode over in 6998 step, 98 local step, reset maps
Env 1's episode over in 6998 step, 98 local step, reset maps
Env 2's episode over in 6998 step, 98 local step, reset maps
Env 3's episode over in 6998 step, 98 local step, reset maps
Env 4's episode over in 6998 step, 98 local step, reset maps
Env 5's episode over in 6998 step, 98 local step, reset maps
Env 6's episode over in 6998 step, 98 local step, reset maps
Env 7's episode over in 6998 step, 98 local step, reset maps
Env 8's episode over in 6998 step, 98 local step, reset maps
Env 9's episode over in 6998 step, 98 local step, reset maps
Env 10's episode over in 6998 step, 98 local step, reset maps
Env 11's episode over in 6998 step, 98 local step, reset maps
Env 12's episode over in 6998 step, 98 local step, reset maps
Env 13's episode over in 6998 step, 98 local step, reset maps
Env 14's episode over in 6998 step, 98 local step, reset maps
Env 15's episode over in 6998 step, 98 local step, reset maps
Env 16's episode over in 6998 step, 98 local step, reset maps
Env 17's episode over in 6998 step, 98 local step, reset maps
Env 18's episode over in 6998 step, 98 local step, reset maps
Env 19's episode over in 6998 step, 98 local step, reset maps
Env 20's episode over in 6998 step, 98 local step, reset maps
Env 21's episode over in 6998 step, 98 local step, reset maps
Env 22's episode over in 6998 step, 98 local step, reset maps
Env 23's episode over in 6998 step, 98 local step, reset maps
episode over in 6999 step, 99 local step, rollouts done;
 episode mean reward=1.9878692626953125
Time: 00d 00h 34m 42s, num timesteps 168000, FPS 80,
	Rewards: per step mean/med/min/max, rew: 0.0041/0.0012/0.0000/0.0613,
	Losses: Policy Loss value/action/dist: 0.044/-0.015/1.016,
Time: 00d 00h 34m 45s, num timesteps 168240, FPS 80,
	Rewards: per step mean/med/min/max, rew: 0.0040/0.0012/0.0000/0.0613,
	Losses: Policy Loss value/action/dist: 0.044/-0.015/1.016,
Time: 00d 00h 34m 48s, num timesteps 168480, FPS 80,
	Rewards: per step mean/med/min/max, rew: 0.0040/0.0012/0.0000/0.0613,
	Losses: Policy Loss value/action/dist: 0.044/-0.015/1.016,
Time: 00d 00h 34m 50s, num timesteps 168720, FPS 80,
	Rewards: per step mean/med/min/max, rew: 0.0039/0.0012/0.0000/0.0613,
	Losses: Policy Loss value/action/dist: 0.044/-0.015/1.016,
Time: 00d 00h 34m 53s, num timesteps 168960, FPS 80,
	Rewards: per step mean/med/min/max, rew: 0.0039/0.0012/0.0000/0.0613,
	Losses: Policy Loss value/action/dist: 0.044/-0.015/1.016,
Time: 00d 00h 34m 56s, num timesteps 169200, FPS 80,
	Rewards: per step mean/med/min/max, rew: 0.0039/0.0012/0.0000/0.0613,
	Losses: Policy Loss value/action/dist: 0.044/-0.015/1.016,
Time: 00d 00h 34m 58s, num timesteps 169440, FPS 80,
	Rewards: per step mean/med/min/max, rew: 0.0038/0.0012/0.0000/0.0613,
	Losses: Policy Loss value/action/dist: 0.044/-0.015/1.016,
Time: 00d 00h 35m 01s, num timesteps 169680, FPS 80,
	Rewards: per step mean/med/min/max, rew: 0.0038/0.0012/0.0000/0.0613,
	Losses: Policy Loss value/action/dist: 0.044/-0.015/1.016,
Time: 00d 00h 35m 04s, num timesteps 169920, FPS 80,
	Rewards: per step mean/med/min/max, rew: 0.0037/0.0012/0.0000/0.0613,
	Losses: Policy Loss value/action/dist: 0.044/-0.015/1.016,
Time: 00d 00h 35m 07s, num timesteps 170160, FPS 80,
	Rewards: per step mean/med/min/max, rew: 0.0037/0.0012/0.0000/0.0613,
	Losses: Policy Loss value/action/dist: 0.044/-0.015/1.016,
Time: 00d 00h 35m 12s, num timesteps 170400, FPS 80,
	Rewards: per step mean/med/min/max, rew: 0.0037/0.0012/0.0000/0.0613,
	Losses: Policy Loss value/action/dist: 0.044/-0.015/1.016,
Time: 00d 00h 35m 15s, num timesteps 170640, FPS 80,
	Rewards: per step mean/med/min/max, rew: 0.0037/0.0011/0.0000/0.0613,
	Losses: Policy Loss value/action/dist: 0.044/-0.015/1.016,
Time: 00d 00h 35m 17s, num timesteps 170880, FPS 80,
	Rewards: per step mean/med/min/max, rew: 0.0037/0.0011/0.0000/0.0613,
	Losses: Policy Loss value/action/dist: 0.044/-0.015/1.016,
Time: 00d 00h 35m 20s, num timesteps 171120, FPS 80,
	Rewards: per step mean/med/min/max, rew: 0.0037/0.0011/0.0000/0.0613,
	Losses: Policy Loss value/action/dist: 0.044/-0.015/1.016,
Time: 00d 00h 35m 23s, num timesteps 171360, FPS 80,
	Rewards: per step mean/med/min/max, rew: 0.0037/0.0011/0.0000/0.0613,
	Losses: Policy Loss value/action/dist: 0.044/-0.015/1.016,
Time: 00d 00h 35m 26s, num timesteps 171600, FPS 80,
	Rewards: per step mean/med/min/max, rew: 0.0036/0.0011/0.0000/0.0613,
	Losses: Policy Loss value/action/dist: 0.044/-0.015/1.016,
Time: 00d 00h 35m 28s, num timesteps 171840, FPS 80,
	Rewards: per step mean/med/min/max, rew: 0.0036/0.0011/0.0000/0.0613,
	Losses: Policy Loss value/action/dist: 0.044/-0.015/1.016,
Time: 00d 00h 35m 31s, num timesteps 172080, FPS 80,
	Rewards: per step mean/med/min/max, rew: 0.0036/0.0011/0.0000/0.0613,
	Losses: Policy Loss value/action/dist: 0.044/-0.015/1.016,
Time: 00d 00h 35m 34s, num timesteps 172320, FPS 80,
	Rewards: per step mean/med/min/max, rew: 0.0037/0.0011/0.0000/0.0613,
	Losses: Policy Loss value/action/dist: 0.044/-0.015/1.016,
Time: 00d 00h 35m 37s, num timesteps 172560, FPS 80,
	Rewards: per step mean/med/min/max, rew: 0.0036/0.0011/0.0000/0.0613,
	Losses: Policy Loss value/action/dist: 0.044/-0.015/1.016,
Time: 00d 00h 35m 42s, num timesteps 172800, FPS 80,
	Rewards: per step mean/med/min/max, rew: 0.0036/0.0011/0.0000/0.0613,
	Losses: Policy Loss value/action/dist: 0.045/-0.015/1.015,
Time: 00d 00h 35m 45s, num timesteps 173040, FPS 80,
	Rewards: per step mean/med/min/max, rew: 0.0036/0.0011/0.0000/0.0613,
	Losses: Policy Loss value/action/dist: 0.045/-0.015/1.015,
Time: 00d 00h 35m 47s, num timesteps 173280, FPS 80,
	Rewards: per step mean/med/min/max, rew: 0.0037/0.0011/0.0000/0.0613,
	Losses: Policy Loss value/action/dist: 0.045/-0.015/1.015,
Time: 00d 00h 35m 50s, num timesteps 173520, FPS 80,
	Rewards: per step mean/med/min/max, rew: 0.0037/0.0011/0.0000/0.0613,
	Losses: Policy Loss value/action/dist: 0.045/-0.015/1.015,
Time: 00d 00h 35m 53s, num timesteps 173760, FPS 80,
	Rewards: per step mean/med/min/max, rew: 0.0037/0.0011/0.0000/0.0613,
	Losses: Policy Loss value/action/dist: 0.045/-0.015/1.015,
Time: 00d 00h 35m 56s, num timesteps 174000, FPS 80,
	Rewards: per step mean/med/min/max, rew: 0.0037/0.0011/0.0000/0.0613,
	Losses: Policy Loss value/action/dist: 0.045/-0.015/1.015,
Time: 00d 00h 35m 58s, num timesteps 174240, FPS 80,
	Rewards: per step mean/med/min/max, rew: 0.0037/0.0011/0.0000/0.0613,
	Losses: Policy Loss value/action/dist: 0.045/-0.015/1.015,
Time: 00d 00h 36m 01s, num timesteps 174480, FPS 80,
	Rewards: per step mean/med/min/max, rew: 0.0037/0.0010/0.0000/0.0613,
	Losses: Policy Loss value/action/dist: 0.045/-0.015/1.015,
Time: 00d 00h 36m 04s, num timesteps 174720, FPS 80,
	Rewards: per step mean/med/min/max, rew: 0.0037/0.0010/0.0000/0.0613,
	Losses: Policy Loss value/action/dist: 0.045/-0.015/1.015,
Time: 00d 00h 36m 06s, num timesteps 174960, FPS 80,
	Rewards: per step mean/med/min/max, rew: 0.0037/0.0010/0.0000/0.0613,
	Losses: Policy Loss value/action/dist: 0.045/-0.015/1.015,
Time: 00d 00h 36m 12s, num timesteps 175200, FPS 80,
	Rewards: per step mean/med/min/max, rew: 0.0037/0.0011/0.0000/0.0613,
	Losses: Policy Loss value/action/dist: 0.044/-0.015/1.015,
Time: 00d 00h 36m 14s, num timesteps 175440, FPS 80,
	Rewards: per step mean/med/min/max, rew: 0.0037/0.0011/0.0000/0.0613,
	Losses: Policy Loss value/action/dist: 0.044/-0.015/1.015,
Time: 00d 00h 36m 17s, num timesteps 175680, FPS 80,
	Rewards: per step mean/med/min/max, rew: 0.0038/0.0011/0.0000/0.0613,
	Losses: Policy Loss value/action/dist: 0.044/-0.015/1.015,
Time: 00d 00h 36m 20s, num timesteps 175920, FPS 80,
	Rewards: per step mean/med/min/max, rew: 0.0037/0.0011/0.0000/0.0613,
	Losses: Policy Loss value/action/dist: 0.044/-0.015/1.015,
Time: 00d 00h 36m 23s, num timesteps 176160, FPS 80,
	Rewards: per step mean/med/min/max, rew: 0.0037/0.0011/0.0000/0.0613,
	Losses: Policy Loss value/action/dist: 0.044/-0.015/1.015,
Time: 00d 00h 36m 25s, num timesteps 176400, FPS 80,
	Rewards: per step mean/med/min/max, rew: 0.0037/0.0011/0.0000/0.0613,
	Losses: Policy Loss value/action/dist: 0.044/-0.015/1.015,
Time: 00d 00h 36m 28s, num timesteps 176640, FPS 80,
	Rewards: per step mean/med/min/max, rew: 0.0038/0.0011/0.0000/0.0613,
	Losses: Policy Loss value/action/dist: 0.044/-0.015/1.015,
Time: 00d 00h 36m 31s, num timesteps 176880, FPS 80,
	Rewards: per step mean/med/min/max, rew: 0.0037/0.0011/0.0000/0.0613,
	Losses: Policy Loss value/action/dist: 0.044/-0.015/1.015,
Time: 00d 00h 36m 33s, num timesteps 177120, FPS 80,
	Rewards: per step mean/med/min/max, rew: 0.0037/0.0011/0.0000/0.0613,
	Losses: Policy Loss value/action/dist: 0.044/-0.015/1.015,
Time: 00d 00h 36m 36s, num timesteps 177360, FPS 80,
	Rewards: per step mean/med/min/max, rew: 0.0037/0.0011/0.0000/0.0613,
	Losses: Policy Loss value/action/dist: 0.044/-0.015/1.015,
Time: 00d 00h 36m 41s, num timesteps 177600, FPS 80,
	Rewards: per step mean/med/min/max, rew: 0.0036/0.0010/0.0000/0.0613,
	Losses: Policy Loss value/action/dist: 0.044/-0.015/1.014,
Time: 00d 00h 36m 44s, num timesteps 177840, FPS 80,
	Rewards: per step mean/med/min/max, rew: 0.0036/0.0010/0.0000/0.0613,
	Losses: Policy Loss value/action/dist: 0.044/-0.015/1.014,
Time: 00d 00h 36m 47s, num timesteps 178080, FPS 80,
	Rewards: per step mean/med/min/max, rew: 0.0037/0.0010/0.0000/0.0613,
	Losses: Policy Loss value/action/dist: 0.044/-0.015/1.014,
Time: 00d 00h 36m 50s, num timesteps 178320, FPS 80,
	Rewards: per step mean/med/min/max, rew: 0.0037/0.0010/0.0000/0.0613,
	Losses: Policy Loss value/action/dist: 0.044/-0.015/1.014,
Time: 00d 00h 36m 52s, num timesteps 178560, FPS 80,
	Rewards: per step mean/med/min/max, rew: 0.0036/0.0010/0.0000/0.0613,
	Losses: Policy Loss value/action/dist: 0.044/-0.015/1.014,
Time: 00d 00h 36m 55s, num timesteps 178800, FPS 80,
	Rewards: per step mean/med/min/max, rew: 0.0036/0.0010/0.0000/0.0613,
	Losses: Policy Loss value/action/dist: 0.044/-0.015/1.014,
Time: 00d 00h 36m 58s, num timesteps 179040, FPS 80,
	Rewards: per step mean/med/min/max, rew: 0.0036/0.0010/0.0000/0.0613,
	Losses: Policy Loss value/action/dist: 0.044/-0.015/1.014,
Time: 00d 00h 37m 00s, num timesteps 179280, FPS 80,
	Rewards: per step mean/med/min/max, rew: 0.0036/0.0009/0.0000/0.0613,
	Losses: Policy Loss value/action/dist: 0.044/-0.015/1.014,
Time: 00d 00h 37m 03s, num timesteps 179520, FPS 80,
	Rewards: per step mean/med/min/max, rew: 0.0036/0.0009/0.0000/0.0613,
	Losses: Policy Loss value/action/dist: 0.044/-0.015/1.014,
Time: 00d 00h 37m 06s, num timesteps 179760, FPS 80,
	Rewards: per step mean/med/min/max, rew: 0.0036/0.0009/0.0000/0.0613,
	Losses: Policy Loss value/action/dist: 0.044/-0.015/1.014,
Env 0's episode over in 7498 step, 98 local step, reset maps
Env 1's episode over in 7498 step, 98 local step, reset maps
Env 2's episode over in 7498 step, 98 local step, reset maps
Env 3's episode over in 7498 step, 98 local step, reset maps
Env 4's episode over in 7498 step, 98 local step, reset maps
Env 5's episode over in 7498 step, 98 local step, reset maps
Env 6's episode over in 7498 step, 98 local step, reset maps
Env 7's episode over in 7498 step, 98 local step, reset maps
Env 8's episode over in 7498 step, 98 local step, reset maps
Env 9's episode over in 7498 step, 98 local step, reset maps
Env 10's episode over in 7498 step, 98 local step, reset maps
Env 11's episode over in 7498 step, 98 local step, reset maps
Env 12's episode over in 7498 step, 98 local step, reset maps
Env 13's episode over in 7498 step, 98 local step, reset maps
Env 14's episode over in 7498 step, 98 local step, reset maps
Env 15's episode over in 7498 step, 98 local step, reset maps
Env 16's episode over in 7498 step, 98 local step, reset maps
Env 17's episode over in 7498 step, 98 local step, reset maps
Env 18's episode over in 7498 step, 98 local step, reset maps
Env 19's episode over in 7498 step, 98 local step, reset maps
Env 20's episode over in 7498 step, 98 local step, reset maps
Env 21's episode over in 7498 step, 98 local step, reset maps
Env 22's episode over in 7498 step, 98 local step, reset maps
Env 23's episode over in 7498 step, 98 local step, reset maps
episode over in 7499 step, 99 local step, rollouts done;
 episode mean reward=1.619288444519043
Time: 00d 00h 37m 11s, num timesteps 180000, FPS 80,
	Rewards: per step mean/med/min/max, rew: 0.0036/0.0009/0.0000/0.0613,
	Losses: Policy Loss value/action/dist: 0.044/-0.015/1.014,
Time: 00d 00h 37m 14s, num timesteps 180240, FPS 80,
	Rewards: per step mean/med/min/max, rew: 0.0036/0.0009/0.0000/0.0613,
	Losses: Policy Loss value/action/dist: 0.044/-0.015/1.014,
Time: 00d 00h 37m 17s, num timesteps 180480, FPS 80,
	Rewards: per step mean/med/min/max, rew: 0.0035/0.0009/0.0000/0.0552,
	Losses: Policy Loss value/action/dist: 0.044/-0.015/1.014,
Time: 00d 00h 37m 19s, num timesteps 180720, FPS 80,
	Rewards: per step mean/med/min/max, rew: 0.0035/0.0009/0.0000/0.0552,
	Losses: Policy Loss value/action/dist: 0.044/-0.015/1.014,
Time: 00d 00h 37m 22s, num timesteps 180960, FPS 80,
	Rewards: per step mean/med/min/max, rew: 0.0035/0.0009/0.0000/0.0552,
	Losses: Policy Loss value/action/dist: 0.044/-0.015/1.014,
Time: 00d 00h 37m 25s, num timesteps 181200, FPS 80,
	Rewards: per step mean/med/min/max, rew: 0.0035/0.0009/0.0000/0.0552,
	Losses: Policy Loss value/action/dist: 0.044/-0.015/1.014,
Time: 00d 00h 37m 27s, num timesteps 181440, FPS 80,
	Rewards: per step mean/med/min/max, rew: 0.0034/0.0009/0.0000/0.0552,
	Losses: Policy Loss value/action/dist: 0.044/-0.015/1.014,
Time: 00d 00h 37m 30s, num timesteps 181680, FPS 80,
	Rewards: per step mean/med/min/max, rew: 0.0035/0.0009/0.0000/0.0552,
	Losses: Policy Loss value/action/dist: 0.044/-0.015/1.014,
Time: 00d 00h 37m 33s, num timesteps 181920, FPS 80,
	Rewards: per step mean/med/min/max, rew: 0.0035/0.0009/0.0000/0.0552,
	Losses: Policy Loss value/action/dist: 0.044/-0.015/1.014,
Time: 00d 00h 37m 36s, num timesteps 182160, FPS 80,
	Rewards: per step mean/med/min/max, rew: 0.0035/0.0009/0.0000/0.0552,
	Losses: Policy Loss value/action/dist: 0.044/-0.015/1.014,
Time: 00d 00h 37m 41s, num timesteps 182400, FPS 80,
	Rewards: per step mean/med/min/max, rew: 0.0035/0.0009/0.0000/0.0552,
	Losses: Policy Loss value/action/dist: 0.044/-0.015/1.014,
Time: 00d 00h 37m 44s, num timesteps 182640, FPS 80,
	Rewards: per step mean/med/min/max, rew: 0.0035/0.0009/0.0000/0.0552,
	Losses: Policy Loss value/action/dist: 0.044/-0.015/1.014,
Time: 00d 00h 37m 46s, num timesteps 182880, FPS 80,
	Rewards: per step mean/med/min/max, rew: 0.0035/0.0009/0.0000/0.0552,
	Losses: Policy Loss value/action/dist: 0.044/-0.015/1.014,
Time: 00d 00h 37m 49s, num timesteps 183120, FPS 80,
	Rewards: per step mean/med/min/max, rew: 0.0035/0.0008/0.0000/0.0552,
	Losses: Policy Loss value/action/dist: 0.044/-0.015/1.014,
Time: 00d 00h 37m 52s, num timesteps 183360, FPS 80,
	Rewards: per step mean/med/min/max, rew: 0.0035/0.0008/0.0000/0.0552,
	Losses: Policy Loss value/action/dist: 0.044/-0.015/1.014,
Time: 00d 00h 37m 54s, num timesteps 183600, FPS 80,
	Rewards: per step mean/med/min/max, rew: 0.0034/0.0008/0.0000/0.0552,
	Losses: Policy Loss value/action/dist: 0.044/-0.015/1.014,
Time: 00d 00h 37m 57s, num timesteps 183840, FPS 80,
	Rewards: per step mean/med/min/max, rew: 0.0034/0.0009/0.0000/0.0552,
	Losses: Policy Loss value/action/dist: 0.044/-0.015/1.014,
Time: 00d 00h 38m 00s, num timesteps 184080, FPS 80,
	Rewards: per step mean/med/min/max, rew: 0.0034/0.0008/0.0000/0.0552,
	Losses: Policy Loss value/action/dist: 0.044/-0.015/1.014,
Time: 00d 00h 38m 03s, num timesteps 184320, FPS 80,
	Rewards: per step mean/med/min/max, rew: 0.0034/0.0008/0.0000/0.0552,
	Losses: Policy Loss value/action/dist: 0.044/-0.015/1.014,
Time: 00d 00h 38m 05s, num timesteps 184560, FPS 80,
	Rewards: per step mean/med/min/max, rew: 0.0034/0.0008/0.0000/0.0552,
	Losses: Policy Loss value/action/dist: 0.044/-0.015/1.014,
Time: 00d 00h 38m 11s, num timesteps 184800, FPS 80,
	Rewards: per step mean/med/min/max, rew: 0.0034/0.0008/0.0000/0.0552,
	Losses: Policy Loss value/action/dist: 0.044/-0.015/1.013,
Time: 00d 00h 38m 13s, num timesteps 185040, FPS 80,
	Rewards: per step mean/med/min/max, rew: 0.0034/0.0009/0.0000/0.0552,
	Losses: Policy Loss value/action/dist: 0.044/-0.015/1.013,
Time: 00d 00h 38m 16s, num timesteps 185280, FPS 80,
	Rewards: per step mean/med/min/max, rew: 0.0034/0.0008/0.0000/0.0552,
	Losses: Policy Loss value/action/dist: 0.044/-0.015/1.013,
Time: 00d 00h 38m 19s, num timesteps 185520, FPS 80,
	Rewards: per step mean/med/min/max, rew: 0.0034/0.0008/0.0000/0.0552,
	Losses: Policy Loss value/action/dist: 0.044/-0.015/1.013,
Time: 00d 00h 38m 21s, num timesteps 185760, FPS 80,
	Rewards: per step mean/med/min/max, rew: 0.0034/0.0008/0.0000/0.0552,
	Losses: Policy Loss value/action/dist: 0.044/-0.015/1.013,
Time: 00d 00h 38m 24s, num timesteps 186000, FPS 80,
	Rewards: per step mean/med/min/max, rew: 0.0034/0.0008/0.0000/0.0552,
	Losses: Policy Loss value/action/dist: 0.044/-0.015/1.013,
Time: 00d 00h 38m 27s, num timesteps 186240, FPS 80,
	Rewards: per step mean/med/min/max, rew: 0.0034/0.0008/0.0000/0.0552,
	Losses: Policy Loss value/action/dist: 0.044/-0.015/1.013,
Time: 00d 00h 38m 29s, num timesteps 186480, FPS 80,
	Rewards: per step mean/med/min/max, rew: 0.0034/0.0008/0.0000/0.0552,
	Losses: Policy Loss value/action/dist: 0.044/-0.015/1.013,
Time: 00d 00h 38m 32s, num timesteps 186720, FPS 80,
	Rewards: per step mean/med/min/max, rew: 0.0034/0.0008/0.0000/0.0552,
	Losses: Policy Loss value/action/dist: 0.044/-0.015/1.013,
Time: 00d 00h 38m 35s, num timesteps 186960, FPS 80,
	Rewards: per step mean/med/min/max, rew: 0.0034/0.0008/0.0000/0.0552,
	Losses: Policy Loss value/action/dist: 0.044/-0.015/1.013,
Time: 00d 00h 38m 40s, num timesteps 187200, FPS 80,
	Rewards: per step mean/med/min/max, rew: 0.0034/0.0007/0.0000/0.0552,
	Losses: Policy Loss value/action/dist: 0.044/-0.015/1.013,
Time: 00d 00h 38m 43s, num timesteps 187440, FPS 80,
	Rewards: per step mean/med/min/max, rew: 0.0034/0.0007/0.0000/0.0552,
	Losses: Policy Loss value/action/dist: 0.044/-0.015/1.013,
Time: 00d 00h 38m 45s, num timesteps 187680, FPS 80,
	Rewards: per step mean/med/min/max, rew: 0.0034/0.0007/0.0000/0.0552,
	Losses: Policy Loss value/action/dist: 0.044/-0.015/1.013,
Time: 00d 00h 38m 48s, num timesteps 187920, FPS 80,
	Rewards: per step mean/med/min/max, rew: 0.0034/0.0007/0.0000/0.0552,
	Losses: Policy Loss value/action/dist: 0.044/-0.015/1.013,
Time: 00d 00h 38m 51s, num timesteps 188160, FPS 80,
	Rewards: per step mean/med/min/max, rew: 0.0034/0.0007/0.0000/0.0552,
	Losses: Policy Loss value/action/dist: 0.044/-0.015/1.013,
Time: 00d 00h 38m 54s, num timesteps 188400, FPS 80,
	Rewards: per step mean/med/min/max, rew: 0.0034/0.0008/0.0000/0.0552,
	Losses: Policy Loss value/action/dist: 0.044/-0.015/1.013,
Time: 00d 00h 38m 57s, num timesteps 188640, FPS 80,
	Rewards: per step mean/med/min/max, rew: 0.0034/0.0008/0.0000/0.0552,
	Losses: Policy Loss value/action/dist: 0.044/-0.015/1.013,
Time: 00d 00h 39m 00s, num timesteps 188880, FPS 80,
	Rewards: per step mean/med/min/max, rew: 0.0034/0.0008/0.0000/0.0552,
	Losses: Policy Loss value/action/dist: 0.044/-0.015/1.013,
Time: 00d 00h 39m 02s, num timesteps 189120, FPS 80,
	Rewards: per step mean/med/min/max, rew: 0.0034/0.0008/0.0000/0.0552,
	Losses: Policy Loss value/action/dist: 0.044/-0.015/1.013,
Time: 00d 00h 39m 05s, num timesteps 189360, FPS 80,
	Rewards: per step mean/med/min/max, rew: 0.0034/0.0007/0.0000/0.0552,
	Losses: Policy Loss value/action/dist: 0.044/-0.015/1.013,
Time: 00d 00h 39m 10s, num timesteps 189600, FPS 80,
	Rewards: per step mean/med/min/max, rew: 0.0033/0.0007/0.0000/0.0552,
	Losses: Policy Loss value/action/dist: 0.043/-0.015/1.013,
Time: 00d 00h 39m 13s, num timesteps 189840, FPS 80,
	Rewards: per step mean/med/min/max, rew: 0.0033/0.0007/0.0000/0.0552,
	Losses: Policy Loss value/action/dist: 0.043/-0.015/1.013,
Time: 00d 00h 39m 16s, num timesteps 190080, FPS 80,
	Rewards: per step mean/med/min/max, rew: 0.0033/0.0007/0.0000/0.0552,
	Losses: Policy Loss value/action/dist: 0.043/-0.015/1.013,
Time: 00d 00h 39m 19s, num timesteps 190320, FPS 80,
	Rewards: per step mean/med/min/max, rew: 0.0033/0.0007/0.0000/0.0552,
	Losses: Policy Loss value/action/dist: 0.043/-0.015/1.013,
Time: 00d 00h 39m 21s, num timesteps 190560, FPS 80,
	Rewards: per step mean/med/min/max, rew: 0.0033/0.0007/0.0000/0.0552,
	Losses: Policy Loss value/action/dist: 0.043/-0.015/1.013,
Time: 00d 00h 39m 24s, num timesteps 190800, FPS 80,
	Rewards: per step mean/med/min/max, rew: 0.0033/0.0007/0.0000/0.0552,
	Losses: Policy Loss value/action/dist: 0.043/-0.015/1.013,
Time: 00d 00h 39m 27s, num timesteps 191040, FPS 80,
	Rewards: per step mean/med/min/max, rew: 0.0033/0.0007/0.0000/0.0552,
	Losses: Policy Loss value/action/dist: 0.043/-0.015/1.013,
Time: 00d 00h 39m 30s, num timesteps 191280, FPS 80,
	Rewards: per step mean/med/min/max, rew: 0.0033/0.0007/0.0000/0.0552,
	Losses: Policy Loss value/action/dist: 0.043/-0.015/1.013,
Time: 00d 00h 39m 32s, num timesteps 191520, FPS 80,
	Rewards: per step mean/med/min/max, rew: 0.0033/0.0007/0.0000/0.0552,
	Losses: Policy Loss value/action/dist: 0.043/-0.015/1.013,
Time: 00d 00h 39m 35s, num timesteps 191760, FPS 80,
	Rewards: per step mean/med/min/max, rew: 0.0033/0.0006/0.0000/0.0552,
	Losses: Policy Loss value/action/dist: 0.043/-0.015/1.013,
Env 0's episode over in 7998 step, 98 local step, reset maps
Env 1's episode over in 7998 step, 98 local step, reset maps
Env 2's episode over in 7998 step, 98 local step, reset maps
Env 3's episode over in 7998 step, 98 local step, reset maps
Env 4's episode over in 7998 step, 98 local step, reset maps
Env 5's episode over in 7998 step, 98 local step, reset maps
Env 6's episode over in 7998 step, 98 local step, reset maps
Env 7's episode over in 7998 step, 98 local step, reset maps
Env 8's episode over in 7998 step, 98 local step, reset maps
Env 9's episode over in 7998 step, 98 local step, reset maps
Env 10's episode over in 7998 step, 98 local step, reset maps
Env 11's episode over in 7998 step, 98 local step, reset maps
Env 12's episode over in 7998 step, 98 local step, reset maps
Env 13's episode over in 7998 step, 98 local step, reset maps
Env 14's episode over in 7998 step, 98 local step, reset maps
Env 15's episode over in 7998 step, 98 local step, reset maps
Env 16's episode over in 7998 step, 98 local step, reset maps
Env 17's episode over in 7998 step, 98 local step, reset maps
Env 18's episode over in 7998 step, 98 local step, reset maps
Env 19's episode over in 7998 step, 98 local step, reset maps
Env 20's episode over in 7998 step, 98 local step, reset maps
Env 21's episode over in 7998 step, 98 local step, reset maps
Env 22's episode over in 7998 step, 98 local step, reset maps
Env 23's episode over in 7998 step, 98 local step, reset maps
episode over in 7999 step, 99 local step, rollouts done;
 episode mean reward=1.6501811742782593
Time: 00d 00h 39m 41s, num timesteps 192000, FPS 80,
	Rewards: per step mean/med/min/max, rew: 0.0033/0.0006/0.0000/0.0552,
	Losses: Policy Loss value/action/dist: 0.043/-0.015/1.012,
Time: 00d 00h 39m 43s, num timesteps 192240, FPS 80,
	Rewards: per step mean/med/min/max, rew: 0.0032/0.0006/0.0000/0.0552,
	Losses: Policy Loss value/action/dist: 0.043/-0.015/1.012,
Time: 00d 00h 39m 46s, num timesteps 192480, FPS 80,
	Rewards: per step mean/med/min/max, rew: 0.0032/0.0006/0.0000/0.0552,
	Losses: Policy Loss value/action/dist: 0.043/-0.015/1.012,
Time: 00d 00h 39m 49s, num timesteps 192720, FPS 80,
	Rewards: per step mean/med/min/max, rew: 0.0033/0.0006/0.0000/0.0552,
	Losses: Policy Loss value/action/dist: 0.043/-0.015/1.012,
Time: 00d 00h 39m 52s, num timesteps 192960, FPS 80,
	Rewards: per step mean/med/min/max, rew: 0.0033/0.0007/0.0000/0.0552,
	Losses: Policy Loss value/action/dist: 0.043/-0.015/1.012,
Time: 00d 00h 39m 54s, num timesteps 193200, FPS 80,
	Rewards: per step mean/med/min/max, rew: 0.0033/0.0007/0.0000/0.0552,
	Losses: Policy Loss value/action/dist: 0.043/-0.015/1.012,
Time: 00d 00h 39m 57s, num timesteps 193440, FPS 80,
	Rewards: per step mean/med/min/max, rew: 0.0033/0.0006/0.0000/0.0657,
	Losses: Policy Loss value/action/dist: 0.043/-0.015/1.012,
Time: 00d 00h 40m 00s, num timesteps 193680, FPS 80,
	Rewards: per step mean/med/min/max, rew: 0.0034/0.0006/0.0000/0.0657,
	Losses: Policy Loss value/action/dist: 0.043/-0.015/1.012,
Time: 00d 00h 40m 03s, num timesteps 193920, FPS 80,
	Rewards: per step mean/med/min/max, rew: 0.0034/0.0006/0.0000/0.0657,
	Losses: Policy Loss value/action/dist: 0.043/-0.015/1.012,
Time: 00d 00h 40m 05s, num timesteps 194160, FPS 80,
	Rewards: per step mean/med/min/max, rew: 0.0034/0.0007/0.0000/0.0657,
	Losses: Policy Loss value/action/dist: 0.043/-0.015/1.012,
Time: 00d 00h 40m 11s, num timesteps 194400, FPS 80,
	Rewards: per step mean/med/min/max, rew: 0.0034/0.0006/0.0000/0.0657,
	Losses: Policy Loss value/action/dist: 0.043/-0.015/1.012,
Time: 00d 00h 40m 13s, num timesteps 194640, FPS 80,
	Rewards: per step mean/med/min/max, rew: 0.0034/0.0007/0.0000/0.0657,
	Losses: Policy Loss value/action/dist: 0.043/-0.015/1.012,
Time: 00d 00h 40m 16s, num timesteps 194880, FPS 80,
	Rewards: per step mean/med/min/max, rew: 0.0034/0.0007/0.0000/0.0657,
	Losses: Policy Loss value/action/dist: 0.043/-0.015/1.012,
Time: 00d 00h 40m 19s, num timesteps 195120, FPS 80,
	Rewards: per step mean/med/min/max, rew: 0.0034/0.0006/0.0000/0.0657,
	Losses: Policy Loss value/action/dist: 0.043/-0.015/1.012,
Time: 00d 00h 40m 22s, num timesteps 195360, FPS 80,
	Rewards: per step mean/med/min/max, rew: 0.0035/0.0007/0.0000/0.0657,
	Losses: Policy Loss value/action/dist: 0.043/-0.015/1.012,
Time: 00d 00h 40m 24s, num timesteps 195600, FPS 80,
	Rewards: per step mean/med/min/max, rew: 0.0035/0.0007/0.0000/0.0657,
	Losses: Policy Loss value/action/dist: 0.043/-0.015/1.012,
Time: 00d 00h 40m 27s, num timesteps 195840, FPS 80,
	Rewards: per step mean/med/min/max, rew: 0.0035/0.0007/0.0000/0.0657,
	Losses: Policy Loss value/action/dist: 0.043/-0.015/1.012,
Time: 00d 00h 40m 30s, num timesteps 196080, FPS 80,
	Rewards: per step mean/med/min/max, rew: 0.0035/0.0007/0.0000/0.0657,
	Losses: Policy Loss value/action/dist: 0.043/-0.015/1.012,
Time: 00d 00h 40m 33s, num timesteps 196320, FPS 80,
	Rewards: per step mean/med/min/max, rew: 0.0034/0.0007/0.0000/0.0657,
	Losses: Policy Loss value/action/dist: 0.043/-0.015/1.012,
Time: 00d 00h 40m 36s, num timesteps 196560, FPS 80,
	Rewards: per step mean/med/min/max, rew: 0.0034/0.0007/0.0000/0.0657,
	Losses: Policy Loss value/action/dist: 0.043/-0.015/1.012,
Time: 00d 00h 40m 41s, num timesteps 196800, FPS 80,
	Rewards: per step mean/med/min/max, rew: 0.0034/0.0007/0.0000/0.0657,
	Losses: Policy Loss value/action/dist: 0.044/-0.015/1.011,
Time: 00d 00h 40m 44s, num timesteps 197040, FPS 80,
	Rewards: per step mean/med/min/max, rew: 0.0034/0.0007/0.0000/0.0657,
	Losses: Policy Loss value/action/dist: 0.044/-0.015/1.011,
Time: 00d 00h 40m 47s, num timesteps 197280, FPS 80,
	Rewards: per step mean/med/min/max, rew: 0.0034/0.0007/0.0000/0.0657,
	Losses: Policy Loss value/action/dist: 0.044/-0.015/1.011,
Time: 00d 00h 40m 50s, num timesteps 197520, FPS 80,
	Rewards: per step mean/med/min/max, rew: 0.0034/0.0007/0.0000/0.0657,
	Losses: Policy Loss value/action/dist: 0.044/-0.015/1.011,
Time: 00d 00h 40m 52s, num timesteps 197760, FPS 80,
	Rewards: per step mean/med/min/max, rew: 0.0034/0.0007/0.0000/0.0657,
	Losses: Policy Loss value/action/dist: 0.044/-0.015/1.011,
Time: 00d 00h 40m 55s, num timesteps 198000, FPS 80,
	Rewards: per step mean/med/min/max, rew: 0.0034/0.0007/0.0000/0.0657,
	Losses: Policy Loss value/action/dist: 0.044/-0.015/1.011,
Time: 00d 00h 40m 58s, num timesteps 198240, FPS 80,
	Rewards: per step mean/med/min/max, rew: 0.0034/0.0007/0.0000/0.0657,
	Losses: Policy Loss value/action/dist: 0.044/-0.015/1.011,
Time: 00d 00h 41m 00s, num timesteps 198480, FPS 80,
	Rewards: per step mean/med/min/max, rew: 0.0034/0.0007/0.0000/0.0657,
	Losses: Policy Loss value/action/dist: 0.044/-0.015/1.011,
Time: 00d 00h 41m 03s, num timesteps 198720, FPS 80,
	Rewards: per step mean/med/min/max, rew: 0.0035/0.0007/0.0000/0.0657,
	Losses: Policy Loss value/action/dist: 0.044/-0.015/1.011,
Time: 00d 00h 41m 06s, num timesteps 198960, FPS 80,
	Rewards: per step mean/med/min/max, rew: 0.0035/0.0007/0.0000/0.0657,
	Losses: Policy Loss value/action/dist: 0.044/-0.015/1.011,
Time: 00d 00h 41m 11s, num timesteps 199200, FPS 80,
	Rewards: per step mean/med/min/max, rew: 0.0034/0.0007/0.0000/0.0657,
	Losses: Policy Loss value/action/dist: 0.043/-0.015/1.011,
Time: 00d 00h 41m 14s, num timesteps 199440, FPS 80,
	Rewards: per step mean/med/min/max, rew: 0.0035/0.0007/0.0000/0.0657,
	Losses: Policy Loss value/action/dist: 0.043/-0.015/1.011,
Time: 00d 00h 41m 17s, num timesteps 199680, FPS 80,
	Rewards: per step mean/med/min/max, rew: 0.0035/0.0007/0.0000/0.0657,
	Losses: Policy Loss value/action/dist: 0.043/-0.015/1.011,
Time: 00d 00h 41m 19s, num timesteps 199920, FPS 80,
	Rewards: per step mean/med/min/max, rew: 0.0035/0.0007/0.0000/0.0657,
	Losses: Policy Loss value/action/dist: 0.043/-0.015/1.011,
Time: 00d 00h 41m 22s, num timesteps 200160, FPS 80,
	Rewards: per step mean/med/min/max, rew: 0.0035/0.0007/0.0000/0.0657,
	Losses: Policy Loss value/action/dist: 0.043/-0.015/1.011,
Time: 00d 00h 41m 25s, num timesteps 200400, FPS 80,
	Rewards: per step mean/med/min/max, rew: 0.0035/0.0007/0.0000/0.0657,
	Losses: Policy Loss value/action/dist: 0.043/-0.015/1.011,
Time: 00d 00h 41m 28s, num timesteps 200640, FPS 80,
	Rewards: per step mean/med/min/max, rew: 0.0035/0.0008/0.0000/0.0657,
	Losses: Policy Loss value/action/dist: 0.043/-0.015/1.011,
Time: 00d 00h 41m 30s, num timesteps 200880, FPS 80,
	Rewards: per step mean/med/min/max, rew: 0.0035/0.0008/0.0000/0.0657,
	Losses: Policy Loss value/action/dist: 0.043/-0.015/1.011,
Time: 00d 00h 41m 33s, num timesteps 201120, FPS 80,
	Rewards: per step mean/med/min/max, rew: 0.0035/0.0008/0.0000/0.0657,
	Losses: Policy Loss value/action/dist: 0.043/-0.015/1.011,
Time: 00d 00h 41m 36s, num timesteps 201360, FPS 80,
	Rewards: per step mean/med/min/max, rew: 0.0035/0.0008/0.0000/0.0657,
	Losses: Policy Loss value/action/dist: 0.043/-0.015/1.011,
Time: 00d 00h 41m 41s, num timesteps 201600, FPS 80,
	Rewards: per step mean/med/min/max, rew: 0.0036/0.0008/0.0000/0.0657,
	Losses: Policy Loss value/action/dist: 0.044/-0.015/1.010,
Time: 00d 00h 41m 44s, num timesteps 201840, FPS 80,
	Rewards: per step mean/med/min/max, rew: 0.0036/0.0009/0.0000/0.0657,
	Losses: Policy Loss value/action/dist: 0.044/-0.015/1.010,
Time: 00d 00h 41m 47s, num timesteps 202080, FPS 80,
	Rewards: per step mean/med/min/max, rew: 0.0036/0.0009/0.0000/0.0657,
	Losses: Policy Loss value/action/dist: 0.044/-0.015/1.010,
Time: 00d 00h 41m 49s, num timesteps 202320, FPS 80,
	Rewards: per step mean/med/min/max, rew: 0.0036/0.0009/0.0000/0.0657,
	Losses: Policy Loss value/action/dist: 0.044/-0.015/1.010,
Time: 00d 00h 41m 52s, num timesteps 202560, FPS 80,
	Rewards: per step mean/med/min/max, rew: 0.0037/0.0009/0.0000/0.0657,
	Losses: Policy Loss value/action/dist: 0.044/-0.015/1.010,
Time: 00d 00h 41m 55s, num timesteps 202800, FPS 80,
	Rewards: per step mean/med/min/max, rew: 0.0037/0.0009/0.0000/0.0657,
	Losses: Policy Loss value/action/dist: 0.044/-0.015/1.010,
Time: 00d 00h 41m 58s, num timesteps 203040, FPS 80,
	Rewards: per step mean/med/min/max, rew: 0.0037/0.0009/0.0000/0.0657,
	Losses: Policy Loss value/action/dist: 0.044/-0.015/1.010,
Time: 00d 00h 42m 00s, num timesteps 203280, FPS 80,
	Rewards: per step mean/med/min/max, rew: 0.0037/0.0009/0.0000/0.0657,
	Losses: Policy Loss value/action/dist: 0.044/-0.015/1.010,
Time: 00d 00h 42m 03s, num timesteps 203520, FPS 80,
	Rewards: per step mean/med/min/max, rew: 0.0037/0.0009/0.0000/0.0657,
	Losses: Policy Loss value/action/dist: 0.044/-0.015/1.010,
Time: 00d 00h 42m 06s, num timesteps 203760, FPS 80,
	Rewards: per step mean/med/min/max, rew: 0.0038/0.0009/0.0000/0.0657,
	Losses: Policy Loss value/action/dist: 0.044/-0.015/1.010,
Env 0's episode over in 8498 step, 98 local step, reset maps
Env 1's episode over in 8498 step, 98 local step, reset maps
Env 2's episode over in 8498 step, 98 local step, reset maps
Env 3's episode over in 8498 step, 98 local step, reset maps
Env 4's episode over in 8498 step, 98 local step, reset maps
Env 5's episode over in 8498 step, 98 local step, reset maps
Env 6's episode over in 8498 step, 98 local step, reset maps
Env 7's episode over in 8498 step, 98 local step, reset maps
Env 8's episode over in 8498 step, 98 local step, reset maps
Env 9's episode over in 8498 step, 98 local step, reset maps
Env 10's episode over in 8498 step, 98 local step, reset maps
Env 11's episode over in 8498 step, 98 local step, reset maps
Env 12's episode over in 8498 step, 98 local step, reset maps
Env 13's episode over in 8498 step, 98 local step, reset maps
Env 14's episode over in 8498 step, 98 local step, reset maps
Env 15's episode over in 8498 step, 98 local step, reset maps
Env 16's episode over in 8498 step, 98 local step, reset maps
Env 17's episode over in 8498 step, 98 local step, reset maps
Env 18's episode over in 8498 step, 98 local step, reset maps
Env 19's episode over in 8498 step, 98 local step, reset maps
Env 20's episode over in 8498 step, 98 local step, reset maps
Env 21's episode over in 8498 step, 98 local step, reset maps
Env 22's episode over in 8498 step, 98 local step, reset maps
Env 23's episode over in 8498 step, 98 local step, reset maps
episode over in 8499 step, 99 local step, rollouts done;
 episode mean reward=2.112820863723755
Time: 00d 00h 42m 12s, num timesteps 204000, FPS 80,
	Rewards: per step mean/med/min/max, rew: 0.0038/0.0009/0.0000/0.0657,
	Losses: Policy Loss value/action/dist: 0.043/-0.015/1.010,
Time: 00d 00h 42m 14s, num timesteps 204240, FPS 80,
	Rewards: per step mean/med/min/max, rew: 0.0037/0.0009/0.0000/0.0657,
	Losses: Policy Loss value/action/dist: 0.043/-0.015/1.010,
Time: 00d 00h 42m 17s, num timesteps 204480, FPS 80,
	Rewards: per step mean/med/min/max, rew: 0.0037/0.0009/0.0000/0.0657,
	Losses: Policy Loss value/action/dist: 0.043/-0.015/1.010,
Time: 00d 00h 42m 20s, num timesteps 204720, FPS 80,
	Rewards: per step mean/med/min/max, rew: 0.0038/0.0009/0.0000/0.0657,
	Losses: Policy Loss value/action/dist: 0.043/-0.015/1.010,
Time: 00d 00h 42m 23s, num timesteps 204960, FPS 80,
	Rewards: per step mean/med/min/max, rew: 0.0037/0.0009/0.0000/0.0657,
	Losses: Policy Loss value/action/dist: 0.043/-0.015/1.010,
Time: 00d 00h 42m 26s, num timesteps 205200, FPS 80,
	Rewards: per step mean/med/min/max, rew: 0.0037/0.0009/0.0000/0.0657,
	Losses: Policy Loss value/action/dist: 0.043/-0.015/1.010,
Time: 00d 00h 42m 28s, num timesteps 205440, FPS 80,
	Rewards: per step mean/med/min/max, rew: 0.0037/0.0009/0.0000/0.0657,
	Losses: Policy Loss value/action/dist: 0.043/-0.015/1.010,
Time: 00d 00h 42m 31s, num timesteps 205680, FPS 80,
	Rewards: per step mean/med/min/max, rew: 0.0037/0.0009/0.0000/0.0657,
	Losses: Policy Loss value/action/dist: 0.043/-0.015/1.010,
Time: 00d 00h 42m 34s, num timesteps 205920, FPS 80,
	Rewards: per step mean/med/min/max, rew: 0.0037/0.0009/0.0000/0.0657,
	Losses: Policy Loss value/action/dist: 0.043/-0.015/1.010,
Time: 00d 00h 42m 36s, num timesteps 206160, FPS 80,
	Rewards: per step mean/med/min/max, rew: 0.0038/0.0009/0.0000/0.0657,
	Losses: Policy Loss value/action/dist: 0.043/-0.015/1.010,
Time: 00d 00h 42m 42s, num timesteps 206400, FPS 80,
	Rewards: per step mean/med/min/max, rew: 0.0038/0.0009/0.0000/0.0657,
	Losses: Policy Loss value/action/dist: 0.044/-0.015/1.009,
Time: 00d 00h 42m 45s, num timesteps 206640, FPS 80,
	Rewards: per step mean/med/min/max, rew: 0.0038/0.0009/0.0000/0.0657,
	Losses: Policy Loss value/action/dist: 0.044/-0.015/1.009,
Time: 00d 00h 42m 47s, num timesteps 206880, FPS 80,
	Rewards: per step mean/med/min/max, rew: 0.0039/0.0010/0.0000/0.0657,
	Losses: Policy Loss value/action/dist: 0.044/-0.015/1.009,
Time: 00d 00h 42m 50s, num timesteps 207120, FPS 80,
	Rewards: per step mean/med/min/max, rew: 0.0040/0.0010/0.0000/0.0657,
	Losses: Policy Loss value/action/dist: 0.044/-0.015/1.009,
Time: 00d 00h 42m 53s, num timesteps 207360, FPS 80,
	Rewards: per step mean/med/min/max, rew: 0.0040/0.0010/0.0000/0.0657,
	Losses: Policy Loss value/action/dist: 0.044/-0.015/1.009,
Time: 00d 00h 42m 55s, num timesteps 207600, FPS 80,
	Rewards: per step mean/med/min/max, rew: 0.0040/0.0010/0.0000/0.0657,
	Losses: Policy Loss value/action/dist: 0.044/-0.015/1.009,
Time: 00d 00h 42m 58s, num timesteps 207840, FPS 80,
	Rewards: per step mean/med/min/max, rew: 0.0039/0.0010/0.0000/0.0657,
	Losses: Policy Loss value/action/dist: 0.044/-0.015/1.009,
Time: 00d 00h 43m 01s, num timesteps 208080, FPS 80,
	Rewards: per step mean/med/min/max, rew: 0.0039/0.0010/0.0000/0.0657,
	Losses: Policy Loss value/action/dist: 0.044/-0.015/1.009,
Time: 00d 00h 43m 04s, num timesteps 208320, FPS 80,
	Rewards: per step mean/med/min/max, rew: 0.0040/0.0010/0.0000/0.0657,
	Losses: Policy Loss value/action/dist: 0.044/-0.015/1.009,
Time: 00d 00h 43m 06s, num timesteps 208560, FPS 80,
	Rewards: per step mean/med/min/max, rew: 0.0040/0.0011/0.0000/0.0657,
	Losses: Policy Loss value/action/dist: 0.044/-0.015/1.009,
Time: 00d 00h 43m 12s, num timesteps 208800, FPS 80,
	Rewards: per step mean/med/min/max, rew: 0.0039/0.0010/0.0000/0.0657,
	Losses: Policy Loss value/action/dist: 0.044/-0.015/1.008,
Time: 00d 00h 43m 14s, num timesteps 209040, FPS 80,
	Rewards: per step mean/med/min/max, rew: 0.0039/0.0010/0.0000/0.0657,
	Losses: Policy Loss value/action/dist: 0.044/-0.015/1.008,
Time: 00d 00h 43m 17s, num timesteps 209280, FPS 80,
	Rewards: per step mean/med/min/max, rew: 0.0039/0.0010/0.0000/0.0657,
	Losses: Policy Loss value/action/dist: 0.044/-0.015/1.008,
Time: 00d 00h 43m 20s, num timesteps 209520, FPS 80,
	Rewards: per step mean/med/min/max, rew: 0.0040/0.0011/0.0000/0.0657,
	Losses: Policy Loss value/action/dist: 0.044/-0.015/1.008,
Time: 00d 00h 43m 23s, num timesteps 209760, FPS 80,
	Rewards: per step mean/med/min/max, rew: 0.0040/0.0011/0.0000/0.0657,
	Losses: Policy Loss value/action/dist: 0.044/-0.015/1.008,
Time: 00d 00h 43m 25s, num timesteps 210000, FPS 80,
	Rewards: per step mean/med/min/max, rew: 0.0040/0.0011/0.0000/0.0657,
	Losses: Policy Loss value/action/dist: 0.044/-0.015/1.008,
Time: 00d 00h 43m 28s, num timesteps 210240, FPS 80,
	Rewards: per step mean/med/min/max, rew: 0.0041/0.0011/0.0000/0.0657,
	Losses: Policy Loss value/action/dist: 0.044/-0.015/1.008,
Time: 00d 00h 43m 31s, num timesteps 210480, FPS 80,
	Rewards: per step mean/med/min/max, rew: 0.0041/0.0011/0.0000/0.0657,
	Losses: Policy Loss value/action/dist: 0.044/-0.015/1.008,
Time: 00d 00h 43m 33s, num timesteps 210720, FPS 80,
	Rewards: per step mean/med/min/max, rew: 0.0041/0.0011/0.0000/0.0657,
	Losses: Policy Loss value/action/dist: 0.044/-0.015/1.008,
Time: 00d 00h 43m 36s, num timesteps 210960, FPS 80,
	Rewards: per step mean/med/min/max, rew: 0.0041/0.0011/0.0000/0.0657,
	Losses: Policy Loss value/action/dist: 0.044/-0.015/1.008,
Time: 00d 00h 43m 42s, num timesteps 211200, FPS 80,
	Rewards: per step mean/med/min/max, rew: 0.0041/0.0012/0.0000/0.0657,
	Losses: Policy Loss value/action/dist: 0.044/-0.015/1.008,
Time: 00d 00h 43m 44s, num timesteps 211440, FPS 80,
	Rewards: per step mean/med/min/max, rew: 0.0041/0.0012/0.0000/0.0657,
	Losses: Policy Loss value/action/dist: 0.044/-0.015/1.008,
Time: 00d 00h 43m 47s, num timesteps 211680, FPS 80,
	Rewards: per step mean/med/min/max, rew: 0.0041/0.0011/0.0000/0.0657,
	Losses: Policy Loss value/action/dist: 0.044/-0.015/1.008,
Time: 00d 00h 43m 50s, num timesteps 211920, FPS 80,
	Rewards: per step mean/med/min/max, rew: 0.0041/0.0012/0.0000/0.0657,
	Losses: Policy Loss value/action/dist: 0.044/-0.015/1.008,
Time: 00d 00h 43m 53s, num timesteps 212160, FPS 80,
	Rewards: per step mean/med/min/max, rew: 0.0042/0.0012/0.0000/0.0657,
	Losses: Policy Loss value/action/dist: 0.044/-0.015/1.008,
Time: 00d 00h 43m 55s, num timesteps 212400, FPS 80,
	Rewards: per step mean/med/min/max, rew: 0.0042/0.0013/0.0000/0.0657,
	Losses: Policy Loss value/action/dist: 0.044/-0.015/1.008,
Time: 00d 00h 43m 58s, num timesteps 212640, FPS 80,
	Rewards: per step mean/med/min/max, rew: 0.0042/0.0013/0.0000/0.0657,
	Losses: Policy Loss value/action/dist: 0.044/-0.015/1.008,
Time: 00d 00h 44m 01s, num timesteps 212880, FPS 80,
	Rewards: per step mean/med/min/max, rew: 0.0043/0.0013/0.0000/0.0657,
	Losses: Policy Loss value/action/dist: 0.044/-0.015/1.008,
Time: 00d 00h 44m 04s, num timesteps 213120, FPS 80,
	Rewards: per step mean/med/min/max, rew: 0.0044/0.0013/0.0000/0.0657,
	Losses: Policy Loss value/action/dist: 0.044/-0.015/1.008,
Time: 00d 00h 44m 06s, num timesteps 213360, FPS 80,
	Rewards: per step mean/med/min/max, rew: 0.0044/0.0014/0.0000/0.0657,
	Losses: Policy Loss value/action/dist: 0.044/-0.015/1.008,
Time: 00d 00h 44m 12s, num timesteps 213600, FPS 80,
	Rewards: per step mean/med/min/max, rew: 0.0044/0.0014/0.0000/0.0657,
	Losses: Policy Loss value/action/dist: 0.044/-0.016/1.007,
Time: 00d 00h 44m 14s, num timesteps 213840, FPS 80,
	Rewards: per step mean/med/min/max, rew: 0.0044/0.0015/0.0000/0.0657,
	Losses: Policy Loss value/action/dist: 0.044/-0.016/1.007,
Time: 00d 00h 44m 17s, num timesteps 214080, FPS 80,
	Rewards: per step mean/med/min/max, rew: 0.0045/0.0016/0.0000/0.0657,
	Losses: Policy Loss value/action/dist: 0.044/-0.016/1.007,
Time: 00d 00h 44m 20s, num timesteps 214320, FPS 80,
	Rewards: per step mean/med/min/max, rew: 0.0046/0.0017/0.0000/0.0657,
	Losses: Policy Loss value/action/dist: 0.044/-0.016/1.007,
Time: 00d 00h 44m 22s, num timesteps 214560, FPS 80,
	Rewards: per step mean/med/min/max, rew: 0.0045/0.0017/0.0000/0.0657,
	Losses: Policy Loss value/action/dist: 0.044/-0.016/1.007,
Time: 00d 00h 44m 25s, num timesteps 214800, FPS 80,
	Rewards: per step mean/med/min/max, rew: 0.0046/0.0017/0.0000/0.0657,
	Losses: Policy Loss value/action/dist: 0.044/-0.016/1.007,
Time: 00d 00h 44m 28s, num timesteps 215040, FPS 80,
	Rewards: per step mean/med/min/max, rew: 0.0046/0.0017/0.0000/0.0657,
	Losses: Policy Loss value/action/dist: 0.044/-0.016/1.007,
Time: 00d 00h 44m 31s, num timesteps 215280, FPS 80,
	Rewards: per step mean/med/min/max, rew: 0.0046/0.0017/0.0000/0.0657,
	Losses: Policy Loss value/action/dist: 0.044/-0.016/1.007,
Time: 00d 00h 44m 33s, num timesteps 215520, FPS 80,
	Rewards: per step mean/med/min/max, rew: 0.0047/0.0018/0.0000/0.0657,
	Losses: Policy Loss value/action/dist: 0.044/-0.016/1.007,
Time: 00d 00h 44m 36s, num timesteps 215760, FPS 80,
	Rewards: per step mean/med/min/max, rew: 0.0047/0.0018/0.0000/0.0657,
	Losses: Policy Loss value/action/dist: 0.044/-0.016/1.007,
Env 0's episode over in 8998 step, 98 local step, reset maps
Env 1's episode over in 8998 step, 98 local step, reset maps
Env 2's episode over in 8998 step, 98 local step, reset maps
Env 3's episode over in 8998 step, 98 local step, reset maps
Env 4's episode over in 8998 step, 98 local step, reset maps
Env 5's episode over in 8998 step, 98 local step, reset maps
Env 6's episode over in 8998 step, 98 local step, reset maps
Env 7's episode over in 8998 step, 98 local step, reset maps
Env 8's episode over in 8998 step, 98 local step, reset maps
Env 9's episode over in 8998 step, 98 local step, reset maps
Env 10's episode over in 8998 step, 98 local step, reset maps
Env 11's episode over in 8998 step, 98 local step, reset maps
Env 12's episode over in 8998 step, 98 local step, reset maps
Env 13's episode over in 8998 step, 98 local step, reset maps
Env 14's episode over in 8998 step, 98 local step, reset maps
Env 15's episode over in 8998 step, 98 local step, reset maps
Env 16's episode over in 8998 step, 98 local step, reset maps
Env 17's episode over in 8998 step, 98 local step, reset maps
Env 18's episode over in 8998 step, 98 local step, reset maps
Env 19's episode over in 8998 step, 98 local step, reset maps
Env 20's episode over in 8998 step, 98 local step, reset maps
Env 21's episode over in 8998 step, 98 local step, reset maps
Env 22's episode over in 8998 step, 98 local step, reset maps
Env 23's episode over in 8998 step, 98 local step, reset maps
episode over in 8999 step, 99 local step, rollouts done;
 episode mean reward=2.56111741065979
Time: 00d 00h 44m 42s, num timesteps 216000, FPS 80,
	Rewards: per step mean/med/min/max, rew: 0.0047/0.0018/0.0000/0.0657,
	Losses: Policy Loss value/action/dist: 0.044/-0.016/1.007,
Time: 00d 00h 44m 44s, num timesteps 216240, FPS 80,
	Rewards: per step mean/med/min/max, rew: 0.0048/0.0018/0.0000/0.0657,
	Losses: Policy Loss value/action/dist: 0.044/-0.016/1.007,
Time: 00d 00h 44m 47s, num timesteps 216480, FPS 80,
	Rewards: per step mean/med/min/max, rew: 0.0048/0.0018/0.0000/0.0657,
	Losses: Policy Loss value/action/dist: 0.044/-0.016/1.007,
Time: 00d 00h 44m 50s, num timesteps 216720, FPS 80,
	Rewards: per step mean/med/min/max, rew: 0.0047/0.0018/0.0000/0.0657,
	Losses: Policy Loss value/action/dist: 0.044/-0.016/1.007,
Time: 00d 00h 44m 52s, num timesteps 216960, FPS 80,
	Rewards: per step mean/med/min/max, rew: 0.0047/0.0018/0.0000/0.0657,
	Losses: Policy Loss value/action/dist: 0.044/-0.016/1.007,
Time: 00d 00h 44m 55s, num timesteps 217200, FPS 80,
	Rewards: per step mean/med/min/max, rew: 0.0047/0.0018/0.0000/0.0657,
	Losses: Policy Loss value/action/dist: 0.044/-0.016/1.007,
Time: 00d 00h 44m 58s, num timesteps 217440, FPS 80,
	Rewards: per step mean/med/min/max, rew: 0.0047/0.0018/0.0000/0.0483,
	Losses: Policy Loss value/action/dist: 0.044/-0.016/1.007,
Time: 00d 00h 45m 00s, num timesteps 217680, FPS 80,
	Rewards: per step mean/med/min/max, rew: 0.0047/0.0018/0.0000/0.0483,
	Losses: Policy Loss value/action/dist: 0.044/-0.016/1.007,
