INFO:root:Namespace(agent='sem_cur_exp', alpha=0.99, auto_gpu_config=1, camera_height=0.88, cat_pred_threshold=5.0, clip_param=0.2, collision_threshold=0.2, cuda=True, du_scale=1, dump_location='./exps', entropy_coef=0.001, env_frame_height=256, env_frame_width=256, eps=1e-05, eval=0, exp_name='exp_v1', exp_pred_threshold=1.0, frame_height=128, frame_width=128, gamma=0.99, global_downscaling=2, hfov=79.0, load='0', local_hidden_size=256, log_interval=10, lr=2.5e-05, map_pred_threshold=1.0, map_resolution=5, map_size_cm=2400, max_d=100.0, max_depth=5.0, max_episode_length=500, max_grad_norm=0.5, min_d=1.5, min_depth=0.5, no_cuda=False, num_local_steps=100, num_mini_batch=12, num_processes=25, num_processes_on_first_gpu=0, num_processes_per_gpu=9, num_sem_categories=6, num_training_frames=10000000, ppo_epoch=4, print_images=1, reward_coeff=0.0025, save_interval=1, save_periodic=500000, seed=1, sem_gpu_id=-1, sem_pred_prob_thr=0.9, sim_gpu_id=1, split='train', task_config='tasks/objectnav_gibson.yaml', tau=0.95, total_num_scenes=25, turn_angle=30, use_gae=False, use_recurrent_local=1, value_loss_coef=0.5, version='v1.1', vision_range=100, visualize=2)
INFO:root:Namespace(agent='sem_cur_exp', alpha=0.99, auto_gpu_config=1, camera_height=0.88, cat_pred_threshold=5.0, clip_param=0.2, collision_threshold=0.2, cuda=True, du_scale=1, dump_location='./exps', entropy_coef=0.001, env_frame_height=256, env_frame_width=256, eps=1e-05, eval=0, exp_name='exp_v1', exp_pred_threshold=1.0, frame_height=128, frame_width=128, gamma=0.99, global_downscaling=2, hfov=79.0, load='0', local_hidden_size=256, log_interval=10, lr=2.5e-05, map_pred_threshold=1.0, map_resolution=5, map_size_cm=2400, max_d=100.0, max_depth=5.0, max_episode_length=500, max_grad_norm=0.5, min_d=1.5, min_depth=0.5, no_cuda=False, num_local_steps=100, num_mini_batch=12, num_processes=25, num_processes_on_first_gpu=0, num_processes_per_gpu=9, num_sem_categories=6, num_training_frames=10000000, ppo_epoch=4, print_images=1, reward_coeff=0.0025, save_interval=1, save_periodic=500000, seed=1, sem_gpu_id=-1, sem_pred_prob_thr=0.9, sim_gpu_id=1, split='train', task_config='tasks/objectnav_gibson.yaml', tau=0.95, total_num_scenes=25, turn_angle=30, use_gae=False, use_recurrent_local=1, value_loss_coef=0.5, version='v1.1', vision_range=100, visualize=2)
INFO:root:Starting training
INFO:root:training frames is 10000000
INFO:root:Namespace(agent='sem_cur_exp', alpha=0.99, auto_gpu_config=1, camera_height=0.88, cat_pred_threshold=5.0, clip_param=0.2, collision_threshold=0.2, cuda=True, du_scale=1, dump_location='./exps', entropy_coef=0.001, env_frame_height=256, env_frame_width=256, eps=1e-05, eval=0, exp_name='exp_v1', exp_pred_threshold=1.0, frame_height=128, frame_width=128, gamma=0.99, global_downscaling=2, hfov=79.0, load='0', local_hidden_size=256, log_interval=10, lr=2.5e-05, map_pred_threshold=1.0, map_resolution=5, map_size_cm=2400, max_d=100.0, max_depth=5.0, max_episode_length=500, max_grad_norm=0.5, min_d=1.5, min_depth=0.5, no_cuda=False, num_local_steps=100, num_mini_batch=12, num_processes=25, num_processes_on_first_gpu=0, num_processes_per_gpu=9, num_sem_categories=6, num_training_frames=10000000, ppo_epoch=4, print_images=1, reward_coeff=0.0025, save_interval=1, save_periodic=500000, seed=1, sem_gpu_id=-1, sem_pred_prob_thr=0.9, sim_gpu_id=1, split='train', task_config='tasks/objectnav_gibson.yaml', tau=0.95, total_num_scenes=25, turn_angle=30, use_gae=False, use_recurrent_local=1, value_loss_coef=0.5, version='v1.1', vision_range=100, visualize=0)
INFO:root:Starting training
INFO:root:training frames is 10000000
INFO:root:Time: 00d 00h 00m 00s, num timesteps 0, FPS 0,
	Rewards:
	Losses:
INFO:root:Time: 00d 00h 00m 04s, num timesteps 250, FPS 53,
	Rewards:
	Losses:
INFO:root:Time: 00d 00h 00m 08s, num timesteps 500, FPS 57,
	Rewards:
	Losses:
INFO:root:Time: 00d 00h 00m 12s, num timesteps 750, FPS 58,
	Rewards:
	Losses:
INFO:root:Time: 00d 00h 00m 16s, num timesteps 1000, FPS 59,
	Rewards:
	Losses:
INFO:root:Time: 00d 00h 00m 20s, num timesteps 1250, FPS 60,
	Rewards:
	Losses:
INFO:root:Time: 00d 00h 00m 24s, num timesteps 1500, FPS 60,
	Rewards:
	Losses:
INFO:root:Time: 00d 00h 00m 28s, num timesteps 1750, FPS 60,
	Rewards:
	Losses:
INFO:root:Time: 00d 00h 00m 33s, num timesteps 2000, FPS 60,
	Rewards:
	Losses:
INFO:root:Time: 00d 00h 00m 37s, num timesteps 2250, FPS 60,
	Rewards:
	Losses:
INFO:root:Namespace(agent='sem_cur_exp', alpha=0.99, auto_gpu_config=1, camera_height=0.88, cat_pred_threshold=5.0, clip_param=0.2, collision_threshold=0.2, cuda=True, du_scale=1, dump_location='./exps', entropy_coef=0.001, env_frame_height=256, env_frame_width=256, eps=1e-05, eval=0, exp_name='exp_v1', exp_pred_threshold=1.0, frame_height=128, frame_width=128, gamma=0.99, global_downscaling=2, hfov=79.0, load='0', local_hidden_size=256, log_interval=10, lr=2.5e-05, map_pred_threshold=1.0, map_resolution=5, map_size_cm=2400, max_d=100.0, max_depth=5.0, max_episode_length=500, max_grad_norm=0.5, min_d=1.5, min_depth=0.5, no_cuda=False, num_local_steps=100, num_mini_batch=12, num_processes=25, num_processes_on_first_gpu=0, num_processes_per_gpu=9, num_sem_categories=6, num_training_frames=10000000, ppo_epoch=4, print_images=1, reward_coeff=0.0025, save_interval=1, save_periodic=500000, seed=1, sem_gpu_id=-1, sem_pred_prob_thr=0.9, sim_gpu_id=1, split='train', task_config='tasks/objectnav_gibson.yaml', tau=0.95, total_num_scenes=25, turn_angle=30, use_gae=False, use_recurrent_local=1, value_loss_coef=0.5, version='v1.1', vision_range=100, visualize=0)
INFO:root:Starting training
INFO:root:training frames is 10000000
INFO:root:Time: 00d 00h 00m 00s, num timesteps 0, FPS 0,
	Rewards:
	Losses:
INFO:root:Time: 00d 00h 00m 04s, num timesteps 250, FPS 53,
	Rewards:
	Losses:
INFO:root:Time: 00d 00h 00m 08s, num timesteps 500, FPS 57,
	Rewards:
	Losses:
INFO:root:Time: 00d 00h 00m 12s, num timesteps 750, FPS 58,
	Rewards:
	Losses:
INFO:root:Time: 00d 00h 00m 16s, num timesteps 1000, FPS 58,
	Rewards:
	Losses:
INFO:root:Time: 00d 00h 00m 20s, num timesteps 1250, FPS 59,
	Rewards:
	Losses:
INFO:root:Time: 00d 00h 00m 24s, num timesteps 1500, FPS 60,
	Rewards:
	Losses:
INFO:root:Time: 00d 00h 00m 29s, num timesteps 1750, FPS 60,
	Rewards:
	Losses:
INFO:root:Time: 00d 00h 00m 33s, num timesteps 2000, FPS 59,
	Rewards:
	Losses:
INFO:root:Time: 00d 00h 00m 37s, num timesteps 2250, FPS 59,
	Rewards:
	Losses:
INFO:root:Namespace(agent='sem_cur_exp', alpha=0.99, auto_gpu_config=1, camera_height=0.88, cat_pred_threshold=5.0, clip_param=0.2, collision_threshold=0.2, cuda=True, du_scale=1, dump_location='./exps', entropy_coef=0.001, env_frame_height=256, env_frame_width=256, eps=1e-05, eval=0, exp_name='exp_v1', exp_pred_threshold=1.0, frame_height=128, frame_width=128, gamma=0.99, global_downscaling=2, hfov=79.0, load='0', local_hidden_size=256, log_interval=10, lr=2.5e-05, map_pred_threshold=1.0, map_resolution=5, map_size_cm=2400, max_d=100.0, max_depth=5.0, max_episode_length=500, max_grad_norm=0.5, min_d=1.5, min_depth=0.5, no_cuda=False, num_local_steps=100, num_mini_batch=12, num_processes=25, num_processes_on_first_gpu=0, num_processes_per_gpu=9, num_sem_categories=6, num_training_frames=10000000, ppo_epoch=4, print_images=1, reward_coeff=0.0025, save_interval=1, save_periodic=500000, seed=1, sem_gpu_id=-1, sem_pred_prob_thr=0.9, sim_gpu_id=1, split='train', task_config='tasks/objectnav_gibson.yaml', tau=0.95, total_num_scenes=25, turn_angle=30, use_gae=False, use_recurrent_local=1, value_loss_coef=0.5, version='v1.1', vision_range=100, visualize=0)
INFO:root:Starting training
INFO:root:training frames is 10000000
INFO:root:Time: 00d 00h 00m 00s, num timesteps 0, FPS 0,
	Rewards:
	Losses:
INFO:root:Time: 00d 00h 00m 04s, num timesteps 250, FPS 51,
	Rewards:
	Losses:
INFO:root:Time: 00d 00h 00m 09s, num timesteps 500, FPS 55,
	Rewards:
	Losses:
INFO:root:Time: 00d 00h 00m 13s, num timesteps 750, FPS 57,
	Rewards:
	Losses:
INFO:root:Time: 00d 00h 00m 17s, num timesteps 1000, FPS 57,
	Rewards:
	Losses:
INFO:root:Time: 00d 00h 00m 21s, num timesteps 1250, FPS 58,
	Rewards:
	Losses:
INFO:root:Time: 00d 00h 00m 25s, num timesteps 1500, FPS 58,
	Rewards:
	Losses:
INFO:root:Time: 00d 00h 00m 29s, num timesteps 1750, FPS 59,
	Rewards:
	Losses:
INFO:root:Time: 00d 00h 00m 33s, num timesteps 2000, FPS 59,
	Rewards:
	Losses:
INFO:root:Time: 00d 00h 00m 37s, num timesteps 2250, FPS 59,
	Rewards:
	Losses:
INFO:root:Namespace(agent='sem_cur_exp', alpha=0.99, auto_gpu_config=1, camera_height=0.88, cat_pred_threshold=5.0, clip_param=0.2, collision_threshold=0.2, cuda=True, du_scale=1, dump_location='./exps', entropy_coef=0.001, env_frame_height=256, env_frame_width=256, eps=1e-05, eval=0, exp_name='exp_v1', exp_pred_threshold=1.0, frame_height=128, frame_width=128, gamma=0.99, global_downscaling=2, hfov=79.0, load='0', local_hidden_size=256, log_interval=10, lr=2.5e-05, map_pred_threshold=1.0, map_resolution=5, map_size_cm=2400, max_d=100.0, max_depth=5.0, max_episode_length=500, max_grad_norm=0.5, min_d=1.5, min_depth=0.5, no_cuda=False, num_local_steps=100, num_mini_batch=12, num_processes=25, num_processes_on_first_gpu=0, num_processes_per_gpu=9, num_sem_categories=6, num_training_frames=10000000, ppo_epoch=4, print_images=1, reward_coeff=0.0025, save_interval=1, save_periodic=500000, seed=1, sem_gpu_id=-1, sem_pred_prob_thr=0.9, sim_gpu_id=1, split='train', task_config='tasks/objectnav_gibson.yaml', tau=0.95, total_num_scenes=25, turn_angle=30, use_gae=False, use_recurrent_local=1, value_loss_coef=0.5, version='v1.1', vision_range=100, visualize=0)
INFO:root:Namespace(agent='sem_cur_exp', alpha=0.99, auto_gpu_config=1, camera_height=0.88, cat_pred_threshold=5.0, clip_param=0.2, collision_threshold=0.2, cuda=True, du_scale=1, dump_location='./exps', entropy_coef=0.001, env_frame_height=256, env_frame_width=256, eps=1e-05, eval=0, exp_name='exp_v1', exp_pred_threshold=1.0, frame_height=128, frame_width=128, gamma=0.99, global_downscaling=2, hfov=79.0, load='0', local_hidden_size=256, log_interval=10, lr=2.5e-05, map_pred_threshold=1.0, map_resolution=5, map_size_cm=2400, max_d=100.0, max_depth=5.0, max_episode_length=500, max_grad_norm=0.5, min_d=1.5, min_depth=0.5, no_cuda=False, num_local_steps=100, num_mini_batch=12, num_processes=24, num_processes_on_first_gpu=0, num_processes_per_gpu=9, num_sem_categories=6, num_training_frames=10000000, ppo_epoch=4, print_images=1, reward_coeff=0.0025, save_interval=1, save_periodic=500000, seed=1, sem_gpu_id=-1, sem_pred_prob_thr=0.9, sim_gpu_id=1, split='train', task_config='tasks/objectnav_gibson.yaml', tau=0.95, total_num_scenes=24, turn_angle=30, use_gae=False, use_recurrent_local=1, value_loss_coef=0.5, version='v1.1', vision_range=100, visualize=0)
INFO:root:Starting training
INFO:root:training frames is 10000000
INFO:root:Time: 00d 00h 00m 00s, num timesteps 0, FPS 0,
	Rewards:
	Losses:
INFO:root:Time: 00d 00h 00m 04s, num timesteps 240, FPS 55,
	Rewards:
	Losses:
INFO:root:Time: 00d 00h 00m 08s, num timesteps 480, FPS 58,
	Rewards:
	Losses:
INFO:root:Time: 00d 00h 00m 11s, num timesteps 720, FPS 60,
	Rewards:
	Losses:
INFO:root:Time: 00d 00h 00m 15s, num timesteps 960, FPS 61,
	Rewards:
	Losses:
INFO:root:Time: 00d 00h 00m 19s, num timesteps 1200, FPS 62,
	Rewards:
	Losses:
INFO:root:Time: 00d 00h 00m 23s, num timesteps 1440, FPS 61,
	Rewards:
	Losses:
INFO:root:Time: 00d 00h 00m 27s, num timesteps 1680, FPS 61,
	Rewards:
	Losses:
INFO:root:Time: 00d 00h 00m 31s, num timesteps 1920, FPS 61,
	Rewards:
	Losses:
INFO:root:Time: 00d 00h 00m 35s, num timesteps 2160, FPS 61,
	Rewards:
	Losses:
INFO:root:Time: 00d 00h 00m 42s, num timesteps 2400, FPS 56,
	Rewards:
	Losses: Policy Loss value/action/dist: 0.063/-0.001/1.098,
INFO:root:Time: 00d 00h 00m 46s, num timesteps 2640, FPS 56,
	Rewards:
	Losses: Policy Loss value/action/dist: 0.063/-0.001/1.098,
INFO:root:Time: 00d 00h 00m 50s, num timesteps 2880, FPS 56,
	Rewards:
	Losses: Policy Loss value/action/dist: 0.063/-0.001/1.098,
INFO:root:Time: 00d 00h 00m 54s, num timesteps 3120, FPS 57,
	Rewards:
	Losses: Policy Loss value/action/dist: 0.063/-0.001/1.098,
INFO:root:Time: 00d 00h 00m 58s, num timesteps 3360, FPS 57,
	Rewards:
	Losses: Policy Loss value/action/dist: 0.063/-0.001/1.098,
INFO:root:Time: 00d 00h 01m 02s, num timesteps 3600, FPS 57,
	Rewards:
	Losses: Policy Loss value/action/dist: 0.063/-0.001/1.098,
INFO:root:Time: 00d 00h 01m 06s, num timesteps 3840, FPS 57,
	Rewards:
	Losses: Policy Loss value/action/dist: 0.063/-0.001/1.098,
INFO:root:Time: 00d 00h 01m 10s, num timesteps 4080, FPS 57,
	Rewards:
	Losses: Policy Loss value/action/dist: 0.063/-0.001/1.098,
INFO:root:Time: 00d 00h 01m 14s, num timesteps 4320, FPS 58,
	Rewards:
	Losses: Policy Loss value/action/dist: 0.063/-0.001/1.098,
INFO:root:Time: 00d 00h 01m 18s, num timesteps 4560, FPS 58,
	Rewards:
	Losses: Policy Loss value/action/dist: 0.063/-0.001/1.098,
INFO:root:Time: 00d 00h 01m 25s, num timesteps 4800, FPS 56,
	Rewards:
	Losses: Policy Loss value/action/dist: 0.043/-0.001/1.098,
INFO:root:Time: 00d 00h 01m 29s, num timesteps 5040, FPS 56,
	Rewards:
	Losses: Policy Loss value/action/dist: 0.043/-0.001/1.098,
INFO:root:Time: 00d 00h 01m 33s, num timesteps 5280, FPS 56,
	Rewards:
	Losses: Policy Loss value/action/dist: 0.043/-0.001/1.098,
INFO:root:Time: 00d 00h 01m 37s, num timesteps 5520, FPS 56,
	Rewards:
	Losses: Policy Loss value/action/dist: 0.043/-0.001/1.098,
INFO:root:Time: 00d 00h 01m 41s, num timesteps 5760, FPS 56,
	Rewards:
	Losses: Policy Loss value/action/dist: 0.043/-0.001/1.098,
INFO:root:Time: 00d 00h 01m 45s, num timesteps 6000, FPS 56,
	Rewards:
	Losses: Policy Loss value/action/dist: 0.043/-0.001/1.098,
INFO:root:Time: 00d 00h 01m 49s, num timesteps 6240, FPS 57,
	Rewards:
	Losses: Policy Loss value/action/dist: 0.043/-0.001/1.098,
INFO:root:Time: 00d 00h 01m 53s, num timesteps 6480, FPS 57,
	Rewards:
	Losses: Policy Loss value/action/dist: 0.043/-0.001/1.098,
INFO:root:Time: 00d 00h 01m 57s, num timesteps 6720, FPS 57,
	Rewards:
	Losses: Policy Loss value/action/dist: 0.043/-0.001/1.098,
INFO:root:Time: 00d 00h 02m 01s, num timesteps 6960, FPS 57,
	Rewards:
	Losses: Policy Loss value/action/dist: 0.043/-0.001/1.098,
INFO:root:Time: 00d 00h 02m 08s, num timesteps 7200, FPS 56,
	Rewards:
	Losses: Policy Loss value/action/dist: 0.034/-0.001/1.098,
INFO:root:Time: 00d 00h 02m 12s, num timesteps 7440, FPS 56,
	Rewards:
	Losses: Policy Loss value/action/dist: 0.034/-0.001/1.098,
INFO:root:Time: 00d 00h 02m 16s, num timesteps 7680, FPS 56,
	Rewards:
	Losses: Policy Loss value/action/dist: 0.034/-0.001/1.098,
INFO:root:Time: 00d 00h 02m 20s, num timesteps 7920, FPS 56,
	Rewards:
	Losses: Policy Loss value/action/dist: 0.034/-0.001/1.098,
INFO:root:Time: 00d 00h 02m 24s, num timesteps 8160, FPS 56,
	Rewards:
	Losses: Policy Loss value/action/dist: 0.034/-0.001/1.098,
INFO:root:Time: 00d 00h 02m 28s, num timesteps 8400, FPS 56,
	Rewards:
	Losses: Policy Loss value/action/dist: 0.034/-0.001/1.098,
INFO:root:Time: 00d 00h 02m 32s, num timesteps 8640, FPS 56,
	Rewards:
	Losses: Policy Loss value/action/dist: 0.034/-0.001/1.098,
INFO:root:Time: 00d 00h 02m 36s, num timesteps 8880, FPS 56,
	Rewards:
	Losses: Policy Loss value/action/dist: 0.034/-0.001/1.098,
INFO:root:Time: 00d 00h 02m 41s, num timesteps 9120, FPS 56,
	Rewards:
	Losses: Policy Loss value/action/dist: 0.034/-0.001/1.098,
INFO:root:Time: 00d 00h 02m 45s, num timesteps 9360, FPS 56,
	Rewards:
	Losses: Policy Loss value/action/dist: 0.034/-0.001/1.098,
INFO:root:Time: 00d 00h 02m 51s, num timesteps 9600, FPS 55,
	Rewards:
	Losses: Policy Loss value/action/dist: 0.028/-0.001/1.098,
INFO:root:Time: 00d 00h 02m 55s, num timesteps 9840, FPS 55,
	Rewards:
	Losses: Policy Loss value/action/dist: 0.028/-0.001/1.098,
INFO:root:Time: 00d 00h 02m 59s, num timesteps 10080, FPS 56,
	Rewards:
	Losses: Policy Loss value/action/dist: 0.028/-0.001/1.098,
INFO:root:Time: 00d 00h 03m 03s, num timesteps 10320, FPS 56,
	Rewards:
	Losses: Policy Loss value/action/dist: 0.028/-0.001/1.098,
INFO:root:Time: 00d 00h 03m 07s, num timesteps 10560, FPS 56,
	Rewards:
	Losses: Policy Loss value/action/dist: 0.028/-0.001/1.098,
INFO:root:Time: 00d 00h 03m 12s, num timesteps 10800, FPS 56,
	Rewards:
	Losses: Policy Loss value/action/dist: 0.028/-0.001/1.098,
INFO:root:Time: 00d 00h 03m 16s, num timesteps 11040, FPS 56,
	Rewards:
	Losses: Policy Loss value/action/dist: 0.028/-0.001/1.098,
INFO:root:Time: 00d 00h 03m 20s, num timesteps 11280, FPS 56,
	Rewards:
	Losses: Policy Loss value/action/dist: 0.028/-0.001/1.098,
INFO:root:Time: 00d 00h 03m 24s, num timesteps 11520, FPS 56,
	Rewards:
	Losses: Policy Loss value/action/dist: 0.028/-0.001/1.098,
INFO:root:Time: 00d 00h 03m 28s, num timesteps 11760, FPS 56,
	Rewards:
	Losses: Policy Loss value/action/dist: 0.028/-0.001/1.098,
INFO:root:Time: 00d 00h 03m 35s, num timesteps 12000, FPS 55,
	Rewards: eps mean/med/min/max eps rew: 0.00240/0.00240/0.00240/0.00240,
	Losses: Policy Loss value/action/dist: 0.093/-0.001/1.098,
INFO:root:Time: 00d 00h 03m 38s, num timesteps 12240, FPS 55,
	Rewards: eps mean/med/min/max eps rew: 0.00240/0.00240/0.00240/0.00240,
	Losses: Policy Loss value/action/dist: 0.093/-0.001/1.098,
INFO:root:Time: 00d 00h 03m 42s, num timesteps 12480, FPS 55,
	Rewards: eps mean/med/min/max eps rew: 0.00240/0.00240/0.00240/0.00240,
	Losses: Policy Loss value/action/dist: 0.093/-0.001/1.098,
INFO:root:Time: 00d 00h 03m 47s, num timesteps 12720, FPS 55,
	Rewards: eps mean/med/min/max eps rew: 0.00240/0.00240/0.00240/0.00240,
	Losses: Policy Loss value/action/dist: 0.093/-0.001/1.098,
INFO:root:Time: 00d 00h 03m 51s, num timesteps 12960, FPS 56,
	Rewards: eps mean/med/min/max eps rew: 0.00240/0.00240/0.00240/0.00240,
	Losses: Policy Loss value/action/dist: 0.093/-0.001/1.098,
INFO:root:Time: 00d 00h 03m 55s, num timesteps 13200, FPS 56,
	Rewards: eps mean/med/min/max eps rew: 0.00240/0.00240/0.00240/0.00240,
	Losses: Policy Loss value/action/dist: 0.093/-0.001/1.098,
INFO:root:Time: 00d 00h 03m 59s, num timesteps 13440, FPS 56,
	Rewards: eps mean/med/min/max eps rew: 0.00240/0.00240/0.00240/0.00240,
	Losses: Policy Loss value/action/dist: 0.093/-0.001/1.098,
INFO:root:Time: 00d 00h 04m 03s, num timesteps 13680, FPS 56,
	Rewards: eps mean/med/min/max eps rew: 0.00240/0.00240/0.00240/0.00240,
	Losses: Policy Loss value/action/dist: 0.093/-0.001/1.098,
INFO:root:Time: 00d 00h 04m 07s, num timesteps 13920, FPS 56,
	Rewards: eps mean/med/min/max eps rew: 0.00240/0.00240/0.00240/0.00240,
	Losses: Policy Loss value/action/dist: 0.093/-0.001/1.098,
INFO:root:Time: 00d 00h 04m 11s, num timesteps 14160, FPS 56,
	Rewards: eps mean/med/min/max eps rew: 0.00240/0.00240/0.00240/0.00240,
	Losses: Policy Loss value/action/dist: 0.093/-0.001/1.098,
INFO:root:Time: 00d 00h 04m 17s, num timesteps 14400, FPS 55,
	Rewards: eps mean/med/min/max eps rew: 0.00240/0.00240/0.00240/0.00240,
	Losses: Policy Loss value/action/dist: 0.088/-0.001/1.098,
INFO:root:Time: 00d 00h 04m 21s, num timesteps 14640, FPS 55,
	Rewards: eps mean/med/min/max eps rew: 0.00240/0.00240/0.00240/0.00240,
	Losses: Policy Loss value/action/dist: 0.088/-0.001/1.098,
INFO:root:Time: 00d 00h 04m 26s, num timesteps 14880, FPS 55,
	Rewards: eps mean/med/min/max eps rew: 0.00240/0.00240/0.00240/0.00240,
	Losses: Policy Loss value/action/dist: 0.088/-0.001/1.098,
INFO:root:Time: 00d 00h 04m 29s, num timesteps 15120, FPS 56,
	Rewards: eps mean/med/min/max eps rew: 0.00240/0.00240/0.00240/0.00240,
	Losses: Policy Loss value/action/dist: 0.088/-0.001/1.098,
INFO:root:Time: 00d 00h 04m 33s, num timesteps 15360, FPS 56,
	Rewards: eps mean/med/min/max eps rew: 0.00240/0.00240/0.00240/0.00240,
	Losses: Policy Loss value/action/dist: 0.088/-0.001/1.098,
INFO:root:Time: 00d 00h 04m 37s, num timesteps 15600, FPS 56,
	Rewards: eps mean/med/min/max eps rew: 0.00240/0.00240/0.00240/0.00240,
	Losses: Policy Loss value/action/dist: 0.088/-0.001/1.098,
INFO:root:Time: 00d 00h 04m 41s, num timesteps 15840, FPS 56,
	Rewards: eps mean/med/min/max eps rew: 0.00240/0.00240/0.00240/0.00240,
	Losses: Policy Loss value/action/dist: 0.088/-0.001/1.098,
INFO:root:Time: 00d 00h 04m 45s, num timesteps 16080, FPS 56,
	Rewards: eps mean/med/min/max eps rew: 0.00240/0.00240/0.00240/0.00240,
	Losses: Policy Loss value/action/dist: 0.088/-0.001/1.098,
INFO:root:Time: 00d 00h 04m 50s, num timesteps 16320, FPS 56,
	Rewards: eps mean/med/min/max eps rew: 0.00240/0.00240/0.00240/0.00240,
	Losses: Policy Loss value/action/dist: 0.088/-0.001/1.098,
INFO:root:Time: 00d 00h 04m 54s, num timesteps 16560, FPS 56,
	Rewards: eps mean/med/min/max eps rew: 0.00240/0.00240/0.00240/0.00240,
	Losses: Policy Loss value/action/dist: 0.088/-0.001/1.098,
INFO:root:Time: 00d 00h 05m 00s, num timesteps 16800, FPS 55,
	Rewards: eps mean/med/min/max eps rew: 0.00240/0.00240/0.00240/0.00240,
	Losses: Policy Loss value/action/dist: 0.082/-0.001/1.098,
INFO:root:Time: 00d 00h 05m 04s, num timesteps 17040, FPS 55,
	Rewards: eps mean/med/min/max eps rew: 0.00240/0.00240/0.00240/0.00240,
	Losses: Policy Loss value/action/dist: 0.082/-0.001/1.098,
INFO:root:Time: 00d 00h 05m 08s, num timesteps 17280, FPS 55,
	Rewards: eps mean/med/min/max eps rew: 0.00240/0.00240/0.00240/0.00240,
	Losses: Policy Loss value/action/dist: 0.082/-0.001/1.098,
INFO:root:Time: 00d 00h 05m 12s, num timesteps 17520, FPS 55,
	Rewards: eps mean/med/min/max eps rew: 0.00240/0.00240/0.00240/0.00240,
	Losses: Policy Loss value/action/dist: 0.082/-0.001/1.098,
INFO:root:Time: 00d 00h 05m 17s, num timesteps 17760, FPS 56,
	Rewards: eps mean/med/min/max eps rew: 0.00240/0.00240/0.00240/0.00240,
	Losses: Policy Loss value/action/dist: 0.082/-0.001/1.098,
INFO:root:Time: 00d 00h 05m 21s, num timesteps 18000, FPS 56,
	Rewards: eps mean/med/min/max eps rew: 0.00240/0.00240/0.00240/0.00240,
	Losses: Policy Loss value/action/dist: 0.082/-0.001/1.098,
INFO:root:Time: 00d 00h 05m 25s, num timesteps 18240, FPS 56,
	Rewards: eps mean/med/min/max eps rew: 0.00240/0.00240/0.00240/0.00240,
	Losses: Policy Loss value/action/dist: 0.082/-0.001/1.098,
INFO:root:Time: 00d 00h 05m 29s, num timesteps 18480, FPS 56,
	Rewards: eps mean/med/min/max eps rew: 0.00240/0.00240/0.00240/0.00240,
	Losses: Policy Loss value/action/dist: 0.082/-0.001/1.098,
INFO:root:Time: 00d 00h 05m 33s, num timesteps 18720, FPS 56,
	Rewards: eps mean/med/min/max eps rew: 0.00240/0.00240/0.00240/0.00240,
	Losses: Policy Loss value/action/dist: 0.082/-0.001/1.098,
INFO:root:Time: 00d 00h 05m 37s, num timesteps 18960, FPS 56,
	Rewards: eps mean/med/min/max eps rew: 0.00240/0.00240/0.00240/0.00240,
	Losses: Policy Loss value/action/dist: 0.082/-0.001/1.098,
INFO:root:Time: 00d 00h 05m 44s, num timesteps 19200, FPS 55,
	Rewards: eps mean/med/min/max eps rew: 0.00240/0.00240/0.00240/0.00240,
	Losses: Policy Loss value/action/dist: 0.072/-0.002/1.098,
INFO:root:Time: 00d 00h 05m 48s, num timesteps 19440, FPS 55,
	Rewards: eps mean/med/min/max eps rew: 0.00240/0.00240/0.00240/0.00240,
	Losses: Policy Loss value/action/dist: 0.072/-0.002/1.098,
INFO:root:Time: 00d 00h 05m 52s, num timesteps 19680, FPS 55,
	Rewards: eps mean/med/min/max eps rew: 0.00240/0.00240/0.00240/0.00240,
	Losses: Policy Loss value/action/dist: 0.072/-0.002/1.098,
INFO:root:Time: 00d 00h 05m 56s, num timesteps 19920, FPS 55,
	Rewards: eps mean/med/min/max eps rew: 0.00240/0.00240/0.00240/0.00240,
	Losses: Policy Loss value/action/dist: 0.072/-0.002/1.098,
INFO:root:Time: 00d 00h 06m 00s, num timesteps 20160, FPS 55,
	Rewards: eps mean/med/min/max eps rew: 0.00240/0.00240/0.00240/0.00240,
	Losses: Policy Loss value/action/dist: 0.072/-0.002/1.098,
INFO:root:Time: 00d 00h 06m 05s, num timesteps 20400, FPS 55,
	Rewards: eps mean/med/min/max eps rew: 0.00240/0.00240/0.00240/0.00240,
	Losses: Policy Loss value/action/dist: 0.072/-0.002/1.098,
INFO:root:Time: 00d 00h 06m 09s, num timesteps 20640, FPS 55,
	Rewards: eps mean/med/min/max eps rew: 0.00240/0.00240/0.00240/0.00240,
	Losses: Policy Loss value/action/dist: 0.072/-0.002/1.098,
INFO:root:Time: 00d 00h 06m 13s, num timesteps 20880, FPS 55,
	Rewards: eps mean/med/min/max eps rew: 0.00240/0.00240/0.00240/0.00240,
	Losses: Policy Loss value/action/dist: 0.072/-0.002/1.098,
INFO:root:Time: 00d 00h 06m 17s, num timesteps 21120, FPS 55,
	Rewards: eps mean/med/min/max eps rew: 0.00240/0.00240/0.00240/0.00240,
	Losses: Policy Loss value/action/dist: 0.072/-0.002/1.098,
INFO:root:Time: 00d 00h 06m 21s, num timesteps 21360, FPS 55,
	Rewards: eps mean/med/min/max eps rew: 0.00240/0.00240/0.00240/0.00240,
	Losses: Policy Loss value/action/dist: 0.072/-0.002/1.098,
INFO:root:Time: 00d 00h 06m 28s, num timesteps 21600, FPS 55,
	Rewards: eps mean/med/min/max eps rew: 0.00240/0.00240/0.00240/0.00240,
	Losses: Policy Loss value/action/dist: 0.066/-0.002/1.097,
INFO:root:Time: 00d 00h 06m 32s, num timesteps 21840, FPS 55,
	Rewards: eps mean/med/min/max eps rew: 0.00240/0.00240/0.00240/0.00240,
	Losses: Policy Loss value/action/dist: 0.066/-0.002/1.097,
INFO:root:Time: 00d 00h 06m 36s, num timesteps 22080, FPS 55,
	Rewards: eps mean/med/min/max eps rew: 0.00240/0.00240/0.00240/0.00240,
	Losses: Policy Loss value/action/dist: 0.066/-0.002/1.097,
INFO:root:Time: 00d 00h 06m 40s, num timesteps 22320, FPS 55,
	Rewards: eps mean/med/min/max eps rew: 0.00240/0.00240/0.00240/0.00240,
	Losses: Policy Loss value/action/dist: 0.066/-0.002/1.097,
INFO:root:Time: 00d 00h 06m 44s, num timesteps 22560, FPS 55,
	Rewards: eps mean/med/min/max eps rew: 0.00240/0.00240/0.00240/0.00240,
	Losses: Policy Loss value/action/dist: 0.066/-0.002/1.097,
INFO:root:Time: 00d 00h 06m 49s, num timesteps 22800, FPS 55,
	Rewards: eps mean/med/min/max eps rew: 0.00240/0.00240/0.00240/0.00240,
	Losses: Policy Loss value/action/dist: 0.066/-0.002/1.097,
INFO:root:Time: 00d 00h 06m 53s, num timesteps 23040, FPS 55,
	Rewards: eps mean/med/min/max eps rew: 0.00240/0.00240/0.00240/0.00240,
	Losses: Policy Loss value/action/dist: 0.066/-0.002/1.097,
INFO:root:Time: 00d 00h 06m 57s, num timesteps 23280, FPS 55,
	Rewards: eps mean/med/min/max eps rew: 0.00240/0.00240/0.00240/0.00240,
	Losses: Policy Loss value/action/dist: 0.066/-0.002/1.097,
INFO:root:Time: 00d 00h 07m 01s, num timesteps 23520, FPS 55,
	Rewards: eps mean/med/min/max eps rew: 0.00240/0.00240/0.00240/0.00240,
	Losses: Policy Loss value/action/dist: 0.066/-0.002/1.097,
INFO:root:Time: 00d 00h 07m 05s, num timesteps 23760, FPS 55,
	Rewards: eps mean/med/min/max eps rew: 0.00240/0.00240/0.00240/0.00240,
	Losses: Policy Loss value/action/dist: 0.066/-0.002/1.097,
INFO:root:Time: 00d 00h 07m 11s, num timesteps 24000, FPS 55,
	Rewards: eps mean/med/min/max eps rew: 0.00290/0.00290/0.00240/0.00340,
	Losses: Policy Loss value/action/dist: 0.119/-0.003/1.096,
INFO:root:Time: 00d 00h 07m 15s, num timesteps 24240, FPS 55,
	Rewards: eps mean/med/min/max eps rew: 0.00290/0.00290/0.00240/0.00340,
	Losses: Policy Loss value/action/dist: 0.119/-0.003/1.096,
INFO:root:Time: 00d 00h 07m 19s, num timesteps 24480, FPS 55,
	Rewards: eps mean/med/min/max eps rew: 0.00290/0.00290/0.00240/0.00340,
	Losses: Policy Loss value/action/dist: 0.119/-0.003/1.096,
INFO:root:Time: 00d 00h 07m 23s, num timesteps 24720, FPS 55,
	Rewards: eps mean/med/min/max eps rew: 0.00290/0.00290/0.00240/0.00340,
	Losses: Policy Loss value/action/dist: 0.119/-0.003/1.096,
INFO:root:Time: 00d 00h 07m 27s, num timesteps 24960, FPS 55,
	Rewards: eps mean/med/min/max eps rew: 0.00290/0.00290/0.00240/0.00340,
	Losses: Policy Loss value/action/dist: 0.119/-0.003/1.096,
INFO:root:Time: 00d 00h 07m 31s, num timesteps 25200, FPS 55,
	Rewards: eps mean/med/min/max eps rew: 0.00290/0.00290/0.00240/0.00340,
	Losses: Policy Loss value/action/dist: 0.119/-0.003/1.096,
INFO:root:Time: 00d 00h 07m 35s, num timesteps 25440, FPS 55,
	Rewards: eps mean/med/min/max eps rew: 0.00290/0.00290/0.00240/0.00340,
	Losses: Policy Loss value/action/dist: 0.119/-0.003/1.096,
INFO:root:Time: 00d 00h 07m 39s, num timesteps 25680, FPS 55,
	Rewards: eps mean/med/min/max eps rew: 0.00290/0.00290/0.00240/0.00340,
	Losses: Policy Loss value/action/dist: 0.119/-0.003/1.096,
INFO:root:Time: 00d 00h 07m 43s, num timesteps 25920, FPS 55,
	Rewards: eps mean/med/min/max eps rew: 0.00290/0.00290/0.00240/0.00340,
	Losses: Policy Loss value/action/dist: 0.119/-0.003/1.096,
INFO:root:Time: 00d 00h 07m 47s, num timesteps 26160, FPS 55,
	Rewards: eps mean/med/min/max eps rew: 0.00290/0.00290/0.00240/0.00340,
	Losses: Policy Loss value/action/dist: 0.119/-0.003/1.096,
INFO:root:Time: 00d 00h 07m 54s, num timesteps 26400, FPS 55,
	Rewards: eps mean/med/min/max eps rew: 0.00290/0.00290/0.00240/0.00340,
	Losses: Policy Loss value/action/dist: 0.121/-0.004/1.094,
INFO:root:Time: 00d 00h 07m 58s, num timesteps 26640, FPS 55,
	Rewards: eps mean/med/min/max eps rew: 0.00290/0.00290/0.00240/0.00340,
	Losses: Policy Loss value/action/dist: 0.121/-0.004/1.094,
INFO:root:Time: 00d 00h 08m 02s, num timesteps 26880, FPS 55,
	Rewards: eps mean/med/min/max eps rew: 0.00290/0.00290/0.00240/0.00340,
	Losses: Policy Loss value/action/dist: 0.121/-0.004/1.094,
INFO:root:Time: 00d 00h 08m 06s, num timesteps 27120, FPS 55,
	Rewards: eps mean/med/min/max eps rew: 0.00290/0.00290/0.00240/0.00340,
	Losses: Policy Loss value/action/dist: 0.121/-0.004/1.094,
INFO:root:Time: 00d 00h 08m 10s, num timesteps 27360, FPS 55,
	Rewards: eps mean/med/min/max eps rew: 0.00290/0.00290/0.00240/0.00340,
	Losses: Policy Loss value/action/dist: 0.121/-0.004/1.094,
INFO:root:Time: 00d 00h 08m 14s, num timesteps 27600, FPS 55,
	Rewards: eps mean/med/min/max eps rew: 0.00290/0.00290/0.00240/0.00340,
	Losses: Policy Loss value/action/dist: 0.121/-0.004/1.094,
INFO:root:Time: 00d 00h 08m 18s, num timesteps 27840, FPS 55,
	Rewards: eps mean/med/min/max eps rew: 0.00290/0.00290/0.00240/0.00340,
	Losses: Policy Loss value/action/dist: 0.121/-0.004/1.094,
INFO:root:Time: 00d 00h 08m 22s, num timesteps 28080, FPS 55,
	Rewards: eps mean/med/min/max eps rew: 0.00290/0.00290/0.00240/0.00340,
	Losses: Policy Loss value/action/dist: 0.121/-0.004/1.094,
INFO:root:Time: 00d 00h 08m 26s, num timesteps 28320, FPS 55,
	Rewards: eps mean/med/min/max eps rew: 0.00290/0.00290/0.00240/0.00340,
	Losses: Policy Loss value/action/dist: 0.121/-0.004/1.094,
INFO:root:Time: 00d 00h 08m 30s, num timesteps 28560, FPS 55,
	Rewards: eps mean/med/min/max eps rew: 0.00290/0.00290/0.00240/0.00340,
	Losses: Policy Loss value/action/dist: 0.121/-0.004/1.094,
INFO:root:Time: 00d 00h 08m 36s, num timesteps 28800, FPS 55,
	Rewards: eps mean/med/min/max eps rew: 0.00290/0.00290/0.00240/0.00340,
	Losses: Policy Loss value/action/dist: 0.116/-0.006/1.093,
INFO:root:Time: 00d 00h 08m 40s, num timesteps 29040, FPS 55,
	Rewards: eps mean/med/min/max eps rew: 0.00290/0.00290/0.00240/0.00340,
	Losses: Policy Loss value/action/dist: 0.116/-0.006/1.093,
INFO:root:Time: 00d 00h 08m 44s, num timesteps 29280, FPS 55,
	Rewards: eps mean/med/min/max eps rew: 0.00290/0.00290/0.00240/0.00340,
	Losses: Policy Loss value/action/dist: 0.116/-0.006/1.093,
INFO:root:Time: 00d 00h 08m 49s, num timesteps 29520, FPS 55,
	Rewards: eps mean/med/min/max eps rew: 0.00290/0.00290/0.00240/0.00340,
	Losses: Policy Loss value/action/dist: 0.116/-0.006/1.093,
INFO:root:Time: 00d 00h 08m 53s, num timesteps 29760, FPS 55,
	Rewards: eps mean/med/min/max eps rew: 0.00290/0.00290/0.00240/0.00340,
	Losses: Policy Loss value/action/dist: 0.116/-0.006/1.093,
INFO:root:Time: 00d 00h 08m 57s, num timesteps 30000, FPS 55,
	Rewards: eps mean/med/min/max eps rew: 0.00290/0.00290/0.00240/0.00340,
	Losses: Policy Loss value/action/dist: 0.116/-0.006/1.093,
INFO:root:Time: 00d 00h 09m 01s, num timesteps 30240, FPS 55,
	Rewards: eps mean/med/min/max eps rew: 0.00290/0.00290/0.00240/0.00340,
	Losses: Policy Loss value/action/dist: 0.116/-0.006/1.093,
INFO:root:Time: 00d 00h 09m 05s, num timesteps 30480, FPS 55,
	Rewards: eps mean/med/min/max eps rew: 0.00290/0.00290/0.00240/0.00340,
	Losses: Policy Loss value/action/dist: 0.116/-0.006/1.093,
INFO:root:Time: 00d 00h 09m 09s, num timesteps 30720, FPS 55,
	Rewards: eps mean/med/min/max eps rew: 0.00290/0.00290/0.00240/0.00340,
	Losses: Policy Loss value/action/dist: 0.116/-0.006/1.093,
INFO:root:Time: 00d 00h 09m 13s, num timesteps 30960, FPS 55,
	Rewards: eps mean/med/min/max eps rew: 0.00290/0.00290/0.00240/0.00340,
	Losses: Policy Loss value/action/dist: 0.116/-0.006/1.093,
INFO:root:Time: 00d 00h 09m 20s, num timesteps 31200, FPS 55,
	Rewards: eps mean/med/min/max eps rew: 0.00290/0.00290/0.00240/0.00340,
	Losses: Policy Loss value/action/dist: 0.108/-0.006/1.090,
INFO:root:Time: 00d 00h 09m 24s, num timesteps 31440, FPS 55,
	Rewards: eps mean/med/min/max eps rew: 0.00290/0.00290/0.00240/0.00340,
	Losses: Policy Loss value/action/dist: 0.108/-0.006/1.090,
INFO:root:Time: 00d 00h 09m 28s, num timesteps 31680, FPS 55,
	Rewards: eps mean/med/min/max eps rew: 0.00290/0.00290/0.00240/0.00340,
	Losses: Policy Loss value/action/dist: 0.108/-0.006/1.090,
INFO:root:Time: 00d 00h 09m 32s, num timesteps 31920, FPS 55,
	Rewards: eps mean/med/min/max eps rew: 0.00290/0.00290/0.00240/0.00340,
	Losses: Policy Loss value/action/dist: 0.108/-0.006/1.090,
INFO:root:Time: 00d 00h 09m 36s, num timesteps 32160, FPS 55,
	Rewards: eps mean/med/min/max eps rew: 0.00290/0.00290/0.00240/0.00340,
	Losses: Policy Loss value/action/dist: 0.108/-0.006/1.090,
INFO:root:Time: 00d 00h 09m 40s, num timesteps 32400, FPS 55,
	Rewards: eps mean/med/min/max eps rew: 0.00290/0.00290/0.00240/0.00340,
	Losses: Policy Loss value/action/dist: 0.108/-0.006/1.090,
INFO:root:Time: 00d 00h 09m 44s, num timesteps 32640, FPS 55,
	Rewards: eps mean/med/min/max eps rew: 0.00290/0.00290/0.00240/0.00340,
	Losses: Policy Loss value/action/dist: 0.108/-0.006/1.090,
INFO:root:Time: 00d 00h 09m 48s, num timesteps 32880, FPS 55,
	Rewards: eps mean/med/min/max eps rew: 0.00290/0.00290/0.00240/0.00340,
	Losses: Policy Loss value/action/dist: 0.108/-0.006/1.090,
INFO:root:Time: 00d 00h 09m 52s, num timesteps 33120, FPS 55,
	Rewards: eps mean/med/min/max eps rew: 0.00290/0.00290/0.00240/0.00340,
	Losses: Policy Loss value/action/dist: 0.108/-0.006/1.090,
INFO:root:Time: 00d 00h 09m 56s, num timesteps 33360, FPS 55,
	Rewards: eps mean/med/min/max eps rew: 0.00290/0.00290/0.00240/0.00340,
	Losses: Policy Loss value/action/dist: 0.108/-0.006/1.090,
INFO:root:Time: 00d 00h 10m 02s, num timesteps 33600, FPS 55,
	Rewards: eps mean/med/min/max eps rew: 0.00290/0.00290/0.00240/0.00340,
	Losses: Policy Loss value/action/dist: 0.102/-0.007/1.087,
INFO:root:Time: 00d 00h 10m 06s, num timesteps 33840, FPS 55,
	Rewards: eps mean/med/min/max eps rew: 0.00290/0.00290/0.00240/0.00340,
	Losses: Policy Loss value/action/dist: 0.102/-0.007/1.087,
INFO:root:Time: 00d 00h 10m 10s, num timesteps 34080, FPS 55,
	Rewards: eps mean/med/min/max eps rew: 0.00290/0.00290/0.00240/0.00340,
	Losses: Policy Loss value/action/dist: 0.102/-0.007/1.087,
INFO:root:Time: 00d 00h 10m 14s, num timesteps 34320, FPS 55,
	Rewards: eps mean/med/min/max eps rew: 0.00290/0.00290/0.00240/0.00340,
	Losses: Policy Loss value/action/dist: 0.102/-0.007/1.087,
INFO:root:Time: 00d 00h 10m 18s, num timesteps 34560, FPS 55,
	Rewards: eps mean/med/min/max eps rew: 0.00290/0.00290/0.00240/0.00340,
	Losses: Policy Loss value/action/dist: 0.102/-0.007/1.087,
INFO:root:Time: 00d 00h 10m 22s, num timesteps 34800, FPS 55,
	Rewards: eps mean/med/min/max eps rew: 0.00290/0.00290/0.00240/0.00340,
	Losses: Policy Loss value/action/dist: 0.102/-0.007/1.087,
INFO:root:Time: 00d 00h 10m 26s, num timesteps 35040, FPS 55,
	Rewards: eps mean/med/min/max eps rew: 0.00290/0.00290/0.00240/0.00340,
	Losses: Policy Loss value/action/dist: 0.102/-0.007/1.087,
INFO:root:Time: 00d 00h 10m 30s, num timesteps 35280, FPS 55,
	Rewards: eps mean/med/min/max eps rew: 0.00290/0.00290/0.00240/0.00340,
	Losses: Policy Loss value/action/dist: 0.102/-0.007/1.087,
INFO:root:Time: 00d 00h 10m 34s, num timesteps 35520, FPS 55,
	Rewards: eps mean/med/min/max eps rew: 0.00290/0.00290/0.00240/0.00340,
	Losses: Policy Loss value/action/dist: 0.102/-0.007/1.087,
INFO:root:Time: 00d 00h 10m 39s, num timesteps 35760, FPS 55,
	Rewards: eps mean/med/min/max eps rew: 0.00290/0.00290/0.00240/0.00340,
	Losses: Policy Loss value/action/dist: 0.102/-0.007/1.087,
INFO:root:Time: 00d 00h 10m 45s, num timesteps 36000, FPS 55,
	Rewards: eps mean/med/min/max eps rew: 0.00369/0.00340/0.00240/0.00526,
	Losses: Policy Loss value/action/dist: 0.187/-0.007/1.085,
INFO:root:Time: 00d 00h 10m 49s, num timesteps 36240, FPS 55,
	Rewards: eps mean/med/min/max eps rew: 0.00369/0.00340/0.00240/0.00526,
	Losses: Policy Loss value/action/dist: 0.187/-0.007/1.085,
INFO:root:Time: 00d 00h 10m 54s, num timesteps 36480, FPS 55,
	Rewards: eps mean/med/min/max eps rew: 0.00369/0.00340/0.00240/0.00526,
	Losses: Policy Loss value/action/dist: 0.187/-0.007/1.085,
INFO:root:Time: 00d 00h 10m 58s, num timesteps 36720, FPS 55,
	Rewards: eps mean/med/min/max eps rew: 0.00369/0.00340/0.00240/0.00526,
	Losses: Policy Loss value/action/dist: 0.187/-0.007/1.085,
INFO:root:Time: 00d 00h 11m 02s, num timesteps 36960, FPS 55,
	Rewards: eps mean/med/min/max eps rew: 0.00369/0.00340/0.00240/0.00526,
	Losses: Policy Loss value/action/dist: 0.187/-0.007/1.085,
INFO:root:Time: 00d 00h 11m 06s, num timesteps 37200, FPS 55,
	Rewards: eps mean/med/min/max eps rew: 0.00369/0.00340/0.00240/0.00526,
	Losses: Policy Loss value/action/dist: 0.187/-0.007/1.085,
INFO:root:Time: 00d 00h 11m 10s, num timesteps 37440, FPS 55,
	Rewards: eps mean/med/min/max eps rew: 0.00369/0.00340/0.00240/0.00526,
	Losses: Policy Loss value/action/dist: 0.187/-0.007/1.085,
INFO:root:Time: 00d 00h 11m 14s, num timesteps 37680, FPS 55,
	Rewards: eps mean/med/min/max eps rew: 0.00369/0.00340/0.00240/0.00526,
	Losses: Policy Loss value/action/dist: 0.187/-0.007/1.085,
INFO:root:Time: 00d 00h 11m 18s, num timesteps 37920, FPS 55,
	Rewards: eps mean/med/min/max eps rew: 0.00369/0.00340/0.00240/0.00526,
	Losses: Policy Loss value/action/dist: 0.187/-0.007/1.085,
INFO:root:Time: 00d 00h 11m 22s, num timesteps 38160, FPS 55,
	Rewards: eps mean/med/min/max eps rew: 0.00369/0.00340/0.00240/0.00526,
	Losses: Policy Loss value/action/dist: 0.187/-0.007/1.085,
INFO:root:Time: 00d 00h 11m 28s, num timesteps 38400, FPS 55,
	Rewards: eps mean/med/min/max eps rew: 0.00369/0.00340/0.00240/0.00526,
	Losses: Policy Loss value/action/dist: 0.182/-0.008/1.082,
INFO:root:Time: 00d 00h 11m 32s, num timesteps 38640, FPS 55,
	Rewards: eps mean/med/min/max eps rew: 0.00369/0.00340/0.00240/0.00526,
	Losses: Policy Loss value/action/dist: 0.182/-0.008/1.082,
INFO:root:Time: 00d 00h 11m 36s, num timesteps 38880, FPS 55,
	Rewards: eps mean/med/min/max eps rew: 0.00369/0.00340/0.00240/0.00526,
	Losses: Policy Loss value/action/dist: 0.182/-0.008/1.082,
INFO:root:Time: 00d 00h 11m 40s, num timesteps 39120, FPS 55,
	Rewards: eps mean/med/min/max eps rew: 0.00369/0.00340/0.00240/0.00526,
	Losses: Policy Loss value/action/dist: 0.182/-0.008/1.082,
INFO:root:Time: 00d 00h 11m 44s, num timesteps 39360, FPS 55,
	Rewards: eps mean/med/min/max eps rew: 0.00369/0.00340/0.00240/0.00526,
	Losses: Policy Loss value/action/dist: 0.182/-0.008/1.082,
INFO:root:Time: 00d 00h 11m 48s, num timesteps 39600, FPS 55,
	Rewards: eps mean/med/min/max eps rew: 0.00369/0.00340/0.00240/0.00526,
	Losses: Policy Loss value/action/dist: 0.182/-0.008/1.082,
INFO:root:Time: 00d 00h 11m 52s, num timesteps 39840, FPS 55,
	Rewards: eps mean/med/min/max eps rew: 0.00369/0.00340/0.00240/0.00526,
	Losses: Policy Loss value/action/dist: 0.182/-0.008/1.082,
INFO:root:Time: 00d 00h 11m 56s, num timesteps 40080, FPS 55,
	Rewards: eps mean/med/min/max eps rew: 0.00369/0.00340/0.00240/0.00526,
	Losses: Policy Loss value/action/dist: 0.182/-0.008/1.082,
INFO:root:Time: 00d 00h 12m 00s, num timesteps 40320, FPS 55,
	Rewards: eps mean/med/min/max eps rew: 0.00369/0.00340/0.00240/0.00526,
	Losses: Policy Loss value/action/dist: 0.182/-0.008/1.082,
INFO:root:Time: 00d 00h 12m 04s, num timesteps 40560, FPS 56,
	Rewards: eps mean/med/min/max eps rew: 0.00369/0.00340/0.00240/0.00526,
	Losses: Policy Loss value/action/dist: 0.182/-0.008/1.082,
INFO:root:Time: 00d 00h 12m 10s, num timesteps 40800, FPS 55,
	Rewards: eps mean/med/min/max eps rew: 0.00369/0.00340/0.00240/0.00526,
	Losses: Policy Loss value/action/dist: 0.174/-0.008/1.080,
INFO:root:Time: 00d 00h 12m 14s, num timesteps 41040, FPS 55,
	Rewards: eps mean/med/min/max eps rew: 0.00369/0.00340/0.00240/0.00526,
	Losses: Policy Loss value/action/dist: 0.174/-0.008/1.080,
INFO:root:Time: 00d 00h 12m 18s, num timesteps 41280, FPS 55,
	Rewards: eps mean/med/min/max eps rew: 0.00369/0.00340/0.00240/0.00526,
	Losses: Policy Loss value/action/dist: 0.174/-0.008/1.080,
INFO:root:Time: 00d 00h 12m 22s, num timesteps 41520, FPS 55,
	Rewards: eps mean/med/min/max eps rew: 0.00369/0.00340/0.00240/0.00526,
	Losses: Policy Loss value/action/dist: 0.174/-0.008/1.080,
INFO:root:Time: 00d 00h 12m 26s, num timesteps 41760, FPS 55,
	Rewards: eps mean/med/min/max eps rew: 0.00369/0.00340/0.00240/0.00526,
	Losses: Policy Loss value/action/dist: 0.174/-0.008/1.080,
INFO:root:Time: 00d 00h 12m 30s, num timesteps 42000, FPS 55,
	Rewards: eps mean/med/min/max eps rew: 0.00369/0.00340/0.00240/0.00526,
	Losses: Policy Loss value/action/dist: 0.174/-0.008/1.080,
INFO:root:Time: 00d 00h 12m 34s, num timesteps 42240, FPS 56,
	Rewards: eps mean/med/min/max eps rew: 0.00369/0.00340/0.00240/0.00526,
	Losses: Policy Loss value/action/dist: 0.174/-0.008/1.080,
INFO:root:Time: 00d 00h 12m 38s, num timesteps 42480, FPS 56,
	Rewards: eps mean/med/min/max eps rew: 0.00369/0.00340/0.00240/0.00526,
	Losses: Policy Loss value/action/dist: 0.174/-0.008/1.080,
INFO:root:Time: 00d 00h 12m 41s, num timesteps 42720, FPS 56,
	Rewards: eps mean/med/min/max eps rew: 0.00369/0.00340/0.00240/0.00526,
	Losses: Policy Loss value/action/dist: 0.174/-0.008/1.080,
INFO:root:Time: 00d 00h 12m 45s, num timesteps 42960, FPS 56,
	Rewards: eps mean/med/min/max eps rew: 0.00369/0.00340/0.00240/0.00526,
	Losses: Policy Loss value/action/dist: 0.174/-0.008/1.080,
INFO:root:Time: 00d 00h 12m 52s, num timesteps 43200, FPS 55,
	Rewards: eps mean/med/min/max eps rew: 0.00369/0.00340/0.00240/0.00526,
	Losses: Policy Loss value/action/dist: 0.170/-0.009/1.077,
INFO:root:Time: 00d 00h 12m 56s, num timesteps 43440, FPS 55,
	Rewards: eps mean/med/min/max eps rew: 0.00369/0.00340/0.00240/0.00526,
	Losses: Policy Loss value/action/dist: 0.170/-0.009/1.077,
INFO:root:Time: 00d 00h 13m 00s, num timesteps 43680, FPS 55,
	Rewards: eps mean/med/min/max eps rew: 0.00369/0.00340/0.00240/0.00526,
	Losses: Policy Loss value/action/dist: 0.170/-0.009/1.077,
INFO:root:Time: 00d 00h 13m 04s, num timesteps 43920, FPS 56,
	Rewards: eps mean/med/min/max eps rew: 0.00369/0.00340/0.00240/0.00526,
	Losses: Policy Loss value/action/dist: 0.170/-0.009/1.077,
INFO:root:Time: 00d 00h 13m 08s, num timesteps 44160, FPS 56,
	Rewards: eps mean/med/min/max eps rew: 0.00369/0.00340/0.00240/0.00526,
	Losses: Policy Loss value/action/dist: 0.170/-0.009/1.077,
INFO:root:Time: 00d 00h 13m 12s, num timesteps 44400, FPS 56,
	Rewards: eps mean/med/min/max eps rew: 0.00369/0.00340/0.00240/0.00526,
	Losses: Policy Loss value/action/dist: 0.170/-0.009/1.077,
INFO:root:Namespace(agent='sem_cur_exp', alpha=0.99, auto_gpu_config=1, camera_height=0.88, cat_pred_threshold=5.0, clip_param=0.2, collision_threshold=0.2, cuda=True, du_scale=1, dump_location='./exps', entropy_coef=0.001, env_frame_height=256, env_frame_width=256, eps=1e-05, eval=0, exp_name='exp_v1', exp_pred_threshold=1.0, frame_height=128, frame_width=128, gamma=0.99, global_downscaling=2, hfov=79.0, load='0', local_hidden_size=256, log_interval=10, lr=2.5e-05, map_pred_threshold=1.0, map_resolution=5, map_size_cm=2400, max_d=100.0, max_depth=5.0, max_episode_length=500, max_grad_norm=0.5, min_d=1.5, min_depth=0.5, no_cuda=False, num_local_steps=100, num_mini_batch=12, num_processes=24, num_processes_on_first_gpu=0, num_processes_per_gpu=9, num_sem_categories=6, num_training_frames=10000000, ppo_epoch=4, print_images=1, reward_coeff=0.0025, save_interval=1, save_periodic=500000, seed=1, sem_gpu_id=-1, sem_pred_prob_thr=0.9, sim_gpu_id=1, split='train', task_config='tasks/objectnav_gibson.yaml', tau=0.95, total_num_scenes=24, turn_angle=30, use_gae=False, use_recurrent_local=1, value_loss_coef=0.5, version='v1.1', vision_range=100, visualize=0)
INFO:root:Starting training
INFO:root:training frames is 10000000
INFO:root:Time: 00d 00h 00m 00s, num timesteps 0, FPS 0,
	Rewards: per step mean/med/min/max, rew: 0.0014/0.0014/0.0014/0.0014,
	Losses:
INFO:root:Time: 00d 00h 00m 04s, num timesteps 240, FPS 53,
	Rewards: per step mean/med/min/max, rew: 0.0046/0.0000/0.0000/0.0338,
	Losses:
INFO:root:Time: 00d 00h 00m 08s, num timesteps 480, FPS 57,
	Rewards: per step mean/med/min/max, rew: 0.0028/0.0000/0.0000/0.0338,
	Losses:
INFO:root:Time: 00d 00h 00m 12s, num timesteps 720, FPS 58,
	Rewards: per step mean/med/min/max, rew: 0.0023/0.0000/0.0000/0.0338,
	Losses:
INFO:root:Time: 00d 00h 00m 16s, num timesteps 960, FPS 59,
	Rewards: per step mean/med/min/max, rew: 0.0024/0.0000/0.0000/0.0338,
	Losses:
INFO:root:Time: 00d 00h 00m 19s, num timesteps 1200, FPS 60,
	Rewards: per step mean/med/min/max, rew: 0.0021/0.0000/0.0000/0.0338,
	Losses:
INFO:root:Time: 00d 00h 00m 24s, num timesteps 1440, FPS 59,
	Rewards: per step mean/med/min/max, rew: 0.0020/0.0000/0.0000/0.0338,
	Losses:
INFO:root:Time: 00d 00h 00m 27s, num timesteps 1680, FPS 60,
	Rewards: per step mean/med/min/max, rew: 0.0018/0.0000/0.0000/0.0338,
	Losses:
INFO:root:Time: 00d 00h 00m 31s, num timesteps 1920, FPS 60,
	Rewards: per step mean/med/min/max, rew: 0.0022/0.0000/0.0000/0.0338,
	Losses:
INFO:root:Time: 00d 00h 00m 35s, num timesteps 2160, FPS 60,
	Rewards: per step mean/med/min/max, rew: 0.0026/0.0000/0.0000/0.0338,
	Losses:
INFO:root:Time: 00d 00h 00m 42s, num timesteps 2400, FPS 56,
	Rewards: per step mean/med/min/max, rew: 0.0031/0.0002/0.0000/0.0338,
	Losses: Policy Loss value/action/dist: 0.063/-0.001/1.098,
INFO:root:Time: 00d 00h 00m 46s, num timesteps 2640, FPS 56,
	Rewards: per step mean/med/min/max, rew: 0.0030/0.0001/0.0000/0.0338,
	Losses: Policy Loss value/action/dist: 0.063/-0.001/1.098,
INFO:root:Time: 00d 00h 00m 50s, num timesteps 2880, FPS 56,
	Rewards: per step mean/med/min/max, rew: 0.0030/0.0000/0.0000/0.0338,
	Losses: Policy Loss value/action/dist: 0.063/-0.001/1.098,
INFO:root:Time: 00d 00h 00m 54s, num timesteps 3120, FPS 57,
	Rewards: per step mean/med/min/max, rew: 0.0031/0.0000/0.0000/0.0338,
	Losses: Policy Loss value/action/dist: 0.063/-0.001/1.098,
INFO:root:Time: 00d 00h 00m 58s, num timesteps 3360, FPS 57,
	Rewards: per step mean/med/min/max, rew: 0.0029/0.0000/0.0000/0.0338,
	Losses: Policy Loss value/action/dist: 0.063/-0.001/1.098,
INFO:root:Time: 00d 00h 01m 02s, num timesteps 3600, FPS 57,
	Rewards: per step mean/med/min/max, rew: 0.0029/0.0000/0.0000/0.0338,
	Losses: Policy Loss value/action/dist: 0.063/-0.001/1.098,
INFO:root:Time: 00d 00h 01m 06s, num timesteps 3840, FPS 57,
	Rewards: per step mean/med/min/max, rew: 0.0028/0.0000/0.0000/0.0338,
	Losses: Policy Loss value/action/dist: 0.063/-0.001/1.098,
INFO:root:Time: 00d 00h 01m 10s, num timesteps 4080, FPS 57,
	Rewards: per step mean/med/min/max, rew: 0.0029/0.0000/0.0000/0.0338,
	Losses: Policy Loss value/action/dist: 0.063/-0.001/1.098,
INFO:root:Time: 00d 00h 01m 14s, num timesteps 4320, FPS 58,
	Rewards: per step mean/med/min/max, rew: 0.0028/0.0000/0.0000/0.0338,
	Losses: Policy Loss value/action/dist: 0.063/-0.001/1.098,
INFO:root:Time: 00d 00h 01m 18s, num timesteps 4560, FPS 58,
	Rewards: per step mean/med/min/max, rew: 0.0028/0.0000/0.0000/0.0338,
	Losses: Policy Loss value/action/dist: 0.063/-0.001/1.098,
INFO:root:Time: 00d 00h 01m 24s, num timesteps 4800, FPS 56,
	Rewards: per step mean/med/min/max, rew: 0.0027/0.0000/0.0000/0.0338,
	Losses: Policy Loss value/action/dist: 0.043/-0.001/1.098,
INFO:root:Time: 00d 00h 01m 28s, num timesteps 5040, FPS 57,
	Rewards: per step mean/med/min/max, rew: 0.0027/0.0000/0.0000/0.0338,
	Losses: Policy Loss value/action/dist: 0.043/-0.001/1.098,
INFO:root:Time: 00d 00h 01m 32s, num timesteps 5280, FPS 57,
	Rewards: per step mean/med/min/max, rew: 0.0026/0.0001/0.0000/0.0338,
	Losses: Policy Loss value/action/dist: 0.043/-0.001/1.098,
INFO:root:Time: 00d 00h 01m 36s, num timesteps 5520, FPS 57,
	Rewards: per step mean/med/min/max, rew: 0.0025/0.0001/0.0000/0.0338,
	Losses: Policy Loss value/action/dist: 0.043/-0.001/1.098,
INFO:root:Time: 00d 00h 01m 40s, num timesteps 5760, FPS 57,
	Rewards: per step mean/med/min/max, rew: 0.0024/0.0000/0.0000/0.0338,
	Losses: Policy Loss value/action/dist: 0.043/-0.001/1.098,
INFO:root:Time: 00d 00h 01m 44s, num timesteps 6000, FPS 57,
	Rewards: per step mean/med/min/max, rew: 0.0024/0.0000/0.0000/0.0338,
	Losses: Policy Loss value/action/dist: 0.043/-0.001/1.098,
INFO:root:Time: 00d 00h 01m 48s, num timesteps 6240, FPS 57,
	Rewards: per step mean/med/min/max, rew: 0.0023/0.0000/0.0000/0.0338,
	Losses: Policy Loss value/action/dist: 0.043/-0.001/1.098,
INFO:root:Time: 00d 00h 01m 52s, num timesteps 6480, FPS 57,
	Rewards: per step mean/med/min/max, rew: 0.0022/0.0000/0.0000/0.0338,
	Losses: Policy Loss value/action/dist: 0.043/-0.001/1.098,
INFO:root:Time: 00d 00h 01m 56s, num timesteps 6720, FPS 57,
	Rewards: per step mean/med/min/max, rew: 0.0023/0.0000/0.0000/0.0338,
	Losses: Policy Loss value/action/dist: 0.043/-0.001/1.098,
INFO:root:Time: 00d 00h 02m 00s, num timesteps 6960, FPS 57,
	Rewards: per step mean/med/min/max, rew: 0.0025/0.0000/0.0000/0.0338,
	Losses: Policy Loss value/action/dist: 0.043/-0.001/1.098,
INFO:root:Time: 00d 00h 02m 06s, num timesteps 7200, FPS 56,
	Rewards: per step mean/med/min/max, rew: 0.0025/0.0000/0.0000/0.0338,
	Losses: Policy Loss value/action/dist: 0.036/-0.001/1.098,
INFO:root:Time: 00d 00h 02m 10s, num timesteps 7440, FPS 57,
	Rewards: per step mean/med/min/max, rew: 0.0025/0.0000/0.0000/0.0338,
	Losses: Policy Loss value/action/dist: 0.036/-0.001/1.098,
INFO:root:Time: 00d 00h 02m 14s, num timesteps 7680, FPS 57,
	Rewards: per step mean/med/min/max, rew: 0.0024/0.0000/0.0000/0.0338,
	Losses: Policy Loss value/action/dist: 0.036/-0.001/1.098,
INFO:root:Time: 00d 00h 02m 17s, num timesteps 7920, FPS 57,
	Rewards: per step mean/med/min/max, rew: 0.0024/0.0000/0.0000/0.0338,
	Losses: Policy Loss value/action/dist: 0.036/-0.001/1.098,
INFO:root:Time: 00d 00h 02m 21s, num timesteps 8160, FPS 57,
	Rewards: per step mean/med/min/max, rew: 0.0023/0.0000/0.0000/0.0338,
	Losses: Policy Loss value/action/dist: 0.036/-0.001/1.098,
INFO:root:Time: 00d 00h 02m 25s, num timesteps 8400, FPS 57,
	Rewards: per step mean/med/min/max, rew: 0.0023/0.0000/0.0000/0.0338,
	Losses: Policy Loss value/action/dist: 0.036/-0.001/1.098,
INFO:root:Time: 00d 00h 02m 29s, num timesteps 8640, FPS 57,
	Rewards: per step mean/med/min/max, rew: 0.0024/0.0000/0.0000/0.0338,
	Losses: Policy Loss value/action/dist: 0.036/-0.001/1.098,
INFO:root:Time: 00d 00h 02m 32s, num timesteps 8880, FPS 58,
	Rewards: per step mean/med/min/max, rew: 0.0023/0.0000/0.0000/0.0338,
	Losses: Policy Loss value/action/dist: 0.036/-0.001/1.098,
INFO:root:Time: 00d 00h 02m 36s, num timesteps 9120, FPS 58,
	Rewards: per step mean/med/min/max, rew: 0.0023/0.0000/0.0000/0.0338,
	Losses: Policy Loss value/action/dist: 0.036/-0.001/1.098,
INFO:root:Time: 00d 00h 02m 40s, num timesteps 9360, FPS 58,
	Rewards: per step mean/med/min/max, rew: 0.0023/0.0000/0.0000/0.0338,
	Losses: Policy Loss value/action/dist: 0.036/-0.001/1.098,
INFO:root:Time: 00d 00h 02m 47s, num timesteps 9600, FPS 57,
	Rewards: per step mean/med/min/max, rew: 0.0022/0.0000/0.0000/0.0338,
	Losses: Policy Loss value/action/dist: 0.030/-0.001/1.098,
INFO:root:Time: 00d 00h 02m 50s, num timesteps 9840, FPS 57,
	Rewards: per step mean/med/min/max, rew: 0.0022/0.0000/0.0000/0.0338,
	Losses: Policy Loss value/action/dist: 0.030/-0.001/1.098,
INFO:root:Time: 00d 00h 02m 54s, num timesteps 10080, FPS 57,
	Rewards: per step mean/med/min/max, rew: 0.0023/0.0000/0.0000/0.0338,
	Losses: Policy Loss value/action/dist: 0.030/-0.001/1.098,
INFO:root:Time: 00d 00h 02m 58s, num timesteps 10320, FPS 57,
	Rewards: per step mean/med/min/max, rew: 0.0023/0.0000/0.0000/0.0338,
	Losses: Policy Loss value/action/dist: 0.030/-0.001/1.098,
INFO:root:Time: 00d 00h 03m 02s, num timesteps 10560, FPS 57,
	Rewards: per step mean/med/min/max, rew: 0.0023/0.0001/0.0000/0.0338,
	Losses: Policy Loss value/action/dist: 0.030/-0.001/1.098,
INFO:root:Time: 00d 00h 03m 06s, num timesteps 10800, FPS 57,
	Rewards: per step mean/med/min/max, rew: 0.0023/0.0001/0.0000/0.0338,
	Losses: Policy Loss value/action/dist: 0.030/-0.001/1.098,
INFO:root:Time: 00d 00h 03m 10s, num timesteps 11040, FPS 57,
	Rewards: per step mean/med/min/max, rew: 0.0023/0.0001/0.0000/0.0338,
	Losses: Policy Loss value/action/dist: 0.030/-0.001/1.098,
INFO:root:Time: 00d 00h 03m 14s, num timesteps 11280, FPS 58,
	Rewards: per step mean/med/min/max, rew: 0.0022/0.0001/0.0000/0.0338,
	Losses: Policy Loss value/action/dist: 0.030/-0.001/1.098,
INFO:root:Time: 00d 00h 03m 18s, num timesteps 11520, FPS 58,
	Rewards: per step mean/med/min/max, rew: 0.0022/0.0001/0.0000/0.0338,
	Losses: Policy Loss value/action/dist: 0.030/-0.001/1.098,
INFO:root:Time: 00d 00h 03m 22s, num timesteps 11760, FPS 58,
	Rewards: per step mean/med/min/max, rew: 0.0021/0.0001/0.0000/0.0338,
	Losses: Policy Loss value/action/dist: 0.030/-0.001/1.098,
INFO:root:Time: 00d 00h 03m 28s, num timesteps 12000, FPS 57,
	Rewards: per step mean/med/min/max, rew: 0.0000/0.0001/-1.0739/0.0338,
	Losses: Policy Loss value/action/dist: 0.117/-0.001/1.098,
INFO:root:Time: 00d 00h 03m 32s, num timesteps 12240, FPS 57,
	Rewards: per step mean/med/min/max, rew: 0.0001/0.0001/-1.0739/0.0338,
	Losses: Policy Loss value/action/dist: 0.117/-0.001/1.098,
INFO:root:Time: 00d 00h 03m 36s, num timesteps 12480, FPS 57,
	Rewards: per step mean/med/min/max, rew: 0.0001/0.0001/-1.0739/0.0338,
	Losses: Policy Loss value/action/dist: 0.117/-0.001/1.098,
INFO:root:Time: 00d 00h 03m 40s, num timesteps 12720, FPS 57,
	Rewards: per step mean/med/min/max, rew: 0.0003/0.0001/-1.0739/0.0338,
	Losses: Policy Loss value/action/dist: 0.117/-0.001/1.098,
INFO:root:Time: 00d 00h 03m 44s, num timesteps 12960, FPS 57,
	Rewards: per step mean/med/min/max, rew: 0.0004/0.0001/-1.0739/0.0338,
	Losses: Policy Loss value/action/dist: 0.117/-0.001/1.098,
INFO:root:Time: 00d 00h 03m 48s, num timesteps 13200, FPS 57,
	Rewards: per step mean/med/min/max, rew: 0.0004/0.0001/-1.0739/0.0338,
	Losses: Policy Loss value/action/dist: 0.117/-0.001/1.098,
INFO:root:Time: 00d 00h 03m 51s, num timesteps 13440, FPS 57,
	Rewards: per step mean/med/min/max, rew: 0.0004/0.0001/-1.0739/0.0338,
	Losses: Policy Loss value/action/dist: 0.117/-0.001/1.098,
INFO:root:Time: 00d 00h 03m 55s, num timesteps 13680, FPS 58,
	Rewards: per step mean/med/min/max, rew: 0.0005/0.0001/-1.0739/0.0338,
	Losses: Policy Loss value/action/dist: 0.117/-0.001/1.098,
INFO:root:Time: 00d 00h 03m 59s, num timesteps 13920, FPS 58,
	Rewards: per step mean/med/min/max, rew: 0.0006/0.0002/-1.0739/0.0338,
	Losses: Policy Loss value/action/dist: 0.117/-0.001/1.098,
INFO:root:Time: 00d 00h 04m 03s, num timesteps 14160, FPS 58,
	Rewards: per step mean/med/min/max, rew: 0.0007/0.0002/-1.0739/0.0338,
	Losses: Policy Loss value/action/dist: 0.117/-0.001/1.098,
INFO:root:Time: 00d 00h 04m 09s, num timesteps 14400, FPS 57,
	Rewards: per step mean/med/min/max, rew: 0.0007/0.0002/-1.0739/0.0338,
	Losses: Policy Loss value/action/dist: 0.106/-0.001/1.098,
INFO:root:Time: 00d 00h 04m 13s, num timesteps 14640, FPS 57,
	Rewards: per step mean/med/min/max, rew: 0.0007/0.0002/-1.0739/0.0338,
	Losses: Policy Loss value/action/dist: 0.106/-0.001/1.098,
INFO:root:Time: 00d 00h 04m 17s, num timesteps 14880, FPS 57,
	Rewards: per step mean/med/min/max, rew: 0.0007/0.0002/-1.0739/0.0338,
	Losses: Policy Loss value/action/dist: 0.106/-0.001/1.098,
INFO:root:Time: 00d 00h 04m 21s, num timesteps 15120, FPS 57,
	Rewards: per step mean/med/min/max, rew: 0.0007/0.0001/-1.0739/0.0338,
	Losses: Policy Loss value/action/dist: 0.106/-0.001/1.098,
INFO:root:Time: 00d 00h 04m 25s, num timesteps 15360, FPS 57,
	Rewards: per step mean/med/min/max, rew: 0.0007/0.0002/-1.0739/0.0338,
	Losses: Policy Loss value/action/dist: 0.106/-0.001/1.098,
INFO:root:Time: 00d 00h 04m 29s, num timesteps 15600, FPS 57,
	Rewards: per step mean/med/min/max, rew: 0.0008/0.0002/-1.0739/0.0384,
	Losses: Policy Loss value/action/dist: 0.106/-0.001/1.098,
INFO:root:Time: 00d 00h 04m 33s, num timesteps 15840, FPS 57,
	Rewards: per step mean/med/min/max, rew: 0.0008/0.0002/-1.0739/0.0384,
	Losses: Policy Loss value/action/dist: 0.106/-0.001/1.098,
INFO:root:Time: 00d 00h 04m 36s, num timesteps 16080, FPS 58,
	Rewards: per step mean/med/min/max, rew: 0.0008/0.0002/-1.0739/0.0384,
	Losses: Policy Loss value/action/dist: 0.106/-0.001/1.098,
INFO:root:Time: 00d 00h 04m 40s, num timesteps 16320, FPS 58,
	Rewards: per step mean/med/min/max, rew: 0.0008/0.0002/-1.0739/0.0384,
	Losses: Policy Loss value/action/dist: 0.106/-0.001/1.098,
INFO:root:Time: 00d 00h 04m 44s, num timesteps 16560, FPS 58,
	Rewards: per step mean/med/min/max, rew: 0.0009/0.0002/-1.0739/0.0384,
	Losses: Policy Loss value/action/dist: 0.106/-0.001/1.098,
INFO:root:Time: 00d 00h 04m 50s, num timesteps 16800, FPS 57,
	Rewards: per step mean/med/min/max, rew: 0.0009/0.0002/-1.0739/0.0384,
	Losses: Policy Loss value/action/dist: 0.094/-0.002/1.098,
INFO:root:Time: 00d 00h 04m 54s, num timesteps 17040, FPS 57,
	Rewards: per step mean/med/min/max, rew: 0.0009/0.0002/-1.0739/0.0384,
	Losses: Policy Loss value/action/dist: 0.094/-0.002/1.098,
INFO:root:Time: 00d 00h 04m 58s, num timesteps 17280, FPS 57,
	Rewards: per step mean/med/min/max, rew: 0.0009/0.0002/-1.0739/0.0384,
	Losses: Policy Loss value/action/dist: 0.094/-0.002/1.098,
INFO:root:Time: 00d 00h 05m 02s, num timesteps 17520, FPS 57,
	Rewards: per step mean/med/min/max, rew: 0.0009/0.0002/-1.0739/0.0384,
	Losses: Policy Loss value/action/dist: 0.094/-0.002/1.098,
INFO:root:Time: 00d 00h 05m 06s, num timesteps 17760, FPS 58,
	Rewards: per step mean/med/min/max, rew: 0.0009/0.0002/-1.0739/0.0384,
	Losses: Policy Loss value/action/dist: 0.094/-0.002/1.098,
INFO:root:Time: 00d 00h 05m 09s, num timesteps 18000, FPS 58,
	Rewards: per step mean/med/min/max, rew: 0.0009/0.0002/-1.0739/0.0384,
	Losses: Policy Loss value/action/dist: 0.094/-0.002/1.098,
INFO:root:Time: 00d 00h 05m 13s, num timesteps 18240, FPS 58,
	Rewards: per step mean/med/min/max, rew: 0.0009/0.0002/-1.0739/0.0384,
	Losses: Policy Loss value/action/dist: 0.094/-0.002/1.098,
INFO:root:Time: 00d 00h 05m 17s, num timesteps 18480, FPS 58,
	Rewards: per step mean/med/min/max, rew: 0.0009/0.0002/-1.0739/0.0384,
	Losses: Policy Loss value/action/dist: 0.094/-0.002/1.098,
INFO:root:Time: 00d 00h 05m 21s, num timesteps 18720, FPS 58,
	Rewards: per step mean/med/min/max, rew: 0.0009/0.0002/-1.0739/0.0384,
	Losses: Policy Loss value/action/dist: 0.094/-0.002/1.098,
INFO:root:Time: 00d 00h 05m 25s, num timesteps 18960, FPS 58,
	Rewards: per step mean/med/min/max, rew: 0.0009/0.0002/-1.0739/0.0384,
	Losses: Policy Loss value/action/dist: 0.094/-0.002/1.098,
INFO:root:Time: 00d 00h 05m 31s, num timesteps 19200, FPS 57,
	Rewards: per step mean/med/min/max, rew: 0.0010/0.0002/-1.0739/0.0384,
	Losses: Policy Loss value/action/dist: 0.084/-0.003/1.097,
INFO:root:Time: 00d 00h 05m 35s, num timesteps 19440, FPS 57,
	Rewards: per step mean/med/min/max, rew: 0.0010/0.0002/-1.0739/0.0384,
	Losses: Policy Loss value/action/dist: 0.084/-0.003/1.097,
INFO:root:Time: 00d 00h 05m 39s, num timesteps 19680, FPS 57,
	Rewards: per step mean/med/min/max, rew: 0.0010/0.0002/-1.0739/0.0384,
	Losses: Policy Loss value/action/dist: 0.084/-0.003/1.097,
INFO:root:Time: 00d 00h 05m 43s, num timesteps 19920, FPS 57,
	Rewards: per step mean/med/min/max, rew: 0.0010/0.0002/-1.0739/0.0384,
	Losses: Policy Loss value/action/dist: 0.084/-0.003/1.097,
INFO:root:Time: 00d 00h 05m 47s, num timesteps 20160, FPS 58,
	Rewards: per step mean/med/min/max, rew: 0.0010/0.0002/-1.0739/0.0384,
	Losses: Policy Loss value/action/dist: 0.084/-0.003/1.097,
INFO:root:Time: 00d 00h 05m 51s, num timesteps 20400, FPS 58,
	Rewards: per step mean/med/min/max, rew: 0.0010/0.0002/-1.0739/0.0384,
	Losses: Policy Loss value/action/dist: 0.084/-0.003/1.097,
INFO:root:Time: 00d 00h 05m 55s, num timesteps 20640, FPS 58,
	Rewards: per step mean/med/min/max, rew: 0.0010/0.0001/-1.0739/0.0384,
	Losses: Policy Loss value/action/dist: 0.084/-0.003/1.097,
INFO:root:Time: 00d 00h 05m 58s, num timesteps 20880, FPS 58,
	Rewards: per step mean/med/min/max, rew: 0.0010/0.0002/-1.0739/0.0384,
	Losses: Policy Loss value/action/dist: 0.084/-0.003/1.097,
INFO:root:Time: 00d 00h 06m 02s, num timesteps 21120, FPS 58,
	Rewards: per step mean/med/min/max, rew: 0.0010/0.0002/-1.0739/0.0384,
	Losses: Policy Loss value/action/dist: 0.084/-0.003/1.097,
INFO:root:Time: 00d 00h 06m 06s, num timesteps 21360, FPS 58,
	Rewards: per step mean/med/min/max, rew: 0.0010/0.0001/-1.0739/0.0384,
	Losses: Policy Loss value/action/dist: 0.084/-0.003/1.097,
INFO:root:Time: 00d 00h 06m 13s, num timesteps 21600, FPS 57,
	Rewards: per step mean/med/min/max, rew: 0.0010/0.0001/-1.0739/0.0384,
	Losses: Policy Loss value/action/dist: 0.076/-0.004/1.095,
INFO:root:Time: 00d 00h 06m 17s, num timesteps 21840, FPS 57,
	Rewards: per step mean/med/min/max, rew: 0.0010/0.0001/-1.0739/0.0384,
	Losses: Policy Loss value/action/dist: 0.076/-0.004/1.095,
INFO:root:Time: 00d 00h 06m 21s, num timesteps 22080, FPS 57,
	Rewards: per step mean/med/min/max, rew: 0.0010/0.0002/-1.0739/0.0384,
	Losses: Policy Loss value/action/dist: 0.076/-0.004/1.095,
INFO:root:Time: 00d 00h 06m 24s, num timesteps 22320, FPS 57,
	Rewards: per step mean/med/min/max, rew: 0.0011/0.0002/-1.0739/0.0384,
	Losses: Policy Loss value/action/dist: 0.076/-0.004/1.095,
INFO:root:Time: 00d 00h 06m 28s, num timesteps 22560, FPS 58,
	Rewards: per step mean/med/min/max, rew: 0.0011/0.0002/-1.0739/0.0384,
	Losses: Policy Loss value/action/dist: 0.076/-0.004/1.095,
INFO:root:Time: 00d 00h 06m 32s, num timesteps 22800, FPS 58,
	Rewards: per step mean/med/min/max, rew: 0.0011/0.0002/-1.0739/0.0384,
	Losses: Policy Loss value/action/dist: 0.076/-0.004/1.095,
INFO:root:Time: 00d 00h 06m 36s, num timesteps 23040, FPS 58,
	Rewards: per step mean/med/min/max, rew: 0.0011/0.0002/-1.0739/0.0384,
	Losses: Policy Loss value/action/dist: 0.076/-0.004/1.095,
INFO:root:Time: 00d 00h 06m 40s, num timesteps 23280, FPS 58,
	Rewards: per step mean/med/min/max, rew: 0.0011/0.0002/-1.0739/0.0384,
	Losses: Policy Loss value/action/dist: 0.076/-0.004/1.095,
INFO:root:Time: 00d 00h 06m 44s, num timesteps 23520, FPS 58,
	Rewards: per step mean/med/min/max, rew: 0.0011/0.0002/-1.0739/0.0384,
	Losses: Policy Loss value/action/dist: 0.076/-0.004/1.095,
INFO:root:Time: 00d 00h 06m 48s, num timesteps 23760, FPS 58,
	Rewards: per step mean/med/min/max, rew: 0.0012/0.0002/-1.0739/0.0384,
	Losses: Policy Loss value/action/dist: 0.076/-0.004/1.095,
INFO:root:Time: 00d 00h 06m 54s, num timesteps 24000, FPS 57,
	Rewards: per step mean/med/min/max, rew: 0.0000/0.0002/-1.1507/0.0384,
	Losses: Policy Loss value/action/dist: 0.106/-0.005/1.093,
INFO:root:Time: 00d 00h 06m 58s, num timesteps 24240, FPS 57,
	Rewards: per step mean/med/min/max, rew: -0.0000/0.0002/-1.1507/0.0384,
	Losses: Policy Loss value/action/dist: 0.106/-0.005/1.093,
INFO:root:Time: 00d 00h 07m 02s, num timesteps 24480, FPS 57,
	Rewards: per step mean/med/min/max, rew: 0.0002/0.0002/-1.1507/0.0392,
	Losses: Policy Loss value/action/dist: 0.106/-0.005/1.093,
INFO:root:Time: 00d 00h 07m 06s, num timesteps 24720, FPS 58,
	Rewards: per step mean/med/min/max, rew: 0.0002/0.0002/-1.1507/0.0392,
	Losses: Policy Loss value/action/dist: 0.106/-0.005/1.093,
INFO:root:Time: 00d 00h 07m 09s, num timesteps 24960, FPS 58,
	Rewards: per step mean/med/min/max, rew: 0.0003/0.0002/-1.1507/0.0392,
	Losses: Policy Loss value/action/dist: 0.106/-0.005/1.093,
INFO:root:Time: 00d 00h 07m 13s, num timesteps 25200, FPS 58,
	Rewards: per step mean/med/min/max, rew: 0.0003/0.0002/-1.1507/0.0406,
	Losses: Policy Loss value/action/dist: 0.106/-0.005/1.093,
INFO:root:Time: 00d 00h 07m 17s, num timesteps 25440, FPS 58,
	Rewards: per step mean/med/min/max, rew: 0.0004/0.0003/-1.1507/0.0524,
	Losses: Policy Loss value/action/dist: 0.106/-0.005/1.093,
INFO:root:Time: 00d 00h 07m 21s, num timesteps 25680, FPS 58,
	Rewards: per step mean/med/min/max, rew: 0.0005/0.0003/-1.1507/0.0524,
	Losses: Policy Loss value/action/dist: 0.106/-0.005/1.093,
INFO:root:Time: 00d 00h 07m 25s, num timesteps 25920, FPS 58,
	Rewards: per step mean/med/min/max, rew: 0.0004/0.0003/-1.1507/0.0524,
	Losses: Policy Loss value/action/dist: 0.106/-0.005/1.093,
INFO:root:Time: 00d 00h 07m 29s, num timesteps 26160, FPS 58,
	Rewards: per step mean/med/min/max, rew: 0.0004/0.0003/-1.1507/0.0524,
	Losses: Policy Loss value/action/dist: 0.106/-0.005/1.093,
INFO:root:Time: 00d 00h 07m 36s, num timesteps 26400, FPS 57,
	Rewards: per step mean/med/min/max, rew: 0.0004/0.0003/-1.1507/0.0524,
	Losses: Policy Loss value/action/dist: 0.109/-0.006/1.092,
INFO:root:Time: 00d 00h 07m 40s, num timesteps 26640, FPS 57,
	Rewards: per step mean/med/min/max, rew: 0.0004/0.0003/-1.1507/0.0524,
	Losses: Policy Loss value/action/dist: 0.109/-0.006/1.092,
INFO:root:Time: 00d 00h 07m 43s, num timesteps 26880, FPS 57,
	Rewards: per step mean/med/min/max, rew: 0.0004/0.0003/-1.1507/0.0524,
	Losses: Policy Loss value/action/dist: 0.109/-0.006/1.092,
INFO:root:Time: 00d 00h 07m 47s, num timesteps 27120, FPS 57,
	Rewards: per step mean/med/min/max, rew: 0.0003/0.0003/-1.1507/0.0524,
	Losses: Policy Loss value/action/dist: 0.109/-0.006/1.092,
INFO:root:Time: 00d 00h 07m 51s, num timesteps 27360, FPS 58,
	Rewards: per step mean/med/min/max, rew: 0.0003/0.0003/-1.1507/0.0524,
	Losses: Policy Loss value/action/dist: 0.109/-0.006/1.092,
INFO:root:Time: 00d 00h 07m 55s, num timesteps 27600, FPS 58,
	Rewards: per step mean/med/min/max, rew: 0.0004/0.0003/-1.1507/0.0524,
	Losses: Policy Loss value/action/dist: 0.109/-0.006/1.092,
INFO:root:Time: 00d 00h 07m 59s, num timesteps 27840, FPS 58,
	Rewards: per step mean/med/min/max, rew: 0.0004/0.0003/-1.1507/0.0524,
	Losses: Policy Loss value/action/dist: 0.109/-0.006/1.092,
INFO:root:Time: 00d 00h 08m 03s, num timesteps 28080, FPS 58,
	Rewards: per step mean/med/min/max, rew: 0.0004/0.0003/-1.1507/0.0524,
	Losses: Policy Loss value/action/dist: 0.109/-0.006/1.092,
INFO:root:Time: 00d 00h 08m 07s, num timesteps 28320, FPS 58,
	Rewards: per step mean/med/min/max, rew: 0.0004/0.0003/-1.1507/0.0524,
	Losses: Policy Loss value/action/dist: 0.109/-0.006/1.092,
INFO:root:Time: 00d 00h 08m 11s, num timesteps 28560, FPS 58,
	Rewards: per step mean/med/min/max, rew: 0.0004/0.0003/-1.1507/0.0524,
	Losses: Policy Loss value/action/dist: 0.109/-0.006/1.092,
INFO:root:Time: 00d 00h 08m 17s, num timesteps 28800, FPS 57,
	Rewards: per step mean/med/min/max, rew: 0.0004/0.0003/-1.1507/0.0524,
	Losses: Policy Loss value/action/dist: 0.102/-0.007/1.090,
INFO:root:Time: 00d 00h 08m 21s, num timesteps 29040, FPS 57,
	Rewards: per step mean/med/min/max, rew: 0.0004/0.0003/-1.1507/0.0524,
	Losses: Policy Loss value/action/dist: 0.102/-0.007/1.090,
INFO:root:Time: 00d 00h 08m 25s, num timesteps 29280, FPS 57,
	Rewards: per step mean/med/min/max, rew: 0.0004/0.0003/-1.1507/0.0524,
	Losses: Policy Loss value/action/dist: 0.102/-0.007/1.090,
INFO:root:Time: 00d 00h 08m 29s, num timesteps 29520, FPS 57,
	Rewards: per step mean/med/min/max, rew: 0.0004/0.0003/-1.1507/0.0524,
	Losses: Policy Loss value/action/dist: 0.102/-0.007/1.090,
INFO:root:Time: 00d 00h 08m 33s, num timesteps 29760, FPS 57,
	Rewards: per step mean/med/min/max, rew: 0.0004/0.0004/-1.1507/0.0524,
	Losses: Policy Loss value/action/dist: 0.102/-0.007/1.090,
INFO:root:Time: 00d 00h 08m 36s, num timesteps 30000, FPS 58,
	Rewards: per step mean/med/min/max, rew: 0.0004/0.0004/-1.1507/0.0524,
	Losses: Policy Loss value/action/dist: 0.102/-0.007/1.090,
INFO:root:Time: 00d 00h 08m 40s, num timesteps 30240, FPS 58,
	Rewards: per step mean/med/min/max, rew: 0.0004/0.0004/-1.1507/0.0524,
	Losses: Policy Loss value/action/dist: 0.102/-0.007/1.090,
INFO:root:Time: 00d 00h 08m 44s, num timesteps 30480, FPS 58,
	Rewards: per step mean/med/min/max, rew: 0.0004/0.0004/-1.1507/0.0524,
	Losses: Policy Loss value/action/dist: 0.102/-0.007/1.090,
INFO:root:Time: 00d 00h 08m 48s, num timesteps 30720, FPS 58,
	Rewards: per step mean/med/min/max, rew: 0.0004/0.0004/-1.1507/0.0524,
	Losses: Policy Loss value/action/dist: 0.102/-0.007/1.090,
INFO:root:Time: 00d 00h 08m 52s, num timesteps 30960, FPS 58,
	Rewards: per step mean/med/min/max, rew: 0.0004/0.0004/-1.1507/0.0524,
	Losses: Policy Loss value/action/dist: 0.102/-0.007/1.090,
INFO:root:Time: 00d 00h 08m 58s, num timesteps 31200, FPS 57,
	Rewards: per step mean/med/min/max, rew: 0.0003/0.0004/-1.1507/0.0524,
	Losses: Policy Loss value/action/dist: 0.096/-0.007/1.089,
INFO:root:Time: 00d 00h 09m 02s, num timesteps 31440, FPS 57,
	Rewards: per step mean/med/min/max, rew: 0.0003/0.0004/-1.1507/0.0524,
	Losses: Policy Loss value/action/dist: 0.096/-0.007/1.089,
INFO:root:Time: 00d 00h 09m 06s, num timesteps 31680, FPS 57,
	Rewards: per step mean/med/min/max, rew: 0.0003/0.0004/-1.1507/0.0524,
	Losses: Policy Loss value/action/dist: 0.096/-0.007/1.089,
INFO:root:Time: 00d 00h 09m 10s, num timesteps 31920, FPS 57,
	Rewards: per step mean/med/min/max, rew: 0.0003/0.0004/-1.1507/0.0524,
	Losses: Policy Loss value/action/dist: 0.096/-0.007/1.089,
INFO:root:Time: 00d 00h 09m 14s, num timesteps 32160, FPS 58,
	Rewards: per step mean/med/min/max, rew: 0.0004/0.0004/-1.1507/0.0524,
	Losses: Policy Loss value/action/dist: 0.096/-0.007/1.089,
INFO:root:Time: 00d 00h 09m 18s, num timesteps 32400, FPS 58,
	Rewards: per step mean/med/min/max, rew: 0.0004/0.0004/-1.1507/0.0524,
	Losses: Policy Loss value/action/dist: 0.096/-0.007/1.089,
INFO:root:Time: 00d 00h 09m 22s, num timesteps 32640, FPS 58,
	Rewards: per step mean/med/min/max, rew: 0.0003/0.0004/-1.1507/0.0524,
	Losses: Policy Loss value/action/dist: 0.096/-0.007/1.089,
INFO:root:Time: 00d 00h 09m 25s, num timesteps 32880, FPS 58,
	Rewards: per step mean/med/min/max, rew: 0.0004/0.0005/-1.1507/0.0524,
	Losses: Policy Loss value/action/dist: 0.096/-0.007/1.089,
INFO:root:Time: 00d 00h 09m 29s, num timesteps 33120, FPS 58,
	Rewards: per step mean/med/min/max, rew: 0.0004/0.0005/-1.1507/0.0524,
	Losses: Policy Loss value/action/dist: 0.096/-0.007/1.089,
INFO:root:Time: 00d 00h 09m 33s, num timesteps 33360, FPS 58,
	Rewards: per step mean/med/min/max, rew: 0.0004/0.0005/-1.1507/0.0524,
	Losses: Policy Loss value/action/dist: 0.096/-0.007/1.089,
INFO:root:Time: 00d 00h 09m 39s, num timesteps 33600, FPS 57,
	Rewards: per step mean/med/min/max, rew: 0.0004/0.0005/-1.1507/0.0524,
	Losses: Policy Loss value/action/dist: 0.091/-0.008/1.089,
INFO:root:Time: 00d 00h 09m 43s, num timesteps 33840, FPS 57,
	Rewards: per step mean/med/min/max, rew: 0.0004/0.0005/-1.1507/0.0524,
	Losses: Policy Loss value/action/dist: 0.091/-0.008/1.089,
INFO:root:Time: 00d 00h 09m 47s, num timesteps 34080, FPS 58,
	Rewards: per step mean/med/min/max, rew: 0.0004/0.0005/-1.1507/0.0524,
	Losses: Policy Loss value/action/dist: 0.091/-0.008/1.089,
INFO:root:Time: 00d 00h 09m 51s, num timesteps 34320, FPS 58,
	Rewards: per step mean/med/min/max, rew: 0.0004/0.0005/-1.1507/0.0524,
	Losses: Policy Loss value/action/dist: 0.091/-0.008/1.089,
INFO:root:Time: 00d 00h 09m 55s, num timesteps 34560, FPS 58,
	Rewards: per step mean/med/min/max, rew: 0.0004/0.0005/-1.1507/0.0524,
	Losses: Policy Loss value/action/dist: 0.091/-0.008/1.089,
INFO:root:Time: 00d 00h 09m 59s, num timesteps 34800, FPS 58,
	Rewards: per step mean/med/min/max, rew: 0.0004/0.0005/-1.1507/0.0524,
	Losses: Policy Loss value/action/dist: 0.091/-0.008/1.089,
INFO:root:Time: 00d 00h 10m 02s, num timesteps 35040, FPS 58,
	Rewards: per step mean/med/min/max, rew: 0.0005/0.0006/-1.1507/0.0524,
	Losses: Policy Loss value/action/dist: 0.091/-0.008/1.089,
INFO:root:Time: 00d 00h 10m 06s, num timesteps 35280, FPS 58,
	Rewards: per step mean/med/min/max, rew: 0.0005/0.0006/-1.1507/0.0524,
	Losses: Policy Loss value/action/dist: 0.091/-0.008/1.089,
INFO:root:Time: 00d 00h 10m 10s, num timesteps 35520, FPS 58,
	Rewards: per step mean/med/min/max, rew: 0.0005/0.0006/-1.1507/0.0524,
	Losses: Policy Loss value/action/dist: 0.091/-0.008/1.089,
INFO:root:Time: 00d 00h 10m 14s, num timesteps 35760, FPS 58,
	Rewards: per step mean/med/min/max, rew: 0.0006/0.0006/-1.1507/0.0524,
	Losses: Policy Loss value/action/dist: 0.091/-0.008/1.089,
INFO:root:Time: 00d 00h 10m 21s, num timesteps 36000, FPS 57,
	Rewards: per step mean/med/min/max, rew: 0.0000/0.0006/-1.6165/0.0524,
	Losses: Policy Loss value/action/dist: 0.137/-0.009/1.088,
INFO:root:Time: 00d 00h 10m 25s, num timesteps 36240, FPS 57,
	Rewards: per step mean/med/min/max, rew: 0.0000/0.0006/-1.6165/0.0524,
	Losses: Policy Loss value/action/dist: 0.137/-0.009/1.088,
INFO:root:Time: 00d 00h 10m 29s, num timesteps 36480, FPS 57,
	Rewards: per step mean/med/min/max, rew: 0.0000/0.0006/-1.6165/0.0524,
	Losses: Policy Loss value/action/dist: 0.137/-0.009/1.088,
INFO:root:Time: 00d 00h 10m 32s, num timesteps 36720, FPS 58,
	Rewards: per step mean/med/min/max, rew: -0.0001/0.0006/-1.6165/0.0524,
	Losses: Policy Loss value/action/dist: 0.137/-0.009/1.088,
INFO:root:Time: 00d 00h 10m 36s, num timesteps 36960, FPS 58,
	Rewards: per step mean/med/min/max, rew: -0.0000/0.0006/-1.6165/0.0524,
	Losses: Policy Loss value/action/dist: 0.137/-0.009/1.088,
INFO:root:Time: 00d 00h 10m 40s, num timesteps 37200, FPS 58,
	Rewards: per step mean/med/min/max, rew: 0.0000/0.0006/-1.6165/0.0524,
	Losses: Policy Loss value/action/dist: 0.137/-0.009/1.088,
INFO:root:Time: 00d 00h 10m 44s, num timesteps 37440, FPS 58,
	Rewards: per step mean/med/min/max, rew: 0.0000/0.0006/-1.6165/0.0524,
	Losses: Policy Loss value/action/dist: 0.137/-0.009/1.088,
INFO:root:Time: 00d 00h 10m 48s, num timesteps 37680, FPS 58,
	Rewards: per step mean/med/min/max, rew: -0.0000/0.0006/-1.6165/0.0524,
	Losses: Policy Loss value/action/dist: 0.137/-0.009/1.088,
INFO:root:Time: 00d 00h 10m 51s, num timesteps 37920, FPS 58,
	Rewards: per step mean/med/min/max, rew: 0.0000/0.0006/-1.6165/0.0524,
	Losses: Policy Loss value/action/dist: 0.137/-0.009/1.088,
INFO:root:Time: 00d 00h 10m 55s, num timesteps 38160, FPS 58,
	Rewards: per step mean/med/min/max, rew: -0.0000/0.0006/-1.6165/0.0524,
	Losses: Policy Loss value/action/dist: 0.137/-0.009/1.088,
INFO:root:Time: 00d 00h 11m 02s, num timesteps 38400, FPS 58,
	Rewards: per step mean/med/min/max, rew: -0.0000/0.0006/-1.6165/0.0524,
	Losses: Policy Loss value/action/dist: 0.133/-0.009/1.087,
INFO:root:Time: 00d 00h 11m 06s, num timesteps 38640, FPS 58,
	Rewards: per step mean/med/min/max, rew: 0.0000/0.0006/-1.6165/0.0524,
	Losses: Policy Loss value/action/dist: 0.133/-0.009/1.087,
INFO:root:Time: 00d 00h 11m 10s, num timesteps 38880, FPS 58,
	Rewards: per step mean/med/min/max, rew: 0.0000/0.0006/-1.6165/0.0524,
	Losses: Policy Loss value/action/dist: 0.133/-0.009/1.087,
INFO:root:Time: 00d 00h 11m 13s, num timesteps 39120, FPS 58,
	Rewards: per step mean/med/min/max, rew: 0.0001/0.0006/-1.6165/0.0524,
	Losses: Policy Loss value/action/dist: 0.133/-0.009/1.087,
INFO:root:Time: 00d 00h 11m 17s, num timesteps 39360, FPS 58,
	Rewards: per step mean/med/min/max, rew: 0.0001/0.0006/-1.6165/0.0524,
	Losses: Policy Loss value/action/dist: 0.133/-0.009/1.087,
INFO:root:Time: 00d 00h 11m 21s, num timesteps 39600, FPS 58,
	Rewards: per step mean/med/min/max, rew: 0.0002/0.0007/-1.6165/0.0524,
	Losses: Policy Loss value/action/dist: 0.133/-0.009/1.087,
INFO:root:Time: 00d 00h 11m 25s, num timesteps 39840, FPS 58,
	Rewards: per step mean/med/min/max, rew: 0.0002/0.0007/-1.6165/0.0524,
	Losses: Policy Loss value/action/dist: 0.133/-0.009/1.087,
INFO:root:Time: 00d 00h 11m 29s, num timesteps 40080, FPS 58,
	Rewards: per step mean/med/min/max, rew: 0.0002/0.0007/-1.6165/0.0524,
	Losses: Policy Loss value/action/dist: 0.133/-0.009/1.087,
INFO:root:Time: 00d 00h 11m 33s, num timesteps 40320, FPS 58,
	Rewards: per step mean/med/min/max, rew: 0.0003/0.0007/-1.6165/0.0524,
	Losses: Policy Loss value/action/dist: 0.133/-0.009/1.087,
INFO:root:Time: 00d 00h 11m 37s, num timesteps 40560, FPS 58,
	Rewards: per step mean/med/min/max, rew: 0.0002/0.0007/-1.6165/0.0524,
	Losses: Policy Loss value/action/dist: 0.133/-0.009/1.087,
INFO:root:Time: 00d 00h 11m 43s, num timesteps 40800, FPS 57,
	Rewards: per step mean/med/min/max, rew: 0.0002/0.0007/-1.6165/0.0524,
	Losses: Policy Loss value/action/dist: 0.129/-0.010/1.086,
INFO:root:Time: 00d 00h 11m 47s, num timesteps 41040, FPS 58,
	Rewards: per step mean/med/min/max, rew: 0.0002/0.0007/-1.6165/0.0524,
	Losses: Policy Loss value/action/dist: 0.129/-0.010/1.086,
INFO:root:Time: 00d 00h 11m 51s, num timesteps 41280, FPS 58,
	Rewards: per step mean/med/min/max, rew: 0.0003/0.0007/-1.6165/0.0524,
	Losses: Policy Loss value/action/dist: 0.129/-0.010/1.086,
INFO:root:Time: 00d 00h 11m 54s, num timesteps 41520, FPS 58,
	Rewards: per step mean/med/min/max, rew: 0.0003/0.0008/-1.6165/0.0524,
	Losses: Policy Loss value/action/dist: 0.129/-0.010/1.086,
INFO:root:Time: 00d 00h 11m 58s, num timesteps 41760, FPS 58,
	Rewards: per step mean/med/min/max, rew: 0.0003/0.0008/-1.6165/0.0524,
	Losses: Policy Loss value/action/dist: 0.129/-0.010/1.086,
INFO:root:Time: 00d 00h 12m 02s, num timesteps 42000, FPS 58,
	Rewards: per step mean/med/min/max, rew: 0.0003/0.0008/-1.6165/0.0524,
	Losses: Policy Loss value/action/dist: 0.129/-0.010/1.086,
INFO:root:Time: 00d 00h 12m 06s, num timesteps 42240, FPS 58,
	Rewards: per step mean/med/min/max, rew: 0.0004/0.0008/-1.6165/0.0524,
	Losses: Policy Loss value/action/dist: 0.129/-0.010/1.086,
INFO:root:Time: 00d 00h 12m 10s, num timesteps 42480, FPS 58,
	Rewards: per step mean/med/min/max, rew: 0.0004/0.0009/-1.6165/0.0524,
	Losses: Policy Loss value/action/dist: 0.129/-0.010/1.086,
INFO:root:Time: 00d 00h 12m 14s, num timesteps 42720, FPS 58,
	Rewards: per step mean/med/min/max, rew: 0.0005/0.0009/-1.6165/0.0524,
	Losses: Policy Loss value/action/dist: 0.129/-0.010/1.086,
INFO:root:Time: 00d 00h 12m 18s, num timesteps 42960, FPS 58,
	Rewards: per step mean/med/min/max, rew: 0.0005/0.0009/-1.6165/0.0524,
	Losses: Policy Loss value/action/dist: 0.129/-0.010/1.086,
INFO:root:Time: 00d 00h 12m 24s, num timesteps 43200, FPS 58,
	Rewards: per step mean/med/min/max, rew: 0.0005/0.0009/-1.6165/0.0524,
	Losses: Policy Loss value/action/dist: 0.126/-0.010/1.084,
INFO:root:Time: 00d 00h 12m 28s, num timesteps 43440, FPS 58,
	Rewards: per step mean/med/min/max, rew: 0.0005/0.0009/-1.6165/0.0524,
	Losses: Policy Loss value/action/dist: 0.126/-0.010/1.084,
INFO:root:Time: 00d 00h 12m 32s, num timesteps 43680, FPS 58,
	Rewards: per step mean/med/min/max, rew: 0.0005/0.0009/-1.6165/0.0524,
	Losses: Policy Loss value/action/dist: 0.126/-0.010/1.084,
INFO:root:Time: 00d 00h 12m 36s, num timesteps 43920, FPS 58,
	Rewards: per step mean/med/min/max, rew: 0.0005/0.0009/-1.6165/0.0524,
	Losses: Policy Loss value/action/dist: 0.126/-0.010/1.084,
INFO:root:Time: 00d 00h 12m 40s, num timesteps 44160, FPS 58,
	Rewards: per step mean/med/min/max, rew: 0.0005/0.0009/-1.6165/0.0524,
	Losses: Policy Loss value/action/dist: 0.126/-0.010/1.084,
INFO:root:Time: 00d 00h 12m 44s, num timesteps 44400, FPS 58,
	Rewards: per step mean/med/min/max, rew: 0.0005/0.0009/-1.6165/0.0524,
	Losses: Policy Loss value/action/dist: 0.126/-0.010/1.084,
INFO:root:Time: 00d 00h 12m 48s, num timesteps 44640, FPS 58,
	Rewards: per step mean/med/min/max, rew: 0.0005/0.0009/-1.6165/0.0524,
	Losses: Policy Loss value/action/dist: 0.126/-0.010/1.084,
INFO:root:Time: 00d 00h 12m 51s, num timesteps 44880, FPS 58,
	Rewards: per step mean/med/min/max, rew: 0.0005/0.0009/-1.6165/0.0524,
	Losses: Policy Loss value/action/dist: 0.126/-0.010/1.084,
INFO:root:Time: 00d 00h 12m 55s, num timesteps 45120, FPS 58,
	Rewards: per step mean/med/min/max, rew: 0.0005/0.0009/-1.6165/0.0524,
	Losses: Policy Loss value/action/dist: 0.126/-0.010/1.084,
INFO:root:Time: 00d 00h 12m 59s, num timesteps 45360, FPS 58,
	Rewards: per step mean/med/min/max, rew: 0.0005/0.0009/-1.6165/0.0524,
	Losses: Policy Loss value/action/dist: 0.126/-0.010/1.084,
INFO:root:Time: 00d 00h 13m 06s, num timesteps 45600, FPS 58,
	Rewards: per step mean/med/min/max, rew: 0.0005/0.0009/-1.6165/0.0524,
	Losses: Policy Loss value/action/dist: 0.120/-0.011/1.082,
INFO:root:Time: 00d 00h 13m 10s, num timesteps 45840, FPS 58,
	Rewards: per step mean/med/min/max, rew: 0.0005/0.0009/-1.6165/0.0524,
	Losses: Policy Loss value/action/dist: 0.120/-0.011/1.082,
INFO:root:Time: 00d 00h 13m 14s, num timesteps 46080, FPS 58,
	Rewards: per step mean/med/min/max, rew: 0.0005/0.0009/-1.6165/0.0524,
	Losses: Policy Loss value/action/dist: 0.120/-0.011/1.082,
INFO:root:Time: 00d 00h 13m 18s, num timesteps 46320, FPS 58,
	Rewards: per step mean/med/min/max, rew: 0.0005/0.0009/-1.6165/0.0524,
	Losses: Policy Loss value/action/dist: 0.120/-0.011/1.082,
INFO:root:Time: 00d 00h 13m 21s, num timesteps 46560, FPS 58,
	Rewards: per step mean/med/min/max, rew: 0.0005/0.0009/-1.6165/0.0524,
	Losses: Policy Loss value/action/dist: 0.120/-0.011/1.082,
INFO:root:Time: 00d 00h 13m 25s, num timesteps 46800, FPS 58,
	Rewards: per step mean/med/min/max, rew: 0.0005/0.0009/-1.6165/0.0524,
	Losses: Policy Loss value/action/dist: 0.120/-0.011/1.082,
INFO:root:Time: 00d 00h 13m 29s, num timesteps 47040, FPS 58,
	Rewards: per step mean/med/min/max, rew: 0.0004/0.0009/-1.6165/0.0524,
	Losses: Policy Loss value/action/dist: 0.120/-0.011/1.082,
INFO:root:Time: 00d 00h 13m 33s, num timesteps 47280, FPS 58,
	Rewards: per step mean/med/min/max, rew: 0.0004/0.0009/-1.6165/0.0524,
	Losses: Policy Loss value/action/dist: 0.120/-0.011/1.082,
INFO:root:Time: 00d 00h 13m 37s, num timesteps 47520, FPS 58,
	Rewards: per step mean/med/min/max, rew: 0.0004/0.0009/-1.6165/0.0524,
	Losses: Policy Loss value/action/dist: 0.120/-0.011/1.082,
INFO:root:Time: 00d 00h 13m 41s, num timesteps 47760, FPS 58,
	Rewards: per step mean/med/min/max, rew: 0.0004/0.0009/-1.6165/0.0524,
	Losses: Policy Loss value/action/dist: 0.120/-0.011/1.082,
INFO:root:Time: 00d 00h 13m 48s, num timesteps 48000, FPS 57,
	Rewards: per step mean/med/min/max, rew: 0.0000/0.0009/-1.6165/0.0524,
	Losses: Policy Loss value/action/dist: 0.161/-0.011/1.079,
INFO:root:Time: 00d 00h 13m 51s, num timesteps 48240, FPS 57,
	Rewards: per step mean/med/min/max, rew: 0.0001/0.0009/-1.6165/0.0524,
	Losses: Policy Loss value/action/dist: 0.161/-0.011/1.079,
INFO:root:Time: 00d 00h 13m 55s, num timesteps 48480, FPS 58,
	Rewards: per step mean/med/min/max, rew: -0.0000/0.0009/-1.6165/0.0524,
	Losses: Policy Loss value/action/dist: 0.161/-0.011/1.079,
INFO:root:Time: 00d 00h 13m 59s, num timesteps 48720, FPS 58,
	Rewards: per step mean/med/min/max, rew: -0.0001/0.0009/-1.6165/0.0524,
	Losses: Policy Loss value/action/dist: 0.161/-0.011/1.079,
INFO:root:Time: 00d 00h 14m 03s, num timesteps 48960, FPS 58,
	Rewards: per step mean/med/min/max, rew: -0.0001/0.0009/-1.6165/0.0524,
	Losses: Policy Loss value/action/dist: 0.161/-0.011/1.079,
INFO:root:Time: 00d 00h 14m 07s, num timesteps 49200, FPS 58,
	Rewards: per step mean/med/min/max, rew: -0.0001/0.0008/-1.6165/0.0524,
	Losses: Policy Loss value/action/dist: 0.161/-0.011/1.079,
INFO:root:Time: 00d 00h 14m 11s, num timesteps 49440, FPS 58,
	Rewards: per step mean/med/min/max, rew: -0.0002/0.0008/-1.6165/0.0497,
	Losses: Policy Loss value/action/dist: 0.161/-0.011/1.079,
INFO:root:Time: 00d 00h 14m 15s, num timesteps 49680, FPS 58,
	Rewards: per step mean/med/min/max, rew: -0.0003/0.0008/-1.6165/0.0497,
	Losses: Policy Loss value/action/dist: 0.161/-0.011/1.079,
INFO:root:Time: 00d 00h 14m 18s, num timesteps 49920, FPS 58,
	Rewards: per step mean/med/min/max, rew: -0.0003/0.0008/-1.6165/0.0497,
	Losses: Policy Loss value/action/dist: 0.161/-0.011/1.079,
INFO:root:Time: 00d 00h 14m 22s, num timesteps 50160, FPS 58,
	Rewards: per step mean/med/min/max, rew: -0.0003/0.0008/-1.6165/0.0497,
	Losses: Policy Loss value/action/dist: 0.161/-0.011/1.079,
INFO:root:Time: 00d 00h 14m 29s, num timesteps 50400, FPS 57,
	Rewards: per step mean/med/min/max, rew: -0.0003/0.0008/-1.6165/0.0497,
	Losses: Policy Loss value/action/dist: 0.155/-0.012/1.076,
INFO:root:Time: 00d 00h 14m 32s, num timesteps 50640, FPS 58,
	Rewards: per step mean/med/min/max, rew: -0.0003/0.0008/-1.6165/0.0497,
	Losses: Policy Loss value/action/dist: 0.155/-0.012/1.076,
INFO:root:Time: 00d 00h 14m 36s, num timesteps 50880, FPS 58,
	Rewards: per step mean/med/min/max, rew: -0.0002/0.0008/-1.6165/0.0497,
	Losses: Policy Loss value/action/dist: 0.155/-0.012/1.076,
INFO:root:Time: 00d 00h 14m 40s, num timesteps 51120, FPS 58,
	Rewards: per step mean/med/min/max, rew: -0.0002/0.0008/-1.6165/0.0497,
	Losses: Policy Loss value/action/dist: 0.155/-0.012/1.076,
INFO:root:Time: 00d 00h 14m 44s, num timesteps 51360, FPS 58,
	Rewards: per step mean/med/min/max, rew: -0.0001/0.0008/-1.6165/0.0497,
	Losses: Policy Loss value/action/dist: 0.155/-0.012/1.076,
INFO:root:Time: 00d 00h 14m 48s, num timesteps 51600, FPS 58,
	Rewards: per step mean/med/min/max, rew: -0.0002/0.0008/-1.6165/0.0497,
	Losses: Policy Loss value/action/dist: 0.155/-0.012/1.076,
INFO:root:Time: 00d 00h 14m 52s, num timesteps 51840, FPS 58,
	Rewards: per step mean/med/min/max, rew: -0.0002/0.0008/-1.6165/0.0497,
	Losses: Policy Loss value/action/dist: 0.155/-0.012/1.076,
INFO:root:Time: 00d 00h 14m 55s, num timesteps 52080, FPS 58,
	Rewards: per step mean/med/min/max, rew: -0.0002/0.0009/-1.6165/0.0497,
	Losses: Policy Loss value/action/dist: 0.155/-0.012/1.076,
INFO:root:Time: 00d 00h 14m 59s, num timesteps 52320, FPS 58,
	Rewards: per step mean/med/min/max, rew: -0.0001/0.0009/-1.6165/0.0497,
	Losses: Policy Loss value/action/dist: 0.155/-0.012/1.076,
INFO:root:Time: 00d 00h 15m 03s, num timesteps 52560, FPS 58,
	Rewards: per step mean/med/min/max, rew: -0.0000/0.0009/-1.6165/0.0497,
	Losses: Policy Loss value/action/dist: 0.155/-0.012/1.076,
INFO:root:Time: 00d 00h 15m 09s, num timesteps 52800, FPS 58,
	Rewards: per step mean/med/min/max, rew: -0.0000/0.0009/-1.6165/0.0497,
	Losses: Policy Loss value/action/dist: 0.152/-0.012/1.072,
INFO:root:Time: 00d 00h 15m 13s, num timesteps 53040, FPS 58,
	Rewards: per step mean/med/min/max, rew: 0.0000/0.0009/-1.6165/0.0497,
	Losses: Policy Loss value/action/dist: 0.152/-0.012/1.072,
INFO:root:Time: 00d 00h 15m 17s, num timesteps 53280, FPS 58,
	Rewards: per step mean/med/min/max, rew: 0.0001/0.0009/-1.6165/0.0497,
	Losses: Policy Loss value/action/dist: 0.152/-0.012/1.072,
INFO:root:Time: 00d 00h 15m 21s, num timesteps 53520, FPS 58,
	Rewards: per step mean/med/min/max, rew: 0.0001/0.0009/-1.6165/0.0497,
	Losses: Policy Loss value/action/dist: 0.152/-0.012/1.072,
INFO:root:Time: 00d 00h 15m 25s, num timesteps 53760, FPS 58,
	Rewards: per step mean/med/min/max, rew: 0.0001/0.0009/-1.6165/0.0497,
	Losses: Policy Loss value/action/dist: 0.152/-0.012/1.072,
INFO:root:Time: 00d 00h 15m 29s, num timesteps 54000, FPS 58,
	Rewards: per step mean/med/min/max, rew: 0.0001/0.0009/-1.6165/0.0497,
	Losses: Policy Loss value/action/dist: 0.152/-0.012/1.072,
INFO:root:Time: 00d 00h 15m 33s, num timesteps 54240, FPS 58,
	Rewards: per step mean/med/min/max, rew: 0.0001/0.0010/-1.6165/0.0497,
	Losses: Policy Loss value/action/dist: 0.152/-0.012/1.072,
INFO:root:Time: 00d 00h 15m 37s, num timesteps 54480, FPS 58,
	Rewards: per step mean/med/min/max, rew: 0.0002/0.0010/-1.6165/0.0497,
	Losses: Policy Loss value/action/dist: 0.152/-0.012/1.072,
INFO:root:Time: 00d 00h 15m 41s, num timesteps 54720, FPS 58,
	Rewards: per step mean/med/min/max, rew: 0.0001/0.0010/-1.6165/0.0497,
	Losses: Policy Loss value/action/dist: 0.152/-0.012/1.072,
INFO:root:Time: 00d 00h 15m 45s, num timesteps 54960, FPS 58,
	Rewards: per step mean/med/min/max, rew: 0.0001/0.0010/-1.6165/0.0497,
	Losses: Policy Loss value/action/dist: 0.152/-0.012/1.072,
INFO:root:Time: 00d 00h 15m 51s, num timesteps 55200, FPS 58,
	Rewards: per step mean/med/min/max, rew: 0.0001/0.0010/-1.6165/0.0497,
	Losses: Policy Loss value/action/dist: 0.148/-0.011/1.068,
INFO:root:Namespace(agent='sem_cur_exp', alpha=0.99, auto_gpu_config=1, camera_height=0.88, cat_pred_threshold=5.0, clip_param=0.2, collision_threshold=0.2, cuda=True, du_scale=1, dump_location='./exps', entropy_coef=0.001, env_frame_height=256, env_frame_width=256, eps=1e-05, eval=0, exp_name='exp_v1', exp_pred_threshold=1.0, frame_height=128, frame_width=128, gamma=0.99, global_downscaling=2, hfov=79.0, load='0', local_hidden_size=256, log_interval=10, lr=2.5e-05, map_pred_threshold=1.0, map_resolution=5, map_size_cm=2400, max_d=100.0, max_depth=5.0, max_episode_length=500, max_grad_norm=0.5, min_d=1.5, min_depth=0.5, no_cuda=False, num_local_steps=100, num_mini_batch=12, num_processes=24, num_processes_on_first_gpu=0, num_processes_per_gpu=9, num_sem_categories=6, num_training_frames=10000000, ppo_epoch=4, print_images=1, reward_coeff=0.0025, save_interval=1, save_periodic=500000, seed=1, sem_gpu_id=-1, sem_pred_prob_thr=0.9, sim_gpu_id=1, split='train', task_config='tasks/objectnav_gibson.yaml', tau=0.95, total_num_scenes=24, turn_angle=30, use_gae=False, use_recurrent_local=1, value_loss_coef=0.5, version='v1.1', vision_range=100, visualize=0)
INFO:root:Starting training
INFO:root:training frames is 10000000
INFO:root:Time: 00d 00h 00m 00s, num timesteps 0, FPS 0,
	Rewards: per step mean/med/min/max, rew: 0.0014/0.0014/0.0014/0.0014,
	Losses:
INFO:root:Time: 00d 00h 00m 04s, num timesteps 240, FPS 55,
	Rewards: per step mean/med/min/max, rew: 0.0046/0.0000/0.0000/0.0338,
	Losses:
INFO:root:Time: 00d 00h 00m 08s, num timesteps 480, FPS 58,
	Rewards: per step mean/med/min/max, rew: 0.0028/0.0000/0.0000/0.0338,
	Losses:
INFO:root:Time: 00d 00h 00m 12s, num timesteps 720, FPS 59,
	Rewards: per step mean/med/min/max, rew: 0.0023/0.0000/0.0000/0.0338,
	Losses:
INFO:root:Time: 00d 00h 00m 16s, num timesteps 960, FPS 59,
	Rewards: per step mean/med/min/max, rew: 0.0024/0.0000/0.0000/0.0338,
	Losses:
INFO:root:Time: 00d 00h 00m 20s, num timesteps 1200, FPS 59,
	Rewards: per step mean/med/min/max, rew: 0.0021/0.0000/0.0000/0.0338,
	Losses:
INFO:root:Time: 00d 00h 00m 23s, num timesteps 1440, FPS 60,
	Rewards: per step mean/med/min/max, rew: 0.0020/0.0000/0.0000/0.0338,
	Losses:
INFO:root:Time: 00d 00h 00m 27s, num timesteps 1680, FPS 60,
	Rewards: per step mean/med/min/max, rew: 0.0018/0.0000/0.0000/0.0338,
	Losses:
INFO:root:Time: 00d 00h 00m 31s, num timesteps 1920, FPS 60,
	Rewards: per step mean/med/min/max, rew: 0.0022/0.0000/0.0000/0.0338,
	Losses:
INFO:root:Time: 00d 00h 00m 35s, num timesteps 2160, FPS 60,
	Rewards: per step mean/med/min/max, rew: 0.0026/0.0000/0.0000/0.0338,
	Losses:
INFO:root:Time: 00d 00h 00m 42s, num timesteps 2400, FPS 56,
	Rewards: per step mean/med/min/max, rew: 0.0031/0.0002/0.0000/0.0338,
	Losses: Policy Loss value/action/dist: 0.063/-0.001/1.098,
INFO:root:Time: 00d 00h 00m 46s, num timesteps 2640, FPS 56,
	Rewards: per step mean/med/min/max, rew: 0.0030/0.0001/0.0000/0.0338,
	Losses: Policy Loss value/action/dist: 0.063/-0.001/1.098,
INFO:root:Time: 00d 00h 00m 50s, num timesteps 2880, FPS 57,
	Rewards: per step mean/med/min/max, rew: 0.0030/0.0000/0.0000/0.0338,
	Losses: Policy Loss value/action/dist: 0.063/-0.001/1.098,
INFO:root:Time: 00d 00h 00m 53s, num timesteps 3120, FPS 57,
	Rewards: per step mean/med/min/max, rew: 0.0031/0.0000/0.0000/0.0338,
	Losses: Policy Loss value/action/dist: 0.063/-0.001/1.098,
INFO:root:Time: 00d 00h 00m 57s, num timesteps 3360, FPS 58,
	Rewards: per step mean/med/min/max, rew: 0.0029/0.0000/0.0000/0.0338,
	Losses: Policy Loss value/action/dist: 0.063/-0.001/1.098,
INFO:root:Time: 00d 00h 01m 01s, num timesteps 3600, FPS 58,
	Rewards: per step mean/med/min/max, rew: 0.0029/0.0000/0.0000/0.0338,
	Losses: Policy Loss value/action/dist: 0.063/-0.001/1.098,
INFO:root:Time: 00d 00h 01m 05s, num timesteps 3840, FPS 58,
	Rewards: per step mean/med/min/max, rew: 0.0028/0.0000/0.0000/0.0338,
	Losses: Policy Loss value/action/dist: 0.063/-0.001/1.098,
INFO:root:Time: 00d 00h 01m 09s, num timesteps 4080, FPS 58,
	Rewards: per step mean/med/min/max, rew: 0.0029/0.0000/0.0000/0.0338,
	Losses: Policy Loss value/action/dist: 0.063/-0.001/1.098,
INFO:root:Time: 00d 00h 01m 14s, num timesteps 4320, FPS 58,
	Rewards: per step mean/med/min/max, rew: 0.0028/0.0000/0.0000/0.0338,
	Losses: Policy Loss value/action/dist: 0.063/-0.001/1.098,
INFO:root:Time: 00d 00h 01m 18s, num timesteps 4560, FPS 58,
	Rewards: per step mean/med/min/max, rew: 0.0028/0.0000/0.0000/0.0338,
	Losses: Policy Loss value/action/dist: 0.063/-0.001/1.098,
INFO:root:Time: 00d 00h 01m 24s, num timesteps 4800, FPS 56,
	Rewards: per step mean/med/min/max, rew: 0.0027/0.0000/0.0000/0.0338,
	Losses: Policy Loss value/action/dist: 0.043/-0.001/1.098,
INFO:root:Time: 00d 00h 01m 28s, num timesteps 5040, FPS 56,
	Rewards: per step mean/med/min/max, rew: 0.0027/0.0000/0.0000/0.0338,
	Losses: Policy Loss value/action/dist: 0.043/-0.001/1.098,
INFO:root:Time: 00d 00h 01m 32s, num timesteps 5280, FPS 56,
	Rewards: per step mean/med/min/max, rew: 0.0026/0.0001/0.0000/0.0338,
	Losses: Policy Loss value/action/dist: 0.043/-0.001/1.098,
INFO:root:Time: 00d 00h 01m 36s, num timesteps 5520, FPS 57,
	Rewards: per step mean/med/min/max, rew: 0.0025/0.0001/0.0000/0.0338,
	Losses: Policy Loss value/action/dist: 0.043/-0.001/1.098,
INFO:root:Time: 00d 00h 01m 40s, num timesteps 5760, FPS 57,
	Rewards: per step mean/med/min/max, rew: 0.0024/0.0000/0.0000/0.0338,
	Losses: Policy Loss value/action/dist: 0.043/-0.001/1.098,
INFO:root:Time: 00d 00h 01m 44s, num timesteps 6000, FPS 57,
	Rewards: per step mean/med/min/max, rew: 0.0024/0.0000/0.0000/0.0338,
	Losses: Policy Loss value/action/dist: 0.043/-0.001/1.098,
INFO:root:Time: 00d 00h 01m 48s, num timesteps 6240, FPS 57,
	Rewards: per step mean/med/min/max, rew: 0.0023/0.0000/0.0000/0.0338,
	Losses: Policy Loss value/action/dist: 0.043/-0.001/1.098,
INFO:root:Time: 00d 00h 01m 52s, num timesteps 6480, FPS 57,
	Rewards: per step mean/med/min/max, rew: 0.0022/0.0000/0.0000/0.0338,
	Losses: Policy Loss value/action/dist: 0.043/-0.001/1.098,
INFO:root:Time: 00d 00h 01m 56s, num timesteps 6720, FPS 57,
	Rewards: per step mean/med/min/max, rew: 0.0023/0.0000/0.0000/0.0338,
	Losses: Policy Loss value/action/dist: 0.043/-0.001/1.098,
INFO:root:Time: 00d 00h 02m 01s, num timesteps 6960, FPS 57,
	Rewards: per step mean/med/min/max, rew: 0.0025/0.0000/0.0000/0.0338,
	Losses: Policy Loss value/action/dist: 0.043/-0.001/1.098,
INFO:root:Time: 00d 00h 02m 08s, num timesteps 7200, FPS 56,
	Rewards: per step mean/med/min/max, rew: 0.0025/0.0000/0.0000/0.0338,
	Losses: Policy Loss value/action/dist: 0.036/-0.001/1.098,
INFO:root:Time: 00d 00h 02m 12s, num timesteps 7440, FPS 56,
	Rewards: per step mean/med/min/max, rew: 0.0025/0.0000/0.0000/0.0338,
	Losses: Policy Loss value/action/dist: 0.036/-0.001/1.098,
INFO:root:Time: 00d 00h 02m 16s, num timesteps 7680, FPS 56,
	Rewards: per step mean/med/min/max, rew: 0.0024/0.0000/0.0000/0.0338,
	Losses: Policy Loss value/action/dist: 0.036/-0.001/1.098,
INFO:root:Time: 00d 00h 02m 20s, num timesteps 7920, FPS 56,
	Rewards: per step mean/med/min/max, rew: 0.0024/0.0000/0.0000/0.0338,
	Losses: Policy Loss value/action/dist: 0.036/-0.001/1.098,
INFO:root:Time: 00d 00h 02m 24s, num timesteps 8160, FPS 56,
	Rewards: per step mean/med/min/max, rew: 0.0023/0.0000/0.0000/0.0338,
	Losses: Policy Loss value/action/dist: 0.036/-0.001/1.098,
INFO:root:Time: 00d 00h 02m 29s, num timesteps 8400, FPS 56,
	Rewards: per step mean/med/min/max, rew: 0.0023/0.0000/0.0000/0.0338,
	Losses: Policy Loss value/action/dist: 0.036/-0.001/1.098,
INFO:root:Time: 00d 00h 02m 33s, num timesteps 8640, FPS 56,
	Rewards: per step mean/med/min/max, rew: 0.0023/0.0000/0.0000/0.0338,
	Losses: Policy Loss value/action/dist: 0.036/-0.001/1.098,
INFO:root:Time: 00d 00h 02m 37s, num timesteps 8880, FPS 56,
	Rewards: per step mean/med/min/max, rew: 0.0022/0.0000/0.0000/0.0338,
	Losses: Policy Loss value/action/dist: 0.036/-0.001/1.098,
INFO:root:Time: 00d 00h 02m 41s, num timesteps 9120, FPS 56,
	Rewards: per step mean/med/min/max, rew: 0.0023/0.0000/0.0000/0.0338,
	Losses: Policy Loss value/action/dist: 0.036/-0.001/1.098,
INFO:root:Time: 00d 00h 02m 45s, num timesteps 9360, FPS 56,
	Rewards: per step mean/med/min/max, rew: 0.0023/0.0000/0.0000/0.0338,
	Losses: Policy Loss value/action/dist: 0.036/-0.001/1.098,
INFO:root:Time: 00d 00h 02m 52s, num timesteps 9600, FPS 55,
	Rewards: per step mean/med/min/max, rew: 0.0023/0.0000/0.0000/0.0338,
	Losses: Policy Loss value/action/dist: 0.034/-0.001/1.098,
INFO:root:Time: 00d 00h 02m 56s, num timesteps 9840, FPS 55,
	Rewards: per step mean/med/min/max, rew: 0.0023/0.0000/0.0000/0.0338,
	Losses: Policy Loss value/action/dist: 0.034/-0.001/1.098,
INFO:root:Time: 00d 00h 03m 00s, num timesteps 10080, FPS 55,
	Rewards: per step mean/med/min/max, rew: 0.0024/0.0001/0.0000/0.0464,
	Losses: Policy Loss value/action/dist: 0.034/-0.001/1.098,
INFO:root:Time: 00d 00h 03m 04s, num timesteps 10320, FPS 55,
	Rewards: per step mean/med/min/max, rew: 0.0024/0.0001/0.0000/0.0464,
	Losses: Policy Loss value/action/dist: 0.034/-0.001/1.098,
INFO:root:Time: 00d 00h 03m 08s, num timesteps 10560, FPS 55,
	Rewards: per step mean/med/min/max, rew: 0.0025/0.0001/0.0000/0.0464,
	Losses: Policy Loss value/action/dist: 0.034/-0.001/1.098,
INFO:root:Time: 00d 00h 03m 12s, num timesteps 10800, FPS 56,
	Rewards: per step mean/med/min/max, rew: 0.0025/0.0001/0.0000/0.0464,
	Losses: Policy Loss value/action/dist: 0.034/-0.001/1.098,
INFO:root:Time: 00d 00h 03m 17s, num timesteps 11040, FPS 56,
	Rewards: per step mean/med/min/max, rew: 0.0025/0.0001/0.0000/0.0464,
	Losses: Policy Loss value/action/dist: 0.034/-0.001/1.098,
INFO:root:Time: 00d 00h 03m 21s, num timesteps 11280, FPS 56,
	Rewards: per step mean/med/min/max, rew: 0.0024/0.0001/0.0000/0.0464,
	Losses: Policy Loss value/action/dist: 0.034/-0.001/1.098,
INFO:root:Time: 00d 00h 03m 25s, num timesteps 11520, FPS 56,
	Rewards: per step mean/med/min/max, rew: 0.0024/0.0001/0.0000/0.0464,
	Losses: Policy Loss value/action/dist: 0.034/-0.001/1.098,
INFO:root:Time: 00d 00h 03m 29s, num timesteps 11760, FPS 56,
	Rewards: per step mean/med/min/max, rew: 0.0024/0.0001/0.0000/0.0464,
	Losses: Policy Loss value/action/dist: 0.034/-0.001/1.098,
INFO:root:Time: 00d 00h 03m 36s, num timesteps 12000, FPS 55,
	Rewards: per step mean/med/min/max, rew: 0.0024/0.0001/0.0000/0.0464,
	Losses: Policy Loss value/action/dist: 0.033/-0.002/1.098,
INFO:root:Time: 00d 00h 03m 40s, num timesteps 12240, FPS 55,
	Rewards: per step mean/med/min/max, rew: 0.0025/0.0001/0.0000/0.0464,
	Losses: Policy Loss value/action/dist: 0.033/-0.002/1.098,
INFO:root:Time: 00d 00h 03m 44s, num timesteps 12480, FPS 55,
	Rewards: per step mean/med/min/max, rew: 0.0025/0.0001/0.0000/0.0464,
	Losses: Policy Loss value/action/dist: 0.033/-0.002/1.098,
INFO:root:Time: 00d 00h 03m 48s, num timesteps 12720, FPS 55,
	Rewards: per step mean/med/min/max, rew: 0.0027/0.0002/0.0000/0.0464,
	Losses: Policy Loss value/action/dist: 0.033/-0.002/1.098,
INFO:root:Time: 00d 00h 03m 52s, num timesteps 12960, FPS 55,
	Rewards: per step mean/med/min/max, rew: 0.0028/0.0002/0.0000/0.0464,
	Losses: Policy Loss value/action/dist: 0.033/-0.002/1.098,
INFO:root:Time: 00d 00h 03m 57s, num timesteps 13200, FPS 55,
	Rewards: per step mean/med/min/max, rew: 0.0028/0.0002/0.0000/0.0464,
	Losses: Policy Loss value/action/dist: 0.033/-0.002/1.098,
INFO:root:Time: 00d 00h 04m 01s, num timesteps 13440, FPS 55,
	Rewards: per step mean/med/min/max, rew: 0.0029/0.0002/0.0000/0.0464,
	Losses: Policy Loss value/action/dist: 0.033/-0.002/1.098,
INFO:root:Namespace(agent='sem_cur_exp', alpha=0.99, auto_gpu_config=1, camera_height=0.88, cat_pred_threshold=5.0, clip_param=0.2, collision_threshold=0.2, cuda=True, du_scale=1, dump_location='./exps', entropy_coef=0.001, env_frame_height=256, env_frame_width=256, eps=1e-05, eval=0, exp_name='exp_v1', exp_pred_threshold=1.0, frame_height=128, frame_width=128, gamma=0.99, global_downscaling=2, hfov=79.0, load='0', local_hidden_size=256, log_interval=10, lr=2.5e-05, map_pred_threshold=1.0, map_resolution=5, map_size_cm=2400, max_d=100.0, max_depth=5.0, max_episode_length=500, max_grad_norm=0.5, min_d=1.5, min_depth=0.5, no_cuda=False, num_local_steps=100, num_mini_batch=12, num_processes=24, num_processes_on_first_gpu=0, num_processes_per_gpu=9, num_sem_categories=6, num_training_frames=10000000, ppo_epoch=4, print_images=1, reward_coeff=0.0025, save_interval=1, save_periodic=500000, seed=1, sem_gpu_id=-1, sem_pred_prob_thr=0.9, sim_gpu_id=1, split='train', task_config='tasks/objectnav_gibson.yaml', tau=0.95, total_num_scenes=24, turn_angle=30, use_gae=False, use_recurrent_local=1, value_loss_coef=0.5, version='v1.1', vision_range=100, visualize=0)
INFO:root:Starting training
INFO:root:training frames is 10000000
INFO:root:Time: 00d 00h 00m 00s, num timesteps 0, FPS 0,
	Rewards: per step mean/med/min/max, rew: 0.0014/0.0014/0.0014/0.0014,
	Losses:
INFO:root:Time: 00d 00h 00m 04s, num timesteps 240, FPS 53,
	Rewards: per step mean/med/min/max, rew: 0.0046/0.0000/0.0000/0.0338,
	Losses:
INFO:root:Time: 00d 00h 00m 08s, num timesteps 480, FPS 57,
	Rewards: per step mean/med/min/max, rew: 0.0028/0.0000/0.0000/0.0338,
	Losses:
INFO:root:Time: 00d 00h 00m 12s, num timesteps 720, FPS 58,
	Rewards: per step mean/med/min/max, rew: 0.0023/0.0000/0.0000/0.0338,
	Losses:
INFO:root:Time: 00d 00h 00m 16s, num timesteps 960, FPS 58,
	Rewards: per step mean/med/min/max, rew: 0.0024/0.0000/0.0000/0.0338,
	Losses:
INFO:root:Time: 00d 00h 00m 20s, num timesteps 1200, FPS 59,
	Rewards: per step mean/med/min/max, rew: 0.0021/0.0000/0.0000/0.0338,
	Losses:
INFO:root:Time: 00d 00h 00m 24s, num timesteps 1440, FPS 59,
	Rewards: per step mean/med/min/max, rew: 0.0020/0.0000/0.0000/0.0338,
	Losses:
INFO:root:Time: 00d 00h 00m 28s, num timesteps 1680, FPS 59,
	Rewards: per step mean/med/min/max, rew: 0.0018/0.0000/0.0000/0.0338,
	Losses:
INFO:root:Time: 00d 00h 00m 32s, num timesteps 1920, FPS 59,
	Rewards: per step mean/med/min/max, rew: 0.0022/0.0000/0.0000/0.0338,
	Losses:
INFO:root:Time: 00d 00h 00m 36s, num timesteps 2160, FPS 59,
	Rewards: per step mean/med/min/max, rew: 0.0026/0.0000/0.0000/0.0338,
	Losses:
INFO:root:Time: 00d 00h 00m 43s, num timesteps 2400, FPS 55,
	Rewards: per step mean/med/min/max, rew: 0.0031/0.0002/0.0000/0.0338,
	Losses: Policy Loss value/action/dist: 0.063/-0.001/1.098,
INFO:root:Time: 00d 00h 00m 47s, num timesteps 2640, FPS 55,
	Rewards: per step mean/med/min/max, rew: 0.0030/0.0001/0.0000/0.0338,
	Losses: Policy Loss value/action/dist: 0.063/-0.001/1.098,
INFO:root:Time: 00d 00h 00m 51s, num timesteps 2880, FPS 55,
	Rewards: per step mean/med/min/max, rew: 0.0030/0.0000/0.0000/0.0338,
	Losses: Policy Loss value/action/dist: 0.063/-0.001/1.098,
INFO:root:Time: 00d 00h 00m 55s, num timesteps 3120, FPS 56,
	Rewards: per step mean/med/min/max, rew: 0.0031/0.0000/0.0000/0.0338,
	Losses: Policy Loss value/action/dist: 0.063/-0.001/1.098,
INFO:root:Time: 00d 00h 00m 59s, num timesteps 3360, FPS 56,
	Rewards: per step mean/med/min/max, rew: 0.0029/0.0000/0.0000/0.0338,
	Losses: Policy Loss value/action/dist: 0.063/-0.001/1.098,
INFO:root:Time: 00d 00h 01m 03s, num timesteps 3600, FPS 56,
	Rewards: per step mean/med/min/max, rew: 0.0029/0.0000/0.0000/0.0338,
	Losses: Policy Loss value/action/dist: 0.063/-0.001/1.098,
INFO:root:Time: 00d 00h 01m 08s, num timesteps 3840, FPS 56,
	Rewards: per step mean/med/min/max, rew: 0.0028/0.0000/0.0000/0.0338,
	Losses: Policy Loss value/action/dist: 0.063/-0.001/1.098,
INFO:root:Time: 00d 00h 01m 12s, num timesteps 4080, FPS 56,
	Rewards: per step mean/med/min/max, rew: 0.0029/0.0000/0.0000/0.0338,
	Losses: Policy Loss value/action/dist: 0.063/-0.001/1.098,
INFO:root:Time: 00d 00h 01m 16s, num timesteps 4320, FPS 56,
	Rewards: per step mean/med/min/max, rew: 0.0028/0.0000/0.0000/0.0338,
	Losses: Policy Loss value/action/dist: 0.063/-0.001/1.098,
INFO:root:Time: 00d 00h 01m 20s, num timesteps 4560, FPS 56,
	Rewards: per step mean/med/min/max, rew: 0.0028/0.0000/0.0000/0.0338,
	Losses: Policy Loss value/action/dist: 0.063/-0.001/1.098,
INFO:root:Time: 00d 00h 01m 27s, num timesteps 4800, FPS 55,
	Rewards: per step mean/med/min/max, rew: 0.0027/0.0000/0.0000/0.0338,
	Losses: Policy Loss value/action/dist: 0.043/-0.001/1.098,
INFO:root:Time: 00d 00h 01m 31s, num timesteps 5040, FPS 55,
	Rewards: per step mean/med/min/max, rew: 0.0027/0.0000/0.0000/0.0338,
	Losses: Policy Loss value/action/dist: 0.043/-0.001/1.098,
INFO:root:Time: 00d 00h 01m 35s, num timesteps 5280, FPS 55,
	Rewards: per step mean/med/min/max, rew: 0.0026/0.0001/0.0000/0.0338,
	Losses: Policy Loss value/action/dist: 0.043/-0.001/1.098,
INFO:root:Time: 00d 00h 01m 39s, num timesteps 5520, FPS 55,
	Rewards: per step mean/med/min/max, rew: 0.0025/0.0001/0.0000/0.0338,
	Losses: Policy Loss value/action/dist: 0.043/-0.001/1.098,
INFO:root:Time: 00d 00h 01m 43s, num timesteps 5760, FPS 55,
	Rewards: per step mean/med/min/max, rew: 0.0024/0.0000/0.0000/0.0338,
	Losses: Policy Loss value/action/dist: 0.043/-0.001/1.098,
INFO:root:Time: 00d 00h 01m 47s, num timesteps 6000, FPS 55,
	Rewards: per step mean/med/min/max, rew: 0.0024/0.0000/0.0000/0.0338,
	Losses: Policy Loss value/action/dist: 0.043/-0.001/1.098,
INFO:root:Time: 00d 00h 01m 51s, num timesteps 6240, FPS 55,
	Rewards: per step mean/med/min/max, rew: 0.0023/0.0000/0.0000/0.0338,
	Losses: Policy Loss value/action/dist: 0.043/-0.001/1.098,
INFO:root:Time: 00d 00h 01m 55s, num timesteps 6480, FPS 56,
	Rewards: per step mean/med/min/max, rew: 0.0022/0.0000/0.0000/0.0338,
	Losses: Policy Loss value/action/dist: 0.043/-0.001/1.098,
INFO:root:Time: 00d 00h 01m 59s, num timesteps 6720, FPS 56,
	Rewards: per step mean/med/min/max, rew: 0.0023/0.0000/0.0000/0.0338,
	Losses: Policy Loss value/action/dist: 0.043/-0.001/1.098,
INFO:root:Time: 00d 00h 02m 03s, num timesteps 6960, FPS 56,
	Rewards: per step mean/med/min/max, rew: 0.0025/0.0000/0.0000/0.0338,
	Losses: Policy Loss value/action/dist: 0.043/-0.001/1.098,
INFO:root:Time: 00d 00h 02m 10s, num timesteps 7200, FPS 55,
	Rewards: per step mean/med/min/max, rew: 0.0025/0.0000/0.0000/0.0338,
	Losses: Policy Loss value/action/dist: 0.036/-0.001/1.098,
INFO:root:Time: 00d 00h 02m 14s, num timesteps 7440, FPS 55,
	Rewards: per step mean/med/min/max, rew: 0.0025/0.0000/0.0000/0.0338,
	Losses: Policy Loss value/action/dist: 0.036/-0.001/1.098,
INFO:root:Time: 00d 00h 02m 18s, num timesteps 7680, FPS 55,
	Rewards: per step mean/med/min/max, rew: 0.0024/0.0000/0.0000/0.0338,
	Losses: Policy Loss value/action/dist: 0.036/-0.001/1.098,
INFO:root:Time: 00d 00h 02m 22s, num timesteps 7920, FPS 55,
	Rewards: per step mean/med/min/max, rew: 0.0024/0.0000/0.0000/0.0338,
	Losses: Policy Loss value/action/dist: 0.036/-0.001/1.098,
INFO:root:Time: 00d 00h 02m 26s, num timesteps 8160, FPS 55,
	Rewards: per step mean/med/min/max, rew: 0.0023/0.0000/0.0000/0.0338,
	Losses: Policy Loss value/action/dist: 0.036/-0.001/1.098,
INFO:root:Time: 00d 00h 02m 31s, num timesteps 8400, FPS 55,
	Rewards: per step mean/med/min/max, rew: 0.0023/0.0000/0.0000/0.0338,
	Losses: Policy Loss value/action/dist: 0.036/-0.001/1.098,
INFO:root:Time: 00d 00h 02m 35s, num timesteps 8640, FPS 55,
	Rewards: per step mean/med/min/max, rew: 0.0024/0.0000/0.0000/0.0338,
	Losses: Policy Loss value/action/dist: 0.036/-0.001/1.098,
INFO:root:Time: 00d 00h 02m 39s, num timesteps 8880, FPS 55,
	Rewards: per step mean/med/min/max, rew: 0.0023/0.0000/0.0000/0.0338,
	Losses: Policy Loss value/action/dist: 0.036/-0.001/1.098,
INFO:root:Time: 00d 00h 02m 43s, num timesteps 9120, FPS 55,
	Rewards: per step mean/med/min/max, rew: 0.0023/0.0000/0.0000/0.0338,
	Losses: Policy Loss value/action/dist: 0.036/-0.001/1.098,
INFO:root:Time: 00d 00h 02m 47s, num timesteps 9360, FPS 55,
	Rewards: per step mean/med/min/max, rew: 0.0023/0.0000/0.0000/0.0338,
	Losses: Policy Loss value/action/dist: 0.036/-0.001/1.098,
INFO:root:Time: 00d 00h 02m 54s, num timesteps 9600, FPS 55,
	Rewards: per step mean/med/min/max, rew: 0.0022/0.0000/0.0000/0.0338,
	Losses: Policy Loss value/action/dist: 0.030/-0.001/1.098,
INFO:root:Time: 00d 00h 02m 58s, num timesteps 9840, FPS 55,
	Rewards: per step mean/med/min/max, rew: 0.0023/0.0000/0.0000/0.0338,
	Losses: Policy Loss value/action/dist: 0.030/-0.001/1.098,
INFO:root:Time: 00d 00h 03m 02s, num timesteps 10080, FPS 55,
	Rewards: per step mean/med/min/max, rew: 0.0022/0.0000/0.0000/0.0338,
	Losses: Policy Loss value/action/dist: 0.030/-0.001/1.098,
INFO:root:Time: 00d 00h 03m 06s, num timesteps 10320, FPS 55,
	Rewards: per step mean/med/min/max, rew: 0.0022/0.0000/0.0000/0.0338,
	Losses: Policy Loss value/action/dist: 0.030/-0.001/1.098,
INFO:root:Time: 00d 00h 03m 10s, num timesteps 10560, FPS 55,
	Rewards: per step mean/med/min/max, rew: 0.0022/0.0001/0.0000/0.0338,
	Losses: Policy Loss value/action/dist: 0.030/-0.001/1.098,
INFO:root:Time: 00d 00h 03m 13s, num timesteps 10800, FPS 55,
	Rewards: per step mean/med/min/max, rew: 0.0022/0.0001/0.0000/0.0338,
	Losses: Policy Loss value/action/dist: 0.030/-0.001/1.098,
INFO:root:Time: 00d 00h 03m 17s, num timesteps 11040, FPS 55,
	Rewards: per step mean/med/min/max, rew: 0.0022/0.0001/0.0000/0.0338,
	Losses: Policy Loss value/action/dist: 0.030/-0.001/1.098,
INFO:root:Time: 00d 00h 03m 21s, num timesteps 11280, FPS 55,
	Rewards: per step mean/med/min/max, rew: 0.0021/0.0001/0.0000/0.0338,
	Losses: Policy Loss value/action/dist: 0.030/-0.001/1.098,
INFO:root:Time: 00d 00h 03m 25s, num timesteps 11520, FPS 55,
	Rewards: per step mean/med/min/max, rew: 0.0021/0.0001/0.0000/0.0338,
	Losses: Policy Loss value/action/dist: 0.030/-0.001/1.098,
INFO:root:Time: 00d 00h 03m 29s, num timesteps 11760, FPS 56,
	Rewards: per step mean/med/min/max, rew: 0.0021/0.0001/0.0000/0.0338,
	Losses: Policy Loss value/action/dist: 0.030/-0.001/1.098,
INFO:root:Time: 00d 00h 03m 36s, num timesteps 12000, FPS 55,
	Rewards: per step mean/med/min/max, rew: 0.0021/0.0001/0.0000/0.0338,
	Losses: Policy Loss value/action/dist: 0.026/-0.002/1.098,
INFO:root:Time: 00d 00h 03m 40s, num timesteps 12240, FPS 55,
	Rewards: per step mean/med/min/max, rew: 0.0022/0.0001/0.0000/0.0381,
	Losses: Policy Loss value/action/dist: 0.026/-0.002/1.098,
INFO:root:Time: 00d 00h 03m 44s, num timesteps 12480, FPS 55,
	Rewards: per step mean/med/min/max, rew: 0.0022/0.0001/0.0000/0.0381,
	Losses: Policy Loss value/action/dist: 0.026/-0.002/1.098,
INFO:root:Time: 00d 00h 03m 48s, num timesteps 12720, FPS 55,
	Rewards: per step mean/med/min/max, rew: 0.0024/0.0001/0.0000/0.0381,
	Losses: Policy Loss value/action/dist: 0.026/-0.002/1.098,
INFO:root:Time: 00d 00h 03m 52s, num timesteps 12960, FPS 55,
	Rewards: per step mean/med/min/max, rew: 0.0025/0.0002/0.0000/0.0381,
	Losses: Policy Loss value/action/dist: 0.026/-0.002/1.098,
INFO:root:Time: 00d 00h 03m 56s, num timesteps 13200, FPS 55,
	Rewards: per step mean/med/min/max, rew: 0.0025/0.0002/0.0000/0.0381,
	Losses: Policy Loss value/action/dist: 0.026/-0.002/1.098,
INFO:root:Time: 00d 00h 04m 00s, num timesteps 13440, FPS 55,
	Rewards: per step mean/med/min/max, rew: 0.0025/0.0001/0.0000/0.0444,
	Losses: Policy Loss value/action/dist: 0.026/-0.002/1.098,
INFO:root:Time: 00d 00h 04m 04s, num timesteps 13680, FPS 55,
	Rewards: per step mean/med/min/max, rew: 0.0026/0.0002/0.0000/0.0444,
	Losses: Policy Loss value/action/dist: 0.026/-0.002/1.098,
INFO:root:Time: 00d 00h 04m 08s, num timesteps 13920, FPS 55,
	Rewards: per step mean/med/min/max, rew: 0.0025/0.0002/0.0000/0.0444,
	Losses: Policy Loss value/action/dist: 0.026/-0.002/1.098,
INFO:root:Time: 00d 00h 04m 12s, num timesteps 14160, FPS 56,
	Rewards: per step mean/med/min/max, rew: 0.0026/0.0002/0.0000/0.0444,
	Losses: Policy Loss value/action/dist: 0.026/-0.002/1.098,
INFO:root:Time: 00d 00h 04m 19s, num timesteps 14400, FPS 55,
	Rewards: per step mean/med/min/max, rew: 0.0026/0.0002/0.0000/0.0444,
	Losses: Policy Loss value/action/dist: 0.031/-0.003/1.097,
INFO:root:Time: 00d 00h 04m 23s, num timesteps 14640, FPS 55,
	Rewards: per step mean/med/min/max, rew: 0.0026/0.0002/0.0000/0.0444,
	Losses: Policy Loss value/action/dist: 0.031/-0.003/1.097,
INFO:root:Time: 00d 00h 04m 27s, num timesteps 14880, FPS 55,
	Rewards: per step mean/med/min/max, rew: 0.0025/0.0002/0.0000/0.0444,
	Losses: Policy Loss value/action/dist: 0.031/-0.003/1.097,
INFO:root:Time: 00d 00h 04m 31s, num timesteps 15120, FPS 55,
	Rewards: per step mean/med/min/max, rew: 0.0025/0.0002/0.0000/0.0444,
	Losses: Policy Loss value/action/dist: 0.031/-0.003/1.097,
INFO:root:Time: 00d 00h 04m 35s, num timesteps 15360, FPS 55,
	Rewards: per step mean/med/min/max, rew: 0.0025/0.0002/0.0000/0.0444,
	Losses: Policy Loss value/action/dist: 0.031/-0.003/1.097,
INFO:root:Time: 00d 00h 04m 39s, num timesteps 15600, FPS 55,
	Rewards: per step mean/med/min/max, rew: 0.0025/0.0002/0.0000/0.0444,
	Losses: Policy Loss value/action/dist: 0.031/-0.003/1.097,
INFO:root:Time: 00d 00h 04m 43s, num timesteps 15840, FPS 55,
	Rewards: per step mean/med/min/max, rew: 0.0025/0.0002/0.0000/0.0444,
	Losses: Policy Loss value/action/dist: 0.031/-0.003/1.097,
INFO:root:Time: 00d 00h 04m 47s, num timesteps 16080, FPS 55,
	Rewards: per step mean/med/min/max, rew: 0.0025/0.0002/0.0000/0.0444,
	Losses: Policy Loss value/action/dist: 0.031/-0.003/1.097,
INFO:root:Time: 00d 00h 04m 51s, num timesteps 16320, FPS 55,
	Rewards: per step mean/med/min/max, rew: 0.0025/0.0002/0.0000/0.0444,
	Losses: Policy Loss value/action/dist: 0.031/-0.003/1.097,
INFO:root:Time: 00d 00h 04m 56s, num timesteps 16560, FPS 55,
	Rewards: per step mean/med/min/max, rew: 0.0025/0.0002/0.0000/0.0444,
	Losses: Policy Loss value/action/dist: 0.031/-0.003/1.097,
INFO:root:Time: 00d 00h 05m 02s, num timesteps 16800, FPS 55,
	Rewards: per step mean/med/min/max, rew: 0.0026/0.0002/0.0000/0.0444,
	Losses: Policy Loss value/action/dist: 0.033/-0.003/1.095,
INFO:root:Time: 00d 00h 05m 06s, num timesteps 17040, FPS 55,
	Rewards: per step mean/med/min/max, rew: 0.0026/0.0002/0.0000/0.0444,
	Losses: Policy Loss value/action/dist: 0.033/-0.003/1.095,
INFO:root:Time: 00d 00h 05m 10s, num timesteps 17280, FPS 55,
	Rewards: per step mean/med/min/max, rew: 0.0026/0.0002/0.0000/0.0444,
	Losses: Policy Loss value/action/dist: 0.033/-0.003/1.095,
INFO:root:Time: 00d 00h 05m 15s, num timesteps 17520, FPS 55,
	Rewards: per step mean/med/min/max, rew: 0.0026/0.0002/0.0000/0.0444,
	Losses: Policy Loss value/action/dist: 0.033/-0.003/1.095,
INFO:root:Time: 00d 00h 05m 19s, num timesteps 17760, FPS 55,
	Rewards: per step mean/med/min/max, rew: 0.0026/0.0002/0.0000/0.0444,
	Losses: Policy Loss value/action/dist: 0.033/-0.003/1.095,
INFO:root:Time: 00d 00h 05m 23s, num timesteps 18000, FPS 55,
	Rewards: per step mean/med/min/max, rew: 0.0026/0.0002/0.0000/0.0444,
	Losses: Policy Loss value/action/dist: 0.033/-0.003/1.095,
INFO:root:Time: 00d 00h 05m 27s, num timesteps 18240, FPS 55,
	Rewards: per step mean/med/min/max, rew: 0.0026/0.0002/0.0000/0.0444,
	Losses: Policy Loss value/action/dist: 0.033/-0.003/1.095,
INFO:root:Time: 00d 00h 05m 31s, num timesteps 18480, FPS 55,
	Rewards: per step mean/med/min/max, rew: 0.0025/0.0002/0.0000/0.0444,
	Losses: Policy Loss value/action/dist: 0.033/-0.003/1.095,
INFO:root:Time: 00d 00h 05m 35s, num timesteps 18720, FPS 55,
	Rewards: per step mean/med/min/max, rew: 0.0025/0.0002/0.0000/0.0444,
	Losses: Policy Loss value/action/dist: 0.033/-0.003/1.095,
INFO:root:Time: 00d 00h 05m 39s, num timesteps 18960, FPS 55,
	Rewards: per step mean/med/min/max, rew: 0.0025/0.0002/0.0000/0.0444,
	Losses: Policy Loss value/action/dist: 0.033/-0.003/1.095,
INFO:root:Time: 00d 00h 05m 46s, num timesteps 19200, FPS 55,
	Rewards: per step mean/med/min/max, rew: 0.0025/0.0002/0.0000/0.0444,
	Losses: Policy Loss value/action/dist: 0.030/-0.004/1.093,
INFO:root:Time: 00d 00h 05m 50s, num timesteps 19440, FPS 55,
	Rewards: per step mean/med/min/max, rew: 0.0025/0.0002/0.0000/0.0444,
	Losses: Policy Loss value/action/dist: 0.030/-0.004/1.093,
INFO:root:Time: 00d 00h 05m 54s, num timesteps 19680, FPS 55,
	Rewards: per step mean/med/min/max, rew: 0.0025/0.0002/0.0000/0.0444,
	Losses: Policy Loss value/action/dist: 0.030/-0.004/1.093,
INFO:root:Time: 00d 00h 05m 58s, num timesteps 19920, FPS 55,
	Rewards: per step mean/med/min/max, rew: 0.0025/0.0002/0.0000/0.0444,
	Losses: Policy Loss value/action/dist: 0.030/-0.004/1.093,
INFO:root:Time: 00d 00h 06m 02s, num timesteps 20160, FPS 55,
	Rewards: per step mean/med/min/max, rew: 0.0025/0.0002/0.0000/0.0444,
	Losses: Policy Loss value/action/dist: 0.030/-0.004/1.093,
INFO:root:Time: 00d 00h 06m 07s, num timesteps 20400, FPS 55,
	Rewards: per step mean/med/min/max, rew: 0.0024/0.0002/0.0000/0.0444,
	Losses: Policy Loss value/action/dist: 0.030/-0.004/1.093,
INFO:root:Time: 00d 00h 06m 11s, num timesteps 20640, FPS 55,
	Rewards: per step mean/med/min/max, rew: 0.0025/0.0002/0.0000/0.0444,
	Losses: Policy Loss value/action/dist: 0.030/-0.004/1.093,
INFO:root:Time: 00d 00h 06m 15s, num timesteps 20880, FPS 55,
	Rewards: per step mean/med/min/max, rew: 0.0025/0.0002/0.0000/0.0444,
	Losses: Policy Loss value/action/dist: 0.030/-0.004/1.093,
INFO:root:Time: 00d 00h 06m 19s, num timesteps 21120, FPS 55,
	Rewards: per step mean/med/min/max, rew: 0.0024/0.0002/0.0000/0.0444,
	Losses: Policy Loss value/action/dist: 0.030/-0.004/1.093,
INFO:root:Time: 00d 00h 06m 23s, num timesteps 21360, FPS 55,
	Rewards: per step mean/med/min/max, rew: 0.0024/0.0002/0.0000/0.0444,
	Losses: Policy Loss value/action/dist: 0.030/-0.004/1.093,
INFO:root:Time: 00d 00h 06m 30s, num timesteps 21600, FPS 55,
	Rewards: per step mean/med/min/max, rew: 0.0024/0.0002/0.0000/0.0444,
	Losses: Policy Loss value/action/dist: 0.028/-0.006/1.090,
INFO:root:Time: 00d 00h 06m 34s, num timesteps 21840, FPS 55,
	Rewards: per step mean/med/min/max, rew: 0.0024/0.0002/0.0000/0.0444,
	Losses: Policy Loss value/action/dist: 0.028/-0.006/1.090,
INFO:root:Time: 00d 00h 06m 38s, num timesteps 22080, FPS 55,
	Rewards: per step mean/med/min/max, rew: 0.0024/0.0002/0.0000/0.0444,
	Losses: Policy Loss value/action/dist: 0.028/-0.006/1.090,
INFO:root:Time: 00d 00h 06m 43s, num timesteps 22320, FPS 55,
	Rewards: per step mean/med/min/max, rew: 0.0024/0.0002/0.0000/0.0444,
	Losses: Policy Loss value/action/dist: 0.028/-0.006/1.090,
INFO:root:Time: 00d 00h 06m 47s, num timesteps 22560, FPS 55,
	Rewards: per step mean/med/min/max, rew: 0.0024/0.0002/0.0000/0.0444,
	Losses: Policy Loss value/action/dist: 0.028/-0.006/1.090,
INFO:root:Time: 00d 00h 06m 51s, num timesteps 22800, FPS 55,
	Rewards: per step mean/med/min/max, rew: 0.0024/0.0002/0.0000/0.0444,
	Losses: Policy Loss value/action/dist: 0.028/-0.006/1.090,
INFO:root:Time: 00d 00h 06m 55s, num timesteps 23040, FPS 55,
	Rewards: per step mean/med/min/max, rew: 0.0024/0.0002/0.0000/0.0444,
	Losses: Policy Loss value/action/dist: 0.028/-0.006/1.090,
INFO:root:Time: 00d 00h 06m 59s, num timesteps 23280, FPS 55,
	Rewards: per step mean/med/min/max, rew: 0.0024/0.0002/0.0000/0.0444,
	Losses: Policy Loss value/action/dist: 0.028/-0.006/1.090,
INFO:root:Time: 00d 00h 07m 03s, num timesteps 23520, FPS 55,
	Rewards: per step mean/med/min/max, rew: 0.0024/0.0002/0.0000/0.0444,
	Losses: Policy Loss value/action/dist: 0.028/-0.006/1.090,
INFO:root:Time: 00d 00h 07m 07s, num timesteps 23760, FPS 55,
	Rewards: per step mean/med/min/max, rew: 0.0024/0.0002/0.0000/0.0444,
	Losses: Policy Loss value/action/dist: 0.028/-0.006/1.090,
INFO:root:Time: 00d 00h 07m 14s, num timesteps 24000, FPS 55,
	Rewards: per step mean/med/min/max, rew: 0.0024/0.0002/0.0000/0.0444,
	Losses: Policy Loss value/action/dist: 0.028/-0.007/1.087,
INFO:root:Time: 00d 00h 07m 18s, num timesteps 24240, FPS 55,
	Rewards: per step mean/med/min/max, rew: 0.0023/0.0002/0.0000/0.0444,
	Losses: Policy Loss value/action/dist: 0.028/-0.007/1.087,
INFO:root:Time: 00d 00h 07m 22s, num timesteps 24480, FPS 55,
	Rewards: per step mean/med/min/max, rew: 0.0024/0.0002/0.0000/0.0444,
	Losses: Policy Loss value/action/dist: 0.028/-0.007/1.087,
INFO:root:Time: 00d 00h 07m 27s, num timesteps 24720, FPS 55,
	Rewards: per step mean/med/min/max, rew: 0.0024/0.0002/0.0000/0.0444,
	Losses: Policy Loss value/action/dist: 0.028/-0.007/1.087,
INFO:root:Time: 00d 00h 07m 31s, num timesteps 24960, FPS 55,
	Rewards: per step mean/med/min/max, rew: 0.0025/0.0002/0.0000/0.0444,
	Losses: Policy Loss value/action/dist: 0.028/-0.007/1.087,
INFO:root:Time: 00d 00h 07m 35s, num timesteps 25200, FPS 55,
	Rewards: per step mean/med/min/max, rew: 0.0026/0.0002/0.0000/0.0444,
	Losses: Policy Loss value/action/dist: 0.028/-0.007/1.087,
INFO:root:Time: 00d 00h 07m 39s, num timesteps 25440, FPS 55,
	Rewards: per step mean/med/min/max, rew: 0.0027/0.0002/0.0000/0.0676,
	Losses: Policy Loss value/action/dist: 0.028/-0.007/1.087,
INFO:root:Time: 00d 00h 07m 43s, num timesteps 25680, FPS 55,
	Rewards: per step mean/med/min/max, rew: 0.0028/0.0003/0.0000/0.0676,
	Losses: Policy Loss value/action/dist: 0.028/-0.007/1.087,
INFO:root:Time: 00d 00h 07m 47s, num timesteps 25920, FPS 55,
	Rewards: per step mean/med/min/max, rew: 0.0028/0.0003/0.0000/0.0676,
	Losses: Policy Loss value/action/dist: 0.028/-0.007/1.087,
INFO:root:Time: 00d 00h 07m 51s, num timesteps 26160, FPS 55,
	Rewards: per step mean/med/min/max, rew: 0.0027/0.0003/0.0000/0.0676,
	Losses: Policy Loss value/action/dist: 0.028/-0.007/1.087,
INFO:root:Time: 00d 00h 07m 58s, num timesteps 26400, FPS 55,
	Rewards: per step mean/med/min/max, rew: 0.0027/0.0003/0.0000/0.0676,
	Losses: Policy Loss value/action/dist: 0.038/-0.008/1.083,
INFO:root:Time: 00d 00h 08m 02s, num timesteps 26640, FPS 55,
	Rewards: per step mean/med/min/max, rew: 0.0027/0.0003/0.0000/0.0676,
	Losses: Policy Loss value/action/dist: 0.038/-0.008/1.083,
INFO:root:Time: 00d 00h 08m 06s, num timesteps 26880, FPS 55,
	Rewards: per step mean/med/min/max, rew: 0.0027/0.0003/0.0000/0.0676,
	Losses: Policy Loss value/action/dist: 0.038/-0.008/1.083,
INFO:root:Time: 00d 00h 08m 10s, num timesteps 27120, FPS 55,
	Rewards: per step mean/med/min/max, rew: 0.0027/0.0003/0.0000/0.0676,
	Losses: Policy Loss value/action/dist: 0.038/-0.008/1.083,
INFO:root:Time: 00d 00h 08m 15s, num timesteps 27360, FPS 55,
	Rewards: per step mean/med/min/max, rew: 0.0028/0.0004/0.0000/0.0677,
	Losses: Policy Loss value/action/dist: 0.038/-0.008/1.083,
INFO:root:Time: 00d 00h 08m 19s, num timesteps 27600, FPS 55,
	Rewards: per step mean/med/min/max, rew: 0.0029/0.0004/0.0000/0.0677,
	Losses: Policy Loss value/action/dist: 0.038/-0.008/1.083,
INFO:root:Time: 00d 00h 08m 23s, num timesteps 27840, FPS 55,
	Rewards: per step mean/med/min/max, rew: 0.0029/0.0004/0.0000/0.0677,
	Losses: Policy Loss value/action/dist: 0.038/-0.008/1.083,
INFO:root:Time: 00d 00h 08m 27s, num timesteps 28080, FPS 55,
	Rewards: per step mean/med/min/max, rew: 0.0029/0.0004/0.0000/0.0677,
	Losses: Policy Loss value/action/dist: 0.038/-0.008/1.083,
INFO:root:Time: 00d 00h 08m 31s, num timesteps 28320, FPS 55,
	Rewards: per step mean/med/min/max, rew: 0.0029/0.0004/0.0000/0.0677,
	Losses: Policy Loss value/action/dist: 0.038/-0.008/1.083,
INFO:root:Time: 00d 00h 08m 35s, num timesteps 28560, FPS 55,
	Rewards: per step mean/med/min/max, rew: 0.0029/0.0004/0.0000/0.0677,
	Losses: Policy Loss value/action/dist: 0.038/-0.008/1.083,
INFO:root:Time: 00d 00h 08m 42s, num timesteps 28800, FPS 55,
	Rewards: per step mean/med/min/max, rew: 0.0029/0.0004/0.0000/0.0677,
	Losses: Policy Loss value/action/dist: 0.039/-0.010/1.080,
INFO:root:Time: 00d 00h 08m 46s, num timesteps 29040, FPS 55,
	Rewards: per step mean/med/min/max, rew: 0.0029/0.0004/0.0000/0.0677,
	Losses: Policy Loss value/action/dist: 0.039/-0.010/1.080,
INFO:root:Time: 00d 00h 08m 50s, num timesteps 29280, FPS 55,
	Rewards: per step mean/med/min/max, rew: 0.0029/0.0004/0.0000/0.0677,
	Losses: Policy Loss value/action/dist: 0.039/-0.010/1.080,
INFO:root:Time: 00d 00h 08m 54s, num timesteps 29520, FPS 55,
	Rewards: per step mean/med/min/max, rew: 0.0030/0.0004/0.0000/0.0677,
	Losses: Policy Loss value/action/dist: 0.039/-0.010/1.080,
INFO:root:Time: 00d 00h 08m 58s, num timesteps 29760, FPS 55,
	Rewards: per step mean/med/min/max, rew: 0.0030/0.0005/0.0000/0.0677,
	Losses: Policy Loss value/action/dist: 0.039/-0.010/1.080,
INFO:root:Time: 00d 00h 09m 02s, num timesteps 30000, FPS 55,
	Rewards: per step mean/med/min/max, rew: 0.0030/0.0005/0.0000/0.0677,
	Losses: Policy Loss value/action/dist: 0.039/-0.010/1.080,
INFO:root:Time: 00d 00h 09m 06s, num timesteps 30240, FPS 55,
	Rewards: per step mean/med/min/max, rew: 0.0030/0.0005/0.0000/0.0677,
	Losses: Policy Loss value/action/dist: 0.039/-0.010/1.080,
INFO:root:Time: 00d 00h 09m 10s, num timesteps 30480, FPS 55,
	Rewards: per step mean/med/min/max, rew: 0.0030/0.0005/0.0000/0.0677,
	Losses: Policy Loss value/action/dist: 0.039/-0.010/1.080,
INFO:root:Time: 00d 00h 09m 14s, num timesteps 30720, FPS 55,
	Rewards: per step mean/med/min/max, rew: 0.0031/0.0005/0.0000/0.0677,
	Losses: Policy Loss value/action/dist: 0.039/-0.010/1.080,
INFO:root:Time: 00d 00h 09m 18s, num timesteps 30960, FPS 55,
	Rewards: per step mean/med/min/max, rew: 0.0030/0.0005/0.0000/0.0677,
	Losses: Policy Loss value/action/dist: 0.039/-0.010/1.080,
INFO:root:Time: 00d 00h 09m 25s, num timesteps 31200, FPS 55,
	Rewards: per step mean/med/min/max, rew: 0.0030/0.0005/0.0000/0.0677,
	Losses: Policy Loss value/action/dist: 0.038/-0.011/1.078,
INFO:root:Time: 00d 00h 09m 29s, num timesteps 31440, FPS 55,
	Rewards: per step mean/med/min/max, rew: 0.0031/0.0005/0.0000/0.0677,
	Losses: Policy Loss value/action/dist: 0.038/-0.011/1.078,
INFO:root:Time: 00d 00h 09m 33s, num timesteps 31680, FPS 55,
	Rewards: per step mean/med/min/max, rew: 0.0031/0.0005/0.0000/0.0677,
	Losses: Policy Loss value/action/dist: 0.038/-0.011/1.078,
INFO:root:Time: 00d 00h 09m 38s, num timesteps 31920, FPS 55,
	Rewards: per step mean/med/min/max, rew: 0.0031/0.0005/0.0000/0.0677,
	Losses: Policy Loss value/action/dist: 0.038/-0.011/1.078,
INFO:root:Time: 00d 00h 09m 42s, num timesteps 32160, FPS 55,
	Rewards: per step mean/med/min/max, rew: 0.0031/0.0006/0.0000/0.0677,
	Losses: Policy Loss value/action/dist: 0.038/-0.011/1.078,
INFO:root:Time: 00d 00h 09m 46s, num timesteps 32400, FPS 55,
	Rewards: per step mean/med/min/max, rew: 0.0031/0.0006/0.0000/0.0677,
	Losses: Policy Loss value/action/dist: 0.038/-0.011/1.078,
INFO:root:Time: 00d 00h 09m 49s, num timesteps 32640, FPS 55,
	Rewards: per step mean/med/min/max, rew: 0.0031/0.0006/0.0000/0.0677,
	Losses: Policy Loss value/action/dist: 0.038/-0.011/1.078,
INFO:root:Time: 00d 00h 09m 53s, num timesteps 32880, FPS 55,
	Rewards: per step mean/med/min/max, rew: 0.0032/0.0006/0.0000/0.0677,
	Losses: Policy Loss value/action/dist: 0.038/-0.011/1.078,
INFO:root:Time: 00d 00h 09m 57s, num timesteps 33120, FPS 55,
	Rewards: per step mean/med/min/max, rew: 0.0032/0.0006/0.0000/0.0677,
	Losses: Policy Loss value/action/dist: 0.038/-0.011/1.078,
INFO:root:Time: 00d 00h 10m 01s, num timesteps 33360, FPS 55,
	Rewards: per step mean/med/min/max, rew: 0.0032/0.0006/0.0000/0.0677,
	Losses: Policy Loss value/action/dist: 0.038/-0.011/1.078,
INFO:root:Time: 00d 00h 10m 08s, num timesteps 33600, FPS 55,
	Rewards: per step mean/med/min/max, rew: 0.0032/0.0006/0.0000/0.0677,
	Losses: Policy Loss value/action/dist: 0.038/-0.012/1.076,
INFO:root:Time: 00d 00h 10m 12s, num timesteps 33840, FPS 55,
	Rewards: per step mean/med/min/max, rew: 0.0032/0.0007/0.0000/0.0677,
	Losses: Policy Loss value/action/dist: 0.038/-0.012/1.076,
INFO:root:Time: 00d 00h 10m 16s, num timesteps 34080, FPS 55,
	Rewards: per step mean/med/min/max, rew: 0.0032/0.0007/0.0000/0.0677,
	Losses: Policy Loss value/action/dist: 0.038/-0.012/1.076,
INFO:root:Time: 00d 00h 10m 20s, num timesteps 34320, FPS 55,
	Rewards: per step mean/med/min/max, rew: 0.0032/0.0007/0.0000/0.0677,
	Losses: Policy Loss value/action/dist: 0.038/-0.012/1.076,
INFO:root:Time: 00d 00h 10m 24s, num timesteps 34560, FPS 55,
	Rewards: per step mean/med/min/max, rew: 0.0032/0.0006/0.0000/0.0677,
	Losses: Policy Loss value/action/dist: 0.038/-0.012/1.076,
INFO:root:Time: 00d 00h 10m 28s, num timesteps 34800, FPS 55,
	Rewards: per step mean/med/min/max, rew: 0.0032/0.0007/0.0000/0.0677,
	Losses: Policy Loss value/action/dist: 0.038/-0.012/1.076,
INFO:root:Time: 00d 00h 10m 31s, num timesteps 35040, FPS 55,
	Rewards: per step mean/med/min/max, rew: 0.0032/0.0007/0.0000/0.0677,
	Losses: Policy Loss value/action/dist: 0.038/-0.012/1.076,
INFO:root:Time: 00d 00h 10m 35s, num timesteps 35280, FPS 55,
	Rewards: per step mean/med/min/max, rew: 0.0032/0.0007/0.0000/0.0677,
	Losses: Policy Loss value/action/dist: 0.038/-0.012/1.076,
INFO:root:Time: 00d 00h 10m 39s, num timesteps 35520, FPS 55,
	Rewards: per step mean/med/min/max, rew: 0.0032/0.0008/0.0000/0.0677,
	Losses: Policy Loss value/action/dist: 0.038/-0.012/1.076,
INFO:root:Time: 00d 00h 10m 43s, num timesteps 35760, FPS 55,
	Rewards: per step mean/med/min/max, rew: 0.0033/0.0008/0.0000/0.0677,
	Losses: Policy Loss value/action/dist: 0.038/-0.012/1.076,
INFO:root:Time: 00d 00h 10m 50s, num timesteps 36000, FPS 55,
	Rewards: per step mean/med/min/max, rew: 0.0033/0.0007/0.0000/0.0677,
	Losses: Policy Loss value/action/dist: 0.036/-0.013/1.074,
INFO:root:Time: 00d 00h 10m 54s, num timesteps 36240, FPS 55,
	Rewards: per step mean/med/min/max, rew: 0.0033/0.0007/0.0000/0.0677,
	Losses: Policy Loss value/action/dist: 0.036/-0.013/1.074,
INFO:root:Time: 00d 00h 10m 58s, num timesteps 36480, FPS 55,
	Rewards: per step mean/med/min/max, rew: 0.0033/0.0008/0.0000/0.0677,
	Losses: Policy Loss value/action/dist: 0.036/-0.013/1.074,
INFO:root:Time: 00d 00h 11m 02s, num timesteps 36720, FPS 55,
	Rewards: per step mean/med/min/max, rew: 0.0033/0.0008/0.0000/0.0677,
	Losses: Policy Loss value/action/dist: 0.036/-0.013/1.074,
INFO:root:Time: 00d 00h 11m 06s, num timesteps 36960, FPS 55,
	Rewards: per step mean/med/min/max, rew: 0.0034/0.0008/0.0000/0.0677,
	Losses: Policy Loss value/action/dist: 0.036/-0.013/1.074,
INFO:root:Time: 00d 00h 11m 10s, num timesteps 37200, FPS 55,
	Rewards: per step mean/med/min/max, rew: 0.0035/0.0008/0.0000/0.0677,
	Losses: Policy Loss value/action/dist: 0.036/-0.013/1.074,
INFO:root:Time: 00d 00h 11m 14s, num timesteps 37440, FPS 55,
	Rewards: per step mean/med/min/max, rew: 0.0036/0.0009/0.0000/0.0677,
	Losses: Policy Loss value/action/dist: 0.036/-0.013/1.074,
INFO:root:Time: 00d 00h 11m 18s, num timesteps 37680, FPS 55,
	Rewards: per step mean/med/min/max, rew: 0.0036/0.0009/0.0000/0.0677,
	Losses: Policy Loss value/action/dist: 0.036/-0.013/1.074,
INFO:root:Time: 00d 00h 11m 21s, num timesteps 37920, FPS 55,
	Rewards: per step mean/med/min/max, rew: 0.0036/0.0009/0.0000/0.0677,
	Losses: Policy Loss value/action/dist: 0.036/-0.013/1.074,
INFO:root:Time: 00d 00h 11m 26s, num timesteps 38160, FPS 55,
	Rewards: per step mean/med/min/max, rew: 0.0036/0.0009/0.0000/0.0677,
	Losses: Policy Loss value/action/dist: 0.036/-0.013/1.074,
INFO:root:Time: 00d 00h 11m 32s, num timesteps 38400, FPS 55,
	Rewards: per step mean/med/min/max, rew: 0.0036/0.0009/0.0000/0.0677,
	Losses: Policy Loss value/action/dist: 0.042/-0.013/1.071,
INFO:root:Time: 00d 00h 11m 36s, num timesteps 38640, FPS 55,
	Rewards: per step mean/med/min/max, rew: 0.0036/0.0009/0.0000/0.0677,
	Losses: Policy Loss value/action/dist: 0.042/-0.013/1.071,
INFO:root:Time: 00d 00h 11m 40s, num timesteps 38880, FPS 55,
	Rewards: per step mean/med/min/max, rew: 0.0036/0.0009/0.0000/0.0677,
	Losses: Policy Loss value/action/dist: 0.042/-0.013/1.071,
INFO:root:Time: 00d 00h 11m 44s, num timesteps 39120, FPS 55,
	Rewards: per step mean/med/min/max, rew: 0.0036/0.0009/0.0000/0.0677,
	Losses: Policy Loss value/action/dist: 0.042/-0.013/1.071,
INFO:root:Time: 00d 00h 11m 48s, num timesteps 39360, FPS 55,
	Rewards: per step mean/med/min/max, rew: 0.0036/0.0009/0.0000/0.0677,
	Losses: Policy Loss value/action/dist: 0.042/-0.013/1.071,
INFO:root:Time: 00d 00h 11m 52s, num timesteps 39600, FPS 55,
	Rewards: per step mean/med/min/max, rew: 0.0036/0.0009/0.0000/0.0677,
	Losses: Policy Loss value/action/dist: 0.042/-0.013/1.071,
INFO:root:Time: 00d 00h 11m 57s, num timesteps 39840, FPS 55,
	Rewards: per step mean/med/min/max, rew: 0.0036/0.0009/0.0000/0.0677,
	Losses: Policy Loss value/action/dist: 0.042/-0.013/1.071,
INFO:root:Time: 00d 00h 12m 01s, num timesteps 40080, FPS 55,
	Rewards: per step mean/med/min/max, rew: 0.0036/0.0009/0.0000/0.0677,
	Losses: Policy Loss value/action/dist: 0.042/-0.013/1.071,
INFO:root:Time: 00d 00h 12m 05s, num timesteps 40320, FPS 55,
	Rewards: per step mean/med/min/max, rew: 0.0036/0.0009/0.0000/0.0677,
	Losses: Policy Loss value/action/dist: 0.042/-0.013/1.071,
INFO:root:Time: 00d 00h 12m 09s, num timesteps 40560, FPS 55,
	Rewards: per step mean/med/min/max, rew: 0.0036/0.0009/0.0000/0.0677,
	Losses: Policy Loss value/action/dist: 0.042/-0.013/1.071,
INFO:root:Time: 00d 00h 12m 15s, num timesteps 40800, FPS 55,
	Rewards: per step mean/med/min/max, rew: 0.0036/0.0010/0.0000/0.0677,
	Losses: Policy Loss value/action/dist: 0.043/-0.013/1.068,
INFO:root:Time: 00d 00h 12m 19s, num timesteps 41040, FPS 55,
	Rewards: per step mean/med/min/max, rew: 0.0036/0.0010/0.0000/0.0677,
	Losses: Policy Loss value/action/dist: 0.043/-0.013/1.068,
INFO:root:Time: 00d 00h 12m 24s, num timesteps 41280, FPS 55,
	Rewards: per step mean/med/min/max, rew: 0.0035/0.0009/0.0000/0.0677,
	Losses: Policy Loss value/action/dist: 0.043/-0.013/1.068,
INFO:root:Time: 00d 00h 12m 28s, num timesteps 41520, FPS 55,
	Rewards: per step mean/med/min/max, rew: 0.0035/0.0009/0.0000/0.0677,
	Losses: Policy Loss value/action/dist: 0.043/-0.013/1.068,
INFO:root:Time: 00d 00h 12m 32s, num timesteps 41760, FPS 55,
	Rewards: per step mean/med/min/max, rew: 0.0035/0.0009/0.0000/0.0677,
	Losses: Policy Loss value/action/dist: 0.043/-0.013/1.068,
INFO:root:Time: 00d 00h 12m 36s, num timesteps 42000, FPS 55,
	Rewards: per step mean/med/min/max, rew: 0.0035/0.0010/0.0000/0.0677,
	Losses: Policy Loss value/action/dist: 0.043/-0.013/1.068,
INFO:root:Time: 00d 00h 12m 40s, num timesteps 42240, FPS 55,
	Rewards: per step mean/med/min/max, rew: 0.0035/0.0010/0.0000/0.0677,
	Losses: Policy Loss value/action/dist: 0.043/-0.013/1.068,
INFO:root:Time: 00d 00h 12m 44s, num timesteps 42480, FPS 55,
	Rewards: per step mean/med/min/max, rew: 0.0035/0.0010/0.0000/0.0677,
	Losses: Policy Loss value/action/dist: 0.043/-0.013/1.068,
INFO:root:Time: 00d 00h 12m 48s, num timesteps 42720, FPS 55,
	Rewards: per step mean/med/min/max, rew: 0.0035/0.0010/0.0000/0.0677,
	Losses: Policy Loss value/action/dist: 0.043/-0.013/1.068,
INFO:root:Time: 00d 00h 12m 52s, num timesteps 42960, FPS 55,
	Rewards: per step mean/med/min/max, rew: 0.0035/0.0010/0.0000/0.0677,
	Losses: Policy Loss value/action/dist: 0.043/-0.013/1.068,
INFO:root:Time: 00d 00h 12m 59s, num timesteps 43200, FPS 55,
	Rewards: per step mean/med/min/max, rew: 0.0035/0.0010/0.0000/0.0677,
	Losses: Policy Loss value/action/dist: 0.041/-0.014/1.066,
INFO:root:Time: 00d 00h 13m 03s, num timesteps 43440, FPS 55,
	Rewards: per step mean/med/min/max, rew: 0.0035/0.0009/0.0000/0.0677,
	Losses: Policy Loss value/action/dist: 0.041/-0.014/1.066,
INFO:root:Time: 00d 00h 13m 07s, num timesteps 43680, FPS 55,
	Rewards: per step mean/med/min/max, rew: 0.0035/0.0009/0.0000/0.0677,
	Losses: Policy Loss value/action/dist: 0.041/-0.014/1.066,
INFO:root:Time: 00d 00h 13m 11s, num timesteps 43920, FPS 55,
	Rewards: per step mean/med/min/max, rew: 0.0035/0.0009/0.0000/0.0677,
	Losses: Policy Loss value/action/dist: 0.041/-0.014/1.066,
INFO:root:Time: 00d 00h 13m 15s, num timesteps 44160, FPS 55,
	Rewards: per step mean/med/min/max, rew: 0.0035/0.0009/0.0000/0.0677,
	Losses: Policy Loss value/action/dist: 0.041/-0.014/1.066,
INFO:root:Time: 00d 00h 13m 19s, num timesteps 44400, FPS 55,
	Rewards: per step mean/med/min/max, rew: 0.0035/0.0009/0.0000/0.0677,
	Losses: Policy Loss value/action/dist: 0.041/-0.014/1.066,
INFO:root:Time: 00d 00h 13m 23s, num timesteps 44640, FPS 55,
	Rewards: per step mean/med/min/max, rew: 0.0034/0.0009/0.0000/0.0677,
	Losses: Policy Loss value/action/dist: 0.041/-0.014/1.066,
INFO:root:Time: 00d 00h 13m 27s, num timesteps 44880, FPS 55,
	Rewards: per step mean/med/min/max, rew: 0.0034/0.0009/0.0000/0.0677,
	Losses: Policy Loss value/action/dist: 0.041/-0.014/1.066,
INFO:root:Time: 00d 00h 13m 31s, num timesteps 45120, FPS 55,
	Rewards: per step mean/med/min/max, rew: 0.0034/0.0009/0.0000/0.0677,
	Losses: Policy Loss value/action/dist: 0.041/-0.014/1.066,
INFO:root:Time: 00d 00h 13m 35s, num timesteps 45360, FPS 55,
	Rewards: per step mean/med/min/max, rew: 0.0034/0.0009/0.0000/0.0677,
	Losses: Policy Loss value/action/dist: 0.041/-0.014/1.066,
INFO:root:Time: 00d 00h 13m 42s, num timesteps 45600, FPS 55,
	Rewards: per step mean/med/min/max, rew: 0.0035/0.0009/0.0000/0.0677,
	Losses: Policy Loss value/action/dist: 0.039/-0.014/1.064,
INFO:root:Time: 00d 00h 13m 46s, num timesteps 45840, FPS 55,
	Rewards: per step mean/med/min/max, rew: 0.0035/0.0009/0.0000/0.0677,
	Losses: Policy Loss value/action/dist: 0.039/-0.014/1.064,
INFO:root:Time: 00d 00h 13m 50s, num timesteps 46080, FPS 55,
	Rewards: per step mean/med/min/max, rew: 0.0035/0.0009/0.0000/0.0677,
	Losses: Policy Loss value/action/dist: 0.039/-0.014/1.064,
INFO:root:Time: 00d 00h 13m 54s, num timesteps 46320, FPS 55,
	Rewards: per step mean/med/min/max, rew: 0.0035/0.0009/0.0000/0.0677,
	Losses: Policy Loss value/action/dist: 0.039/-0.014/1.064,
INFO:root:Time: 00d 00h 13m 58s, num timesteps 46560, FPS 55,
	Rewards: per step mean/med/min/max, rew: 0.0035/0.0009/0.0000/0.0677,
	Losses: Policy Loss value/action/dist: 0.039/-0.014/1.064,
INFO:root:Time: 00d 00h 14m 03s, num timesteps 46800, FPS 55,
	Rewards: per step mean/med/min/max, rew: 0.0035/0.0009/0.0000/0.0677,
	Losses: Policy Loss value/action/dist: 0.039/-0.014/1.064,
INFO:root:Time: 00d 00h 14m 06s, num timesteps 47040, FPS 55,
	Rewards: per step mean/med/min/max, rew: 0.0034/0.0009/0.0000/0.0677,
	Losses: Policy Loss value/action/dist: 0.039/-0.014/1.064,
INFO:root:Time: 00d 00h 14m 10s, num timesteps 47280, FPS 55,
	Rewards: per step mean/med/min/max, rew: 0.0035/0.0010/0.0000/0.0677,
	Losses: Policy Loss value/action/dist: 0.039/-0.014/1.064,
INFO:root:Time: 00d 00h 14m 14s, num timesteps 47520, FPS 55,
	Rewards: per step mean/med/min/max, rew: 0.0035/0.0009/0.0000/0.0677,
	Losses: Policy Loss value/action/dist: 0.039/-0.014/1.064,
INFO:root:Time: 00d 00h 14m 19s, num timesteps 47760, FPS 55,
	Rewards: per step mean/med/min/max, rew: 0.0034/0.0009/0.0000/0.0677,
	Losses: Policy Loss value/action/dist: 0.039/-0.014/1.064,
INFO:root:Time: 00d 00h 14m 25s, num timesteps 48000, FPS 55,
	Rewards: per step mean/med/min/max, rew: 0.0035/0.0010/0.0000/0.0677,
	Losses: Policy Loss value/action/dist: 0.037/-0.015/1.062,
INFO:root:Time: 00d 00h 14m 29s, num timesteps 48240, FPS 55,
	Rewards: per step mean/med/min/max, rew: 0.0035/0.0010/0.0000/0.0677,
	Losses: Policy Loss value/action/dist: 0.037/-0.015/1.062,
INFO:root:Time: 00d 00h 14m 34s, num timesteps 48480, FPS 55,
	Rewards: per step mean/med/min/max, rew: 0.0034/0.0010/0.0000/0.0677,
	Losses: Policy Loss value/action/dist: 0.037/-0.015/1.062,
INFO:root:Time: 00d 00h 14m 38s, num timesteps 48720, FPS 55,
	Rewards: per step mean/med/min/max, rew: 0.0034/0.0010/0.0000/0.0677,
	Losses: Policy Loss value/action/dist: 0.037/-0.015/1.062,
INFO:root:Time: 00d 00h 14m 42s, num timesteps 48960, FPS 55,
	Rewards: per step mean/med/min/max, rew: 0.0034/0.0009/0.0000/0.0677,
	Losses: Policy Loss value/action/dist: 0.037/-0.015/1.062,
INFO:root:Time: 00d 00h 14m 46s, num timesteps 49200, FPS 55,
	Rewards: per step mean/med/min/max, rew: 0.0034/0.0009/0.0000/0.0677,
	Losses: Policy Loss value/action/dist: 0.037/-0.015/1.062,
INFO:root:Time: 00d 00h 14m 50s, num timesteps 49440, FPS 55,
	Rewards: per step mean/med/min/max, rew: 0.0032/0.0009/0.0000/0.0677,
	Losses: Policy Loss value/action/dist: 0.037/-0.015/1.062,
INFO:root:Time: 00d 00h 14m 54s, num timesteps 49680, FPS 55,
	Rewards: per step mean/med/min/max, rew: 0.0032/0.0009/0.0000/0.0677,
	Losses: Policy Loss value/action/dist: 0.037/-0.015/1.062,
INFO:root:Time: 00d 00h 14m 58s, num timesteps 49920, FPS 55,
	Rewards: per step mean/med/min/max, rew: 0.0032/0.0009/0.0000/0.0677,
	Losses: Policy Loss value/action/dist: 0.037/-0.015/1.062,
INFO:root:Time: 00d 00h 15m 02s, num timesteps 50160, FPS 55,
	Rewards: per step mean/med/min/max, rew: 0.0032/0.0009/0.0000/0.0677,
	Losses: Policy Loss value/action/dist: 0.037/-0.015/1.062,
INFO:root:Time: 00d 00h 15m 08s, num timesteps 50400, FPS 55,
	Rewards: per step mean/med/min/max, rew: 0.0032/0.0008/0.0000/0.0677,
	Losses: Policy Loss value/action/dist: 0.038/-0.015/1.059,
INFO:root:Time: 00d 00h 15m 12s, num timesteps 50640, FPS 55,
	Rewards: per step mean/med/min/max, rew: 0.0031/0.0008/0.0000/0.0677,
	Losses: Policy Loss value/action/dist: 0.038/-0.015/1.059,
INFO:root:Time: 00d 00h 15m 16s, num timesteps 50880, FPS 55,
	Rewards: per step mean/med/min/max, rew: 0.0031/0.0008/0.0000/0.0677,
	Losses: Policy Loss value/action/dist: 0.038/-0.015/1.059,
INFO:root:Time: 00d 00h 15m 20s, num timesteps 51120, FPS 55,
	Rewards: per step mean/med/min/max, rew: 0.0031/0.0008/0.0000/0.0677,
	Losses: Policy Loss value/action/dist: 0.038/-0.015/1.059,
INFO:root:Time: 00d 00h 15m 23s, num timesteps 51360, FPS 55,
	Rewards: per step mean/med/min/max, rew: 0.0030/0.0007/0.0000/0.0523,
	Losses: Policy Loss value/action/dist: 0.038/-0.015/1.059,
INFO:root:Time: 00d 00h 15m 27s, num timesteps 51600, FPS 55,
	Rewards: per step mean/med/min/max, rew: 0.0029/0.0007/0.0000/0.0523,
	Losses: Policy Loss value/action/dist: 0.038/-0.015/1.059,
INFO:root:Time: 00d 00h 15m 31s, num timesteps 51840, FPS 55,
	Rewards: per step mean/med/min/max, rew: 0.0030/0.0007/0.0000/0.0523,
	Losses: Policy Loss value/action/dist: 0.038/-0.015/1.059,
INFO:root:Time: 00d 00h 15m 35s, num timesteps 52080, FPS 55,
	Rewards: per step mean/med/min/max, rew: 0.0031/0.0007/0.0000/0.0523,
	Losses: Policy Loss value/action/dist: 0.038/-0.015/1.059,
INFO:root:Time: 00d 00h 15m 39s, num timesteps 52320, FPS 55,
	Rewards: per step mean/med/min/max, rew: 0.0032/0.0008/0.0000/0.0523,
	Losses: Policy Loss value/action/dist: 0.038/-0.015/1.059,
INFO:root:Time: 00d 00h 15m 43s, num timesteps 52560, FPS 55,
	Rewards: per step mean/med/min/max, rew: 0.0032/0.0008/0.0000/0.0523,
	Losses: Policy Loss value/action/dist: 0.038/-0.015/1.059,
INFO:root:Time: 00d 00h 15m 50s, num timesteps 52800, FPS 55,
	Rewards: per step mean/med/min/max, rew: 0.0032/0.0008/0.0000/0.0523,
	Losses: Policy Loss value/action/dist: 0.041/-0.015/1.057,
INFO:root:Time: 00d 00h 15m 54s, num timesteps 53040, FPS 55,
	Rewards: per step mean/med/min/max, rew: 0.0033/0.0008/0.0000/0.0523,
	Losses: Policy Loss value/action/dist: 0.041/-0.015/1.057,
INFO:root:Time: 00d 00h 15m 58s, num timesteps 53280, FPS 55,
	Rewards: per step mean/med/min/max, rew: 0.0033/0.0008/0.0000/0.0523,
	Losses: Policy Loss value/action/dist: 0.041/-0.015/1.057,
INFO:root:Time: 00d 00h 16m 02s, num timesteps 53520, FPS 55,
	Rewards: per step mean/med/min/max, rew: 0.0033/0.0008/0.0000/0.0523,
	Losses: Policy Loss value/action/dist: 0.041/-0.015/1.057,
INFO:root:Time: 00d 00h 16m 06s, num timesteps 53760, FPS 55,
	Rewards: per step mean/med/min/max, rew: 0.0034/0.0009/0.0000/0.0523,
	Losses: Policy Loss value/action/dist: 0.041/-0.015/1.057,
INFO:root:Time: 00d 00h 16m 10s, num timesteps 54000, FPS 55,
	Rewards: per step mean/med/min/max, rew: 0.0035/0.0009/0.0000/0.0523,
	Losses: Policy Loss value/action/dist: 0.041/-0.015/1.057,
INFO:root:Time: 00d 00h 16m 14s, num timesteps 54240, FPS 55,
	Rewards: per step mean/med/min/max, rew: 0.0035/0.0009/0.0000/0.0523,
	Losses: Policy Loss value/action/dist: 0.041/-0.015/1.057,
INFO:root:Time: 00d 00h 16m 18s, num timesteps 54480, FPS 55,
	Rewards: per step mean/med/min/max, rew: 0.0035/0.0009/0.0000/0.0523,
	Losses: Policy Loss value/action/dist: 0.041/-0.015/1.057,
INFO:root:Time: 00d 00h 16m 21s, num timesteps 54720, FPS 55,
	Rewards: per step mean/med/min/max, rew: 0.0035/0.0009/0.0000/0.0523,
	Losses: Policy Loss value/action/dist: 0.041/-0.015/1.057,
INFO:root:Time: 00d 00h 16m 25s, num timesteps 54960, FPS 55,
	Rewards: per step mean/med/min/max, rew: 0.0035/0.0009/0.0000/0.0523,
	Losses: Policy Loss value/action/dist: 0.041/-0.015/1.057,
INFO:root:Time: 00d 00h 16m 32s, num timesteps 55200, FPS 55,
	Rewards: per step mean/med/min/max, rew: 0.0035/0.0009/0.0000/0.0523,
	Losses: Policy Loss value/action/dist: 0.042/-0.015/1.055,
INFO:root:Time: 00d 00h 16m 36s, num timesteps 55440, FPS 55,
	Rewards: per step mean/med/min/max, rew: 0.0034/0.0009/0.0000/0.0523,
	Losses: Policy Loss value/action/dist: 0.042/-0.015/1.055,
INFO:root:Time: 00d 00h 16m 40s, num timesteps 55680, FPS 55,
	Rewards: per step mean/med/min/max, rew: 0.0034/0.0009/0.0000/0.0523,
	Losses: Policy Loss value/action/dist: 0.042/-0.015/1.055,
INFO:root:Time: 00d 00h 16m 44s, num timesteps 55920, FPS 55,
	Rewards: per step mean/med/min/max, rew: 0.0034/0.0009/0.0000/0.0523,
	Losses: Policy Loss value/action/dist: 0.042/-0.015/1.055,
INFO:root:Time: 00d 00h 16m 48s, num timesteps 56160, FPS 55,
	Rewards: per step mean/med/min/max, rew: 0.0034/0.0009/0.0000/0.0523,
	Losses: Policy Loss value/action/dist: 0.042/-0.015/1.055,
INFO:root:Time: 00d 00h 16m 52s, num timesteps 56400, FPS 55,
	Rewards: per step mean/med/min/max, rew: 0.0034/0.0009/0.0000/0.0523,
	Losses: Policy Loss value/action/dist: 0.042/-0.015/1.055,
INFO:root:Time: 00d 00h 16m 56s, num timesteps 56640, FPS 55,
	Rewards: per step mean/med/min/max, rew: 0.0034/0.0009/0.0000/0.0523,
	Losses: Policy Loss value/action/dist: 0.042/-0.015/1.055,
INFO:root:Time: 00d 00h 17m 00s, num timesteps 56880, FPS 55,
	Rewards: per step mean/med/min/max, rew: 0.0033/0.0008/0.0000/0.0523,
	Losses: Policy Loss value/action/dist: 0.042/-0.015/1.055,
INFO:root:Time: 00d 00h 17m 04s, num timesteps 57120, FPS 55,
	Rewards: per step mean/med/min/max, rew: 0.0033/0.0008/0.0000/0.0523,
	Losses: Policy Loss value/action/dist: 0.042/-0.015/1.055,
INFO:root:Time: 00d 00h 17m 08s, num timesteps 57360, FPS 55,
	Rewards: per step mean/med/min/max, rew: 0.0033/0.0008/0.0000/0.0523,
	Losses: Policy Loss value/action/dist: 0.042/-0.015/1.055,
INFO:root:Time: 00d 00h 17m 15s, num timesteps 57600, FPS 55,
	Rewards: per step mean/med/min/max, rew: 0.0034/0.0008/0.0000/0.0523,
	Losses: Policy Loss value/action/dist: 0.043/-0.015/1.053,
INFO:root:Time: 00d 00h 17m 19s, num timesteps 57840, FPS 55,
	Rewards: per step mean/med/min/max, rew: 0.0033/0.0008/0.0000/0.0523,
	Losses: Policy Loss value/action/dist: 0.043/-0.015/1.053,
INFO:root:Time: 00d 00h 17m 23s, num timesteps 58080, FPS 55,
	Rewards: per step mean/med/min/max, rew: 0.0033/0.0008/0.0000/0.0523,
	Losses: Policy Loss value/action/dist: 0.043/-0.015/1.053,
INFO:root:Time: 00d 00h 17m 27s, num timesteps 58320, FPS 55,
	Rewards: per step mean/med/min/max, rew: 0.0034/0.0008/0.0000/0.0523,
	Losses: Policy Loss value/action/dist: 0.043/-0.015/1.053,
INFO:root:Time: 00d 00h 17m 31s, num timesteps 58560, FPS 55,
	Rewards: per step mean/med/min/max, rew: 0.0034/0.0008/0.0000/0.0523,
	Losses: Policy Loss value/action/dist: 0.043/-0.015/1.053,
INFO:root:Time: 00d 00h 17m 35s, num timesteps 58800, FPS 55,
	Rewards: per step mean/med/min/max, rew: 0.0034/0.0008/0.0000/0.0523,
	Losses: Policy Loss value/action/dist: 0.043/-0.015/1.053,
INFO:root:Time: 00d 00h 17m 39s, num timesteps 59040, FPS 55,
	Rewards: per step mean/med/min/max, rew: 0.0034/0.0008/0.0000/0.0523,
	Losses: Policy Loss value/action/dist: 0.043/-0.015/1.053,
INFO:root:Time: 00d 00h 17m 44s, num timesteps 59280, FPS 55,
	Rewards: per step mean/med/min/max, rew: 0.0034/0.0008/0.0000/0.0523,
	Losses: Policy Loss value/action/dist: 0.043/-0.015/1.053,
INFO:root:Time: 00d 00h 17m 48s, num timesteps 59520, FPS 55,
	Rewards: per step mean/med/min/max, rew: 0.0034/0.0008/0.0000/0.0523,
	Losses: Policy Loss value/action/dist: 0.043/-0.015/1.053,
INFO:root:Time: 00d 00h 17m 52s, num timesteps 59760, FPS 55,
	Rewards: per step mean/med/min/max, rew: 0.0034/0.0008/0.0000/0.0523,
	Losses: Policy Loss value/action/dist: 0.043/-0.015/1.053,
INFO:root:Time: 00d 00h 17m 58s, num timesteps 60000, FPS 55,
	Rewards: per step mean/med/min/max, rew: 0.0034/0.0008/0.0000/0.0523,
	Losses: Policy Loss value/action/dist: 0.041/-0.015/1.050,
INFO:root:Time: 00d 00h 18m 02s, num timesteps 60240, FPS 55,
	Rewards: per step mean/med/min/max, rew: 0.0033/0.0008/0.0000/0.0523,
	Losses: Policy Loss value/action/dist: 0.041/-0.015/1.050,
INFO:root:Time: 00d 00h 18m 07s, num timesteps 60480, FPS 55,
	Rewards: per step mean/med/min/max, rew: 0.0033/0.0008/0.0000/0.0523,
	Losses: Policy Loss value/action/dist: 0.041/-0.015/1.050,
INFO:root:Time: 00d 00h 18m 11s, num timesteps 60720, FPS 55,
	Rewards: per step mean/med/min/max, rew: 0.0034/0.0008/0.0000/0.0523,
	Losses: Policy Loss value/action/dist: 0.041/-0.015/1.050,
INFO:root:Time: 00d 00h 18m 15s, num timesteps 60960, FPS 55,
	Rewards: per step mean/med/min/max, rew: 0.0033/0.0008/0.0000/0.0523,
	Losses: Policy Loss value/action/dist: 0.041/-0.015/1.050,
INFO:root:Time: 00d 00h 18m 19s, num timesteps 61200, FPS 55,
	Rewards: per step mean/med/min/max, rew: 0.0033/0.0008/0.0000/0.0443,
	Losses: Policy Loss value/action/dist: 0.041/-0.015/1.050,
INFO:root:Time: 00d 00h 18m 23s, num timesteps 61440, FPS 55,
	Rewards: per step mean/med/min/max, rew: 0.0032/0.0007/0.0000/0.0443,
	Losses: Policy Loss value/action/dist: 0.041/-0.015/1.050,
INFO:root:Time: 00d 00h 18m 27s, num timesteps 61680, FPS 55,
	Rewards: per step mean/med/min/max, rew: 0.0032/0.0007/0.0000/0.0443,
	Losses: Policy Loss value/action/dist: 0.041/-0.015/1.050,
INFO:root:Time: 00d 00h 18m 31s, num timesteps 61920, FPS 55,
	Rewards: per step mean/med/min/max, rew: 0.0031/0.0007/0.0000/0.0443,
	Losses: Policy Loss value/action/dist: 0.041/-0.015/1.050,
INFO:root:Time: 00d 00h 18m 35s, num timesteps 62160, FPS 55,
	Rewards: per step mean/med/min/max, rew: 0.0031/0.0007/0.0000/0.0443,
	Losses: Policy Loss value/action/dist: 0.041/-0.015/1.050,
INFO:root:Time: 00d 00h 18m 42s, num timesteps 62400, FPS 55,
	Rewards: per step mean/med/min/max, rew: 0.0031/0.0007/0.0000/0.0443,
	Losses: Policy Loss value/action/dist: 0.043/-0.015/1.048,
INFO:root:Time: 00d 00h 18m 46s, num timesteps 62640, FPS 55,
	Rewards: per step mean/med/min/max, rew: 0.0031/0.0007/0.0000/0.0443,
	Losses: Policy Loss value/action/dist: 0.043/-0.015/1.048,
INFO:root:Time: 00d 00h 18m 50s, num timesteps 62880, FPS 55,
	Rewards: per step mean/med/min/max, rew: 0.0031/0.0006/0.0000/0.0443,
	Losses: Policy Loss value/action/dist: 0.043/-0.015/1.048,
INFO:root:Time: 00d 00h 18m 54s, num timesteps 63120, FPS 55,
	Rewards: per step mean/med/min/max, rew: 0.0031/0.0007/0.0000/0.0443,
	Losses: Policy Loss value/action/dist: 0.043/-0.015/1.048,
INFO:root:Time: 00d 00h 18m 58s, num timesteps 63360, FPS 55,
	Rewards: per step mean/med/min/max, rew: 0.0032/0.0007/0.0000/0.0443,
	Losses: Policy Loss value/action/dist: 0.043/-0.015/1.048,
INFO:root:Time: 00d 00h 19m 02s, num timesteps 63600, FPS 55,
	Rewards: per step mean/med/min/max, rew: 0.0031/0.0007/0.0000/0.0483,
	Losses: Policy Loss value/action/dist: 0.043/-0.015/1.048,
INFO:root:Time: 00d 00h 19m 06s, num timesteps 63840, FPS 55,
	Rewards: per step mean/med/min/max, rew: 0.0032/0.0006/0.0000/0.0483,
	Losses: Policy Loss value/action/dist: 0.043/-0.015/1.048,
INFO:root:Time: 00d 00h 19m 10s, num timesteps 64080, FPS 55,
	Rewards: per step mean/med/min/max, rew: 0.0031/0.0006/0.0000/0.0483,
	Losses: Policy Loss value/action/dist: 0.043/-0.015/1.048,
INFO:root:Time: 00d 00h 19m 15s, num timesteps 64320, FPS 55,
	Rewards: per step mean/med/min/max, rew: 0.0031/0.0006/0.0000/0.0483,
	Losses: Policy Loss value/action/dist: 0.043/-0.015/1.048,
INFO:root:Time: 00d 00h 19m 19s, num timesteps 64560, FPS 55,
	Rewards: per step mean/med/min/max, rew: 0.0031/0.0006/0.0000/0.0483,
	Losses: Policy Loss value/action/dist: 0.043/-0.015/1.048,
INFO:root:Time: 00d 00h 19m 26s, num timesteps 64800, FPS 55,
	Rewards: per step mean/med/min/max, rew: 0.0031/0.0006/0.0000/0.0483,
	Losses: Policy Loss value/action/dist: 0.042/-0.015/1.046,
INFO:root:Time: 00d 00h 19m 30s, num timesteps 65040, FPS 55,
	Rewards: per step mean/med/min/max, rew: 0.0032/0.0007/0.0000/0.0483,
	Losses: Policy Loss value/action/dist: 0.042/-0.015/1.046,
INFO:root:Time: 00d 00h 19m 34s, num timesteps 65280, FPS 55,
	Rewards: per step mean/med/min/max, rew: 0.0032/0.0007/0.0000/0.0483,
	Losses: Policy Loss value/action/dist: 0.042/-0.015/1.046,
INFO:root:Time: 00d 00h 19m 38s, num timesteps 65520, FPS 55,
	Rewards: per step mean/med/min/max, rew: 0.0032/0.0007/0.0000/0.0483,
	Losses: Policy Loss value/action/dist: 0.042/-0.015/1.046,
INFO:root:Time: 00d 00h 19m 42s, num timesteps 65760, FPS 55,
	Rewards: per step mean/med/min/max, rew: 0.0032/0.0007/0.0000/0.0483,
	Losses: Policy Loss value/action/dist: 0.042/-0.015/1.046,
INFO:root:Time: 00d 00h 19m 46s, num timesteps 66000, FPS 55,
	Rewards: per step mean/med/min/max, rew: 0.0032/0.0007/0.0000/0.0483,
	Losses: Policy Loss value/action/dist: 0.042/-0.015/1.046,
INFO:root:Time: 00d 00h 19m 50s, num timesteps 66240, FPS 55,
	Rewards: per step mean/med/min/max, rew: 0.0032/0.0007/0.0000/0.0483,
	Losses: Policy Loss value/action/dist: 0.042/-0.015/1.046,
INFO:root:Time: 00d 00h 19m 54s, num timesteps 66480, FPS 55,
	Rewards: per step mean/med/min/max, rew: 0.0032/0.0007/0.0000/0.0483,
	Losses: Policy Loss value/action/dist: 0.042/-0.015/1.046,
INFO:root:Time: 00d 00h 19m 59s, num timesteps 66720, FPS 55,
	Rewards: per step mean/med/min/max, rew: 0.0032/0.0007/0.0000/0.0483,
	Losses: Policy Loss value/action/dist: 0.042/-0.015/1.046,
INFO:root:Time: 00d 00h 20m 03s, num timesteps 66960, FPS 55,
	Rewards: per step mean/med/min/max, rew: 0.0032/0.0007/0.0000/0.0483,
	Losses: Policy Loss value/action/dist: 0.042/-0.015/1.046,
INFO:root:Time: 00d 00h 20m 09s, num timesteps 67200, FPS 55,
	Rewards: per step mean/med/min/max, rew: 0.0032/0.0007/0.0000/0.0483,
	Losses: Policy Loss value/action/dist: 0.041/-0.016/1.044,
INFO:root:Time: 00d 00h 20m 13s, num timesteps 67440, FPS 55,
	Rewards: per step mean/med/min/max, rew: 0.0032/0.0007/0.0000/0.0509,
	Losses: Policy Loss value/action/dist: 0.041/-0.016/1.044,
INFO:root:Time: 00d 00h 20m 17s, num timesteps 67680, FPS 55,
	Rewards: per step mean/med/min/max, rew: 0.0033/0.0007/0.0000/0.0509,
	Losses: Policy Loss value/action/dist: 0.041/-0.016/1.044,
INFO:root:Time: 00d 00h 20m 22s, num timesteps 67920, FPS 55,
	Rewards: per step mean/med/min/max, rew: 0.0033/0.0007/0.0000/0.0509,
	Losses: Policy Loss value/action/dist: 0.041/-0.016/1.044,
INFO:root:Time: 00d 00h 20m 26s, num timesteps 68160, FPS 55,
	Rewards: per step mean/med/min/max, rew: 0.0033/0.0007/0.0000/0.0509,
	Losses: Policy Loss value/action/dist: 0.041/-0.016/1.044,
INFO:root:Time: 00d 00h 20m 30s, num timesteps 68400, FPS 55,
	Rewards: per step mean/med/min/max, rew: 0.0033/0.0007/0.0000/0.0509,
	Losses: Policy Loss value/action/dist: 0.041/-0.016/1.044,
INFO:root:Time: 00d 00h 20m 34s, num timesteps 68640, FPS 55,
	Rewards: per step mean/med/min/max, rew: 0.0033/0.0007/0.0000/0.0509,
	Losses: Policy Loss value/action/dist: 0.041/-0.016/1.044,
INFO:root:Time: 00d 00h 20m 38s, num timesteps 68880, FPS 55,
	Rewards: per step mean/med/min/max, rew: 0.0033/0.0007/0.0000/0.0509,
	Losses: Policy Loss value/action/dist: 0.041/-0.016/1.044,
INFO:root:Time: 00d 00h 20m 42s, num timesteps 69120, FPS 55,
	Rewards: per step mean/med/min/max, rew: 0.0033/0.0007/0.0000/0.0509,
	Losses: Policy Loss value/action/dist: 0.041/-0.016/1.044,
INFO:root:Time: 00d 00h 20m 46s, num timesteps 69360, FPS 55,
	Rewards: per step mean/med/min/max, rew: 0.0032/0.0007/0.0000/0.0509,
	Losses: Policy Loss value/action/dist: 0.041/-0.016/1.044,
INFO:root:Time: 00d 00h 20m 52s, num timesteps 69600, FPS 55,
	Rewards: per step mean/med/min/max, rew: 0.0032/0.0007/0.0000/0.0509,
	Losses: Policy Loss value/action/dist: 0.040/-0.016/1.042,
INFO:root:Time: 00d 00h 20m 57s, num timesteps 69840, FPS 55,
	Rewards: per step mean/med/min/max, rew: 0.0032/0.0007/0.0000/0.0509,
	Losses: Policy Loss value/action/dist: 0.040/-0.016/1.042,
INFO:root:Time: 00d 00h 21m 01s, num timesteps 70080, FPS 55,
	Rewards: per step mean/med/min/max, rew: 0.0032/0.0007/0.0000/0.0509,
	Losses: Policy Loss value/action/dist: 0.040/-0.016/1.042,
INFO:root:Time: 00d 00h 21m 05s, num timesteps 70320, FPS 55,
	Rewards: per step mean/med/min/max, rew: 0.0032/0.0007/0.0000/0.0509,
	Losses: Policy Loss value/action/dist: 0.040/-0.016/1.042,
INFO:root:Time: 00d 00h 21m 09s, num timesteps 70560, FPS 55,
	Rewards: per step mean/med/min/max, rew: 0.0032/0.0006/0.0000/0.0509,
	Losses: Policy Loss value/action/dist: 0.040/-0.016/1.042,
INFO:root:Time: 00d 00h 21m 13s, num timesteps 70800, FPS 55,
	Rewards: per step mean/med/min/max, rew: 0.0032/0.0006/0.0000/0.0509,
	Losses: Policy Loss value/action/dist: 0.040/-0.016/1.042,
INFO:root:Time: 00d 00h 21m 17s, num timesteps 71040, FPS 55,
	Rewards: per step mean/med/min/max, rew: 0.0032/0.0006/0.0000/0.0509,
	Losses: Policy Loss value/action/dist: 0.040/-0.016/1.042,
INFO:root:Time: 00d 00h 21m 21s, num timesteps 71280, FPS 55,
	Rewards: per step mean/med/min/max, rew: 0.0031/0.0006/0.0000/0.0509,
	Losses: Policy Loss value/action/dist: 0.040/-0.016/1.042,
INFO:root:Time: 00d 00h 21m 25s, num timesteps 71520, FPS 55,
	Rewards: per step mean/med/min/max, rew: 0.0031/0.0006/0.0000/0.0509,
	Losses: Policy Loss value/action/dist: 0.040/-0.016/1.042,
INFO:root:Time: 00d 00h 21m 29s, num timesteps 71760, FPS 55,
	Rewards: per step mean/med/min/max, rew: 0.0031/0.0006/0.0000/0.0509,
	Losses: Policy Loss value/action/dist: 0.040/-0.016/1.042,
INFO:root:Time: 00d 00h 21m 36s, num timesteps 72000, FPS 55,
	Rewards: per step mean/med/min/max, rew: 0.0031/0.0005/0.0000/0.0509,
	Losses: Policy Loss value/action/dist: 0.039/-0.016/1.040,
INFO:root:Time: 00d 00h 21m 40s, num timesteps 72240, FPS 55,
	Rewards: per step mean/med/min/max, rew: 0.0031/0.0005/0.0000/0.0509,
	Losses: Policy Loss value/action/dist: 0.039/-0.016/1.040,
INFO:root:Time: 00d 00h 21m 43s, num timesteps 72480, FPS 55,
	Rewards: per step mean/med/min/max, rew: 0.0032/0.0006/0.0000/0.0509,
	Losses: Policy Loss value/action/dist: 0.039/-0.016/1.040,
INFO:root:Time: 00d 00h 21m 47s, num timesteps 72720, FPS 55,
	Rewards: per step mean/med/min/max, rew: 0.0033/0.0006/0.0000/0.0509,
	Losses: Policy Loss value/action/dist: 0.039/-0.016/1.040,
INFO:root:Time: 00d 00h 21m 51s, num timesteps 72960, FPS 55,
	Rewards: per step mean/med/min/max, rew: 0.0034/0.0006/0.0000/0.0509,
	Losses: Policy Loss value/action/dist: 0.039/-0.016/1.040,
INFO:root:Time: 00d 00h 21m 55s, num timesteps 73200, FPS 55,
	Rewards: per step mean/med/min/max, rew: 0.0033/0.0006/0.0000/0.0509,
	Losses: Policy Loss value/action/dist: 0.039/-0.016/1.040,
INFO:root:Time: 00d 00h 21m 59s, num timesteps 73440, FPS 55,
	Rewards: per step mean/med/min/max, rew: 0.0033/0.0006/0.0000/0.0509,
	Losses: Policy Loss value/action/dist: 0.039/-0.016/1.040,
INFO:root:Time: 00d 00h 22m 03s, num timesteps 73680, FPS 55,
	Rewards: per step mean/med/min/max, rew: 0.0033/0.0006/0.0000/0.0509,
	Losses: Policy Loss value/action/dist: 0.039/-0.016/1.040,
INFO:root:Time: 00d 00h 22m 07s, num timesteps 73920, FPS 55,
	Rewards: per step mean/med/min/max, rew: 0.0033/0.0006/0.0000/0.0509,
	Losses: Policy Loss value/action/dist: 0.039/-0.016/1.040,
INFO:root:Time: 00d 00h 22m 10s, num timesteps 74160, FPS 55,
	Rewards: per step mean/med/min/max, rew: 0.0034/0.0006/0.0000/0.0509,
	Losses: Policy Loss value/action/dist: 0.039/-0.016/1.040,
INFO:root:Time: 00d 00h 22m 17s, num timesteps 74400, FPS 55,
	Rewards: per step mean/med/min/max, rew: 0.0034/0.0006/0.0000/0.0509,
	Losses: Policy Loss value/action/dist: 0.040/-0.016/1.037,
INFO:root:Time: 00d 00h 22m 21s, num timesteps 74640, FPS 55,
	Rewards: per step mean/med/min/max, rew: 0.0034/0.0006/0.0000/0.0509,
	Losses: Policy Loss value/action/dist: 0.040/-0.016/1.037,
INFO:root:Time: 00d 00h 22m 25s, num timesteps 74880, FPS 55,
	Rewards: per step mean/med/min/max, rew: 0.0035/0.0007/0.0000/0.0509,
	Losses: Policy Loss value/action/dist: 0.040/-0.016/1.037,
INFO:root:Time: 00d 00h 22m 29s, num timesteps 75120, FPS 55,
	Rewards: per step mean/med/min/max, rew: 0.0035/0.0007/0.0000/0.0509,
	Losses: Policy Loss value/action/dist: 0.040/-0.016/1.037,
INFO:root:Time: 00d 00h 22m 32s, num timesteps 75360, FPS 55,
	Rewards: per step mean/med/min/max, rew: 0.0035/0.0007/0.0000/0.0509,
	Losses: Policy Loss value/action/dist: 0.040/-0.016/1.037,
INFO:root:Time: 00d 00h 22m 36s, num timesteps 75600, FPS 55,
	Rewards: per step mean/med/min/max, rew: 0.0035/0.0007/0.0000/0.0509,
	Losses: Policy Loss value/action/dist: 0.040/-0.016/1.037,
INFO:root:Time: 00d 00h 22m 40s, num timesteps 75840, FPS 55,
	Rewards: per step mean/med/min/max, rew: 0.0035/0.0007/0.0000/0.0509,
	Losses: Policy Loss value/action/dist: 0.040/-0.016/1.037,
INFO:root:Time: 00d 00h 22m 44s, num timesteps 76080, FPS 55,
	Rewards: per step mean/med/min/max, rew: 0.0035/0.0007/0.0000/0.0509,
	Losses: Policy Loss value/action/dist: 0.040/-0.016/1.037,
INFO:root:Time: 00d 00h 22m 48s, num timesteps 76320, FPS 55,
	Rewards: per step mean/med/min/max, rew: 0.0033/0.0007/0.0000/0.0509,
	Losses: Policy Loss value/action/dist: 0.040/-0.016/1.037,
INFO:root:Time: 00d 00h 22m 52s, num timesteps 76560, FPS 55,
	Rewards: per step mean/med/min/max, rew: 0.0034/0.0007/0.0000/0.0509,
	Losses: Policy Loss value/action/dist: 0.040/-0.016/1.037,
INFO:root:Time: 00d 00h 22m 58s, num timesteps 76800, FPS 55,
	Rewards: per step mean/med/min/max, rew: 0.0033/0.0006/0.0000/0.0509,
	Losses: Policy Loss value/action/dist: 0.040/-0.016/1.035,
INFO:root:Time: 00d 00h 23m 02s, num timesteps 77040, FPS 55,
	Rewards: per step mean/med/min/max, rew: 0.0032/0.0006/0.0000/0.0509,
	Losses: Policy Loss value/action/dist: 0.040/-0.016/1.035,
INFO:root:Time: 00d 00h 23m 06s, num timesteps 77280, FPS 55,
	Rewards: per step mean/med/min/max, rew: 0.0032/0.0006/0.0000/0.0509,
	Losses: Policy Loss value/action/dist: 0.040/-0.016/1.035,
INFO:root:Time: 00d 00h 23m 10s, num timesteps 77520, FPS 55,
	Rewards: per step mean/med/min/max, rew: 0.0032/0.0006/0.0000/0.0509,
	Losses: Policy Loss value/action/dist: 0.040/-0.016/1.035,
INFO:root:Time: 00d 00h 23m 14s, num timesteps 77760, FPS 55,
	Rewards: per step mean/med/min/max, rew: 0.0031/0.0006/0.0000/0.0509,
	Losses: Policy Loss value/action/dist: 0.040/-0.016/1.035,
INFO:root:Time: 00d 00h 23m 18s, num timesteps 78000, FPS 55,
	Rewards: per step mean/med/min/max, rew: 0.0030/0.0006/0.0000/0.0509,
	Losses: Policy Loss value/action/dist: 0.040/-0.016/1.035,
INFO:root:Time: 00d 00h 23m 21s, num timesteps 78240, FPS 55,
	Rewards: per step mean/med/min/max, rew: 0.0030/0.0006/0.0000/0.0509,
	Losses: Policy Loss value/action/dist: 0.040/-0.016/1.035,
INFO:root:Time: 00d 00h 23m 25s, num timesteps 78480, FPS 55,
	Rewards: per step mean/med/min/max, rew: 0.0030/0.0006/0.0000/0.0509,
	Losses: Policy Loss value/action/dist: 0.040/-0.016/1.035,
INFO:root:Time: 00d 00h 23m 29s, num timesteps 78720, FPS 55,
	Rewards: per step mean/med/min/max, rew: 0.0030/0.0006/0.0000/0.0509,
	Losses: Policy Loss value/action/dist: 0.040/-0.016/1.035,
INFO:root:Time: 00d 00h 23m 33s, num timesteps 78960, FPS 55,
	Rewards: per step mean/med/min/max, rew: 0.0030/0.0005/0.0000/0.0509,
	Losses: Policy Loss value/action/dist: 0.040/-0.016/1.035,
INFO:root:Time: 00d 00h 23m 40s, num timesteps 79200, FPS 55,
	Rewards: per step mean/med/min/max, rew: 0.0030/0.0005/0.0000/0.0509,
	Losses: Policy Loss value/action/dist: 0.039/-0.016/1.032,
INFO:root:Time: 00d 00h 23m 44s, num timesteps 79440, FPS 55,
	Rewards: per step mean/med/min/max, rew: 0.0030/0.0005/0.0000/0.0509,
	Losses: Policy Loss value/action/dist: 0.039/-0.016/1.032,
INFO:root:Time: 00d 00h 23m 47s, num timesteps 79680, FPS 55,
	Rewards: per step mean/med/min/max, rew: 0.0030/0.0005/0.0000/0.0509,
	Losses: Policy Loss value/action/dist: 0.039/-0.016/1.032,
INFO:root:Time: 00d 00h 23m 51s, num timesteps 79920, FPS 55,
	Rewards: per step mean/med/min/max, rew: 0.0030/0.0005/0.0000/0.0509,
	Losses: Policy Loss value/action/dist: 0.039/-0.016/1.032,
INFO:root:Time: 00d 00h 23m 55s, num timesteps 80160, FPS 55,
	Rewards: per step mean/med/min/max, rew: 0.0030/0.0005/0.0000/0.0509,
	Losses: Policy Loss value/action/dist: 0.039/-0.016/1.032,
INFO:root:Time: 00d 00h 23m 59s, num timesteps 80400, FPS 55,
	Rewards: per step mean/med/min/max, rew: 0.0030/0.0005/0.0000/0.0509,
	Losses: Policy Loss value/action/dist: 0.039/-0.016/1.032,
INFO:root:Time: 00d 00h 24m 03s, num timesteps 80640, FPS 55,
	Rewards: per step mean/med/min/max, rew: 0.0030/0.0005/0.0000/0.0509,
	Losses: Policy Loss value/action/dist: 0.039/-0.016/1.032,
INFO:root:Time: 00d 00h 24m 07s, num timesteps 80880, FPS 55,
	Rewards: per step mean/med/min/max, rew: 0.0031/0.0006/0.0000/0.0509,
	Losses: Policy Loss value/action/dist: 0.039/-0.016/1.032,
INFO:root:Time: 00d 00h 24m 11s, num timesteps 81120, FPS 55,
	Rewards: per step mean/med/min/max, rew: 0.0030/0.0006/0.0000/0.0509,
	Losses: Policy Loss value/action/dist: 0.039/-0.016/1.032,
INFO:root:Time: 00d 00h 24m 15s, num timesteps 81360, FPS 55,
	Rewards: per step mean/med/min/max, rew: 0.0030/0.0006/0.0000/0.0509,
	Losses: Policy Loss value/action/dist: 0.039/-0.016/1.032,
INFO:root:Time: 00d 00h 24m 21s, num timesteps 81600, FPS 55,
	Rewards: per step mean/med/min/max, rew: 0.0030/0.0006/0.0000/0.0509,
	Losses: Policy Loss value/action/dist: 0.039/-0.016/1.030,
INFO:root:Time: 00d 00h 24m 25s, num timesteps 81840, FPS 55,
	Rewards: per step mean/med/min/max, rew: 0.0030/0.0005/0.0000/0.0509,
	Losses: Policy Loss value/action/dist: 0.039/-0.016/1.030,
INFO:root:Time: 00d 00h 24m 29s, num timesteps 82080, FPS 55,
	Rewards: per step mean/med/min/max, rew: 0.0030/0.0005/0.0000/0.0509,
	Losses: Policy Loss value/action/dist: 0.039/-0.016/1.030,
INFO:root:Time: 00d 00h 24m 33s, num timesteps 82320, FPS 55,
	Rewards: per step mean/med/min/max, rew: 0.0029/0.0005/0.0000/0.0509,
	Losses: Policy Loss value/action/dist: 0.039/-0.016/1.030,
INFO:root:Time: 00d 00h 24m 37s, num timesteps 82560, FPS 55,
	Rewards: per step mean/med/min/max, rew: 0.0029/0.0005/0.0000/0.0509,
	Losses: Policy Loss value/action/dist: 0.039/-0.016/1.030,
INFO:root:Time: 00d 00h 24m 40s, num timesteps 82800, FPS 55,
	Rewards: per step mean/med/min/max, rew: 0.0029/0.0005/0.0000/0.0509,
	Losses: Policy Loss value/action/dist: 0.039/-0.016/1.030,
INFO:root:Time: 00d 00h 24m 44s, num timesteps 83040, FPS 55,
	Rewards: per step mean/med/min/max, rew: 0.0029/0.0005/0.0000/0.0509,
	Losses: Policy Loss value/action/dist: 0.039/-0.016/1.030,
INFO:root:Time: 00d 00h 24m 48s, num timesteps 83280, FPS 55,
	Rewards: per step mean/med/min/max, rew: 0.0029/0.0005/0.0000/0.0509,
	Losses: Policy Loss value/action/dist: 0.039/-0.016/1.030,
INFO:root:Time: 00d 00h 24m 52s, num timesteps 83520, FPS 55,
	Rewards: per step mean/med/min/max, rew: 0.0029/0.0005/0.0000/0.0509,
	Losses: Policy Loss value/action/dist: 0.039/-0.016/1.030,
INFO:root:Time: 00d 00h 24m 56s, num timesteps 83760, FPS 55,
	Rewards: per step mean/med/min/max, rew: 0.0029/0.0005/0.0000/0.0509,
	Losses: Policy Loss value/action/dist: 0.039/-0.016/1.030,
INFO:root:Time: 00d 00h 25m 02s, num timesteps 84000, FPS 55,
	Rewards: per step mean/med/min/max, rew: 0.0029/0.0005/0.0000/0.0509,
	Losses: Policy Loss value/action/dist: 0.038/-0.016/1.029,
INFO:root:Time: 00d 00h 25m 07s, num timesteps 84240, FPS 55,
	Rewards: per step mean/med/min/max, rew: 0.0029/0.0005/0.0000/0.0509,
	Losses: Policy Loss value/action/dist: 0.038/-0.016/1.029,
INFO:root:Time: 00d 00h 25m 10s, num timesteps 84480, FPS 55,
	Rewards: per step mean/med/min/max, rew: 0.0029/0.0006/0.0000/0.0509,
	Losses: Policy Loss value/action/dist: 0.038/-0.016/1.029,
INFO:root:Time: 00d 00h 25m 14s, num timesteps 84720, FPS 55,
	Rewards: per step mean/med/min/max, rew: 0.0028/0.0005/0.0000/0.0509,
	Losses: Policy Loss value/action/dist: 0.038/-0.016/1.029,
INFO:root:Time: 00d 00h 25m 18s, num timesteps 84960, FPS 55,
	Rewards: per step mean/med/min/max, rew: 0.0029/0.0005/0.0000/0.0509,
	Losses: Policy Loss value/action/dist: 0.038/-0.016/1.029,
INFO:root:Time: 00d 00h 25m 22s, num timesteps 85200, FPS 55,
	Rewards: per step mean/med/min/max, rew: 0.0028/0.0005/0.0000/0.0509,
	Losses: Policy Loss value/action/dist: 0.038/-0.016/1.029,
INFO:root:Time: 00d 00h 25m 26s, num timesteps 85440, FPS 55,
	Rewards: per step mean/med/min/max, rew: 0.0028/0.0005/0.0000/0.0509,
	Losses: Policy Loss value/action/dist: 0.038/-0.016/1.029,
INFO:root:Time: 00d 00h 25m 30s, num timesteps 85680, FPS 55,
	Rewards: per step mean/med/min/max, rew: 0.0028/0.0005/0.0000/0.0509,
	Losses: Policy Loss value/action/dist: 0.038/-0.016/1.029,
INFO:root:Time: 00d 00h 25m 34s, num timesteps 85920, FPS 56,
	Rewards: per step mean/med/min/max, rew: 0.0029/0.0006/0.0000/0.0509,
	Losses: Policy Loss value/action/dist: 0.038/-0.016/1.029,
INFO:root:Time: 00d 00h 25m 38s, num timesteps 86160, FPS 56,
	Rewards: per step mean/med/min/max, rew: 0.0030/0.0006/0.0000/0.0509,
	Losses: Policy Loss value/action/dist: 0.038/-0.016/1.029,
INFO:root:Time: 00d 00h 25m 44s, num timesteps 86400, FPS 55,
	Rewards: per step mean/med/min/max, rew: 0.0030/0.0006/0.0000/0.0509,
	Losses: Policy Loss value/action/dist: 0.040/-0.016/1.027,
INFO:root:Time: 00d 00h 25m 48s, num timesteps 86640, FPS 55,
	Rewards: per step mean/med/min/max, rew: 0.0030/0.0006/0.0000/0.0509,
	Losses: Policy Loss value/action/dist: 0.040/-0.016/1.027,
INFO:root:Time: 00d 00h 25m 52s, num timesteps 86880, FPS 55,
	Rewards: per step mean/med/min/max, rew: 0.0031/0.0006/0.0000/0.0509,
	Losses: Policy Loss value/action/dist: 0.040/-0.016/1.027,
INFO:root:Time: 00d 00h 25m 56s, num timesteps 87120, FPS 55,
	Rewards: per step mean/med/min/max, rew: 0.0031/0.0006/0.0000/0.0509,
	Losses: Policy Loss value/action/dist: 0.040/-0.016/1.027,
INFO:root:Time: 00d 00h 26m 00s, num timesteps 87360, FPS 55,
	Rewards: per step mean/med/min/max, rew: 0.0030/0.0006/0.0000/0.0509,
	Losses: Policy Loss value/action/dist: 0.040/-0.016/1.027,
INFO:root:Time: 00d 00h 26m 04s, num timesteps 87600, FPS 55,
	Rewards: per step mean/med/min/max, rew: 0.0030/0.0006/0.0000/0.0509,
	Losses: Policy Loss value/action/dist: 0.040/-0.016/1.027,
INFO:root:Time: 00d 00h 26m 08s, num timesteps 87840, FPS 56,
	Rewards: per step mean/med/min/max, rew: 0.0030/0.0006/0.0000/0.0509,
	Losses: Policy Loss value/action/dist: 0.040/-0.016/1.027,
INFO:root:Time: 00d 00h 26m 12s, num timesteps 88080, FPS 56,
	Rewards: per step mean/med/min/max, rew: 0.0031/0.0006/0.0000/0.0509,
	Losses: Policy Loss value/action/dist: 0.040/-0.016/1.027,
INFO:root:Time: 00d 00h 26m 16s, num timesteps 88320, FPS 56,
	Rewards: per step mean/med/min/max, rew: 0.0031/0.0006/0.0000/0.0509,
	Losses: Policy Loss value/action/dist: 0.040/-0.016/1.027,
INFO:root:Time: 00d 00h 26m 20s, num timesteps 88560, FPS 56,
	Rewards: per step mean/med/min/max, rew: 0.0031/0.0006/0.0000/0.0509,
	Losses: Policy Loss value/action/dist: 0.040/-0.016/1.027,
INFO:root:Time: 00d 00h 26m 26s, num timesteps 88800, FPS 55,
	Rewards: per step mean/med/min/max, rew: 0.0031/0.0006/0.0000/0.0509,
	Losses: Policy Loss value/action/dist: 0.040/-0.016/1.025,
INFO:root:Time: 00d 00h 26m 30s, num timesteps 89040, FPS 55,
	Rewards: per step mean/med/min/max, rew: 0.0031/0.0006/0.0000/0.0509,
	Losses: Policy Loss value/action/dist: 0.040/-0.016/1.025,
INFO:root:Time: 00d 00h 26m 34s, num timesteps 89280, FPS 55,
	Rewards: per step mean/med/min/max, rew: 0.0031/0.0007/0.0000/0.0509,
	Losses: Policy Loss value/action/dist: 0.040/-0.016/1.025,
INFO:root:Time: 00d 00h 26m 38s, num timesteps 89520, FPS 55,
	Rewards: per step mean/med/min/max, rew: 0.0031/0.0007/0.0000/0.0509,
	Losses: Policy Loss value/action/dist: 0.040/-0.016/1.025,
INFO:root:Time: 00d 00h 26m 43s, num timesteps 89760, FPS 55,
	Rewards: per step mean/med/min/max, rew: 0.0031/0.0007/0.0000/0.0509,
	Losses: Policy Loss value/action/dist: 0.040/-0.016/1.025,
INFO:root:Time: 00d 00h 26m 47s, num timesteps 90000, FPS 55,
	Rewards: per step mean/med/min/max, rew: 0.0031/0.0006/0.0000/0.0509,
	Losses: Policy Loss value/action/dist: 0.040/-0.016/1.025,
INFO:root:Time: 00d 00h 26m 51s, num timesteps 90240, FPS 55,
	Rewards: per step mean/med/min/max, rew: 0.0032/0.0006/0.0000/0.0509,
	Losses: Policy Loss value/action/dist: 0.040/-0.016/1.025,
INFO:root:Time: 00d 00h 26m 55s, num timesteps 90480, FPS 56,
	Rewards: per step mean/med/min/max, rew: 0.0032/0.0006/0.0000/0.0509,
	Losses: Policy Loss value/action/dist: 0.040/-0.016/1.025,
INFO:root:Time: 00d 00h 26m 59s, num timesteps 90720, FPS 56,
	Rewards: per step mean/med/min/max, rew: 0.0032/0.0007/0.0000/0.0509,
	Losses: Policy Loss value/action/dist: 0.040/-0.016/1.025,
INFO:root:Time: 00d 00h 27m 03s, num timesteps 90960, FPS 56,
	Rewards: per step mean/med/min/max, rew: 0.0032/0.0007/0.0000/0.0509,
	Losses: Policy Loss value/action/dist: 0.040/-0.016/1.025,
INFO:root:Time: 00d 00h 27m 10s, num timesteps 91200, FPS 55,
	Rewards: per step mean/med/min/max, rew: 0.0032/0.0007/0.0000/0.0509,
	Losses: Policy Loss value/action/dist: 0.040/-0.016/1.023,
INFO:root:Time: 00d 00h 27m 14s, num timesteps 91440, FPS 55,
	Rewards: per step mean/med/min/max, rew: 0.0032/0.0007/0.0000/0.0466,
	Losses: Policy Loss value/action/dist: 0.040/-0.016/1.023,
INFO:root:Time: 00d 00h 27m 18s, num timesteps 91680, FPS 55,
	Rewards: per step mean/med/min/max, rew: 0.0032/0.0007/0.0000/0.0466,
	Losses: Policy Loss value/action/dist: 0.040/-0.016/1.023,
INFO:root:Time: 00d 00h 27m 22s, num timesteps 91920, FPS 55,
	Rewards: per step mean/med/min/max, rew: 0.0032/0.0007/0.0000/0.0466,
	Losses: Policy Loss value/action/dist: 0.040/-0.016/1.023,
INFO:root:Time: 00d 00h 27m 26s, num timesteps 92160, FPS 55,
	Rewards: per step mean/med/min/max, rew: 0.0032/0.0007/0.0000/0.0466,
	Losses: Policy Loss value/action/dist: 0.040/-0.016/1.023,
INFO:root:Time: 00d 00h 27m 30s, num timesteps 92400, FPS 55,
	Rewards: per step mean/med/min/max, rew: 0.0032/0.0007/0.0000/0.0466,
	Losses: Policy Loss value/action/dist: 0.040/-0.016/1.023,
INFO:root:Time: 00d 00h 27m 34s, num timesteps 92640, FPS 55,
	Rewards: per step mean/med/min/max, rew: 0.0032/0.0007/0.0000/0.0466,
	Losses: Policy Loss value/action/dist: 0.040/-0.016/1.023,
INFO:root:Time: 00d 00h 27m 38s, num timesteps 92880, FPS 55,
	Rewards: per step mean/med/min/max, rew: 0.0032/0.0007/0.0000/0.0466,
	Losses: Policy Loss value/action/dist: 0.040/-0.016/1.023,
INFO:root:Time: 00d 00h 27m 42s, num timesteps 93120, FPS 55,
	Rewards: per step mean/med/min/max, rew: 0.0032/0.0007/0.0000/0.0466,
	Losses: Policy Loss value/action/dist: 0.040/-0.016/1.023,
INFO:root:Time: 00d 00h 27m 46s, num timesteps 93360, FPS 56,
	Rewards: per step mean/med/min/max, rew: 0.0033/0.0007/0.0000/0.0466,
	Losses: Policy Loss value/action/dist: 0.040/-0.016/1.023,
INFO:root:Time: 00d 00h 27m 53s, num timesteps 93600, FPS 55,
	Rewards: per step mean/med/min/max, rew: 0.0033/0.0007/0.0000/0.0466,
	Losses: Policy Loss value/action/dist: 0.040/-0.016/1.021,
INFO:root:Time: 00d 00h 27m 57s, num timesteps 93840, FPS 55,
	Rewards: per step mean/med/min/max, rew: 0.0033/0.0007/0.0000/0.0466,
	Losses: Policy Loss value/action/dist: 0.040/-0.016/1.021,
INFO:root:Time: 00d 00h 28m 01s, num timesteps 94080, FPS 55,
	Rewards: per step mean/med/min/max, rew: 0.0033/0.0007/0.0000/0.0466,
	Losses: Policy Loss value/action/dist: 0.040/-0.016/1.021,
INFO:root:Time: 00d 00h 28m 05s, num timesteps 94320, FPS 55,
	Rewards: per step mean/med/min/max, rew: 0.0033/0.0007/0.0000/0.0466,
	Losses: Policy Loss value/action/dist: 0.040/-0.016/1.021,
INFO:root:Time: 00d 00h 28m 09s, num timesteps 94560, FPS 55,
	Rewards: per step mean/med/min/max, rew: 0.0033/0.0008/0.0000/0.0466,
	Losses: Policy Loss value/action/dist: 0.040/-0.016/1.021,
INFO:root:Time: 00d 00h 28m 13s, num timesteps 94800, FPS 55,
	Rewards: per step mean/med/min/max, rew: 0.0033/0.0008/0.0000/0.0466,
	Losses: Policy Loss value/action/dist: 0.040/-0.016/1.021,
INFO:root:Time: 00d 00h 28m 17s, num timesteps 95040, FPS 55,
	Rewards: per step mean/med/min/max, rew: 0.0033/0.0008/0.0000/0.0466,
	Losses: Policy Loss value/action/dist: 0.040/-0.016/1.021,
INFO:root:Time: 00d 00h 28m 21s, num timesteps 95280, FPS 55,
	Rewards: per step mean/med/min/max, rew: 0.0033/0.0008/0.0000/0.0466,
	Losses: Policy Loss value/action/dist: 0.040/-0.016/1.021,
INFO:root:Time: 00d 00h 28m 25s, num timesteps 95520, FPS 55,
	Rewards: per step mean/med/min/max, rew: 0.0033/0.0008/0.0000/0.0466,
	Losses: Policy Loss value/action/dist: 0.040/-0.016/1.021,
INFO:root:Time: 00d 00h 28m 30s, num timesteps 95760, FPS 55,
	Rewards: per step mean/med/min/max, rew: 0.0034/0.0008/0.0000/0.0466,
	Losses: Policy Loss value/action/dist: 0.040/-0.016/1.021,
INFO:root:Time: 00d 00h 28m 36s, num timesteps 96000, FPS 55,
	Rewards: per step mean/med/min/max, rew: 0.0034/0.0008/0.0000/0.0466,
	Losses: Policy Loss value/action/dist: 0.039/-0.016/1.020,
INFO:root:Time: 00d 00h 28m 40s, num timesteps 96240, FPS 55,
	Rewards: per step mean/med/min/max, rew: 0.0035/0.0008/0.0000/0.0466,
	Losses: Policy Loss value/action/dist: 0.039/-0.016/1.020,
INFO:root:Time: 00d 00h 28m 45s, num timesteps 96480, FPS 55,
	Rewards: per step mean/med/min/max, rew: 0.0035/0.0008/0.0000/0.0466,
	Losses: Policy Loss value/action/dist: 0.039/-0.016/1.020,
INFO:root:Time: 00d 00h 28m 49s, num timesteps 96720, FPS 55,
	Rewards: per step mean/med/min/max, rew: 0.0034/0.0008/0.0000/0.0453,
	Losses: Policy Loss value/action/dist: 0.039/-0.016/1.020,
INFO:root:Time: 00d 00h 28m 53s, num timesteps 96960, FPS 55,
	Rewards: per step mean/med/min/max, rew: 0.0033/0.0008/0.0000/0.0453,
	Losses: Policy Loss value/action/dist: 0.039/-0.016/1.020,
INFO:root:Time: 00d 00h 28m 57s, num timesteps 97200, FPS 55,
	Rewards: per step mean/med/min/max, rew: 0.0033/0.0008/0.0000/0.0453,
	Losses: Policy Loss value/action/dist: 0.039/-0.016/1.020,
INFO:root:Time: 00d 00h 29m 01s, num timesteps 97440, FPS 55,
	Rewards: per step mean/med/min/max, rew: 0.0034/0.0008/0.0000/0.0453,
	Losses: Policy Loss value/action/dist: 0.039/-0.016/1.020,
INFO:root:Time: 00d 00h 29m 05s, num timesteps 97680, FPS 55,
	Rewards: per step mean/med/min/max, rew: 0.0034/0.0009/0.0000/0.0453,
	Losses: Policy Loss value/action/dist: 0.039/-0.016/1.020,
INFO:root:Time: 00d 00h 29m 09s, num timesteps 97920, FPS 55,
	Rewards: per step mean/med/min/max, rew: 0.0035/0.0009/0.0000/0.0453,
	Losses: Policy Loss value/action/dist: 0.039/-0.016/1.020,
INFO:root:Time: 00d 00h 29m 13s, num timesteps 98160, FPS 55,
	Rewards: per step mean/med/min/max, rew: 0.0035/0.0009/0.0000/0.0453,
	Losses: Policy Loss value/action/dist: 0.039/-0.016/1.020,
INFO:root:Time: 00d 00h 29m 19s, num timesteps 98400, FPS 55,
	Rewards: per step mean/med/min/max, rew: 0.0035/0.0009/0.0000/0.0453,
	Losses: Policy Loss value/action/dist: 0.040/-0.016/1.018,
INFO:root:Time: 00d 00h 29m 23s, num timesteps 98640, FPS 55,
	Rewards: per step mean/med/min/max, rew: 0.0035/0.0009/0.0000/0.0453,
	Losses: Policy Loss value/action/dist: 0.040/-0.016/1.018,
INFO:root:Time: 00d 00h 29m 28s, num timesteps 98880, FPS 55,
	Rewards: per step mean/med/min/max, rew: 0.0034/0.0009/0.0000/0.0453,
	Losses: Policy Loss value/action/dist: 0.040/-0.016/1.018,
INFO:root:Time: 00d 00h 29m 32s, num timesteps 99120, FPS 55,
	Rewards: per step mean/med/min/max, rew: 0.0035/0.0009/0.0000/0.0453,
	Losses: Policy Loss value/action/dist: 0.040/-0.016/1.018,
INFO:root:Time: 00d 00h 29m 36s, num timesteps 99360, FPS 55,
	Rewards: per step mean/med/min/max, rew: 0.0035/0.0009/0.0000/0.0453,
	Losses: Policy Loss value/action/dist: 0.040/-0.016/1.018,
INFO:root:Time: 00d 00h 29m 40s, num timesteps 99600, FPS 55,
	Rewards: per step mean/med/min/max, rew: 0.0035/0.0009/0.0000/0.0453,
	Losses: Policy Loss value/action/dist: 0.040/-0.016/1.018,
INFO:root:Time: 00d 00h 29m 44s, num timesteps 99840, FPS 55,
	Rewards: per step mean/med/min/max, rew: 0.0034/0.0009/0.0000/0.0453,
	Losses: Policy Loss value/action/dist: 0.040/-0.016/1.018,
INFO:root:Time: 00d 00h 29m 48s, num timesteps 100080, FPS 55,
	Rewards: per step mean/med/min/max, rew: 0.0034/0.0009/0.0000/0.0453,
	Losses: Policy Loss value/action/dist: 0.040/-0.016/1.018,
INFO:root:Time: 00d 00h 29m 52s, num timesteps 100320, FPS 55,
	Rewards: per step mean/med/min/max, rew: 0.0034/0.0009/0.0000/0.0453,
	Losses: Policy Loss value/action/dist: 0.040/-0.016/1.018,
INFO:root:Time: 00d 00h 29m 56s, num timesteps 100560, FPS 55,
	Rewards: per step mean/med/min/max, rew: 0.0034/0.0009/0.0000/0.0453,
	Losses: Policy Loss value/action/dist: 0.040/-0.016/1.018,
INFO:root:Time: 00d 00h 30m 02s, num timesteps 100800, FPS 55,
	Rewards: per step mean/med/min/max, rew: 0.0034/0.0010/0.0000/0.0453,
	Losses: Policy Loss value/action/dist: 0.040/-0.016/1.017,
INFO:root:Time: 00d 00h 30m 06s, num timesteps 101040, FPS 55,
	Rewards: per step mean/med/min/max, rew: 0.0034/0.0010/0.0000/0.0453,
	Losses: Policy Loss value/action/dist: 0.040/-0.016/1.017,
INFO:root:Time: 00d 00h 30m 10s, num timesteps 101280, FPS 55,
	Rewards: per step mean/med/min/max, rew: 0.0034/0.0010/0.0000/0.0453,
	Losses: Policy Loss value/action/dist: 0.040/-0.016/1.017,
INFO:root:Time: 00d 00h 30m 15s, num timesteps 101520, FPS 55,
	Rewards: per step mean/med/min/max, rew: 0.0034/0.0010/0.0000/0.0453,
	Losses: Policy Loss value/action/dist: 0.040/-0.016/1.017,
INFO:root:Time: 00d 00h 30m 19s, num timesteps 101760, FPS 55,
	Rewards: per step mean/med/min/max, rew: 0.0034/0.0010/0.0000/0.0453,
	Losses: Policy Loss value/action/dist: 0.040/-0.016/1.017,
INFO:root:Time: 00d 00h 30m 23s, num timesteps 102000, FPS 55,
	Rewards: per step mean/med/min/max, rew: 0.0035/0.0010/0.0000/0.0493,
	Losses: Policy Loss value/action/dist: 0.040/-0.016/1.017,
INFO:root:Time: 00d 00h 30m 27s, num timesteps 102240, FPS 55,
	Rewards: per step mean/med/min/max, rew: 0.0035/0.0010/0.0000/0.0493,
	Losses: Policy Loss value/action/dist: 0.040/-0.016/1.017,
INFO:root:Time: 00d 00h 30m 31s, num timesteps 102480, FPS 55,
	Rewards: per step mean/med/min/max, rew: 0.0035/0.0011/0.0000/0.0493,
	Losses: Policy Loss value/action/dist: 0.040/-0.016/1.017,
INFO:root:Time: 00d 00h 30m 35s, num timesteps 102720, FPS 55,
	Rewards: per step mean/med/min/max, rew: 0.0035/0.0011/0.0000/0.0493,
	Losses: Policy Loss value/action/dist: 0.040/-0.016/1.017,
INFO:root:Time: 00d 00h 30m 39s, num timesteps 102960, FPS 55,
	Rewards: per step mean/med/min/max, rew: 0.0035/0.0010/0.0000/0.0493,
	Losses: Policy Loss value/action/dist: 0.040/-0.016/1.017,
INFO:root:Time: 00d 00h 30m 46s, num timesteps 103200, FPS 55,
	Rewards: per step mean/med/min/max, rew: 0.0035/0.0010/0.0000/0.0493,
	Losses: Policy Loss value/action/dist: 0.040/-0.016/1.015,
INFO:root:Time: 00d 00h 30m 50s, num timesteps 103440, FPS 55,
	Rewards: per step mean/med/min/max, rew: 0.0035/0.0010/0.0000/0.0493,
	Losses: Policy Loss value/action/dist: 0.040/-0.016/1.015,
INFO:root:Time: 00d 00h 30m 54s, num timesteps 103680, FPS 55,
	Rewards: per step mean/med/min/max, rew: 0.0035/0.0010/0.0000/0.0493,
	Losses: Policy Loss value/action/dist: 0.040/-0.016/1.015,
INFO:root:Time: 00d 00h 30m 59s, num timesteps 103920, FPS 55,
	Rewards: per step mean/med/min/max, rew: 0.0035/0.0010/0.0000/0.0493,
	Losses: Policy Loss value/action/dist: 0.040/-0.016/1.015,
INFO:root:Time: 00d 00h 31m 03s, num timesteps 104160, FPS 55,
	Rewards: per step mean/med/min/max, rew: 0.0035/0.0010/0.0000/0.0493,
	Losses: Policy Loss value/action/dist: 0.040/-0.016/1.015,
INFO:root:Time: 00d 00h 31m 07s, num timesteps 104400, FPS 55,
	Rewards: per step mean/med/min/max, rew: 0.0035/0.0011/0.0000/0.0493,
	Losses: Policy Loss value/action/dist: 0.040/-0.016/1.015,
INFO:root:Time: 00d 00h 31m 11s, num timesteps 104640, FPS 55,
	Rewards: per step mean/med/min/max, rew: 0.0035/0.0010/0.0000/0.0493,
	Losses: Policy Loss value/action/dist: 0.040/-0.016/1.015,
INFO:root:Time: 00d 00h 31m 15s, num timesteps 104880, FPS 55,
	Rewards: per step mean/med/min/max, rew: 0.0034/0.0010/0.0000/0.0493,
	Losses: Policy Loss value/action/dist: 0.040/-0.016/1.015,
INFO:root:Time: 00d 00h 31m 19s, num timesteps 105120, FPS 55,
	Rewards: per step mean/med/min/max, rew: 0.0034/0.0010/0.0000/0.0493,
	Losses: Policy Loss value/action/dist: 0.040/-0.016/1.015,
INFO:root:Time: 00d 00h 31m 23s, num timesteps 105360, FPS 55,
	Rewards: per step mean/med/min/max, rew: 0.0034/0.0010/0.0000/0.0493,
	Losses: Policy Loss value/action/dist: 0.040/-0.016/1.015,
INFO:root:Time: 00d 00h 31m 30s, num timesteps 105600, FPS 55,
	Rewards: per step mean/med/min/max, rew: 0.0034/0.0010/0.0000/0.0493,
	Losses: Policy Loss value/action/dist: 0.039/-0.016/1.014,
INFO:root:Time: 00d 00h 31m 34s, num timesteps 105840, FPS 55,
	Rewards: per step mean/med/min/max, rew: 0.0034/0.0010/0.0000/0.0493,
	Losses: Policy Loss value/action/dist: 0.039/-0.016/1.014,
INFO:root:Time: 00d 00h 31m 38s, num timesteps 106080, FPS 55,
	Rewards: per step mean/med/min/max, rew: 0.0034/0.0010/0.0000/0.0493,
	Losses: Policy Loss value/action/dist: 0.039/-0.016/1.014,
INFO:root:Time: 00d 00h 31m 42s, num timesteps 106320, FPS 55,
	Rewards: per step mean/med/min/max, rew: 0.0034/0.0010/0.0000/0.0493,
	Losses: Policy Loss value/action/dist: 0.039/-0.016/1.014,
INFO:root:Time: 00d 00h 31m 46s, num timesteps 106560, FPS 55,
	Rewards: per step mean/med/min/max, rew: 0.0035/0.0011/0.0000/0.0493,
	Losses: Policy Loss value/action/dist: 0.039/-0.016/1.014,
INFO:root:Time: 00d 00h 31m 50s, num timesteps 106800, FPS 55,
	Rewards: per step mean/med/min/max, rew: 0.0035/0.0011/0.0000/0.0493,
	Losses: Policy Loss value/action/dist: 0.039/-0.016/1.014,
INFO:root:Time: 00d 00h 31m 54s, num timesteps 107040, FPS 55,
	Rewards: per step mean/med/min/max, rew: 0.0035/0.0011/0.0000/0.0493,
	Losses: Policy Loss value/action/dist: 0.039/-0.016/1.014,
INFO:root:Time: 00d 00h 31m 58s, num timesteps 107280, FPS 55,
	Rewards: per step mean/med/min/max, rew: 0.0035/0.0011/0.0000/0.0493,
	Losses: Policy Loss value/action/dist: 0.039/-0.016/1.014,
INFO:root:Time: 00d 00h 32m 02s, num timesteps 107520, FPS 55,
	Rewards: per step mean/med/min/max, rew: 0.0035/0.0011/0.0000/0.0493,
	Losses: Policy Loss value/action/dist: 0.039/-0.016/1.014,
INFO:root:Time: 00d 00h 32m 06s, num timesteps 107760, FPS 55,
	Rewards: per step mean/med/min/max, rew: 0.0035/0.0011/0.0000/0.0493,
	Losses: Policy Loss value/action/dist: 0.039/-0.016/1.014,
INFO:root:Time: 00d 00h 32m 13s, num timesteps 108000, FPS 55,
	Rewards: per step mean/med/min/max, rew: 0.0035/0.0011/0.0000/0.0493,
	Losses: Policy Loss value/action/dist: 0.038/-0.016/1.013,
INFO:root:Time: 00d 00h 32m 17s, num timesteps 108240, FPS 55,
	Rewards: per step mean/med/min/max, rew: 0.0036/0.0011/0.0000/0.0493,
	Losses: Policy Loss value/action/dist: 0.038/-0.016/1.013,
INFO:root:Time: 00d 00h 32m 21s, num timesteps 108480, FPS 55,
	Rewards: per step mean/med/min/max, rew: 0.0036/0.0011/0.0000/0.0493,
	Losses: Policy Loss value/action/dist: 0.038/-0.016/1.013,
INFO:root:Time: 00d 00h 32m 24s, num timesteps 108720, FPS 55,
	Rewards: per step mean/med/min/max, rew: 0.0036/0.0012/0.0000/0.0493,
	Losses: Policy Loss value/action/dist: 0.038/-0.016/1.013,
INFO:root:Time: 00d 00h 32m 28s, num timesteps 108960, FPS 55,
	Rewards: per step mean/med/min/max, rew: 0.0035/0.0011/0.0000/0.0493,
	Losses: Policy Loss value/action/dist: 0.038/-0.016/1.013,
INFO:root:Time: 00d 00h 32m 33s, num timesteps 109200, FPS 55,
	Rewards: per step mean/med/min/max, rew: 0.0035/0.0011/0.0000/0.0493,
	Losses: Policy Loss value/action/dist: 0.038/-0.016/1.013,
INFO:root:Time: 00d 00h 32m 37s, num timesteps 109440, FPS 55,
	Rewards: per step mean/med/min/max, rew: 0.0035/0.0011/0.0000/0.0493,
	Losses: Policy Loss value/action/dist: 0.038/-0.016/1.013,
INFO:root:Time: 00d 00h 32m 41s, num timesteps 109680, FPS 55,
	Rewards: per step mean/med/min/max, rew: 0.0035/0.0012/0.0000/0.0493,
	Losses: Policy Loss value/action/dist: 0.038/-0.016/1.013,
INFO:root:Time: 00d 00h 32m 44s, num timesteps 109920, FPS 55,
	Rewards: per step mean/med/min/max, rew: 0.0034/0.0011/0.0000/0.0493,
	Losses: Policy Loss value/action/dist: 0.038/-0.016/1.013,
INFO:root:Time: 00d 00h 32m 49s, num timesteps 110160, FPS 55,
	Rewards: per step mean/med/min/max, rew: 0.0033/0.0011/0.0000/0.0493,
	Losses: Policy Loss value/action/dist: 0.038/-0.016/1.013,
INFO:root:Time: 00d 00h 32m 56s, num timesteps 110400, FPS 55,
	Rewards: per step mean/med/min/max, rew: 0.0033/0.0011/0.0000/0.0493,
	Losses: Policy Loss value/action/dist: 0.039/-0.016/1.012,
INFO:root:Time: 00d 00h 33m 00s, num timesteps 110640, FPS 55,
	Rewards: per step mean/med/min/max, rew: 0.0033/0.0011/0.0000/0.0493,
	Losses: Policy Loss value/action/dist: 0.039/-0.016/1.012,
INFO:root:Time: 00d 00h 33m 04s, num timesteps 110880, FPS 55,
	Rewards: per step mean/med/min/max, rew: 0.0033/0.0011/0.0000/0.0493,
	Losses: Policy Loss value/action/dist: 0.039/-0.016/1.012,
INFO:root:Time: 00d 00h 33m 08s, num timesteps 111120, FPS 55,
	Rewards: per step mean/med/min/max, rew: 0.0033/0.0011/0.0000/0.0493,
	Losses: Policy Loss value/action/dist: 0.039/-0.016/1.012,
INFO:root:Time: 00d 00h 33m 12s, num timesteps 111360, FPS 55,
	Rewards: per step mean/med/min/max, rew: 0.0033/0.0011/0.0000/0.0493,
	Losses: Policy Loss value/action/dist: 0.039/-0.016/1.012,
INFO:root:Time: 00d 00h 33m 16s, num timesteps 111600, FPS 55,
	Rewards: per step mean/med/min/max, rew: 0.0034/0.0011/0.0000/0.0493,
	Losses: Policy Loss value/action/dist: 0.039/-0.016/1.012,
INFO:root:Time: 00d 00h 33m 20s, num timesteps 111840, FPS 55,
	Rewards: per step mean/med/min/max, rew: 0.0034/0.0011/0.0000/0.0493,
	Losses: Policy Loss value/action/dist: 0.039/-0.016/1.012,
INFO:root:Time: 00d 00h 33m 24s, num timesteps 112080, FPS 55,
	Rewards: per step mean/med/min/max, rew: 0.0033/0.0011/0.0000/0.0493,
	Losses: Policy Loss value/action/dist: 0.039/-0.016/1.012,
INFO:root:Time: 00d 00h 33m 28s, num timesteps 112320, FPS 55,
	Rewards: per step mean/med/min/max, rew: 0.0033/0.0011/0.0000/0.0493,
	Losses: Policy Loss value/action/dist: 0.039/-0.016/1.012,
INFO:root:Time: 00d 00h 33m 32s, num timesteps 112560, FPS 55,
	Rewards: per step mean/med/min/max, rew: 0.0033/0.0010/0.0000/0.0493,
	Losses: Policy Loss value/action/dist: 0.039/-0.016/1.012,
INFO:root:Time: 00d 00h 33m 38s, num timesteps 112800, FPS 55,
	Rewards: per step mean/med/min/max, rew: 0.0033/0.0010/0.0000/0.0493,
	Losses: Policy Loss value/action/dist: 0.038/-0.016/1.011,
INFO:root:Time: 00d 00h 33m 42s, num timesteps 113040, FPS 55,
	Rewards: per step mean/med/min/max, rew: 0.0033/0.0011/0.0000/0.0493,
	Losses: Policy Loss value/action/dist: 0.038/-0.016/1.011,
INFO:root:Time: 00d 00h 33m 46s, num timesteps 113280, FPS 55,
	Rewards: per step mean/med/min/max, rew: 0.0033/0.0010/0.0000/0.0493,
	Losses: Policy Loss value/action/dist: 0.038/-0.016/1.011,
INFO:root:Time: 00d 00h 33m 51s, num timesteps 113520, FPS 55,
	Rewards: per step mean/med/min/max, rew: 0.0033/0.0010/0.0000/0.0493,
	Losses: Policy Loss value/action/dist: 0.038/-0.016/1.011,
INFO:root:Time: 00d 00h 33m 55s, num timesteps 113760, FPS 55,
	Rewards: per step mean/med/min/max, rew: 0.0033/0.0010/0.0000/0.0493,
	Losses: Policy Loss value/action/dist: 0.038/-0.016/1.011,
INFO:root:Time: 00d 00h 33m 59s, num timesteps 114000, FPS 55,
	Rewards: per step mean/med/min/max, rew: 0.0033/0.0011/0.0000/0.0493,
	Losses: Policy Loss value/action/dist: 0.038/-0.016/1.011,
INFO:root:Time: 00d 00h 34m 03s, num timesteps 114240, FPS 55,
	Rewards: per step mean/med/min/max, rew: 0.0032/0.0010/0.0000/0.0493,
	Losses: Policy Loss value/action/dist: 0.038/-0.016/1.011,
INFO:root:Time: 00d 00h 34m 07s, num timesteps 114480, FPS 55,
	Rewards: per step mean/med/min/max, rew: 0.0032/0.0010/0.0000/0.0493,
	Losses: Policy Loss value/action/dist: 0.038/-0.016/1.011,
INFO:root:Time: 00d 00h 34m 11s, num timesteps 114720, FPS 55,
	Rewards: per step mean/med/min/max, rew: 0.0032/0.0010/0.0000/0.0493,
	Losses: Policy Loss value/action/dist: 0.038/-0.016/1.011,
INFO:root:Time: 00d 00h 34m 15s, num timesteps 114960, FPS 55,
	Rewards: per step mean/med/min/max, rew: 0.0032/0.0010/0.0000/0.0493,
	Losses: Policy Loss value/action/dist: 0.038/-0.016/1.011,
INFO:root:Time: 00d 00h 34m 22s, num timesteps 115200, FPS 55,
	Rewards: per step mean/med/min/max, rew: 0.0032/0.0010/0.0000/0.0493,
	Losses: Policy Loss value/action/dist: 0.038/-0.016/1.010,
INFO:root:Time: 00d 00h 34m 26s, num timesteps 115440, FPS 55,
	Rewards: per step mean/med/min/max, rew: 0.0032/0.0010/0.0000/0.0493,
	Losses: Policy Loss value/action/dist: 0.038/-0.016/1.010,
INFO:root:Time: 00d 00h 34m 30s, num timesteps 115680, FPS 55,
	Rewards: per step mean/med/min/max, rew: 0.0032/0.0010/0.0000/0.0493,
	Losses: Policy Loss value/action/dist: 0.038/-0.016/1.010,
INFO:root:Time: 00d 00h 34m 34s, num timesteps 115920, FPS 55,
	Rewards: per step mean/med/min/max, rew: 0.0032/0.0010/0.0000/0.0493,
	Losses: Policy Loss value/action/dist: 0.038/-0.016/1.010,
INFO:root:Time: 00d 00h 34m 38s, num timesteps 116160, FPS 55,
	Rewards: per step mean/med/min/max, rew: 0.0032/0.0010/0.0000/0.0493,
	Losses: Policy Loss value/action/dist: 0.038/-0.016/1.010,
INFO:root:Time: 00d 00h 34m 42s, num timesteps 116400, FPS 55,
	Rewards: per step mean/med/min/max, rew: 0.0033/0.0010/0.0000/0.0493,
	Losses: Policy Loss value/action/dist: 0.038/-0.016/1.010,
INFO:root:Time: 00d 00h 34m 46s, num timesteps 116640, FPS 55,
	Rewards: per step mean/med/min/max, rew: 0.0033/0.0010/0.0000/0.0493,
	Losses: Policy Loss value/action/dist: 0.038/-0.016/1.010,
INFO:root:Time: 00d 00h 34m 50s, num timesteps 116880, FPS 55,
	Rewards: per step mean/med/min/max, rew: 0.0033/0.0010/0.0000/0.0493,
	Losses: Policy Loss value/action/dist: 0.038/-0.016/1.010,
INFO:root:Time: 00d 00h 34m 55s, num timesteps 117120, FPS 55,
	Rewards: per step mean/med/min/max, rew: 0.0033/0.0010/0.0000/0.0493,
	Losses: Policy Loss value/action/dist: 0.038/-0.016/1.010,
INFO:root:Time: 00d 00h 34m 59s, num timesteps 117360, FPS 55,
	Rewards: per step mean/med/min/max, rew: 0.0033/0.0010/0.0000/0.0493,
	Losses: Policy Loss value/action/dist: 0.038/-0.016/1.010,
INFO:root:Time: 00d 00h 35m 06s, num timesteps 117600, FPS 55,
	Rewards: per step mean/med/min/max, rew: 0.0033/0.0010/0.0000/0.0493,
	Losses: Policy Loss value/action/dist: 0.038/-0.016/1.009,
INFO:root:Time: 00d 00h 35m 10s, num timesteps 117840, FPS 55,
	Rewards: per step mean/med/min/max, rew: 0.0033/0.0010/0.0000/0.0493,
	Losses: Policy Loss value/action/dist: 0.038/-0.016/1.009,
INFO:root:Time: 00d 00h 35m 14s, num timesteps 118080, FPS 55,
	Rewards: per step mean/med/min/max, rew: 0.0033/0.0010/0.0000/0.0493,
	Losses: Policy Loss value/action/dist: 0.038/-0.016/1.009,
INFO:root:Time: 00d 00h 35m 18s, num timesteps 118320, FPS 55,
	Rewards: per step mean/med/min/max, rew: 0.0033/0.0010/0.0000/0.0493,
	Losses: Policy Loss value/action/dist: 0.038/-0.016/1.009,
INFO:root:Time: 00d 00h 35m 22s, num timesteps 118560, FPS 55,
	Rewards: per step mean/med/min/max, rew: 0.0033/0.0010/0.0000/0.0493,
	Losses: Policy Loss value/action/dist: 0.038/-0.016/1.009,
INFO:root:Time: 00d 00h 35m 26s, num timesteps 118800, FPS 55,
	Rewards: per step mean/med/min/max, rew: 0.0033/0.0010/0.0000/0.0493,
	Losses: Policy Loss value/action/dist: 0.038/-0.016/1.009,
INFO:root:Time: 00d 00h 35m 30s, num timesteps 119040, FPS 55,
	Rewards: per step mean/med/min/max, rew: 0.0033/0.0010/0.0000/0.0493,
	Losses: Policy Loss value/action/dist: 0.038/-0.016/1.009,
INFO:root:Time: 00d 00h 35m 34s, num timesteps 119280, FPS 55,
	Rewards: per step mean/med/min/max, rew: 0.0033/0.0010/0.0000/0.0493,
	Losses: Policy Loss value/action/dist: 0.038/-0.016/1.009,
INFO:root:Time: 00d 00h 35m 38s, num timesteps 119520, FPS 55,
	Rewards: per step mean/med/min/max, rew: 0.0033/0.0009/0.0000/0.0493,
	Losses: Policy Loss value/action/dist: 0.038/-0.016/1.009,
INFO:root:Time: 00d 00h 35m 43s, num timesteps 119760, FPS 55,
	Rewards: per step mean/med/min/max, rew: 0.0032/0.0009/0.0000/0.0493,
	Losses: Policy Loss value/action/dist: 0.038/-0.016/1.009,
INFO:root:Time: 00d 00h 35m 49s, num timesteps 120000, FPS 55,
	Rewards: per step mean/med/min/max, rew: 0.0032/0.0009/0.0000/0.0493,
	Losses: Policy Loss value/action/dist: 0.037/-0.016/1.008,
INFO:root:Time: 00d 00h 35m 54s, num timesteps 120240, FPS 55,
	Rewards: per step mean/med/min/max, rew: 0.0033/0.0009/0.0000/0.0712,
	Losses: Policy Loss value/action/dist: 0.037/-0.016/1.008,
INFO:root:Time: 00d 00h 35m 58s, num timesteps 120480, FPS 55,
	Rewards: per step mean/med/min/max, rew: 0.0033/0.0009/0.0000/0.0712,
	Losses: Policy Loss value/action/dist: 0.037/-0.016/1.008,
INFO:root:Time: 00d 00h 36m 02s, num timesteps 120720, FPS 55,
	Rewards: per step mean/med/min/max, rew: 0.0033/0.0009/0.0000/0.0712,
	Losses: Policy Loss value/action/dist: 0.037/-0.016/1.008,
INFO:root:Time: 00d 00h 36m 06s, num timesteps 120960, FPS 55,
	Rewards: per step mean/med/min/max, rew: 0.0033/0.0009/0.0000/0.0712,
	Losses: Policy Loss value/action/dist: 0.037/-0.016/1.008,
INFO:root:Time: 00d 00h 36m 10s, num timesteps 121200, FPS 55,
	Rewards: per step mean/med/min/max, rew: 0.0033/0.0009/0.0000/0.0712,
	Losses: Policy Loss value/action/dist: 0.037/-0.016/1.008,
INFO:root:Time: 00d 00h 36m 14s, num timesteps 121440, FPS 55,
	Rewards: per step mean/med/min/max, rew: 0.0032/0.0009/0.0000/0.0712,
	Losses: Policy Loss value/action/dist: 0.037/-0.016/1.008,
INFO:root:Time: 00d 00h 36m 18s, num timesteps 121680, FPS 55,
	Rewards: per step mean/med/min/max, rew: 0.0031/0.0008/0.0000/0.0712,
	Losses: Policy Loss value/action/dist: 0.037/-0.016/1.008,
INFO:root:Time: 00d 00h 36m 22s, num timesteps 121920, FPS 55,
	Rewards: per step mean/med/min/max, rew: 0.0031/0.0008/0.0000/0.0712,
	Losses: Policy Loss value/action/dist: 0.037/-0.016/1.008,
INFO:root:Time: 00d 00h 36m 26s, num timesteps 122160, FPS 55,
	Rewards: per step mean/med/min/max, rew: 0.0031/0.0008/0.0000/0.0712,
	Losses: Policy Loss value/action/dist: 0.037/-0.016/1.008,
INFO:root:Time: 00d 00h 36m 32s, num timesteps 122400, FPS 55,
	Rewards: per step mean/med/min/max, rew: 0.0031/0.0008/0.0000/0.0712,
	Losses: Policy Loss value/action/dist: 0.037/-0.016/1.007,
INFO:root:Time: 00d 00h 36m 37s, num timesteps 122640, FPS 55,
	Rewards: per step mean/med/min/max, rew: 0.0031/0.0008/0.0000/0.0712,
	Losses: Policy Loss value/action/dist: 0.037/-0.016/1.007,
INFO:root:Time: 00d 00h 36m 41s, num timesteps 122880, FPS 55,
	Rewards: per step mean/med/min/max, rew: 0.0031/0.0008/0.0000/0.0712,
	Losses: Policy Loss value/action/dist: 0.037/-0.016/1.007,
INFO:root:Time: 00d 00h 36m 45s, num timesteps 123120, FPS 55,
	Rewards: per step mean/med/min/max, rew: 0.0031/0.0008/0.0000/0.0712,
	Losses: Policy Loss value/action/dist: 0.037/-0.016/1.007,
INFO:root:Time: 00d 00h 36m 49s, num timesteps 123360, FPS 55,
	Rewards: per step mean/med/min/max, rew: 0.0032/0.0008/0.0000/0.0712,
	Losses: Policy Loss value/action/dist: 0.037/-0.016/1.007,
INFO:root:Time: 00d 00h 36m 53s, num timesteps 123600, FPS 55,
	Rewards: per step mean/med/min/max, rew: 0.0032/0.0009/0.0000/0.0712,
	Losses: Policy Loss value/action/dist: 0.037/-0.016/1.007,
INFO:root:Time: 00d 00h 36m 57s, num timesteps 123840, FPS 55,
	Rewards: per step mean/med/min/max, rew: 0.0032/0.0009/0.0000/0.0712,
	Losses: Policy Loss value/action/dist: 0.037/-0.016/1.007,
INFO:root:Time: 00d 00h 37m 01s, num timesteps 124080, FPS 55,
	Rewards: per step mean/med/min/max, rew: 0.0032/0.0009/0.0000/0.0712,
	Losses: Policy Loss value/action/dist: 0.037/-0.016/1.007,
INFO:root:Time: 00d 00h 37m 05s, num timesteps 124320, FPS 55,
	Rewards: per step mean/med/min/max, rew: 0.0032/0.0008/0.0000/0.0712,
	Losses: Policy Loss value/action/dist: 0.037/-0.016/1.007,
INFO:root:Time: 00d 00h 37m 09s, num timesteps 124560, FPS 55,
	Rewards: per step mean/med/min/max, rew: 0.0032/0.0008/0.0000/0.0712,
	Losses: Policy Loss value/action/dist: 0.037/-0.016/1.007,
INFO:root:Time: 00d 00h 37m 16s, num timesteps 124800, FPS 55,
	Rewards: per step mean/med/min/max, rew: 0.0032/0.0008/0.0000/0.0712,
	Losses: Policy Loss value/action/dist: 0.037/-0.016/1.006,
INFO:root:Time: 00d 00h 37m 20s, num timesteps 125040, FPS 55,
	Rewards: per step mean/med/min/max, rew: 0.0032/0.0008/0.0000/0.0712,
	Losses: Policy Loss value/action/dist: 0.037/-0.016/1.006,
INFO:root:Time: 00d 00h 37m 24s, num timesteps 125280, FPS 55,
	Rewards: per step mean/med/min/max, rew: 0.0032/0.0008/0.0000/0.0712,
	Losses: Policy Loss value/action/dist: 0.037/-0.016/1.006,
INFO:root:Time: 00d 00h 37m 28s, num timesteps 125520, FPS 55,
	Rewards: per step mean/med/min/max, rew: 0.0032/0.0008/0.0000/0.0712,
	Losses: Policy Loss value/action/dist: 0.037/-0.016/1.006,
INFO:root:Time: 00d 00h 37m 32s, num timesteps 125760, FPS 55,
	Rewards: per step mean/med/min/max, rew: 0.0032/0.0008/0.0000/0.0712,
	Losses: Policy Loss value/action/dist: 0.037/-0.016/1.006,
INFO:root:Time: 00d 00h 37m 36s, num timesteps 126000, FPS 55,
	Rewards: per step mean/med/min/max, rew: 0.0031/0.0008/0.0000/0.0712,
	Losses: Policy Loss value/action/dist: 0.037/-0.016/1.006,
INFO:root:Time: 00d 00h 37m 40s, num timesteps 126240, FPS 55,
	Rewards: per step mean/med/min/max, rew: 0.0031/0.0008/0.0000/0.0712,
	Losses: Policy Loss value/action/dist: 0.037/-0.016/1.006,
INFO:root:Time: 00d 00h 37m 44s, num timesteps 126480, FPS 55,
	Rewards: per step mean/med/min/max, rew: 0.0031/0.0008/0.0000/0.0712,
	Losses: Policy Loss value/action/dist: 0.037/-0.016/1.006,
INFO:root:Time: 00d 00h 37m 48s, num timesteps 126720, FPS 55,
	Rewards: per step mean/med/min/max, rew: 0.0031/0.0008/0.0000/0.0712,
	Losses: Policy Loss value/action/dist: 0.037/-0.016/1.006,
INFO:root:Time: 00d 00h 37m 52s, num timesteps 126960, FPS 55,
	Rewards: per step mean/med/min/max, rew: 0.0031/0.0008/0.0000/0.0712,
	Losses: Policy Loss value/action/dist: 0.037/-0.016/1.006,
INFO:root:Time: 00d 00h 37m 59s, num timesteps 127200, FPS 55,
	Rewards: per step mean/med/min/max, rew: 0.0031/0.0008/0.0000/0.0712,
	Losses: Policy Loss value/action/dist: 0.037/-0.016/1.004,
INFO:root:Time: 00d 00h 38m 03s, num timesteps 127440, FPS 55,
	Rewards: per step mean/med/min/max, rew: 0.0031/0.0008/0.0000/0.0712,
	Losses: Policy Loss value/action/dist: 0.037/-0.016/1.004,
INFO:root:Time: 00d 00h 38m 07s, num timesteps 127680, FPS 55,
	Rewards: per step mean/med/min/max, rew: 0.0031/0.0008/0.0000/0.0712,
	Losses: Policy Loss value/action/dist: 0.037/-0.016/1.004,
INFO:root:Time: 00d 00h 38m 11s, num timesteps 127920, FPS 55,
	Rewards: per step mean/med/min/max, rew: 0.0031/0.0008/0.0000/0.0712,
	Losses: Policy Loss value/action/dist: 0.037/-0.016/1.004,
INFO:root:Time: 00d 00h 38m 15s, num timesteps 128160, FPS 55,
	Rewards: per step mean/med/min/max, rew: 0.0031/0.0008/0.0000/0.0712,
	Losses: Policy Loss value/action/dist: 0.037/-0.016/1.004,
INFO:root:Time: 00d 00h 38m 19s, num timesteps 128400, FPS 55,
	Rewards: per step mean/med/min/max, rew: 0.0031/0.0008/0.0000/0.0712,
	Losses: Policy Loss value/action/dist: 0.037/-0.016/1.004,
INFO:root:Time: 00d 00h 38m 23s, num timesteps 128640, FPS 55,
	Rewards: per step mean/med/min/max, rew: 0.0032/0.0008/0.0000/0.0712,
	Losses: Policy Loss value/action/dist: 0.037/-0.016/1.004,
INFO:root:Time: 00d 00h 38m 27s, num timesteps 128880, FPS 55,
	Rewards: per step mean/med/min/max, rew: 0.0032/0.0008/0.0000/0.0712,
	Losses: Policy Loss value/action/dist: 0.037/-0.016/1.004,
INFO:root:Time: 00d 00h 38m 31s, num timesteps 129120, FPS 55,
	Rewards: per step mean/med/min/max, rew: 0.0032/0.0008/0.0000/0.0712,
	Losses: Policy Loss value/action/dist: 0.037/-0.016/1.004,
INFO:root:Time: 00d 00h 38m 35s, num timesteps 129360, FPS 55,
	Rewards: per step mean/med/min/max, rew: 0.0032/0.0008/0.0000/0.0712,
	Losses: Policy Loss value/action/dist: 0.037/-0.016/1.004,
INFO:root:Time: 00d 00h 38m 42s, num timesteps 129600, FPS 55,
	Rewards: per step mean/med/min/max, rew: 0.0032/0.0008/0.0000/0.0712,
	Losses: Policy Loss value/action/dist: 0.037/-0.016/1.003,
INFO:root:Time: 00d 00h 38m 46s, num timesteps 129840, FPS 55,
	Rewards: per step mean/med/min/max, rew: 0.0032/0.0009/0.0000/0.0712,
	Losses: Policy Loss value/action/dist: 0.037/-0.016/1.003,
INFO:root:Time: 00d 00h 38m 50s, num timesteps 130080, FPS 55,
	Rewards: per step mean/med/min/max, rew: 0.0032/0.0008/0.0000/0.0712,
	Losses: Policy Loss value/action/dist: 0.037/-0.016/1.003,
INFO:root:Time: 00d 00h 38m 54s, num timesteps 130320, FPS 55,
	Rewards: per step mean/med/min/max, rew: 0.0032/0.0008/0.0000/0.0712,
	Losses: Policy Loss value/action/dist: 0.037/-0.016/1.003,
INFO:root:Time: 00d 00h 38m 58s, num timesteps 130560, FPS 55,
	Rewards: per step mean/med/min/max, rew: 0.0032/0.0008/0.0000/0.0712,
	Losses: Policy Loss value/action/dist: 0.037/-0.016/1.003,
INFO:root:Time: 00d 00h 39m 02s, num timesteps 130800, FPS 55,
	Rewards: per step mean/med/min/max, rew: 0.0032/0.0008/0.0000/0.0712,
	Losses: Policy Loss value/action/dist: 0.037/-0.016/1.003,
INFO:root:Time: 00d 00h 39m 06s, num timesteps 131040, FPS 55,
	Rewards: per step mean/med/min/max, rew: 0.0032/0.0008/0.0000/0.0712,
	Losses: Policy Loss value/action/dist: 0.037/-0.016/1.003,
INFO:root:Time: 00d 00h 39m 09s, num timesteps 131280, FPS 55,
	Rewards: per step mean/med/min/max, rew: 0.0032/0.0008/0.0000/0.0712,
	Losses: Policy Loss value/action/dist: 0.037/-0.016/1.003,
INFO:root:Time: 00d 00h 39m 14s, num timesteps 131520, FPS 55,
	Rewards: per step mean/med/min/max, rew: 0.0033/0.0008/0.0000/0.0712,
	Losses: Policy Loss value/action/dist: 0.037/-0.016/1.003,
INFO:root:Time: 00d 00h 39m 17s, num timesteps 131760, FPS 55,
	Rewards: per step mean/med/min/max, rew: 0.0033/0.0008/0.0000/0.0712,
	Losses: Policy Loss value/action/dist: 0.037/-0.016/1.003,
INFO:root:Time: 00d 00h 39m 24s, num timesteps 132000, FPS 55,
	Rewards: per step mean/med/min/max, rew: 0.0033/0.0008/0.0000/0.0712,
	Losses: Policy Loss value/action/dist: 0.037/-0.015/1.002,
INFO:root:Time: 00d 00h 39m 28s, num timesteps 132240, FPS 55,
	Rewards: per step mean/med/min/max, rew: 0.0033/0.0008/0.0000/0.0712,
	Losses: Policy Loss value/action/dist: 0.037/-0.015/1.002,
INFO:root:Time: 00d 00h 39m 32s, num timesteps 132480, FPS 55,
	Rewards: per step mean/med/min/max, rew: 0.0034/0.0008/0.0000/0.0712,
	Losses: Policy Loss value/action/dist: 0.037/-0.015/1.002,
INFO:root:Time: 00d 00h 39m 36s, num timesteps 132720, FPS 55,
	Rewards: per step mean/med/min/max, rew: 0.0034/0.0008/0.0000/0.0712,
	Losses: Policy Loss value/action/dist: 0.037/-0.015/1.002,
INFO:root:Time: 00d 00h 39m 41s, num timesteps 132960, FPS 55,
	Rewards: per step mean/med/min/max, rew: 0.0034/0.0008/0.0000/0.0712,
	Losses: Policy Loss value/action/dist: 0.037/-0.015/1.002,
INFO:root:Time: 00d 00h 39m 45s, num timesteps 133200, FPS 55,
	Rewards: per step mean/med/min/max, rew: 0.0034/0.0008/0.0000/0.0712,
	Losses: Policy Loss value/action/dist: 0.037/-0.015/1.002,
INFO:root:Time: 00d 00h 39m 49s, num timesteps 133440, FPS 55,
	Rewards: per step mean/med/min/max, rew: 0.0034/0.0008/0.0000/0.0712,
	Losses: Policy Loss value/action/dist: 0.037/-0.015/1.002,
INFO:root:Time: 00d 00h 39m 53s, num timesteps 133680, FPS 55,
	Rewards: per step mean/med/min/max, rew: 0.0034/0.0008/0.0000/0.0712,
	Losses: Policy Loss value/action/dist: 0.037/-0.015/1.002,
INFO:root:Time: 00d 00h 39m 57s, num timesteps 133920, FPS 55,
	Rewards: per step mean/med/min/max, rew: 0.0034/0.0008/0.0000/0.0712,
	Losses: Policy Loss value/action/dist: 0.037/-0.015/1.002,
INFO:root:Time: 00d 00h 40m 01s, num timesteps 134160, FPS 55,
	Rewards: per step mean/med/min/max, rew: 0.0035/0.0009/0.0000/0.0712,
	Losses: Policy Loss value/action/dist: 0.037/-0.015/1.002,
INFO:root:Time: 00d 00h 40m 07s, num timesteps 134400, FPS 55,
	Rewards: per step mean/med/min/max, rew: 0.0035/0.0009/0.0000/0.0712,
	Losses: Policy Loss value/action/dist: 0.038/-0.016/1.002,
INFO:root:Time: 00d 00h 40m 12s, num timesteps 134640, FPS 55,
	Rewards: per step mean/med/min/max, rew: 0.0035/0.0009/0.0000/0.0712,
	Losses: Policy Loss value/action/dist: 0.038/-0.016/1.002,
INFO:root:Time: 00d 00h 40m 16s, num timesteps 134880, FPS 55,
	Rewards: per step mean/med/min/max, rew: 0.0036/0.0009/0.0000/0.0712,
	Losses: Policy Loss value/action/dist: 0.038/-0.016/1.002,
INFO:root:Time: 00d 00h 40m 20s, num timesteps 135120, FPS 55,
	Rewards: per step mean/med/min/max, rew: 0.0036/0.0009/0.0000/0.0712,
	Losses: Policy Loss value/action/dist: 0.038/-0.016/1.002,
INFO:root:Time: 00d 00h 40m 24s, num timesteps 135360, FPS 55,
	Rewards: per step mean/med/min/max, rew: 0.0036/0.0009/0.0000/0.0712,
	Losses: Policy Loss value/action/dist: 0.038/-0.016/1.002,
INFO:root:Time: 00d 00h 40m 28s, num timesteps 135600, FPS 55,
	Rewards: per step mean/med/min/max, rew: 0.0035/0.0009/0.0000/0.0712,
	Losses: Policy Loss value/action/dist: 0.038/-0.016/1.002,
INFO:root:Time: 00d 00h 40m 32s, num timesteps 135840, FPS 55,
	Rewards: per step mean/med/min/max, rew: 0.0035/0.0009/0.0000/0.0712,
	Losses: Policy Loss value/action/dist: 0.038/-0.016/1.002,
INFO:root:Time: 00d 00h 40m 36s, num timesteps 136080, FPS 55,
	Rewards: per step mean/med/min/max, rew: 0.0035/0.0009/0.0000/0.0712,
	Losses: Policy Loss value/action/dist: 0.038/-0.016/1.002,
INFO:root:Time: 00d 00h 40m 41s, num timesteps 136320, FPS 55,
	Rewards: per step mean/med/min/max, rew: 0.0035/0.0009/0.0000/0.0712,
	Losses: Policy Loss value/action/dist: 0.038/-0.016/1.002,
INFO:root:Time: 00d 00h 40m 45s, num timesteps 136560, FPS 55,
	Rewards: per step mean/med/min/max, rew: 0.0035/0.0009/0.0000/0.0712,
	Losses: Policy Loss value/action/dist: 0.038/-0.016/1.002,
INFO:root:Time: 00d 00h 40m 51s, num timesteps 136800, FPS 55,
	Rewards: per step mean/med/min/max, rew: 0.0035/0.0009/0.0000/0.0712,
	Losses: Policy Loss value/action/dist: 0.037/-0.015/1.001,
INFO:root:Time: 00d 00h 40m 55s, num timesteps 137040, FPS 55,
	Rewards: per step mean/med/min/max, rew: 0.0034/0.0009/0.0000/0.0712,
	Losses: Policy Loss value/action/dist: 0.037/-0.015/1.001,
INFO:root:Time: 00d 00h 41m 00s, num timesteps 137280, FPS 55,
	Rewards: per step mean/med/min/max, rew: 0.0035/0.0009/0.0000/0.0712,
	Losses: Policy Loss value/action/dist: 0.037/-0.015/1.001,
INFO:root:Time: 00d 00h 41m 04s, num timesteps 137520, FPS 55,
	Rewards: per step mean/med/min/max, rew: 0.0035/0.0009/0.0000/0.0712,
	Losses: Policy Loss value/action/dist: 0.037/-0.015/1.001,
INFO:root:Time: 00d 00h 41m 08s, num timesteps 137760, FPS 55,
	Rewards: per step mean/med/min/max, rew: 0.0035/0.0010/0.0000/0.0712,
	Losses: Policy Loss value/action/dist: 0.037/-0.015/1.001,
INFO:root:Time: 00d 00h 41m 12s, num timesteps 138000, FPS 55,
	Rewards: per step mean/med/min/max, rew: 0.0035/0.0009/0.0000/0.0712,
	Losses: Policy Loss value/action/dist: 0.037/-0.015/1.001,
INFO:root:Time: 00d 00h 41m 16s, num timesteps 138240, FPS 55,
	Rewards: per step mean/med/min/max, rew: 0.0035/0.0009/0.0000/0.0712,
	Losses: Policy Loss value/action/dist: 0.037/-0.015/1.001,
INFO:root:Time: 00d 00h 41m 20s, num timesteps 138480, FPS 55,
	Rewards: per step mean/med/min/max, rew: 0.0035/0.0009/0.0000/0.0712,
	Losses: Policy Loss value/action/dist: 0.037/-0.015/1.001,
INFO:root:Time: 00d 00h 41m 24s, num timesteps 138720, FPS 55,
	Rewards: per step mean/med/min/max, rew: 0.0035/0.0010/0.0000/0.0712,
	Losses: Policy Loss value/action/dist: 0.037/-0.015/1.001,
INFO:root:Time: 00d 00h 41m 29s, num timesteps 138960, FPS 55,
	Rewards: per step mean/med/min/max, rew: 0.0035/0.0010/0.0000/0.0712,
	Losses: Policy Loss value/action/dist: 0.037/-0.015/1.001,
INFO:root:Time: 00d 00h 41m 35s, num timesteps 139200, FPS 55,
	Rewards: per step mean/med/min/max, rew: 0.0034/0.0010/0.0000/0.0712,
	Losses: Policy Loss value/action/dist: 0.037/-0.016/1.001,
INFO:root:Time: 00d 00h 41m 39s, num timesteps 139440, FPS 55,
	Rewards: per step mean/med/min/max, rew: 0.0034/0.0009/0.0000/0.0712,
	Losses: Policy Loss value/action/dist: 0.037/-0.016/1.001,
INFO:root:Time: 00d 00h 41m 43s, num timesteps 139680, FPS 55,
	Rewards: per step mean/med/min/max, rew: 0.0034/0.0010/0.0000/0.0712,
	Losses: Policy Loss value/action/dist: 0.037/-0.016/1.001,
INFO:root:Time: 00d 00h 41m 47s, num timesteps 139920, FPS 55,
	Rewards: per step mean/med/min/max, rew: 0.0034/0.0010/0.0000/0.0712,
	Losses: Policy Loss value/action/dist: 0.037/-0.016/1.001,
INFO:root:Time: 00d 00h 41m 52s, num timesteps 140160, FPS 55,
	Rewards: per step mean/med/min/max, rew: 0.0034/0.0009/0.0000/0.0712,
	Losses: Policy Loss value/action/dist: 0.037/-0.016/1.001,
INFO:root:Time: 00d 00h 41m 56s, num timesteps 140400, FPS 55,
	Rewards: per step mean/med/min/max, rew: 0.0034/0.0009/0.0000/0.0712,
	Losses: Policy Loss value/action/dist: 0.037/-0.016/1.001,
INFO:root:Time: 00d 00h 42m 00s, num timesteps 140640, FPS 55,
	Rewards: per step mean/med/min/max, rew: 0.0034/0.0009/0.0000/0.0712,
	Losses: Policy Loss value/action/dist: 0.037/-0.016/1.001,
INFO:root:Time: 00d 00h 42m 04s, num timesteps 140880, FPS 55,
	Rewards: per step mean/med/min/max, rew: 0.0034/0.0009/0.0000/0.0712,
	Losses: Policy Loss value/action/dist: 0.037/-0.016/1.001,
INFO:root:Time: 00d 00h 42m 08s, num timesteps 141120, FPS 55,
	Rewards: per step mean/med/min/max, rew: 0.0033/0.0009/0.0000/0.0712,
	Losses: Policy Loss value/action/dist: 0.037/-0.016/1.001,
INFO:root:Time: 00d 00h 42m 12s, num timesteps 141360, FPS 55,
	Rewards: per step mean/med/min/max, rew: 0.0033/0.0009/0.0000/0.0712,
	Losses: Policy Loss value/action/dist: 0.037/-0.016/1.001,
INFO:root:Time: 00d 00h 42m 19s, num timesteps 141600, FPS 55,
	Rewards: per step mean/med/min/max, rew: 0.0033/0.0009/0.0000/0.0712,
	Losses: Policy Loss value/action/dist: 0.036/-0.016/1.000,
INFO:root:Time: 00d 00h 42m 23s, num timesteps 141840, FPS 55,
	Rewards: per step mean/med/min/max, rew: 0.0033/0.0009/0.0000/0.0712,
	Losses: Policy Loss value/action/dist: 0.036/-0.016/1.000,
INFO:root:Time: 00d 00h 42m 27s, num timesteps 142080, FPS 55,
	Rewards: per step mean/med/min/max, rew: 0.0033/0.0009/0.0000/0.0712,
	Losses: Policy Loss value/action/dist: 0.036/-0.016/1.000,
INFO:root:Time: 00d 00h 42m 31s, num timesteps 142320, FPS 55,
	Rewards: per step mean/med/min/max, rew: 0.0033/0.0009/0.0000/0.0712,
	Losses: Policy Loss value/action/dist: 0.036/-0.016/1.000,
INFO:root:Time: 00d 00h 42m 35s, num timesteps 142560, FPS 55,
	Rewards: per step mean/med/min/max, rew: 0.0033/0.0009/0.0000/0.0712,
	Losses: Policy Loss value/action/dist: 0.036/-0.016/1.000,
INFO:root:Time: 00d 00h 42m 39s, num timesteps 142800, FPS 55,
	Rewards: per step mean/med/min/max, rew: 0.0033/0.0009/0.0000/0.0712,
	Losses: Policy Loss value/action/dist: 0.036/-0.016/1.000,
INFO:root:Time: 00d 00h 42m 43s, num timesteps 143040, FPS 55,
	Rewards: per step mean/med/min/max, rew: 0.0033/0.0009/0.0000/0.0712,
	Losses: Policy Loss value/action/dist: 0.036/-0.016/1.000,
INFO:root:Time: 00d 00h 42m 47s, num timesteps 143280, FPS 55,
	Rewards: per step mean/med/min/max, rew: 0.0033/0.0009/0.0000/0.0712,
	Losses: Policy Loss value/action/dist: 0.036/-0.016/1.000,
INFO:root:Time: 00d 00h 42m 51s, num timesteps 143520, FPS 55,
	Rewards: per step mean/med/min/max, rew: 0.0033/0.0009/0.0000/0.0712,
	Losses: Policy Loss value/action/dist: 0.036/-0.016/1.000,
INFO:root:Time: 00d 00h 42m 55s, num timesteps 143760, FPS 55,
	Rewards: per step mean/med/min/max, rew: 0.0033/0.0009/0.0000/0.0712,
	Losses: Policy Loss value/action/dist: 0.036/-0.016/1.000,
INFO:root:Time: 00d 00h 43m 02s, num timesteps 144000, FPS 55,
	Rewards: per step mean/med/min/max, rew: 0.0033/0.0009/0.0000/0.0712,
	Losses: Policy Loss value/action/dist: 0.036/-0.016/1.000,
INFO:root:Time: 00d 00h 43m 06s, num timesteps 144240, FPS 55,
	Rewards: per step mean/med/min/max, rew: 0.0031/0.0008/0.0000/0.0541,
	Losses: Policy Loss value/action/dist: 0.036/-0.016/1.000,
INFO:root:Time: 00d 00h 43m 10s, num timesteps 144480, FPS 55,
	Rewards: per step mean/med/min/max, rew: 0.0031/0.0008/0.0000/0.0541,
	Losses: Policy Loss value/action/dist: 0.036/-0.016/1.000,
INFO:root:Time: 00d 00h 43m 14s, num timesteps 144720, FPS 55,
	Rewards: per step mean/med/min/max, rew: 0.0031/0.0008/0.0000/0.0541,
	Losses: Policy Loss value/action/dist: 0.036/-0.016/1.000,
INFO:root:Time: 00d 00h 43m 18s, num timesteps 144960, FPS 55,
	Rewards: per step mean/med/min/max, rew: 0.0031/0.0009/0.0000/0.0541,
	Losses: Policy Loss value/action/dist: 0.036/-0.016/1.000,
INFO:root:Time: 00d 00h 43m 23s, num timesteps 145200, FPS 55,
	Rewards: per step mean/med/min/max, rew: 0.0031/0.0008/0.0000/0.0541,
	Losses: Policy Loss value/action/dist: 0.036/-0.016/1.000,
INFO:root:Time: 00d 00h 43m 27s, num timesteps 145440, FPS 55,
	Rewards: per step mean/med/min/max, rew: 0.0032/0.0009/0.0000/0.0541,
	Losses: Policy Loss value/action/dist: 0.036/-0.016/1.000,
INFO:root:Time: 00d 00h 43m 31s, num timesteps 145680, FPS 55,
	Rewards: per step mean/med/min/max, rew: 0.0032/0.0009/0.0000/0.0541,
	Losses: Policy Loss value/action/dist: 0.036/-0.016/1.000,
INFO:root:Time: 00d 00h 43m 35s, num timesteps 145920, FPS 55,
	Rewards: per step mean/med/min/max, rew: 0.0032/0.0009/0.0000/0.0541,
	Losses: Policy Loss value/action/dist: 0.036/-0.016/1.000,
INFO:root:Time: 00d 00h 43m 39s, num timesteps 146160, FPS 55,
	Rewards: per step mean/med/min/max, rew: 0.0031/0.0009/0.0000/0.0541,
	Losses: Policy Loss value/action/dist: 0.036/-0.016/1.000,
INFO:root:Time: 00d 00h 43m 46s, num timesteps 146400, FPS 55,
	Rewards: per step mean/med/min/max, rew: 0.0031/0.0009/0.0000/0.0541,
	Losses: Policy Loss value/action/dist: 0.036/-0.016/0.999,
INFO:root:Time: 00d 00h 43m 50s, num timesteps 146640, FPS 55,
	Rewards: per step mean/med/min/max, rew: 0.0030/0.0008/0.0000/0.0541,
	Losses: Policy Loss value/action/dist: 0.036/-0.016/0.999,
INFO:root:Time: 00d 00h 43m 54s, num timesteps 146880, FPS 55,
	Rewards: per step mean/med/min/max, rew: 0.0030/0.0008/0.0000/0.0541,
	Losses: Policy Loss value/action/dist: 0.036/-0.016/0.999,
INFO:root:Time: 00d 00h 43m 58s, num timesteps 147120, FPS 55,
	Rewards: per step mean/med/min/max, rew: 0.0030/0.0008/0.0000/0.0541,
	Losses: Policy Loss value/action/dist: 0.036/-0.016/0.999,
INFO:root:Time: 00d 00h 44m 02s, num timesteps 147360, FPS 55,
	Rewards: per step mean/med/min/max, rew: 0.0030/0.0008/0.0000/0.0541,
	Losses: Policy Loss value/action/dist: 0.036/-0.016/0.999,
INFO:root:Time: 00d 00h 44m 06s, num timesteps 147600, FPS 55,
	Rewards: per step mean/med/min/max, rew: 0.0029/0.0008/0.0000/0.0541,
	Losses: Policy Loss value/action/dist: 0.036/-0.016/0.999,
INFO:root:Time: 00d 00h 44m 11s, num timesteps 147840, FPS 55,
	Rewards: per step mean/med/min/max, rew: 0.0030/0.0007/0.0000/0.0541,
	Losses: Policy Loss value/action/dist: 0.036/-0.016/0.999,
INFO:root:Time: 00d 00h 44m 15s, num timesteps 148080, FPS 55,
	Rewards: per step mean/med/min/max, rew: 0.0030/0.0007/0.0000/0.0541,
	Losses: Policy Loss value/action/dist: 0.036/-0.016/0.999,
INFO:root:Time: 00d 00h 44m 19s, num timesteps 148320, FPS 55,
	Rewards: per step mean/med/min/max, rew: 0.0030/0.0008/0.0000/0.0541,
	Losses: Policy Loss value/action/dist: 0.036/-0.016/0.999,
INFO:root:Time: 00d 00h 44m 23s, num timesteps 148560, FPS 55,
	Rewards: per step mean/med/min/max, rew: 0.0030/0.0008/0.0000/0.0541,
	Losses: Policy Loss value/action/dist: 0.036/-0.016/0.999,
INFO:root:Time: 00d 00h 44m 29s, num timesteps 148800, FPS 55,
	Rewards: per step mean/med/min/max, rew: 0.0030/0.0008/0.0000/0.0541,
	Losses: Policy Loss value/action/dist: 0.036/-0.016/0.999,
INFO:root:Time: 00d 00h 44m 33s, num timesteps 149040, FPS 55,
	Rewards: per step mean/med/min/max, rew: 0.0030/0.0007/0.0000/0.0541,
	Losses: Policy Loss value/action/dist: 0.036/-0.016/0.999,
INFO:root:Time: 00d 00h 44m 37s, num timesteps 149280, FPS 55,
	Rewards: per step mean/med/min/max, rew: 0.0030/0.0008/0.0000/0.0541,
	Losses: Policy Loss value/action/dist: 0.036/-0.016/0.999,
INFO:root:Time: 00d 00h 44m 41s, num timesteps 149520, FPS 55,
	Rewards: per step mean/med/min/max, rew: 0.0030/0.0008/0.0000/0.0541,
	Losses: Policy Loss value/action/dist: 0.036/-0.016/0.999,
INFO:root:Time: 00d 00h 44m 46s, num timesteps 149760, FPS 55,
	Rewards: per step mean/med/min/max, rew: 0.0031/0.0008/0.0000/0.0541,
	Losses: Policy Loss value/action/dist: 0.036/-0.016/0.999,
INFO:root:Time: 00d 00h 44m 50s, num timesteps 150000, FPS 55,
	Rewards: per step mean/med/min/max, rew: 0.0031/0.0008/0.0000/0.0541,
	Losses: Policy Loss value/action/dist: 0.036/-0.016/0.999,
INFO:root:Time: 00d 00h 44m 54s, num timesteps 150240, FPS 55,
	Rewards: per step mean/med/min/max, rew: 0.0031/0.0008/0.0000/0.0541,
	Losses: Policy Loss value/action/dist: 0.036/-0.016/0.999,
INFO:root:Time: 00d 00h 44m 58s, num timesteps 150480, FPS 55,
	Rewards: per step mean/med/min/max, rew: 0.0031/0.0008/0.0000/0.0541,
	Losses: Policy Loss value/action/dist: 0.036/-0.016/0.999,
INFO:root:Time: 00d 00h 45m 02s, num timesteps 150720, FPS 55,
	Rewards: per step mean/med/min/max, rew: 0.0032/0.0009/0.0000/0.0541,
	Losses: Policy Loss value/action/dist: 0.036/-0.016/0.999,
INFO:root:Time: 00d 00h 45m 06s, num timesteps 150960, FPS 55,
	Rewards: per step mean/med/min/max, rew: 0.0032/0.0009/0.0000/0.0541,
	Losses: Policy Loss value/action/dist: 0.036/-0.016/0.999,
INFO:root:Time: 00d 00h 45m 12s, num timesteps 151200, FPS 55,
	Rewards: per step mean/med/min/max, rew: 0.0032/0.0009/0.0000/0.0541,
	Losses: Policy Loss value/action/dist: 0.036/-0.016/0.998,
INFO:root:Time: 00d 00h 45m 16s, num timesteps 151440, FPS 55,
	Rewards: per step mean/med/min/max, rew: 0.0033/0.0009/0.0000/0.0541,
	Losses: Policy Loss value/action/dist: 0.036/-0.016/0.998,
INFO:root:Time: 00d 00h 45m 20s, num timesteps 151680, FPS 55,
	Rewards: per step mean/med/min/max, rew: 0.0033/0.0010/0.0000/0.0541,
	Losses: Policy Loss value/action/dist: 0.036/-0.016/0.998,
INFO:root:Time: 00d 00h 45m 25s, num timesteps 151920, FPS 55,
	Rewards: per step mean/med/min/max, rew: 0.0033/0.0009/0.0000/0.0541,
	Losses: Policy Loss value/action/dist: 0.036/-0.016/0.998,
INFO:root:Time: 00d 00h 45m 29s, num timesteps 152160, FPS 55,
	Rewards: per step mean/med/min/max, rew: 0.0033/0.0009/0.0000/0.0541,
	Losses: Policy Loss value/action/dist: 0.036/-0.016/0.998,
INFO:root:Time: 00d 00h 45m 33s, num timesteps 152400, FPS 55,
	Rewards: per step mean/med/min/max, rew: 0.0032/0.0010/0.0000/0.0541,
	Losses: Policy Loss value/action/dist: 0.036/-0.016/0.998,
INFO:root:Time: 00d 00h 45m 37s, num timesteps 152640, FPS 55,
	Rewards: per step mean/med/min/max, rew: 0.0032/0.0010/0.0000/0.0541,
	Losses: Policy Loss value/action/dist: 0.036/-0.016/0.998,
INFO:root:Time: 00d 00h 45m 41s, num timesteps 152880, FPS 55,
	Rewards: per step mean/med/min/max, rew: 0.0033/0.0010/0.0000/0.0541,
	Losses: Policy Loss value/action/dist: 0.036/-0.016/0.998,
INFO:root:Time: 00d 00h 45m 45s, num timesteps 153120, FPS 55,
	Rewards: per step mean/med/min/max, rew: 0.0033/0.0010/0.0000/0.0541,
	Losses: Policy Loss value/action/dist: 0.036/-0.016/0.998,
INFO:root:Time: 00d 00h 45m 50s, num timesteps 153360, FPS 55,
	Rewards: per step mean/med/min/max, rew: 0.0033/0.0010/0.0000/0.0541,
	Losses: Policy Loss value/action/dist: 0.036/-0.016/0.998,
INFO:root:Time: 00d 00h 45m 56s, num timesteps 153600, FPS 55,
	Rewards: per step mean/med/min/max, rew: 0.0033/0.0010/0.0000/0.0541,
	Losses: Policy Loss value/action/dist: 0.036/-0.016/0.997,
INFO:root:Time: 00d 00h 46m 00s, num timesteps 153840, FPS 55,
	Rewards: per step mean/med/min/max, rew: 0.0033/0.0010/0.0000/0.0541,
	Losses: Policy Loss value/action/dist: 0.036/-0.016/0.997,
INFO:root:Time: 00d 00h 46m 05s, num timesteps 154080, FPS 55,
	Rewards: per step mean/med/min/max, rew: 0.0033/0.0010/0.0000/0.0541,
	Losses: Policy Loss value/action/dist: 0.036/-0.016/0.997,
INFO:root:Time: 00d 00h 46m 09s, num timesteps 154320, FPS 55,
	Rewards: per step mean/med/min/max, rew: 0.0033/0.0011/0.0000/0.0541,
	Losses: Policy Loss value/action/dist: 0.036/-0.016/0.997,
INFO:root:Time: 00d 00h 46m 13s, num timesteps 154560, FPS 55,
	Rewards: per step mean/med/min/max, rew: 0.0033/0.0011/0.0000/0.0541,
	Losses: Policy Loss value/action/dist: 0.036/-0.016/0.997,
INFO:root:Time: 00d 00h 46m 17s, num timesteps 154800, FPS 55,
	Rewards: per step mean/med/min/max, rew: 0.0034/0.0011/0.0000/0.0541,
	Losses: Policy Loss value/action/dist: 0.036/-0.016/0.997,
INFO:root:Time: 00d 00h 46m 22s, num timesteps 155040, FPS 55,
	Rewards: per step mean/med/min/max, rew: 0.0033/0.0011/0.0000/0.0541,
	Losses: Policy Loss value/action/dist: 0.036/-0.016/0.997,
INFO:root:Time: 00d 00h 46m 26s, num timesteps 155280, FPS 55,
	Rewards: per step mean/med/min/max, rew: 0.0033/0.0011/0.0000/0.0541,
	Losses: Policy Loss value/action/dist: 0.036/-0.016/0.997,
INFO:root:Time: 00d 00h 46m 30s, num timesteps 155520, FPS 55,
	Rewards: per step mean/med/min/max, rew: 0.0033/0.0011/0.0000/0.0541,
	Losses: Policy Loss value/action/dist: 0.036/-0.016/0.997,
INFO:root:Time: 00d 00h 46m 34s, num timesteps 155760, FPS 55,
	Rewards: per step mean/med/min/max, rew: 0.0033/0.0011/0.0000/0.0541,
	Losses: Policy Loss value/action/dist: 0.036/-0.016/0.997,
INFO:root:Time: 00d 00h 46m 41s, num timesteps 156000, FPS 55,
	Rewards: per step mean/med/min/max, rew: 0.0032/0.0011/0.0000/0.0541,
	Losses: Policy Loss value/action/dist: 0.035/-0.016/0.997,
INFO:root:Time: 00d 00h 46m 45s, num timesteps 156240, FPS 55,
	Rewards: per step mean/med/min/max, rew: 0.0032/0.0010/0.0000/0.0541,
	Losses: Policy Loss value/action/dist: 0.035/-0.016/0.997,
INFO:root:Time: 00d 00h 46m 49s, num timesteps 156480, FPS 55,
	Rewards: per step mean/med/min/max, rew: 0.0032/0.0010/0.0000/0.0675,
	Losses: Policy Loss value/action/dist: 0.035/-0.016/0.997,
INFO:root:Time: 00d 00h 46m 53s, num timesteps 156720, FPS 55,
	Rewards: per step mean/med/min/max, rew: 0.0032/0.0010/0.0000/0.0675,
	Losses: Policy Loss value/action/dist: 0.035/-0.016/0.997,
INFO:root:Time: 00d 00h 46m 57s, num timesteps 156960, FPS 55,
	Rewards: per step mean/med/min/max, rew: 0.0032/0.0010/0.0000/0.0675,
	Losses: Policy Loss value/action/dist: 0.035/-0.016/0.997,
INFO:root:Time: 00d 00h 47m 01s, num timesteps 157200, FPS 55,
	Rewards: per step mean/med/min/max, rew: 0.0033/0.0010/0.0000/0.0675,
	Losses: Policy Loss value/action/dist: 0.035/-0.016/0.997,
INFO:root:Time: 00d 00h 47m 06s, num timesteps 157440, FPS 55,
	Rewards: per step mean/med/min/max, rew: 0.0033/0.0011/0.0000/0.0675,
	Losses: Policy Loss value/action/dist: 0.035/-0.016/0.997,
INFO:root:Time: 00d 00h 47m 10s, num timesteps 157680, FPS 55,
	Rewards: per step mean/med/min/max, rew: 0.0034/0.0011/0.0000/0.0675,
	Losses: Policy Loss value/action/dist: 0.035/-0.016/0.997,
INFO:root:Time: 00d 00h 47m 14s, num timesteps 157920, FPS 55,
	Rewards: per step mean/med/min/max, rew: 0.0034/0.0011/0.0000/0.0675,
	Losses: Policy Loss value/action/dist: 0.035/-0.016/0.997,
INFO:root:Time: 00d 00h 47m 18s, num timesteps 158160, FPS 55,
	Rewards: per step mean/med/min/max, rew: 0.0033/0.0011/0.0000/0.0675,
	Losses: Policy Loss value/action/dist: 0.035/-0.016/0.997,
INFO:root:Time: 00d 00h 47m 25s, num timesteps 158400, FPS 55,
	Rewards: per step mean/med/min/max, rew: 0.0033/0.0010/0.0000/0.0675,
	Losses: Policy Loss value/action/dist: 0.036/-0.016/0.996,
INFO:root:Time: 00d 00h 47m 29s, num timesteps 158640, FPS 55,
	Rewards: per step mean/med/min/max, rew: 0.0033/0.0010/0.0000/0.0675,
	Losses: Policy Loss value/action/dist: 0.036/-0.016/0.996,
INFO:root:Time: 00d 00h 47m 33s, num timesteps 158880, FPS 55,
	Rewards: per step mean/med/min/max, rew: 0.0033/0.0010/0.0000/0.0675,
	Losses: Policy Loss value/action/dist: 0.036/-0.016/0.996,
INFO:root:Time: 00d 00h 47m 37s, num timesteps 159120, FPS 55,
	Rewards: per step mean/med/min/max, rew: 0.0033/0.0011/0.0000/0.0675,
	Losses: Policy Loss value/action/dist: 0.036/-0.016/0.996,
INFO:root:Time: 00d 00h 47m 41s, num timesteps 159360, FPS 55,
	Rewards: per step mean/med/min/max, rew: 0.0033/0.0011/0.0000/0.0675,
	Losses: Policy Loss value/action/dist: 0.036/-0.016/0.996,
INFO:root:Time: 00d 00h 47m 45s, num timesteps 159600, FPS 55,
	Rewards: per step mean/med/min/max, rew: 0.0034/0.0011/0.0000/0.0675,
	Losses: Policy Loss value/action/dist: 0.036/-0.016/0.996,
INFO:root:Time: 00d 00h 47m 49s, num timesteps 159840, FPS 55,
	Rewards: per step mean/med/min/max, rew: 0.0034/0.0011/0.0000/0.0675,
	Losses: Policy Loss value/action/dist: 0.036/-0.016/0.996,
INFO:root:Time: 00d 00h 47m 53s, num timesteps 160080, FPS 55,
	Rewards: per step mean/med/min/max, rew: 0.0034/0.0012/0.0000/0.0675,
	Losses: Policy Loss value/action/dist: 0.036/-0.016/0.996,
INFO:root:Time: 00d 00h 47m 57s, num timesteps 160320, FPS 55,
	Rewards: per step mean/med/min/max, rew: 0.0034/0.0012/0.0000/0.0675,
	Losses: Policy Loss value/action/dist: 0.036/-0.016/0.996,
INFO:root:Time: 00d 00h 48m 01s, num timesteps 160560, FPS 55,
	Rewards: per step mean/med/min/max, rew: 0.0034/0.0012/0.0000/0.0675,
	Losses: Policy Loss value/action/dist: 0.036/-0.016/0.996,
INFO:root:Time: 00d 00h 48m 08s, num timesteps 160800, FPS 55,
	Rewards: per step mean/med/min/max, rew: 0.0035/0.0012/0.0000/0.0675,
	Losses: Policy Loss value/action/dist: 0.036/-0.016/0.996,
INFO:root:Time: 00d 00h 48m 12s, num timesteps 161040, FPS 55,
	Rewards: per step mean/med/min/max, rew: 0.0035/0.0012/0.0000/0.0675,
	Losses: Policy Loss value/action/dist: 0.036/-0.016/0.996,
INFO:root:Time: 00d 00h 48m 17s, num timesteps 161280, FPS 55,
	Rewards: per step mean/med/min/max, rew: 0.0035/0.0012/0.0000/0.0675,
	Losses: Policy Loss value/action/dist: 0.036/-0.016/0.996,
INFO:root:Time: 00d 00h 48m 21s, num timesteps 161520, FPS 55,
	Rewards: per step mean/med/min/max, rew: 0.0034/0.0012/0.0000/0.0675,
	Losses: Policy Loss value/action/dist: 0.036/-0.016/0.996,
INFO:root:Time: 00d 00h 48m 25s, num timesteps 161760, FPS 55,
	Rewards: per step mean/med/min/max, rew: 0.0034/0.0011/0.0000/0.0675,
	Losses: Policy Loss value/action/dist: 0.036/-0.016/0.996,
INFO:root:Time: 00d 00h 48m 28s, num timesteps 162000, FPS 55,
	Rewards: per step mean/med/min/max, rew: 0.0034/0.0011/0.0000/0.0675,
	Losses: Policy Loss value/action/dist: 0.036/-0.016/0.996,
INFO:root:Time: 00d 00h 48m 33s, num timesteps 162240, FPS 55,
	Rewards: per step mean/med/min/max, rew: 0.0034/0.0011/0.0000/0.0675,
	Losses: Policy Loss value/action/dist: 0.036/-0.016/0.996,
INFO:root:Time: 00d 00h 48m 37s, num timesteps 162480, FPS 55,
	Rewards: per step mean/med/min/max, rew: 0.0035/0.0012/0.0000/0.0675,
	Losses: Policy Loss value/action/dist: 0.036/-0.016/0.996,
INFO:root:Time: 00d 00h 48m 41s, num timesteps 162720, FPS 55,
	Rewards: per step mean/med/min/max, rew: 0.0034/0.0011/0.0000/0.0675,
	Losses: Policy Loss value/action/dist: 0.036/-0.016/0.996,
INFO:root:Time: 00d 00h 48m 45s, num timesteps 162960, FPS 55,
	Rewards: per step mean/med/min/max, rew: 0.0034/0.0011/0.0000/0.0675,
	Losses: Policy Loss value/action/dist: 0.036/-0.016/0.996,
INFO:root:Time: 00d 00h 48m 51s, num timesteps 163200, FPS 55,
	Rewards: per step mean/med/min/max, rew: 0.0034/0.0011/0.0000/0.0675,
	Losses: Policy Loss value/action/dist: 0.036/-0.016/0.996,
INFO:root:Time: 00d 00h 48m 55s, num timesteps 163440, FPS 55,
	Rewards: per step mean/med/min/max, rew: 0.0034/0.0011/0.0000/0.0675,
	Losses: Policy Loss value/action/dist: 0.036/-0.016/0.996,
INFO:root:Time: 00d 00h 48m 59s, num timesteps 163680, FPS 55,
	Rewards: per step mean/med/min/max, rew: 0.0034/0.0011/0.0000/0.0675,
	Losses: Policy Loss value/action/dist: 0.036/-0.016/0.996,
INFO:root:Time: 00d 00h 49m 03s, num timesteps 163920, FPS 55,
	Rewards: per step mean/med/min/max, rew: 0.0034/0.0011/0.0000/0.0675,
	Losses: Policy Loss value/action/dist: 0.036/-0.016/0.996,
INFO:root:Time: 00d 00h 49m 07s, num timesteps 164160, FPS 55,
	Rewards: per step mean/med/min/max, rew: 0.0034/0.0011/0.0000/0.0675,
	Losses: Policy Loss value/action/dist: 0.036/-0.016/0.996,
INFO:root:Time: 00d 00h 49m 11s, num timesteps 164400, FPS 55,
	Rewards: per step mean/med/min/max, rew: 0.0034/0.0011/0.0000/0.0675,
	Losses: Policy Loss value/action/dist: 0.036/-0.016/0.996,
INFO:root:Time: 00d 00h 49m 15s, num timesteps 164640, FPS 55,
	Rewards: per step mean/med/min/max, rew: 0.0034/0.0011/0.0000/0.0675,
	Losses: Policy Loss value/action/dist: 0.036/-0.016/0.996,
INFO:root:Time: 00d 00h 49m 19s, num timesteps 164880, FPS 55,
	Rewards: per step mean/med/min/max, rew: 0.0035/0.0011/0.0000/0.0675,
	Losses: Policy Loss value/action/dist: 0.036/-0.016/0.996,
INFO:root:Time: 00d 00h 49m 23s, num timesteps 165120, FPS 55,
	Rewards: per step mean/med/min/max, rew: 0.0035/0.0011/0.0000/0.0675,
	Losses: Policy Loss value/action/dist: 0.036/-0.016/0.996,
INFO:root:Time: 00d 00h 49m 28s, num timesteps 165360, FPS 55,
	Rewards: per step mean/med/min/max, rew: 0.0035/0.0011/0.0000/0.0675,
	Losses: Policy Loss value/action/dist: 0.036/-0.016/0.996,
INFO:root:Time: 00d 00h 49m 35s, num timesteps 165600, FPS 55,
	Rewards: per step mean/med/min/max, rew: 0.0035/0.0011/0.0000/0.0675,
	Losses: Policy Loss value/action/dist: 0.035/-0.016/0.996,
INFO:root:Time: 00d 00h 49m 39s, num timesteps 165840, FPS 55,
	Rewards: per step mean/med/min/max, rew: 0.0035/0.0011/0.0000/0.0675,
	Losses: Policy Loss value/action/dist: 0.035/-0.016/0.996,
INFO:root:Time: 00d 00h 49m 42s, num timesteps 166080, FPS 55,
	Rewards: per step mean/med/min/max, rew: 0.0034/0.0011/0.0000/0.0675,
	Losses: Policy Loss value/action/dist: 0.035/-0.016/0.996,
INFO:root:Time: 00d 00h 49m 46s, num timesteps 166320, FPS 55,
	Rewards: per step mean/med/min/max, rew: 0.0034/0.0011/0.0000/0.0675,
	Losses: Policy Loss value/action/dist: 0.035/-0.016/0.996,
INFO:root:Time: 00d 00h 49m 50s, num timesteps 166560, FPS 55,
	Rewards: per step mean/med/min/max, rew: 0.0035/0.0012/0.0000/0.0675,
	Losses: Policy Loss value/action/dist: 0.035/-0.016/0.996,
INFO:root:Time: 00d 00h 49m 54s, num timesteps 166800, FPS 55,
	Rewards: per step mean/med/min/max, rew: 0.0035/0.0011/0.0000/0.0675,
	Losses: Policy Loss value/action/dist: 0.035/-0.016/0.996,
INFO:root:Time: 00d 00h 49m 58s, num timesteps 167040, FPS 55,
	Rewards: per step mean/med/min/max, rew: 0.0035/0.0011/0.0000/0.0675,
	Losses: Policy Loss value/action/dist: 0.035/-0.016/0.996,
INFO:root:Time: 00d 00h 50m 02s, num timesteps 167280, FPS 55,
	Rewards: per step mean/med/min/max, rew: 0.0034/0.0011/0.0000/0.0675,
	Losses: Policy Loss value/action/dist: 0.035/-0.016/0.996,
INFO:root:Time: 00d 00h 50m 06s, num timesteps 167520, FPS 55,
	Rewards: per step mean/med/min/max, rew: 0.0034/0.0011/0.0000/0.0675,
	Losses: Policy Loss value/action/dist: 0.035/-0.016/0.996,
INFO:root:Time: 00d 00h 50m 10s, num timesteps 167760, FPS 55,
	Rewards: per step mean/med/min/max, rew: 0.0034/0.0011/0.0000/0.0675,
	Losses: Policy Loss value/action/dist: 0.035/-0.016/0.996,
INFO:root:Time: 00d 00h 50m 17s, num timesteps 168000, FPS 55,
	Rewards: per step mean/med/min/max, rew: 0.0035/0.0012/0.0000/0.0675,
	Losses: Policy Loss value/action/dist: 0.035/-0.016/0.996,
INFO:root:Time: 00d 00h 50m 21s, num timesteps 168240, FPS 55,
	Rewards: per step mean/med/min/max, rew: 0.0035/0.0012/0.0000/0.0675,
	Losses: Policy Loss value/action/dist: 0.035/-0.016/0.996,
INFO:root:Time: 00d 00h 50m 25s, num timesteps 168480, FPS 55,
	Rewards: per step mean/med/min/max, rew: 0.0035/0.0012/0.0000/0.0675,
	Losses: Policy Loss value/action/dist: 0.035/-0.016/0.996,
INFO:root:Time: 00d 00h 50m 29s, num timesteps 168720, FPS 55,
	Rewards: per step mean/med/min/max, rew: 0.0036/0.0012/0.0000/0.0675,
	Losses: Policy Loss value/action/dist: 0.035/-0.016/0.996,
INFO:root:Time: 00d 00h 50m 33s, num timesteps 168960, FPS 55,
	Rewards: per step mean/med/min/max, rew: 0.0036/0.0012/0.0000/0.0675,
	Losses: Policy Loss value/action/dist: 0.035/-0.016/0.996,
INFO:root:Time: 00d 00h 50m 38s, num timesteps 169200, FPS 55,
	Rewards: per step mean/med/min/max, rew: 0.0036/0.0012/0.0000/0.0675,
	Losses: Policy Loss value/action/dist: 0.035/-0.016/0.996,
INFO:root:Time: 00d 00h 50m 42s, num timesteps 169440, FPS 55,
	Rewards: per step mean/med/min/max, rew: 0.0036/0.0012/0.0000/0.0675,
	Losses: Policy Loss value/action/dist: 0.035/-0.016/0.996,
INFO:root:Time: 00d 00h 50m 46s, num timesteps 169680, FPS 55,
	Rewards: per step mean/med/min/max, rew: 0.0036/0.0012/0.0000/0.0675,
	Losses: Policy Loss value/action/dist: 0.035/-0.016/0.996,
INFO:root:Time: 00d 00h 50m 50s, num timesteps 169920, FPS 55,
	Rewards: per step mean/med/min/max, rew: 0.0037/0.0012/0.0000/0.0675,
	Losses: Policy Loss value/action/dist: 0.035/-0.016/0.996,
INFO:root:Time: 00d 00h 50m 54s, num timesteps 170160, FPS 55,
	Rewards: per step mean/med/min/max, rew: 0.0038/0.0012/0.0000/0.0675,
	Losses: Policy Loss value/action/dist: 0.035/-0.016/0.996,
INFO:root:Time: 00d 00h 51m 01s, num timesteps 170400, FPS 55,
	Rewards: per step mean/med/min/max, rew: 0.0039/0.0013/0.0000/0.0675,
	Losses: Policy Loss value/action/dist: 0.036/-0.016/0.996,
INFO:root:Time: 00d 00h 51m 05s, num timesteps 170640, FPS 55,
	Rewards: per step mean/med/min/max, rew: 0.0040/0.0013/0.0000/0.0675,
	Losses: Policy Loss value/action/dist: 0.036/-0.016/0.996,
INFO:root:Time: 00d 00h 51m 09s, num timesteps 170880, FPS 55,
	Rewards: per step mean/med/min/max, rew: 0.0040/0.0013/0.0000/0.0675,
	Losses: Policy Loss value/action/dist: 0.036/-0.016/0.996,
INFO:root:Time: 00d 00h 51m 13s, num timesteps 171120, FPS 55,
	Rewards: per step mean/med/min/max, rew: 0.0040/0.0013/0.0000/0.0675,
	Losses: Policy Loss value/action/dist: 0.036/-0.016/0.996,
INFO:root:Time: 00d 00h 51m 17s, num timesteps 171360, FPS 55,
	Rewards: per step mean/med/min/max, rew: 0.0040/0.0014/0.0000/0.0675,
	Losses: Policy Loss value/action/dist: 0.036/-0.016/0.996,
INFO:root:Time: 00d 00h 51m 21s, num timesteps 171600, FPS 55,
	Rewards: per step mean/med/min/max, rew: 0.0040/0.0014/0.0000/0.0675,
	Losses: Policy Loss value/action/dist: 0.036/-0.016/0.996,
INFO:root:Time: 00d 00h 51m 25s, num timesteps 171840, FPS 55,
	Rewards: per step mean/med/min/max, rew: 0.0040/0.0013/0.0000/0.0675,
	Losses: Policy Loss value/action/dist: 0.036/-0.016/0.996,
INFO:root:Time: 00d 00h 51m 29s, num timesteps 172080, FPS 55,
	Rewards: per step mean/med/min/max, rew: 0.0040/0.0013/0.0000/0.0675,
	Losses: Policy Loss value/action/dist: 0.036/-0.016/0.996,
INFO:root:Time: 00d 00h 51m 33s, num timesteps 172320, FPS 55,
	Rewards: per step mean/med/min/max, rew: 0.0040/0.0013/0.0000/0.0675,
	Losses: Policy Loss value/action/dist: 0.036/-0.016/0.996,
INFO:root:Time: 00d 00h 51m 37s, num timesteps 172560, FPS 55,
	Rewards: per step mean/med/min/max, rew: 0.0040/0.0013/0.0000/0.0675,
	Losses: Policy Loss value/action/dist: 0.036/-0.016/0.996,
INFO:root:Time: 00d 00h 51m 44s, num timesteps 172800, FPS 55,
	Rewards: per step mean/med/min/max, rew: 0.0040/0.0013/0.0000/0.0675,
	Losses: Policy Loss value/action/dist: 0.036/-0.016/0.995,
INFO:root:Time: 00d 00h 51m 48s, num timesteps 173040, FPS 55,
	Rewards: per step mean/med/min/max, rew: 0.0040/0.0013/0.0000/0.0675,
	Losses: Policy Loss value/action/dist: 0.036/-0.016/0.995,
INFO:root:Time: 00d 00h 51m 52s, num timesteps 173280, FPS 55,
	Rewards: per step mean/med/min/max, rew: 0.0040/0.0013/0.0000/0.0675,
	Losses: Policy Loss value/action/dist: 0.036/-0.016/0.995,
INFO:root:Time: 00d 00h 51m 56s, num timesteps 173520, FPS 55,
	Rewards: per step mean/med/min/max, rew: 0.0039/0.0013/0.0000/0.0675,
	Losses: Policy Loss value/action/dist: 0.036/-0.016/0.995,
INFO:root:Time: 00d 00h 52m 00s, num timesteps 173760, FPS 55,
	Rewards: per step mean/med/min/max, rew: 0.0039/0.0012/0.0000/0.0675,
	Losses: Policy Loss value/action/dist: 0.036/-0.016/0.995,
INFO:root:Time: 00d 00h 52m 04s, num timesteps 174000, FPS 55,
	Rewards: per step mean/med/min/max, rew: 0.0038/0.0012/0.0000/0.0675,
	Losses: Policy Loss value/action/dist: 0.036/-0.016/0.995,
INFO:root:Time: 00d 00h 52m 08s, num timesteps 174240, FPS 55,
	Rewards: per step mean/med/min/max, rew: 0.0038/0.0012/0.0000/0.0675,
	Losses: Policy Loss value/action/dist: 0.036/-0.016/0.995,
INFO:root:Time: 00d 00h 52m 12s, num timesteps 174480, FPS 55,
	Rewards: per step mean/med/min/max, rew: 0.0037/0.0012/0.0000/0.0675,
	Losses: Policy Loss value/action/dist: 0.036/-0.016/0.995,
INFO:root:Time: 00d 00h 52m 16s, num timesteps 174720, FPS 55,
	Rewards: per step mean/med/min/max, rew: 0.0037/0.0011/0.0000/0.0675,
	Losses: Policy Loss value/action/dist: 0.036/-0.016/0.995,
INFO:root:Time: 00d 00h 52m 20s, num timesteps 174960, FPS 55,
	Rewards: per step mean/med/min/max, rew: 0.0037/0.0011/0.0000/0.0675,
	Losses: Policy Loss value/action/dist: 0.036/-0.016/0.995,
INFO:root:Time: 00d 00h 52m 27s, num timesteps 175200, FPS 55,
	Rewards: per step mean/med/min/max, rew: 0.0036/0.0011/0.0000/0.0675,
	Losses: Policy Loss value/action/dist: 0.035/-0.016/0.995,
INFO:root:Time: 00d 00h 52m 31s, num timesteps 175440, FPS 55,
	Rewards: per step mean/med/min/max, rew: 0.0036/0.0010/0.0000/0.0675,
	Losses: Policy Loss value/action/dist: 0.035/-0.016/0.995,
INFO:root:Time: 00d 00h 52m 35s, num timesteps 175680, FPS 55,
	Rewards: per step mean/med/min/max, rew: 0.0036/0.0010/0.0000/0.0675,
	Losses: Policy Loss value/action/dist: 0.035/-0.016/0.995,
INFO:root:Time: 00d 00h 52m 39s, num timesteps 175920, FPS 55,
	Rewards: per step mean/med/min/max, rew: 0.0036/0.0009/0.0000/0.0675,
	Losses: Policy Loss value/action/dist: 0.035/-0.016/0.995,
INFO:root:Time: 00d 00h 52m 43s, num timesteps 176160, FPS 55,
	Rewards: per step mean/med/min/max, rew: 0.0036/0.0009/0.0000/0.0675,
	Losses: Policy Loss value/action/dist: 0.035/-0.016/0.995,
INFO:root:Time: 00d 00h 52m 47s, num timesteps 176400, FPS 55,
	Rewards: per step mean/med/min/max, rew: 0.0035/0.0009/0.0000/0.0675,
	Losses: Policy Loss value/action/dist: 0.035/-0.016/0.995,
INFO:root:Time: 00d 00h 52m 51s, num timesteps 176640, FPS 55,
	Rewards: per step mean/med/min/max, rew: 0.0035/0.0009/0.0000/0.0675,
	Losses: Policy Loss value/action/dist: 0.035/-0.016/0.995,
INFO:root:Time: 00d 00h 52m 56s, num timesteps 176880, FPS 55,
	Rewards: per step mean/med/min/max, rew: 0.0035/0.0009/0.0000/0.0675,
	Losses: Policy Loss value/action/dist: 0.035/-0.016/0.995,
INFO:root:Time: 00d 00h 53m 00s, num timesteps 177120, FPS 55,
	Rewards: per step mean/med/min/max, rew: 0.0035/0.0009/0.0000/0.0675,
	Losses: Policy Loss value/action/dist: 0.035/-0.016/0.995,
INFO:root:Time: 00d 00h 53m 04s, num timesteps 177360, FPS 55,
	Rewards: per step mean/med/min/max, rew: 0.0035/0.0009/0.0000/0.0675,
	Losses: Policy Loss value/action/dist: 0.035/-0.016/0.995,
INFO:root:Time: 00d 00h 53m 10s, num timesteps 177600, FPS 55,
	Rewards: per step mean/med/min/max, rew: 0.0034/0.0008/0.0000/0.0675,
	Losses: Policy Loss value/action/dist: 0.035/-0.016/0.995,
INFO:root:Time: 00d 00h 53m 14s, num timesteps 177840, FPS 55,
	Rewards: per step mean/med/min/max, rew: 0.0034/0.0008/0.0000/0.0675,
	Losses: Policy Loss value/action/dist: 0.035/-0.016/0.995,
INFO:root:Time: 00d 00h 53m 18s, num timesteps 178080, FPS 55,
	Rewards: per step mean/med/min/max, rew: 0.0035/0.0008/0.0000/0.0675,
	Losses: Policy Loss value/action/dist: 0.035/-0.016/0.995,
INFO:root:Time: 00d 00h 53m 22s, num timesteps 178320, FPS 55,
	Rewards: per step mean/med/min/max, rew: 0.0034/0.0008/0.0000/0.0675,
	Losses: Policy Loss value/action/dist: 0.035/-0.016/0.995,
INFO:root:Time: 00d 00h 53m 27s, num timesteps 178560, FPS 55,
	Rewards: per step mean/med/min/max, rew: 0.0035/0.0008/0.0000/0.0675,
	Losses: Policy Loss value/action/dist: 0.035/-0.016/0.995,
INFO:root:Time: 00d 00h 53m 30s, num timesteps 178800, FPS 55,
	Rewards: per step mean/med/min/max, rew: 0.0035/0.0008/0.0000/0.0675,
	Losses: Policy Loss value/action/dist: 0.035/-0.016/0.995,
INFO:root:Time: 00d 00h 53m 35s, num timesteps 179040, FPS 55,
	Rewards: per step mean/med/min/max, rew: 0.0035/0.0008/0.0000/0.0675,
	Losses: Policy Loss value/action/dist: 0.035/-0.016/0.995,
INFO:root:Time: 00d 00h 53m 39s, num timesteps 179280, FPS 55,
	Rewards: per step mean/med/min/max, rew: 0.0035/0.0008/0.0000/0.0675,
	Losses: Policy Loss value/action/dist: 0.035/-0.016/0.995,
INFO:root:Time: 00d 00h 53m 43s, num timesteps 179520, FPS 55,
	Rewards: per step mean/med/min/max, rew: 0.0035/0.0008/0.0000/0.0675,
	Losses: Policy Loss value/action/dist: 0.035/-0.016/0.995,
INFO:root:Time: 00d 00h 53m 47s, num timesteps 179760, FPS 55,
	Rewards: per step mean/med/min/max, rew: 0.0035/0.0008/0.0000/0.0675,
	Losses: Policy Loss value/action/dist: 0.035/-0.016/0.995,
INFO:root:Time: 00d 00h 53m 54s, num timesteps 180000, FPS 55,
	Rewards: per step mean/med/min/max, rew: 0.0035/0.0008/0.0000/0.0675,
	Losses: Policy Loss value/action/dist: 0.035/-0.016/0.995,
INFO:root:Time: 00d 00h 53m 58s, num timesteps 180240, FPS 55,
	Rewards: per step mean/med/min/max, rew: 0.0036/0.0008/0.0000/0.0675,
	Losses: Policy Loss value/action/dist: 0.035/-0.016/0.995,
INFO:root:Time: 00d 00h 54m 02s, num timesteps 180480, FPS 55,
	Rewards: per step mean/med/min/max, rew: 0.0035/0.0008/0.0000/0.0475,
	Losses: Policy Loss value/action/dist: 0.035/-0.016/0.995,
INFO:root:Time: 00d 00h 54m 06s, num timesteps 180720, FPS 55,
	Rewards: per step mean/med/min/max, rew: 0.0035/0.0008/0.0000/0.0475,
	Losses: Policy Loss value/action/dist: 0.035/-0.016/0.995,
INFO:root:Time: 00d 00h 54m 10s, num timesteps 180960, FPS 55,
	Rewards: per step mean/med/min/max, rew: 0.0034/0.0008/0.0000/0.0475,
	Losses: Policy Loss value/action/dist: 0.035/-0.016/0.995,
INFO:root:Time: 00d 00h 54m 14s, num timesteps 181200, FPS 55,
	Rewards: per step mean/med/min/max, rew: 0.0033/0.0008/0.0000/0.0475,
	Losses: Policy Loss value/action/dist: 0.035/-0.016/0.995,
INFO:root:Time: 00d 00h 54m 18s, num timesteps 181440, FPS 55,
	Rewards: per step mean/med/min/max, rew: 0.0032/0.0007/0.0000/0.0475,
	Losses: Policy Loss value/action/dist: 0.035/-0.016/0.995,
INFO:root:Time: 00d 00h 54m 22s, num timesteps 181680, FPS 55,
	Rewards: per step mean/med/min/max, rew: 0.0032/0.0007/0.0000/0.0475,
	Losses: Policy Loss value/action/dist: 0.035/-0.016/0.995,
INFO:root:Time: 00d 00h 54m 27s, num timesteps 181920, FPS 55,
	Rewards: per step mean/med/min/max, rew: 0.0033/0.0007/0.0000/0.0475,
	Losses: Policy Loss value/action/dist: 0.035/-0.016/0.995,
INFO:root:Time: 00d 00h 54m 31s, num timesteps 182160, FPS 55,
	Rewards: per step mean/med/min/max, rew: 0.0033/0.0007/0.0000/0.0475,
	Losses: Policy Loss value/action/dist: 0.035/-0.016/0.995,
INFO:root:Time: 00d 00h 54m 38s, num timesteps 182400, FPS 55,
	Rewards: per step mean/med/min/max, rew: 0.0033/0.0007/0.0000/0.0475,
	Losses: Policy Loss value/action/dist: 0.035/-0.016/0.995,
INFO:root:Time: 00d 00h 54m 42s, num timesteps 182640, FPS 55,
	Rewards: per step mean/med/min/max, rew: 0.0032/0.0007/0.0000/0.0475,
	Losses: Policy Loss value/action/dist: 0.035/-0.016/0.995,
INFO:root:Time: 00d 00h 54m 46s, num timesteps 182880, FPS 55,
	Rewards: per step mean/med/min/max, rew: 0.0033/0.0007/0.0000/0.0475,
	Losses: Policy Loss value/action/dist: 0.035/-0.016/0.995,
INFO:root:Time: 00d 00h 54m 50s, num timesteps 183120, FPS 55,
	Rewards: per step mean/med/min/max, rew: 0.0033/0.0007/0.0000/0.0475,
	Losses: Policy Loss value/action/dist: 0.035/-0.016/0.995,
INFO:root:Time: 00d 00h 54m 54s, num timesteps 183360, FPS 55,
	Rewards: per step mean/med/min/max, rew: 0.0033/0.0007/0.0000/0.0485,
	Losses: Policy Loss value/action/dist: 0.035/-0.016/0.995,
INFO:root:Time: 00d 00h 54m 58s, num timesteps 183600, FPS 55,
	Rewards: per step mean/med/min/max, rew: 0.0033/0.0007/0.0000/0.0485,
	Losses: Policy Loss value/action/dist: 0.035/-0.016/0.995,
INFO:root:Time: 00d 00h 55m 02s, num timesteps 183840, FPS 55,
	Rewards: per step mean/med/min/max, rew: 0.0033/0.0007/0.0000/0.0485,
	Losses: Policy Loss value/action/dist: 0.035/-0.016/0.995,
INFO:root:Time: 00d 00h 55m 06s, num timesteps 184080, FPS 55,
	Rewards: per step mean/med/min/max, rew: 0.0033/0.0007/0.0000/0.0485,
	Losses: Policy Loss value/action/dist: 0.035/-0.016/0.995,
INFO:root:Time: 00d 00h 55m 10s, num timesteps 184320, FPS 55,
	Rewards: per step mean/med/min/max, rew: 0.0033/0.0006/0.0000/0.0485,
	Losses: Policy Loss value/action/dist: 0.035/-0.016/0.995,
INFO:root:Time: 00d 00h 55m 15s, num timesteps 184560, FPS 55,
	Rewards: per step mean/med/min/max, rew: 0.0033/0.0006/0.0000/0.0485,
	Losses: Policy Loss value/action/dist: 0.035/-0.016/0.995,
INFO:root:Time: 00d 00h 55m 21s, num timesteps 184800, FPS 55,
	Rewards: per step mean/med/min/max, rew: 0.0032/0.0006/0.0000/0.0485,
	Losses: Policy Loss value/action/dist: 0.035/-0.016/0.994,
INFO:root:Time: 00d 00h 55m 25s, num timesteps 185040, FPS 55,
	Rewards: per step mean/med/min/max, rew: 0.0032/0.0006/0.0000/0.0485,
	Losses: Policy Loss value/action/dist: 0.035/-0.016/0.994,
INFO:root:Time: 00d 00h 55m 29s, num timesteps 185280, FPS 55,
	Rewards: per step mean/med/min/max, rew: 0.0032/0.0006/0.0000/0.0485,
	Losses: Policy Loss value/action/dist: 0.035/-0.016/0.994,
INFO:root:Time: 00d 00h 55m 33s, num timesteps 185520, FPS 55,
	Rewards: per step mean/med/min/max, rew: 0.0032/0.0006/0.0000/0.0485,
	Losses: Policy Loss value/action/dist: 0.035/-0.016/0.994,
INFO:root:Time: 00d 00h 55m 37s, num timesteps 185760, FPS 55,
	Rewards: per step mean/med/min/max, rew: 0.0033/0.0007/0.0000/0.0485,
	Losses: Policy Loss value/action/dist: 0.035/-0.016/0.994,
INFO:root:Time: 00d 00h 55m 41s, num timesteps 186000, FPS 55,
	Rewards: per step mean/med/min/max, rew: 0.0033/0.0006/0.0000/0.0485,
	Losses: Policy Loss value/action/dist: 0.035/-0.016/0.994,
INFO:root:Time: 00d 00h 55m 45s, num timesteps 186240, FPS 55,
	Rewards: per step mean/med/min/max, rew: 0.0033/0.0007/0.0000/0.0485,
	Losses: Policy Loss value/action/dist: 0.035/-0.016/0.994,
INFO:root:Time: 00d 00h 55m 50s, num timesteps 186480, FPS 55,
	Rewards: per step mean/med/min/max, rew: 0.0032/0.0007/0.0000/0.0485,
	Losses: Policy Loss value/action/dist: 0.035/-0.016/0.994,
INFO:root:Time: 00d 00h 55m 54s, num timesteps 186720, FPS 55,
	Rewards: per step mean/med/min/max, rew: 0.0033/0.0007/0.0000/0.0485,
	Losses: Policy Loss value/action/dist: 0.035/-0.016/0.994,
INFO:root:Time: 00d 00h 55m 58s, num timesteps 186960, FPS 55,
	Rewards: per step mean/med/min/max, rew: 0.0033/0.0007/0.0000/0.0485,
	Losses: Policy Loss value/action/dist: 0.035/-0.016/0.994,
INFO:root:Time: 00d 00h 56m 04s, num timesteps 187200, FPS 55,
	Rewards: per step mean/med/min/max, rew: 0.0033/0.0007/0.0000/0.0485,
	Losses: Policy Loss value/action/dist: 0.035/-0.016/0.994,
INFO:root:Time: 00d 00h 56m 08s, num timesteps 187440, FPS 55,
	Rewards: per step mean/med/min/max, rew: 0.0032/0.0007/0.0000/0.0485,
	Losses: Policy Loss value/action/dist: 0.035/-0.016/0.994,
INFO:root:Time: 00d 00h 56m 12s, num timesteps 187680, FPS 55,
	Rewards: per step mean/med/min/max, rew: 0.0033/0.0007/0.0000/0.0485,
	Losses: Policy Loss value/action/dist: 0.035/-0.016/0.994,
INFO:root:Time: 00d 00h 56m 17s, num timesteps 187920, FPS 55,
	Rewards: per step mean/med/min/max, rew: 0.0033/0.0007/0.0000/0.0485,
	Losses: Policy Loss value/action/dist: 0.035/-0.016/0.994,
INFO:root:Time: 00d 00h 56m 20s, num timesteps 188160, FPS 55,
	Rewards: per step mean/med/min/max, rew: 0.0033/0.0007/0.0000/0.0485,
	Losses: Policy Loss value/action/dist: 0.035/-0.016/0.994,
INFO:root:Time: 00d 00h 56m 25s, num timesteps 188400, FPS 55,
	Rewards: per step mean/med/min/max, rew: 0.0033/0.0007/0.0000/0.0485,
	Losses: Policy Loss value/action/dist: 0.035/-0.016/0.994,
INFO:root:Time: 00d 00h 56m 29s, num timesteps 188640, FPS 55,
	Rewards: per step mean/med/min/max, rew: 0.0033/0.0008/0.0000/0.0485,
	Losses: Policy Loss value/action/dist: 0.035/-0.016/0.994,
INFO:root:Time: 00d 00h 56m 33s, num timesteps 188880, FPS 55,
	Rewards: per step mean/med/min/max, rew: 0.0033/0.0008/0.0000/0.0485,
	Losses: Policy Loss value/action/dist: 0.035/-0.016/0.994,
INFO:root:Time: 00d 00h 56m 37s, num timesteps 189120, FPS 55,
	Rewards: per step mean/med/min/max, rew: 0.0033/0.0008/0.0000/0.0485,
	Losses: Policy Loss value/action/dist: 0.035/-0.016/0.994,
INFO:root:Time: 00d 00h 56m 41s, num timesteps 189360, FPS 55,
	Rewards: per step mean/med/min/max, rew: 0.0033/0.0008/0.0000/0.0485,
	Losses: Policy Loss value/action/dist: 0.035/-0.016/0.994,
INFO:root:Time: 00d 00h 56m 48s, num timesteps 189600, FPS 55,
	Rewards: per step mean/med/min/max, rew: 0.0033/0.0008/0.0000/0.0485,
	Losses: Policy Loss value/action/dist: 0.035/-0.016/0.994,
INFO:root:Time: 00d 00h 56m 52s, num timesteps 189840, FPS 55,
	Rewards: per step mean/med/min/max, rew: 0.0033/0.0008/0.0000/0.0485,
	Losses: Policy Loss value/action/dist: 0.035/-0.016/0.994,
INFO:root:Time: 00d 00h 56m 56s, num timesteps 190080, FPS 55,
	Rewards: per step mean/med/min/max, rew: 0.0033/0.0008/0.0000/0.0485,
	Losses: Policy Loss value/action/dist: 0.035/-0.016/0.994,
INFO:root:Time: 00d 00h 57m 00s, num timesteps 190320, FPS 55,
	Rewards: per step mean/med/min/max, rew: 0.0034/0.0008/0.0000/0.0485,
	Losses: Policy Loss value/action/dist: 0.035/-0.016/0.994,
INFO:root:Time: 00d 00h 57m 04s, num timesteps 190560, FPS 55,
	Rewards: per step mean/med/min/max, rew: 0.0033/0.0008/0.0000/0.0485,
	Losses: Policy Loss value/action/dist: 0.035/-0.016/0.994,
INFO:root:Time: 00d 00h 57m 08s, num timesteps 190800, FPS 55,
	Rewards: per step mean/med/min/max, rew: 0.0033/0.0008/0.0000/0.0485,
	Losses: Policy Loss value/action/dist: 0.035/-0.016/0.994,
INFO:root:Time: 00d 00h 57m 12s, num timesteps 191040, FPS 55,
	Rewards: per step mean/med/min/max, rew: 0.0033/0.0008/0.0000/0.0485,
	Losses: Policy Loss value/action/dist: 0.035/-0.016/0.994,
INFO:root:Time: 00d 00h 57m 16s, num timesteps 191280, FPS 55,
	Rewards: per step mean/med/min/max, rew: 0.0034/0.0008/0.0000/0.0485,
	Losses: Policy Loss value/action/dist: 0.035/-0.016/0.994,
INFO:root:Time: 00d 00h 57m 20s, num timesteps 191520, FPS 55,
	Rewards: per step mean/med/min/max, rew: 0.0034/0.0008/0.0000/0.0485,
	Losses: Policy Loss value/action/dist: 0.035/-0.016/0.994,
INFO:root:Time: 00d 00h 57m 24s, num timesteps 191760, FPS 55,
	Rewards: per step mean/med/min/max, rew: 0.0034/0.0008/0.0000/0.0485,
	Losses: Policy Loss value/action/dist: 0.035/-0.016/0.994,
INFO:root:Time: 00d 00h 57m 31s, num timesteps 192000, FPS 55,
	Rewards: per step mean/med/min/max, rew: 0.0034/0.0008/0.0000/0.0485,
	Losses: Policy Loss value/action/dist: 0.035/-0.016/0.994,
INFO:root:Time: 00d 00h 57m 35s, num timesteps 192240, FPS 55,
	Rewards: per step mean/med/min/max, rew: 0.0034/0.0008/0.0000/0.0485,
	Losses: Policy Loss value/action/dist: 0.035/-0.016/0.994,
INFO:root:Time: 00d 00h 57m 40s, num timesteps 192480, FPS 55,
	Rewards: per step mean/med/min/max, rew: 0.0034/0.0008/0.0000/0.0485,
	Losses: Policy Loss value/action/dist: 0.035/-0.016/0.994,
INFO:root:Time: 00d 00h 57m 44s, num timesteps 192720, FPS 55,
	Rewards: per step mean/med/min/max, rew: 0.0034/0.0008/0.0000/0.0485,
	Losses: Policy Loss value/action/dist: 0.035/-0.016/0.994,
INFO:root:Time: 00d 00h 57m 47s, num timesteps 192960, FPS 55,
	Rewards: per step mean/med/min/max, rew: 0.0034/0.0008/0.0000/0.0485,
	Losses: Policy Loss value/action/dist: 0.035/-0.016/0.994,
INFO:root:Time: 00d 00h 57m 52s, num timesteps 193200, FPS 55,
	Rewards: per step mean/med/min/max, rew: 0.0035/0.0008/0.0000/0.0485,
	Losses: Policy Loss value/action/dist: 0.035/-0.016/0.994,
INFO:root:Time: 00d 00h 57m 56s, num timesteps 193440, FPS 55,
	Rewards: per step mean/med/min/max, rew: 0.0035/0.0008/0.0000/0.0485,
	Losses: Policy Loss value/action/dist: 0.035/-0.016/0.994,
INFO:root:Time: 00d 00h 58m 00s, num timesteps 193680, FPS 55,
	Rewards: per step mean/med/min/max, rew: 0.0036/0.0009/0.0000/0.0485,
	Losses: Policy Loss value/action/dist: 0.035/-0.016/0.994,
INFO:root:Time: 00d 00h 58m 04s, num timesteps 193920, FPS 55,
	Rewards: per step mean/med/min/max, rew: 0.0035/0.0008/0.0000/0.0485,
	Losses: Policy Loss value/action/dist: 0.035/-0.016/0.994,
INFO:root:Time: 00d 00h 58m 08s, num timesteps 194160, FPS 55,
	Rewards: per step mean/med/min/max, rew: 0.0035/0.0008/0.0000/0.0485,
	Losses: Policy Loss value/action/dist: 0.035/-0.016/0.994,
INFO:root:Time: 00d 00h 58m 15s, num timesteps 194400, FPS 55,
	Rewards: per step mean/med/min/max, rew: 0.0034/0.0008/0.0000/0.0485,
	Losses: Policy Loss value/action/dist: 0.036/-0.016/0.993,
INFO:root:Time: 00d 00h 58m 19s, num timesteps 194640, FPS 55,
	Rewards: per step mean/med/min/max, rew: 0.0033/0.0008/0.0000/0.0485,
	Losses: Policy Loss value/action/dist: 0.036/-0.016/0.993,
INFO:root:Time: 00d 00h 58m 23s, num timesteps 194880, FPS 55,
	Rewards: per step mean/med/min/max, rew: 0.0034/0.0008/0.0000/0.0485,
	Losses: Policy Loss value/action/dist: 0.036/-0.016/0.993,
INFO:root:Time: 00d 00h 58m 27s, num timesteps 195120, FPS 55,
	Rewards: per step mean/med/min/max, rew: 0.0034/0.0009/0.0000/0.0485,
	Losses: Policy Loss value/action/dist: 0.036/-0.016/0.993,
INFO:root:Time: 00d 00h 58m 31s, num timesteps 195360, FPS 55,
	Rewards: per step mean/med/min/max, rew: 0.0034/0.0009/0.0000/0.0485,
	Losses: Policy Loss value/action/dist: 0.036/-0.016/0.993,
INFO:root:Time: 00d 00h 58m 35s, num timesteps 195600, FPS 55,
	Rewards: per step mean/med/min/max, rew: 0.0034/0.0009/0.0000/0.0485,
	Losses: Policy Loss value/action/dist: 0.036/-0.016/0.993,
INFO:root:Time: 00d 00h 58m 39s, num timesteps 195840, FPS 55,
	Rewards: per step mean/med/min/max, rew: 0.0034/0.0009/0.0000/0.0485,
	Losses: Policy Loss value/action/dist: 0.036/-0.016/0.993,
INFO:root:Time: 00d 00h 58m 43s, num timesteps 196080, FPS 55,
	Rewards: per step mean/med/min/max, rew: 0.0035/0.0009/0.0000/0.0485,
	Losses: Policy Loss value/action/dist: 0.036/-0.016/0.993,
INFO:root:Time: 00d 00h 58m 47s, num timesteps 196320, FPS 55,
	Rewards: per step mean/med/min/max, rew: 0.0034/0.0009/0.0000/0.0485,
	Losses: Policy Loss value/action/dist: 0.036/-0.016/0.993,
INFO:root:Time: 00d 00h 58m 51s, num timesteps 196560, FPS 55,
	Rewards: per step mean/med/min/max, rew: 0.0034/0.0009/0.0000/0.0485,
	Losses: Policy Loss value/action/dist: 0.036/-0.016/0.993,
INFO:root:Time: 00d 00h 58m 58s, num timesteps 196800, FPS 55,
	Rewards: per step mean/med/min/max, rew: 0.0034/0.0009/0.0000/0.0485,
	Losses: Policy Loss value/action/dist: 0.036/-0.016/0.993,
INFO:root:Time: 00d 00h 59m 02s, num timesteps 197040, FPS 55,
	Rewards: per step mean/med/min/max, rew: 0.0034/0.0009/0.0000/0.0485,
	Losses: Policy Loss value/action/dist: 0.036/-0.016/0.993,
INFO:root:Time: 00d 00h 59m 06s, num timesteps 197280, FPS 55,
	Rewards: per step mean/med/min/max, rew: 0.0035/0.0010/0.0000/0.0485,
	Losses: Policy Loss value/action/dist: 0.036/-0.016/0.993,
INFO:root:Time: 00d 00h 59m 10s, num timesteps 197520, FPS 55,
	Rewards: per step mean/med/min/max, rew: 0.0035/0.0010/0.0000/0.0485,
	Losses: Policy Loss value/action/dist: 0.036/-0.016/0.993,
INFO:root:Time: 00d 00h 59m 14s, num timesteps 197760, FPS 55,
	Rewards: per step mean/med/min/max, rew: 0.0035/0.0010/0.0000/0.0485,
	Losses: Policy Loss value/action/dist: 0.036/-0.016/0.993,
INFO:root:Time: 00d 00h 59m 19s, num timesteps 198000, FPS 55,
	Rewards: per step mean/med/min/max, rew: 0.0035/0.0010/0.0000/0.0485,
	Losses: Policy Loss value/action/dist: 0.036/-0.016/0.993,
INFO:root:Time: 00d 00h 59m 23s, num timesteps 198240, FPS 55,
	Rewards: per step mean/med/min/max, rew: 0.0035/0.0010/0.0000/0.0485,
	Losses: Policy Loss value/action/dist: 0.036/-0.016/0.993,
INFO:root:Time: 00d 00h 59m 27s, num timesteps 198480, FPS 55,
	Rewards: per step mean/med/min/max, rew: 0.0035/0.0010/0.0000/0.0485,
	Losses: Policy Loss value/action/dist: 0.036/-0.016/0.993,
INFO:root:Time: 00d 00h 59m 31s, num timesteps 198720, FPS 55,
	Rewards: per step mean/med/min/max, rew: 0.0035/0.0010/0.0000/0.0485,
	Losses: Policy Loss value/action/dist: 0.036/-0.016/0.993,
INFO:root:Time: 00d 00h 59m 35s, num timesteps 198960, FPS 55,
	Rewards: per step mean/med/min/max, rew: 0.0036/0.0010/0.0000/0.0485,
	Losses: Policy Loss value/action/dist: 0.036/-0.016/0.993,
INFO:root:Time: 00d 00h 59m 42s, num timesteps 199200, FPS 55,
	Rewards: per step mean/med/min/max, rew: 0.0036/0.0010/0.0000/0.0485,
	Losses: Policy Loss value/action/dist: 0.035/-0.016/0.992,
INFO:root:Time: 00d 00h 59m 46s, num timesteps 199440, FPS 55,
	Rewards: per step mean/med/min/max, rew: 0.0036/0.0010/0.0000/0.0485,
	Losses: Policy Loss value/action/dist: 0.035/-0.016/0.992,
INFO:root:Time: 00d 00h 59m 50s, num timesteps 199680, FPS 55,
	Rewards: per step mean/med/min/max, rew: 0.0036/0.0010/0.0000/0.0485,
	Losses: Policy Loss value/action/dist: 0.035/-0.016/0.992,
INFO:root:Time: 00d 00h 59m 54s, num timesteps 199920, FPS 55,
	Rewards: per step mean/med/min/max, rew: 0.0036/0.0011/0.0000/0.0485,
	Losses: Policy Loss value/action/dist: 0.035/-0.016/0.992,
INFO:root:Time: 00d 00h 59m 58s, num timesteps 200160, FPS 55,
	Rewards: per step mean/med/min/max, rew: 0.0036/0.0011/0.0000/0.0485,
	Losses: Policy Loss value/action/dist: 0.035/-0.016/0.992,
INFO:root:Time: 00d 01h 00m 02s, num timesteps 200400, FPS 55,
	Rewards: per step mean/med/min/max, rew: 0.0036/0.0011/0.0000/0.0485,
	Losses: Policy Loss value/action/dist: 0.035/-0.016/0.992,
INFO:root:Time: 00d 01h 00m 07s, num timesteps 200640, FPS 55,
	Rewards: per step mean/med/min/max, rew: 0.0037/0.0011/0.0000/0.0485,
	Losses: Policy Loss value/action/dist: 0.035/-0.016/0.992,
INFO:root:Time: 00d 01h 00m 11s, num timesteps 200880, FPS 55,
	Rewards: per step mean/med/min/max, rew: 0.0037/0.0011/0.0000/0.0485,
	Losses: Policy Loss value/action/dist: 0.035/-0.016/0.992,
INFO:root:Time: 00d 01h 00m 15s, num timesteps 201120, FPS 55,
	Rewards: per step mean/med/min/max, rew: 0.0037/0.0011/0.0000/0.0485,
	Losses: Policy Loss value/action/dist: 0.035/-0.016/0.992,
INFO:root:Time: 00d 01h 00m 19s, num timesteps 201360, FPS 55,
	Rewards: per step mean/med/min/max, rew: 0.0037/0.0011/0.0000/0.0485,
	Losses: Policy Loss value/action/dist: 0.035/-0.016/0.992,
INFO:root:Time: 00d 01h 00m 25s, num timesteps 201600, FPS 55,
	Rewards: per step mean/med/min/max, rew: 0.0037/0.0011/0.0000/0.0485,
	Losses: Policy Loss value/action/dist: 0.036/-0.016/0.992,
INFO:root:Time: 00d 01h 00m 29s, num timesteps 201840, FPS 55,
	Rewards: per step mean/med/min/max, rew: 0.0037/0.0012/0.0000/0.0485,
	Losses: Policy Loss value/action/dist: 0.036/-0.016/0.992,
INFO:root:Time: 00d 01h 00m 34s, num timesteps 202080, FPS 55,
	Rewards: per step mean/med/min/max, rew: 0.0037/0.0012/0.0000/0.0485,
	Losses: Policy Loss value/action/dist: 0.036/-0.016/0.992,
INFO:root:Time: 00d 01h 00m 38s, num timesteps 202320, FPS 55,
	Rewards: per step mean/med/min/max, rew: 0.0037/0.0012/0.0000/0.0485,
	Losses: Policy Loss value/action/dist: 0.036/-0.016/0.992,
INFO:root:Time: 00d 01h 00m 42s, num timesteps 202560, FPS 55,
	Rewards: per step mean/med/min/max, rew: 0.0037/0.0012/0.0000/0.0485,
	Losses: Policy Loss value/action/dist: 0.036/-0.016/0.992,
INFO:root:Time: 00d 01h 00m 46s, num timesteps 202800, FPS 55,
	Rewards: per step mean/med/min/max, rew: 0.0037/0.0012/0.0000/0.0485,
	Losses: Policy Loss value/action/dist: 0.036/-0.016/0.992,
INFO:root:Time: 00d 01h 00m 51s, num timesteps 203040, FPS 55,
	Rewards: per step mean/med/min/max, rew: 0.0037/0.0012/0.0000/0.0485,
	Losses: Policy Loss value/action/dist: 0.036/-0.016/0.992,
INFO:root:Time: 00d 01h 00m 55s, num timesteps 203280, FPS 55,
	Rewards: per step mean/med/min/max, rew: 0.0036/0.0012/0.0000/0.0485,
	Losses: Policy Loss value/action/dist: 0.036/-0.016/0.992,
INFO:root:Time: 00d 01h 00m 59s, num timesteps 203520, FPS 55,
	Rewards: per step mean/med/min/max, rew: 0.0036/0.0012/0.0000/0.0485,
	Losses: Policy Loss value/action/dist: 0.036/-0.016/0.992,
INFO:root:Time: 00d 01h 01m 03s, num timesteps 203760, FPS 55,
	Rewards: per step mean/med/min/max, rew: 0.0036/0.0012/0.0000/0.0485,
	Losses: Policy Loss value/action/dist: 0.036/-0.016/0.992,
INFO:root:Time: 00d 01h 01m 10s, num timesteps 204000, FPS 55,
	Rewards: per step mean/med/min/max, rew: 0.0036/0.0012/0.0000/0.0485,
	Losses: Policy Loss value/action/dist: 0.035/-0.016/0.991,
INFO:root:Time: 00d 01h 01m 14s, num timesteps 204240, FPS 55,
	Rewards: per step mean/med/min/max, rew: 0.0036/0.0012/0.0000/0.0485,
	Losses: Policy Loss value/action/dist: 0.035/-0.016/0.991,
INFO:root:Time: 00d 01h 01m 18s, num timesteps 204480, FPS 55,
	Rewards: per step mean/med/min/max, rew: 0.0037/0.0012/0.0000/0.0485,
	Losses: Policy Loss value/action/dist: 0.035/-0.016/0.991,
INFO:root:Time: 00d 01h 01m 22s, num timesteps 204720, FPS 55,
	Rewards: per step mean/med/min/max, rew: 0.0037/0.0012/0.0000/0.0485,
	Losses: Policy Loss value/action/dist: 0.035/-0.016/0.991,
INFO:root:Time: 00d 01h 01m 26s, num timesteps 204960, FPS 55,
	Rewards: per step mean/med/min/max, rew: 0.0037/0.0011/0.0000/0.0485,
	Losses: Policy Loss value/action/dist: 0.035/-0.016/0.991,
INFO:root:Time: 00d 01h 01m 30s, num timesteps 205200, FPS 55,
	Rewards: per step mean/med/min/max, rew: 0.0038/0.0012/0.0000/0.0485,
	Losses: Policy Loss value/action/dist: 0.035/-0.016/0.991,
INFO:root:Time: 00d 01h 01m 34s, num timesteps 205440, FPS 55,
	Rewards: per step mean/med/min/max, rew: 0.0039/0.0012/0.0000/0.0485,
	Losses: Policy Loss value/action/dist: 0.035/-0.016/0.991,
INFO:root:Time: 00d 01h 01m 38s, num timesteps 205680, FPS 55,
	Rewards: per step mean/med/min/max, rew: 0.0039/0.0012/0.0000/0.0485,
	Losses: Policy Loss value/action/dist: 0.035/-0.016/0.991,
INFO:root:Time: 00d 01h 01m 42s, num timesteps 205920, FPS 55,
	Rewards: per step mean/med/min/max, rew: 0.0038/0.0012/0.0000/0.0485,
	Losses: Policy Loss value/action/dist: 0.035/-0.016/0.991,
INFO:root:Time: 00d 01h 01m 46s, num timesteps 206160, FPS 55,
	Rewards: per step mean/med/min/max, rew: 0.0038/0.0012/0.0000/0.0485,
	Losses: Policy Loss value/action/dist: 0.035/-0.016/0.991,
INFO:root:Time: 00d 01h 01m 53s, num timesteps 206400, FPS 55,
	Rewards: per step mean/med/min/max, rew: 0.0039/0.0012/0.0000/0.0485,
	Losses: Policy Loss value/action/dist: 0.036/-0.016/0.990,
INFO:root:Time: 00d 01h 01m 57s, num timesteps 206640, FPS 55,
	Rewards: per step mean/med/min/max, rew: 0.0039/0.0012/0.0000/0.0485,
	Losses: Policy Loss value/action/dist: 0.036/-0.016/0.990,
INFO:root:Time: 00d 01h 02m 01s, num timesteps 206880, FPS 55,
	Rewards: per step mean/med/min/max, rew: 0.0039/0.0012/0.0000/0.0485,
	Losses: Policy Loss value/action/dist: 0.036/-0.016/0.990,
INFO:root:Time: 00d 01h 02m 05s, num timesteps 207120, FPS 55,
	Rewards: per step mean/med/min/max, rew: 0.0038/0.0012/0.0000/0.0485,
	Losses: Policy Loss value/action/dist: 0.036/-0.016/0.990,
INFO:root:Time: 00d 01h 02m 09s, num timesteps 207360, FPS 55,
	Rewards: per step mean/med/min/max, rew: 0.0038/0.0012/0.0000/0.0460,
	Losses: Policy Loss value/action/dist: 0.036/-0.016/0.990,
INFO:root:Time: 00d 01h 02m 14s, num timesteps 207600, FPS 55,
	Rewards: per step mean/med/min/max, rew: 0.0038/0.0012/0.0000/0.0460,
	Losses: Policy Loss value/action/dist: 0.036/-0.016/0.990,
INFO:root:Time: 00d 01h 02m 18s, num timesteps 207840, FPS 55,
	Rewards: per step mean/med/min/max, rew: 0.0038/0.0012/0.0000/0.0460,
	Losses: Policy Loss value/action/dist: 0.036/-0.016/0.990,
INFO:root:Time: 00d 01h 02m 22s, num timesteps 208080, FPS 55,
	Rewards: per step mean/med/min/max, rew: 0.0038/0.0012/0.0000/0.0460,
	Losses: Policy Loss value/action/dist: 0.036/-0.016/0.990,
INFO:root:Time: 00d 01h 02m 26s, num timesteps 208320, FPS 55,
	Rewards: per step mean/med/min/max, rew: 0.0038/0.0012/0.0000/0.0460,
	Losses: Policy Loss value/action/dist: 0.036/-0.016/0.990,
INFO:root:Time: 00d 01h 02m 30s, num timesteps 208560, FPS 55,
	Rewards: per step mean/med/min/max, rew: 0.0038/0.0012/0.0000/0.0460,
	Losses: Policy Loss value/action/dist: 0.036/-0.016/0.990,
INFO:root:Time: 00d 01h 02m 36s, num timesteps 208800, FPS 55,
	Rewards: per step mean/med/min/max, rew: 0.0038/0.0012/0.0000/0.0460,
	Losses: Policy Loss value/action/dist: 0.036/-0.016/0.990,
INFO:root:Time: 00d 01h 02m 40s, num timesteps 209040, FPS 55,
	Rewards: per step mean/med/min/max, rew: 0.0038/0.0012/0.0000/0.0460,
	Losses: Policy Loss value/action/dist: 0.036/-0.016/0.990,
INFO:root:Time: 00d 01h 02m 45s, num timesteps 209280, FPS 55,
	Rewards: per step mean/med/min/max, rew: 0.0038/0.0011/0.0000/0.0460,
	Losses: Policy Loss value/action/dist: 0.036/-0.016/0.990,
INFO:root:Time: 00d 01h 02m 49s, num timesteps 209520, FPS 55,
	Rewards: per step mean/med/min/max, rew: 0.0038/0.0011/0.0000/0.0460,
	Losses: Policy Loss value/action/dist: 0.036/-0.016/0.990,
INFO:root:Time: 00d 01h 02m 53s, num timesteps 209760, FPS 55,
	Rewards: per step mean/med/min/max, rew: 0.0038/0.0012/0.0000/0.0460,
	Losses: Policy Loss value/action/dist: 0.036/-0.016/0.990,
INFO:root:Time: 00d 01h 02m 57s, num timesteps 210000, FPS 55,
	Rewards: per step mean/med/min/max, rew: 0.0038/0.0012/0.0000/0.0460,
	Losses: Policy Loss value/action/dist: 0.036/-0.016/0.990,
INFO:root:Time: 00d 01h 03m 01s, num timesteps 210240, FPS 55,
	Rewards: per step mean/med/min/max, rew: 0.0038/0.0012/0.0000/0.0460,
	Losses: Policy Loss value/action/dist: 0.036/-0.016/0.990,
INFO:root:Time: 00d 01h 03m 05s, num timesteps 210480, FPS 55,
	Rewards: per step mean/med/min/max, rew: 0.0038/0.0012/0.0000/0.0460,
	Losses: Policy Loss value/action/dist: 0.036/-0.016/0.990,
INFO:root:Time: 00d 01h 03m 09s, num timesteps 210720, FPS 55,
	Rewards: per step mean/med/min/max, rew: 0.0039/0.0012/0.0000/0.0460,
	Losses: Policy Loss value/action/dist: 0.036/-0.016/0.990,
INFO:root:Time: 00d 01h 03m 14s, num timesteps 210960, FPS 55,
	Rewards: per step mean/med/min/max, rew: 0.0039/0.0012/0.0000/0.0460,
	Losses: Policy Loss value/action/dist: 0.036/-0.016/0.990,
INFO:root:Time: 00d 01h 03m 20s, num timesteps 211200, FPS 55,
	Rewards: per step mean/med/min/max, rew: 0.0039/0.0012/0.0000/0.0460,
	Losses: Policy Loss value/action/dist: 0.036/-0.016/0.989,
INFO:root:Time: 00d 01h 03m 25s, num timesteps 211440, FPS 55,
	Rewards: per step mean/med/min/max, rew: 0.0039/0.0012/0.0000/0.0460,
	Losses: Policy Loss value/action/dist: 0.036/-0.016/0.989,
INFO:root:Time: 00d 01h 03m 29s, num timesteps 211680, FPS 55,
	Rewards: per step mean/med/min/max, rew: 0.0039/0.0012/0.0000/0.0460,
	Losses: Policy Loss value/action/dist: 0.036/-0.016/0.989,
INFO:root:Time: 00d 01h 03m 33s, num timesteps 211920, FPS 55,
	Rewards: per step mean/med/min/max, rew: 0.0039/0.0012/0.0000/0.0460,
	Losses: Policy Loss value/action/dist: 0.036/-0.016/0.989,
INFO:root:Time: 00d 01h 03m 37s, num timesteps 212160, FPS 55,
	Rewards: per step mean/med/min/max, rew: 0.0039/0.0012/0.0000/0.0460,
	Losses: Policy Loss value/action/dist: 0.036/-0.016/0.989,
INFO:root:Time: 00d 01h 03m 41s, num timesteps 212400, FPS 55,
	Rewards: per step mean/med/min/max, rew: 0.0039/0.0012/0.0000/0.0460,
	Losses: Policy Loss value/action/dist: 0.036/-0.016/0.989,
INFO:root:Time: 00d 01h 03m 45s, num timesteps 212640, FPS 55,
	Rewards: per step mean/med/min/max, rew: 0.0039/0.0012/0.0000/0.0460,
	Losses: Policy Loss value/action/dist: 0.036/-0.016/0.989,
INFO:root:Time: 00d 01h 03m 49s, num timesteps 212880, FPS 55,
	Rewards: per step mean/med/min/max, rew: 0.0039/0.0012/0.0000/0.0460,
	Losses: Policy Loss value/action/dist: 0.036/-0.016/0.989,
INFO:root:Time: 00d 01h 03m 53s, num timesteps 213120, FPS 55,
	Rewards: per step mean/med/min/max, rew: 0.0039/0.0012/0.0000/0.0460,
	Losses: Policy Loss value/action/dist: 0.036/-0.016/0.989,
INFO:root:Time: 00d 01h 03m 57s, num timesteps 213360, FPS 55,
	Rewards: per step mean/med/min/max, rew: 0.0038/0.0011/0.0000/0.0460,
	Losses: Policy Loss value/action/dist: 0.036/-0.016/0.989,
INFO:root:Time: 00d 01h 04m 04s, num timesteps 213600, FPS 55,
	Rewards: per step mean/med/min/max, rew: 0.0038/0.0011/0.0000/0.0460,
	Losses: Policy Loss value/action/dist: 0.036/-0.016/0.989,
INFO:root:Time: 00d 01h 04m 08s, num timesteps 213840, FPS 55,
	Rewards: per step mean/med/min/max, rew: 0.0039/0.0011/0.0000/0.0460,
	Losses: Policy Loss value/action/dist: 0.036/-0.016/0.989,
INFO:root:Time: 00d 01h 04m 12s, num timesteps 214080, FPS 55,
	Rewards: per step mean/med/min/max, rew: 0.0039/0.0011/0.0000/0.0460,
	Losses: Policy Loss value/action/dist: 0.036/-0.016/0.989,
INFO:root:Time: 00d 01h 04m 16s, num timesteps 214320, FPS 55,
	Rewards: per step mean/med/min/max, rew: 0.0039/0.0011/0.0000/0.0460,
	Losses: Policy Loss value/action/dist: 0.036/-0.016/0.989,
INFO:root:Time: 00d 01h 04m 20s, num timesteps 214560, FPS 55,
	Rewards: per step mean/med/min/max, rew: 0.0039/0.0011/0.0000/0.0460,
	Losses: Policy Loss value/action/dist: 0.036/-0.016/0.989,
INFO:root:Time: 00d 01h 04m 25s, num timesteps 214800, FPS 55,
	Rewards: per step mean/med/min/max, rew: 0.0039/0.0011/0.0000/0.0460,
	Losses: Policy Loss value/action/dist: 0.036/-0.016/0.989,
INFO:root:Time: 00d 01h 04m 29s, num timesteps 215040, FPS 55,
	Rewards: per step mean/med/min/max, rew: 0.0039/0.0011/0.0000/0.0460,
	Losses: Policy Loss value/action/dist: 0.036/-0.016/0.989,
INFO:root:Time: 00d 01h 04m 33s, num timesteps 215280, FPS 55,
	Rewards: per step mean/med/min/max, rew: 0.0038/0.0011/0.0000/0.0460,
	Losses: Policy Loss value/action/dist: 0.036/-0.016/0.989,
INFO:root:Time: 00d 01h 04m 37s, num timesteps 215520, FPS 55,
	Rewards: per step mean/med/min/max, rew: 0.0038/0.0011/0.0000/0.0460,
	Losses: Policy Loss value/action/dist: 0.036/-0.016/0.989,
INFO:root:Time: 00d 01h 04m 41s, num timesteps 215760, FPS 55,
	Rewards: per step mean/med/min/max, rew: 0.0038/0.0011/0.0000/0.0460,
	Losses: Policy Loss value/action/dist: 0.036/-0.016/0.989,
INFO:root:Time: 00d 01h 04m 48s, num timesteps 216000, FPS 55,
	Rewards: per step mean/med/min/max, rew: 0.0038/0.0011/0.0000/0.0460,
	Losses: Policy Loss value/action/dist: 0.035/-0.016/0.988,
INFO:root:Time: 00d 01h 04m 52s, num timesteps 216240, FPS 55,
	Rewards: per step mean/med/min/max, rew: 0.0038/0.0011/0.0000/0.0458,
	Losses: Policy Loss value/action/dist: 0.035/-0.016/0.988,
INFO:root:Time: 00d 01h 04m 56s, num timesteps 216480, FPS 55,
	Rewards: per step mean/med/min/max, rew: 0.0039/0.0011/0.0000/0.0458,
	Losses: Policy Loss value/action/dist: 0.035/-0.016/0.988,
INFO:root:Time: 00d 01h 05m 00s, num timesteps 216720, FPS 55,
	Rewards: per step mean/med/min/max, rew: 0.0039/0.0011/0.0000/0.0453,
	Losses: Policy Loss value/action/dist: 0.035/-0.016/0.988,
INFO:root:Time: 00d 01h 05m 04s, num timesteps 216960, FPS 55,
	Rewards: per step mean/med/min/max, rew: 0.0039/0.0011/0.0000/0.0453,
	Losses: Policy Loss value/action/dist: 0.035/-0.016/0.988,
INFO:root:Time: 00d 01h 05m 08s, num timesteps 217200, FPS 55,
	Rewards: per step mean/med/min/max, rew: 0.0039/0.0011/0.0000/0.0453,
	Losses: Policy Loss value/action/dist: 0.035/-0.016/0.988,
INFO:root:Time: 00d 01h 05m 12s, num timesteps 217440, FPS 55,
	Rewards: per step mean/med/min/max, rew: 0.0038/0.0011/0.0000/0.0453,
	Losses: Policy Loss value/action/dist: 0.035/-0.016/0.988,
INFO:root:Time: 00d 01h 05m 16s, num timesteps 217680, FPS 55,
	Rewards: per step mean/med/min/max, rew: 0.0037/0.0010/0.0000/0.0453,
	Losses: Policy Loss value/action/dist: 0.035/-0.016/0.988,
INFO:root:Time: 00d 01h 05m 21s, num timesteps 217920, FPS 55,
	Rewards: per step mean/med/min/max, rew: 0.0037/0.0010/0.0000/0.0453,
	Losses: Policy Loss value/action/dist: 0.035/-0.016/0.988,
INFO:root:Time: 00d 01h 05m 25s, num timesteps 218160, FPS 55,
	Rewards: per step mean/med/min/max, rew: 0.0037/0.0010/0.0000/0.0453,
	Losses: Policy Loss value/action/dist: 0.035/-0.016/0.988,
INFO:root:Time: 00d 01h 05m 31s, num timesteps 218400, FPS 55,
	Rewards: per step mean/med/min/max, rew: 0.0037/0.0011/0.0000/0.0453,
	Losses: Policy Loss value/action/dist: 0.036/-0.016/0.988,
INFO:root:Time: 00d 01h 05m 36s, num timesteps 218640, FPS 55,
	Rewards: per step mean/med/min/max, rew: 0.0037/0.0011/0.0000/0.0453,
	Losses: Policy Loss value/action/dist: 0.036/-0.016/0.988,
INFO:root:Time: 00d 01h 05m 40s, num timesteps 218880, FPS 55,
	Rewards: per step mean/med/min/max, rew: 0.0036/0.0010/0.0000/0.0453,
	Losses: Policy Loss value/action/dist: 0.036/-0.016/0.988,
INFO:root:Time: 00d 01h 05m 44s, num timesteps 219120, FPS 55,
	Rewards: per step mean/med/min/max, rew: 0.0036/0.0010/0.0000/0.0453,
	Losses: Policy Loss value/action/dist: 0.036/-0.016/0.988,
INFO:root:Time: 00d 01h 05m 48s, num timesteps 219360, FPS 55,
	Rewards: per step mean/med/min/max, rew: 0.0035/0.0010/0.0000/0.0453,
	Losses: Policy Loss value/action/dist: 0.036/-0.016/0.988,
INFO:root:Time: 00d 01h 05m 52s, num timesteps 219600, FPS 55,
	Rewards: per step mean/med/min/max, rew: 0.0035/0.0009/0.0000/0.0453,
	Losses: Policy Loss value/action/dist: 0.036/-0.016/0.988,
INFO:root:Time: 00d 01h 05m 56s, num timesteps 219840, FPS 55,
	Rewards: per step mean/med/min/max, rew: 0.0036/0.0010/0.0000/0.0453,
	Losses: Policy Loss value/action/dist: 0.036/-0.016/0.988,
INFO:root:Time: 00d 01h 06m 00s, num timesteps 220080, FPS 55,
	Rewards: per step mean/med/min/max, rew: 0.0037/0.0010/0.0000/0.0659,
	Losses: Policy Loss value/action/dist: 0.036/-0.016/0.988,
INFO:root:Time: 00d 01h 06m 04s, num timesteps 220320, FPS 55,
	Rewards: per step mean/med/min/max, rew: 0.0037/0.0010/0.0000/0.0659,
	Losses: Policy Loss value/action/dist: 0.036/-0.016/0.988,
INFO:root:Time: 00d 01h 06m 08s, num timesteps 220560, FPS 55,
	Rewards: per step mean/med/min/max, rew: 0.0037/0.0010/0.0000/0.0659,
	Losses: Policy Loss value/action/dist: 0.036/-0.016/0.988,
INFO:root:Time: 00d 01h 06m 15s, num timesteps 220800, FPS 55,
	Rewards: per step mean/med/min/max, rew: 0.0037/0.0010/0.0000/0.0659,
	Losses: Policy Loss value/action/dist: 0.036/-0.016/0.987,
INFO:root:Time: 00d 01h 06m 19s, num timesteps 221040, FPS 55,
	Rewards: per step mean/med/min/max, rew: 0.0037/0.0010/0.0000/0.0659,
	Losses: Policy Loss value/action/dist: 0.036/-0.016/0.987,
INFO:root:Time: 00d 01h 06m 23s, num timesteps 221280, FPS 55,
	Rewards: per step mean/med/min/max, rew: 0.0037/0.0009/0.0000/0.0659,
	Losses: Policy Loss value/action/dist: 0.036/-0.016/0.987,
INFO:root:Time: 00d 01h 06m 27s, num timesteps 221520, FPS 55,
	Rewards: per step mean/med/min/max, rew: 0.0037/0.0010/0.0000/0.0659,
	Losses: Policy Loss value/action/dist: 0.036/-0.016/0.987,
INFO:root:Time: 00d 01h 06m 31s, num timesteps 221760, FPS 55,
	Rewards: per step mean/med/min/max, rew: 0.0037/0.0010/0.0000/0.0659,
	Losses: Policy Loss value/action/dist: 0.036/-0.016/0.987,
INFO:root:Time: 00d 01h 06m 36s, num timesteps 222000, FPS 55,
	Rewards: per step mean/med/min/max, rew: 0.0038/0.0010/0.0000/0.0659,
	Losses: Policy Loss value/action/dist: 0.036/-0.016/0.987,
INFO:root:Time: 00d 01h 06m 40s, num timesteps 222240, FPS 55,
	Rewards: per step mean/med/min/max, rew: 0.0038/0.0011/0.0000/0.0659,
	Losses: Policy Loss value/action/dist: 0.036/-0.016/0.987,
INFO:root:Time: 00d 01h 06m 44s, num timesteps 222480, FPS 55,
	Rewards: per step mean/med/min/max, rew: 0.0037/0.0010/0.0000/0.0659,
	Losses: Policy Loss value/action/dist: 0.036/-0.016/0.987,
INFO:root:Time: 00d 01h 06m 48s, num timesteps 222720, FPS 55,
	Rewards: per step mean/med/min/max, rew: 0.0037/0.0010/0.0000/0.0659,
	Losses: Policy Loss value/action/dist: 0.036/-0.016/0.987,
INFO:root:Time: 00d 01h 06m 52s, num timesteps 222960, FPS 55,
	Rewards: per step mean/med/min/max, rew: 0.0037/0.0010/0.0000/0.0659,
	Losses: Policy Loss value/action/dist: 0.036/-0.016/0.987,
INFO:root:Time: 00d 01h 06m 59s, num timesteps 223200, FPS 55,
	Rewards: per step mean/med/min/max, rew: 0.0037/0.0011/0.0000/0.0659,
	Losses: Policy Loss value/action/dist: 0.036/-0.016/0.986,
INFO:root:Time: 00d 01h 07m 03s, num timesteps 223440, FPS 55,
	Rewards: per step mean/med/min/max, rew: 0.0037/0.0011/0.0000/0.0659,
	Losses: Policy Loss value/action/dist: 0.036/-0.016/0.986,
INFO:root:Time: 00d 01h 07m 07s, num timesteps 223680, FPS 55,
	Rewards: per step mean/med/min/max, rew: 0.0037/0.0011/0.0000/0.0659,
	Losses: Policy Loss value/action/dist: 0.036/-0.016/0.986,
INFO:root:Time: 00d 01h 07m 11s, num timesteps 223920, FPS 55,
	Rewards: per step mean/med/min/max, rew: 0.0037/0.0010/0.0000/0.0659,
	Losses: Policy Loss value/action/dist: 0.036/-0.016/0.986,
INFO:root:Time: 00d 01h 07m 15s, num timesteps 224160, FPS 55,
	Rewards: per step mean/med/min/max, rew: 0.0037/0.0010/0.0000/0.0659,
	Losses: Policy Loss value/action/dist: 0.036/-0.016/0.986,
INFO:root:Time: 00d 01h 07m 19s, num timesteps 224400, FPS 55,
	Rewards: per step mean/med/min/max, rew: 0.0038/0.0010/0.0000/0.0659,
	Losses: Policy Loss value/action/dist: 0.036/-0.016/0.986,
INFO:root:Time: 00d 01h 07m 23s, num timesteps 224640, FPS 55,
	Rewards: per step mean/med/min/max, rew: 0.0038/0.0010/0.0000/0.0659,
	Losses: Policy Loss value/action/dist: 0.036/-0.016/0.986,
INFO:root:Time: 00d 01h 07m 28s, num timesteps 224880, FPS 55,
	Rewards: per step mean/med/min/max, rew: 0.0038/0.0011/0.0000/0.0659,
	Losses: Policy Loss value/action/dist: 0.036/-0.016/0.986,
INFO:root:Time: 00d 01h 07m 32s, num timesteps 225120, FPS 55,
	Rewards: per step mean/med/min/max, rew: 0.0038/0.0011/0.0000/0.0659,
	Losses: Policy Loss value/action/dist: 0.036/-0.016/0.986,
INFO:root:Time: 00d 01h 07m 36s, num timesteps 225360, FPS 55,
	Rewards: per step mean/med/min/max, rew: 0.0039/0.0011/0.0000/0.0659,
	Losses: Policy Loss value/action/dist: 0.036/-0.016/0.986,
INFO:root:Time: 00d 01h 07m 43s, num timesteps 225600, FPS 55,
	Rewards: per step mean/med/min/max, rew: 0.0039/0.0011/0.0000/0.0659,
	Losses: Policy Loss value/action/dist: 0.036/-0.016/0.986,
INFO:root:Time: 00d 01h 07m 47s, num timesteps 225840, FPS 55,
	Rewards: per step mean/med/min/max, rew: 0.0039/0.0011/0.0000/0.0659,
	Losses: Policy Loss value/action/dist: 0.036/-0.016/0.986,
INFO:root:Time: 00d 01h 07m 51s, num timesteps 226080, FPS 55,
	Rewards: per step mean/med/min/max, rew: 0.0039/0.0011/0.0000/0.0659,
	Losses: Policy Loss value/action/dist: 0.036/-0.016/0.986,
INFO:root:Time: 00d 01h 07m 55s, num timesteps 226320, FPS 55,
	Rewards: per step mean/med/min/max, rew: 0.0039/0.0011/0.0000/0.0659,
	Losses: Policy Loss value/action/dist: 0.036/-0.016/0.986,
INFO:root:Time: 00d 01h 08m 00s, num timesteps 226560, FPS 55,
	Rewards: per step mean/med/min/max, rew: 0.0039/0.0011/0.0000/0.0659,
	Losses: Policy Loss value/action/dist: 0.036/-0.016/0.986,
INFO:root:Time: 00d 01h 08m 04s, num timesteps 226800, FPS 55,
	Rewards: per step mean/med/min/max, rew: 0.0039/0.0011/0.0000/0.0659,
	Losses: Policy Loss value/action/dist: 0.036/-0.016/0.986,
INFO:root:Time: 00d 01h 08m 08s, num timesteps 227040, FPS 55,
	Rewards: per step mean/med/min/max, rew: 0.0039/0.0011/0.0000/0.0659,
	Losses: Policy Loss value/action/dist: 0.036/-0.016/0.986,
INFO:root:Time: 00d 01h 08m 12s, num timesteps 227280, FPS 55,
	Rewards: per step mean/med/min/max, rew: 0.0039/0.0011/0.0000/0.0659,
	Losses: Policy Loss value/action/dist: 0.036/-0.016/0.986,
INFO:root:Time: 00d 01h 08m 16s, num timesteps 227520, FPS 55,
	Rewards: per step mean/med/min/max, rew: 0.0039/0.0011/0.0000/0.0659,
	Losses: Policy Loss value/action/dist: 0.036/-0.016/0.986,
INFO:root:Time: 00d 01h 08m 20s, num timesteps 227760, FPS 55,
	Rewards: per step mean/med/min/max, rew: 0.0039/0.0011/0.0000/0.0659,
	Losses: Policy Loss value/action/dist: 0.036/-0.016/0.986,
INFO:root:Time: 00d 01h 08m 27s, num timesteps 228000, FPS 55,
	Rewards: per step mean/med/min/max, rew: 0.0039/0.0011/0.0000/0.0659,
	Losses: Policy Loss value/action/dist: 0.036/-0.016/0.986,
INFO:root:Time: 00d 01h 08m 31s, num timesteps 228240, FPS 55,
	Rewards: per step mean/med/min/max, rew: 0.0038/0.0011/0.0000/0.0659,
	Losses: Policy Loss value/action/dist: 0.036/-0.016/0.986,
INFO:root:Time: 00d 01h 08m 35s, num timesteps 228480, FPS 55,
	Rewards: per step mean/med/min/max, rew: 0.0038/0.0011/0.0000/0.0659,
	Losses: Policy Loss value/action/dist: 0.036/-0.016/0.986,
INFO:root:Time: 00d 01h 08m 39s, num timesteps 228720, FPS 55,
	Rewards: per step mean/med/min/max, rew: 0.0039/0.0012/0.0000/0.0659,
	Losses: Policy Loss value/action/dist: 0.036/-0.016/0.986,
INFO:root:Time: 00d 01h 08m 44s, num timesteps 228960, FPS 55,
	Rewards: per step mean/med/min/max, rew: 0.0039/0.0012/0.0000/0.0659,
	Losses: Policy Loss value/action/dist: 0.036/-0.016/0.986,
INFO:root:Time: 00d 01h 08m 48s, num timesteps 229200, FPS 55,
	Rewards: per step mean/med/min/max, rew: 0.0038/0.0012/0.0000/0.0659,
	Losses: Policy Loss value/action/dist: 0.036/-0.016/0.986,
INFO:root:Time: 00d 01h 08m 52s, num timesteps 229440, FPS 55,
	Rewards: per step mean/med/min/max, rew: 0.0038/0.0012/0.0000/0.0659,
	Losses: Policy Loss value/action/dist: 0.036/-0.016/0.986,
INFO:root:Time: 00d 01h 08m 56s, num timesteps 229680, FPS 55,
	Rewards: per step mean/med/min/max, rew: 0.0038/0.0011/0.0000/0.0659,
	Losses: Policy Loss value/action/dist: 0.036/-0.016/0.986,
INFO:root:Time: 00d 01h 09m 00s, num timesteps 229920, FPS 55,
	Rewards: per step mean/med/min/max, rew: 0.0038/0.0011/0.0000/0.0659,
	Losses: Policy Loss value/action/dist: 0.036/-0.016/0.986,
INFO:root:Time: 00d 01h 09m 04s, num timesteps 230160, FPS 55,
	Rewards: per step mean/med/min/max, rew: 0.0039/0.0011/0.0000/0.0659,
	Losses: Policy Loss value/action/dist: 0.036/-0.016/0.986,
INFO:root:Time: 00d 01h 09m 11s, num timesteps 230400, FPS 55,
	Rewards: per step mean/med/min/max, rew: 0.0039/0.0012/0.0000/0.0659,
	Losses: Policy Loss value/action/dist: 0.037/-0.016/0.985,
INFO:root:Time: 00d 01h 09m 15s, num timesteps 230640, FPS 55,
	Rewards: per step mean/med/min/max, rew: 0.0038/0.0012/0.0000/0.0659,
	Losses: Policy Loss value/action/dist: 0.037/-0.016/0.985,
INFO:root:Time: 00d 01h 09m 19s, num timesteps 230880, FPS 55,
	Rewards: per step mean/med/min/max, rew: 0.0039/0.0011/0.0000/0.0659,
	Losses: Policy Loss value/action/dist: 0.037/-0.016/0.985,
INFO:root:Time: 00d 01h 09m 23s, num timesteps 231120, FPS 55,
	Rewards: per step mean/med/min/max, rew: 0.0039/0.0011/0.0000/0.0659,
	Losses: Policy Loss value/action/dist: 0.037/-0.016/0.985,
INFO:root:Time: 00d 01h 09m 27s, num timesteps 231360, FPS 55,
	Rewards: per step mean/med/min/max, rew: 0.0038/0.0011/0.0000/0.0659,
	Losses: Policy Loss value/action/dist: 0.037/-0.016/0.985,
INFO:root:Time: 00d 01h 09m 31s, num timesteps 231600, FPS 55,
	Rewards: per step mean/med/min/max, rew: 0.0039/0.0011/0.0000/0.0659,
	Losses: Policy Loss value/action/dist: 0.037/-0.016/0.985,
INFO:root:Time: 00d 01h 09m 35s, num timesteps 231840, FPS 55,
	Rewards: per step mean/med/min/max, rew: 0.0039/0.0011/0.0000/0.0659,
	Losses: Policy Loss value/action/dist: 0.037/-0.016/0.985,
INFO:root:Time: 00d 01h 09m 40s, num timesteps 232080, FPS 55,
	Rewards: per step mean/med/min/max, rew: 0.0039/0.0011/0.0000/0.0659,
	Losses: Policy Loss value/action/dist: 0.037/-0.016/0.985,
INFO:root:Time: 00d 01h 09m 44s, num timesteps 232320, FPS 55,
	Rewards: per step mean/med/min/max, rew: 0.0040/0.0012/0.0000/0.0659,
	Losses: Policy Loss value/action/dist: 0.037/-0.016/0.985,
INFO:root:Time: 00d 01h 09m 48s, num timesteps 232560, FPS 55,
	Rewards: per step mean/med/min/max, rew: 0.0040/0.0012/0.0000/0.0659,
	Losses: Policy Loss value/action/dist: 0.037/-0.016/0.985,
INFO:root:Time: 00d 01h 09m 54s, num timesteps 232800, FPS 55,
	Rewards: per step mean/med/min/max, rew: 0.0040/0.0012/0.0000/0.0659,
	Losses: Policy Loss value/action/dist: 0.037/-0.016/0.985,
INFO:root:Time: 00d 01h 09m 58s, num timesteps 233040, FPS 55,
	Rewards: per step mean/med/min/max, rew: 0.0040/0.0012/0.0000/0.0659,
	Losses: Policy Loss value/action/dist: 0.037/-0.016/0.985,
INFO:root:Time: 00d 01h 10m 02s, num timesteps 233280, FPS 55,
	Rewards: per step mean/med/min/max, rew: 0.0040/0.0012/0.0000/0.0659,
	Losses: Policy Loss value/action/dist: 0.037/-0.016/0.985,
INFO:root:Time: 00d 01h 10m 06s, num timesteps 233520, FPS 55,
	Rewards: per step mean/med/min/max, rew: 0.0040/0.0012/0.0000/0.0659,
	Losses: Policy Loss value/action/dist: 0.037/-0.016/0.985,
INFO:root:Time: 00d 01h 10m 11s, num timesteps 233760, FPS 55,
	Rewards: per step mean/med/min/max, rew: 0.0039/0.0011/0.0000/0.0659,
	Losses: Policy Loss value/action/dist: 0.037/-0.016/0.985,
INFO:root:Time: 00d 01h 10m 15s, num timesteps 234000, FPS 55,
	Rewards: per step mean/med/min/max, rew: 0.0039/0.0011/0.0000/0.0659,
	Losses: Policy Loss value/action/dist: 0.037/-0.016/0.985,
INFO:root:Time: 00d 01h 10m 19s, num timesteps 234240, FPS 55,
	Rewards: per step mean/med/min/max, rew: 0.0039/0.0011/0.0000/0.0659,
	Losses: Policy Loss value/action/dist: 0.037/-0.016/0.985,
INFO:root:Time: 00d 01h 10m 23s, num timesteps 234480, FPS 55,
	Rewards: per step mean/med/min/max, rew: 0.0039/0.0011/0.0000/0.0659,
	Losses: Policy Loss value/action/dist: 0.037/-0.016/0.985,
INFO:root:Time: 00d 01h 10m 27s, num timesteps 234720, FPS 55,
	Rewards: per step mean/med/min/max, rew: 0.0039/0.0011/0.0000/0.0659,
	Losses: Policy Loss value/action/dist: 0.037/-0.016/0.985,
INFO:root:Time: 00d 01h 10m 31s, num timesteps 234960, FPS 55,
	Rewards: per step mean/med/min/max, rew: 0.0039/0.0011/0.0000/0.0659,
	Losses: Policy Loss value/action/dist: 0.037/-0.016/0.985,
INFO:root:Time: 00d 01h 10m 37s, num timesteps 235200, FPS 55,
	Rewards: per step mean/med/min/max, rew: 0.0039/0.0011/0.0000/0.0659,
	Losses: Policy Loss value/action/dist: 0.036/-0.017/0.985,
INFO:root:Time: 00d 01h 10m 42s, num timesteps 235440, FPS 55,
	Rewards: per step mean/med/min/max, rew: 0.0039/0.0011/0.0000/0.0659,
	Losses: Policy Loss value/action/dist: 0.036/-0.017/0.985,
INFO:root:Time: 00d 01h 10m 46s, num timesteps 235680, FPS 55,
	Rewards: per step mean/med/min/max, rew: 0.0039/0.0011/0.0000/0.0659,
	Losses: Policy Loss value/action/dist: 0.036/-0.017/0.985,
INFO:root:Time: 00d 01h 10m 50s, num timesteps 235920, FPS 55,
	Rewards: per step mean/med/min/max, rew: 0.0039/0.0011/0.0000/0.0659,
	Losses: Policy Loss value/action/dist: 0.036/-0.017/0.985,
INFO:root:Time: 00d 01h 10m 54s, num timesteps 236160, FPS 55,
	Rewards: per step mean/med/min/max, rew: 0.0039/0.0011/0.0000/0.0659,
	Losses: Policy Loss value/action/dist: 0.036/-0.017/0.985,
INFO:root:Time: 00d 01h 10m 58s, num timesteps 236400, FPS 55,
	Rewards: per step mean/med/min/max, rew: 0.0038/0.0010/0.0000/0.0659,
	Losses: Policy Loss value/action/dist: 0.036/-0.017/0.985,
INFO:root:Time: 00d 01h 11m 02s, num timesteps 236640, FPS 55,
	Rewards: per step mean/med/min/max, rew: 0.0038/0.0010/0.0000/0.0659,
	Losses: Policy Loss value/action/dist: 0.036/-0.017/0.985,
INFO:root:Time: 00d 01h 11m 06s, num timesteps 236880, FPS 55,
	Rewards: per step mean/med/min/max, rew: 0.0038/0.0010/0.0000/0.0659,
	Losses: Policy Loss value/action/dist: 0.036/-0.017/0.985,
INFO:root:Time: 00d 01h 11m 10s, num timesteps 237120, FPS 55,
	Rewards: per step mean/med/min/max, rew: 0.0038/0.0010/0.0000/0.0659,
	Losses: Policy Loss value/action/dist: 0.036/-0.017/0.985,
INFO:root:Time: 00d 01h 11m 14s, num timesteps 237360, FPS 55,
	Rewards: per step mean/med/min/max, rew: 0.0039/0.0010/0.0000/0.0659,
	Losses: Policy Loss value/action/dist: 0.036/-0.017/0.985,
INFO:root:Time: 00d 01h 11m 21s, num timesteps 237600, FPS 55,
	Rewards: per step mean/med/min/max, rew: 0.0039/0.0010/0.0000/0.0659,
	Losses: Policy Loss value/action/dist: 0.036/-0.016/0.984,
INFO:root:Time: 00d 01h 11m 25s, num timesteps 237840, FPS 55,
	Rewards: per step mean/med/min/max, rew: 0.0039/0.0010/0.0000/0.0659,
	Losses: Policy Loss value/action/dist: 0.036/-0.016/0.984,
INFO:root:Time: 00d 01h 11m 29s, num timesteps 238080, FPS 55,
	Rewards: per step mean/med/min/max, rew: 0.0039/0.0010/0.0000/0.0659,
	Losses: Policy Loss value/action/dist: 0.036/-0.016/0.984,
INFO:root:Time: 00d 01h 11m 33s, num timesteps 238320, FPS 55,
	Rewards: per step mean/med/min/max, rew: 0.0039/0.0010/0.0000/0.0659,
	Losses: Policy Loss value/action/dist: 0.036/-0.016/0.984,
INFO:root:Time: 00d 01h 11m 37s, num timesteps 238560, FPS 55,
	Rewards: per step mean/med/min/max, rew: 0.0039/0.0010/0.0000/0.0659,
	Losses: Policy Loss value/action/dist: 0.036/-0.016/0.984,
INFO:root:Time: 00d 01h 11m 42s, num timesteps 238800, FPS 55,
	Rewards: per step mean/med/min/max, rew: 0.0039/0.0010/0.0000/0.0659,
	Losses: Policy Loss value/action/dist: 0.036/-0.016/0.984,
INFO:root:Time: 00d 01h 11m 46s, num timesteps 239040, FPS 55,
	Rewards: per step mean/med/min/max, rew: 0.0039/0.0010/0.0000/0.0659,
	Losses: Policy Loss value/action/dist: 0.036/-0.016/0.984,
INFO:root:Time: 00d 01h 11m 50s, num timesteps 239280, FPS 55,
	Rewards: per step mean/med/min/max, rew: 0.0039/0.0011/0.0000/0.0659,
	Losses: Policy Loss value/action/dist: 0.036/-0.016/0.984,
INFO:root:Time: 00d 01h 11m 54s, num timesteps 239520, FPS 55,
	Rewards: per step mean/med/min/max, rew: 0.0040/0.0012/0.0000/0.0659,
	Losses: Policy Loss value/action/dist: 0.036/-0.016/0.984,
INFO:root:Time: 00d 01h 11m 58s, num timesteps 239760, FPS 55,
	Rewards: per step mean/med/min/max, rew: 0.0040/0.0012/0.0000/0.0659,
	Losses: Policy Loss value/action/dist: 0.036/-0.016/0.984,
INFO:root:Time: 00d 01h 12m 05s, num timesteps 240000, FPS 55,
	Rewards: per step mean/med/min/max, rew: 0.0041/0.0012/0.0000/0.0659,
	Losses: Policy Loss value/action/dist: 0.037/-0.016/0.984,
INFO:root:Time: 00d 01h 12m 11s, num timesteps 240240, FPS 55,
	Rewards: per step mean/med/min/max, rew: 0.0041/0.0012/0.0000/0.0659,
	Losses: Policy Loss value/action/dist: 0.037/-0.016/0.984,
INFO:root:Time: 00d 01h 12m 18s, num timesteps 240480, FPS 55,
	Rewards: per step mean/med/min/max, rew: 0.0041/0.0012/0.0000/0.0659,
	Losses: Policy Loss value/action/dist: 0.037/-0.016/0.984,
INFO:root:Time: 00d 01h 12m 25s, num timesteps 240720, FPS 55,
	Rewards: per step mean/med/min/max, rew: 0.0041/0.0012/0.0000/0.0659,
	Losses: Policy Loss value/action/dist: 0.037/-0.016/0.984,
INFO:root:Time: 00d 01h 12m 32s, num timesteps 240960, FPS 55,
	Rewards: per step mean/med/min/max, rew: 0.0040/0.0012/0.0000/0.0659,
	Losses: Policy Loss value/action/dist: 0.037/-0.016/0.984,
INFO:root:Time: 00d 01h 12m 39s, num timesteps 241200, FPS 55,
	Rewards: per step mean/med/min/max, rew: 0.0040/0.0012/0.0000/0.0659,
	Losses: Policy Loss value/action/dist: 0.037/-0.016/0.984,
INFO:root:Time: 00d 01h 12m 46s, num timesteps 241440, FPS 55,
	Rewards: per step mean/med/min/max, rew: 0.0041/0.0012/0.0000/0.0659,
	Losses: Policy Loss value/action/dist: 0.037/-0.016/0.984,
INFO:root:Time: 00d 01h 12m 52s, num timesteps 241680, FPS 55,
	Rewards: per step mean/med/min/max, rew: 0.0042/0.0013/0.0000/0.0659,
	Losses: Policy Loss value/action/dist: 0.037/-0.016/0.984,
INFO:root:Time: 00d 01h 12m 59s, num timesteps 241920, FPS 55,
	Rewards: per step mean/med/min/max, rew: 0.0042/0.0013/0.0000/0.0659,
	Losses: Policy Loss value/action/dist: 0.037/-0.016/0.984,
INFO:root:Time: 00d 01h 13m 05s, num timesteps 242160, FPS 55,
	Rewards: per step mean/med/min/max, rew: 0.0043/0.0013/0.0000/0.0659,
	Losses: Policy Loss value/action/dist: 0.037/-0.016/0.984,
INFO:root:Time: 00d 01h 13m 14s, num timesteps 242400, FPS 55,
	Rewards: per step mean/med/min/max, rew: 0.0045/0.0013/0.0000/0.0659,
	Losses: Policy Loss value/action/dist: 0.039/-0.017/0.984,
INFO:root:Time: 00d 01h 13m 21s, num timesteps 242640, FPS 55,
	Rewards: per step mean/med/min/max, rew: 0.0044/0.0013/0.0000/0.0659,
	Losses: Policy Loss value/action/dist: 0.039/-0.017/0.984,
INFO:root:Time: 00d 01h 13m 28s, num timesteps 242880, FPS 55,
	Rewards: per step mean/med/min/max, rew: 0.0044/0.0013/0.0000/0.0659,
	Losses: Policy Loss value/action/dist: 0.039/-0.017/0.984,
INFO:root:Time: 00d 01h 13m 35s, num timesteps 243120, FPS 55,
	Rewards: per step mean/med/min/max, rew: 0.0045/0.0014/0.0000/0.0659,
	Losses: Policy Loss value/action/dist: 0.039/-0.017/0.984,
INFO:root:Time: 00d 01h 13m 41s, num timesteps 243360, FPS 55,
	Rewards: per step mean/med/min/max, rew: 0.0045/0.0014/0.0000/0.0659,
	Losses: Policy Loss value/action/dist: 0.039/-0.017/0.984,
INFO:root:Time: 00d 01h 13m 48s, num timesteps 243600, FPS 55,
	Rewards: per step mean/med/min/max, rew: 0.0045/0.0014/0.0000/0.0659,
	Losses: Policy Loss value/action/dist: 0.039/-0.017/0.984,
INFO:root:Time: 00d 01h 13m 54s, num timesteps 243840, FPS 54,
	Rewards: per step mean/med/min/max, rew: 0.0044/0.0014/0.0000/0.0659,
	Losses: Policy Loss value/action/dist: 0.039/-0.017/0.984,
INFO:root:Time: 00d 01h 14m 01s, num timesteps 244080, FPS 54,
	Rewards: per step mean/med/min/max, rew: 0.0044/0.0014/0.0000/0.0452,
	Losses: Policy Loss value/action/dist: 0.039/-0.017/0.984,
INFO:root:Time: 00d 01h 14m 08s, num timesteps 244320, FPS 54,
	Rewards: per step mean/med/min/max, rew: 0.0044/0.0014/0.0000/0.0452,
	Losses: Policy Loss value/action/dist: 0.039/-0.017/0.984,
INFO:root:Time: 00d 01h 14m 15s, num timesteps 244560, FPS 54,
	Rewards: per step mean/med/min/max, rew: 0.0044/0.0014/0.0000/0.0452,
	Losses: Policy Loss value/action/dist: 0.039/-0.017/0.984,
INFO:root:Time: 00d 01h 14m 24s, num timesteps 244800, FPS 54,
	Rewards: per step mean/med/min/max, rew: 0.0044/0.0014/0.0000/0.0452,
	Losses: Policy Loss value/action/dist: 0.039/-0.016/0.984,
INFO:root:Time: 00d 01h 14m 31s, num timesteps 245040, FPS 54,
	Rewards: per step mean/med/min/max, rew: 0.0043/0.0014/0.0000/0.0452,
	Losses: Policy Loss value/action/dist: 0.039/-0.016/0.984,
INFO:root:Time: 00d 01h 14m 38s, num timesteps 245280, FPS 54,
	Rewards: per step mean/med/min/max, rew: 0.0043/0.0013/0.0000/0.0452,
	Losses: Policy Loss value/action/dist: 0.039/-0.016/0.984,
INFO:root:Time: 00d 01h 14m 45s, num timesteps 245520, FPS 54,
	Rewards: per step mean/med/min/max, rew: 0.0043/0.0013/0.0000/0.0452,
	Losses: Policy Loss value/action/dist: 0.039/-0.016/0.984,
INFO:root:Time: 00d 01h 14m 51s, num timesteps 245760, FPS 54,
	Rewards: per step mean/med/min/max, rew: 0.0043/0.0013/0.0000/0.0452,
	Losses: Policy Loss value/action/dist: 0.039/-0.016/0.984,
INFO:root:Time: 00d 01h 14m 58s, num timesteps 246000, FPS 54,
	Rewards: per step mean/med/min/max, rew: 0.0043/0.0013/0.0000/0.0452,
	Losses: Policy Loss value/action/dist: 0.039/-0.016/0.984,
INFO:root:Time: 00d 01h 15m 05s, num timesteps 246240, FPS 54,
	Rewards: per step mean/med/min/max, rew: 0.0043/0.0013/0.0000/0.0452,
	Losses: Policy Loss value/action/dist: 0.039/-0.016/0.984,
INFO:root:Time: 00d 01h 15m 12s, num timesteps 246480, FPS 54,
	Rewards: per step mean/med/min/max, rew: 0.0043/0.0013/0.0000/0.0452,
	Losses: Policy Loss value/action/dist: 0.039/-0.016/0.984,
INFO:root:Time: 00d 01h 15m 19s, num timesteps 246720, FPS 54,
	Rewards: per step mean/med/min/max, rew: 0.0043/0.0013/0.0000/0.0452,
	Losses: Policy Loss value/action/dist: 0.039/-0.016/0.984,
INFO:root:Time: 00d 01h 15m 26s, num timesteps 246960, FPS 54,
	Rewards: per step mean/med/min/max, rew: 0.0043/0.0014/0.0000/0.0452,
	Losses: Policy Loss value/action/dist: 0.039/-0.016/0.984,
INFO:root:Time: 00d 01h 15m 35s, num timesteps 247200, FPS 54,
	Rewards: per step mean/med/min/max, rew: 0.0043/0.0014/0.0000/0.0452,
	Losses: Policy Loss value/action/dist: 0.039/-0.017/0.984,
INFO:root:Time: 00d 01h 15m 42s, num timesteps 247440, FPS 54,
	Rewards: per step mean/med/min/max, rew: 0.0044/0.0014/0.0000/0.0452,
	Losses: Policy Loss value/action/dist: 0.039/-0.017/0.984,
INFO:root:Time: 00d 01h 15m 49s, num timesteps 247680, FPS 54,
	Rewards: per step mean/med/min/max, rew: 0.0044/0.0015/0.0000/0.0452,
	Losses: Policy Loss value/action/dist: 0.039/-0.017/0.984,
INFO:root:Time: 00d 01h 15m 55s, num timesteps 247920, FPS 54,
	Rewards: per step mean/med/min/max, rew: 0.0045/0.0015/0.0000/0.0452,
	Losses: Policy Loss value/action/dist: 0.039/-0.017/0.984,
INFO:root:Time: 00d 01h 16m 02s, num timesteps 248160, FPS 54,
	Rewards: per step mean/med/min/max, rew: 0.0045/0.0016/0.0000/0.0452,
	Losses: Policy Loss value/action/dist: 0.039/-0.017/0.984,
INFO:root:Time: 00d 01h 16m 09s, num timesteps 248400, FPS 54,
	Rewards: per step mean/med/min/max, rew: 0.0044/0.0016/0.0000/0.0452,
	Losses: Policy Loss value/action/dist: 0.039/-0.017/0.984,
INFO:root:Time: 00d 01h 16m 16s, num timesteps 248640, FPS 54,
	Rewards: per step mean/med/min/max, rew: 0.0044/0.0015/0.0000/0.0452,
	Losses: Policy Loss value/action/dist: 0.039/-0.017/0.984,
INFO:root:Time: 00d 01h 16m 22s, num timesteps 248880, FPS 54,
	Rewards: per step mean/med/min/max, rew: 0.0044/0.0016/0.0000/0.0452,
	Losses: Policy Loss value/action/dist: 0.039/-0.017/0.984,
INFO:root:Time: 00d 01h 16m 29s, num timesteps 249120, FPS 54,
	Rewards: per step mean/med/min/max, rew: 0.0044/0.0016/0.0000/0.0452,
	Losses: Policy Loss value/action/dist: 0.039/-0.017/0.984,
INFO:root:Time: 00d 01h 16m 36s, num timesteps 249360, FPS 54,
	Rewards: per step mean/med/min/max, rew: 0.0043/0.0016/0.0000/0.0452,
	Losses: Policy Loss value/action/dist: 0.039/-0.017/0.984,
INFO:root:Time: 00d 01h 16m 45s, num timesteps 249600, FPS 54,
	Rewards: per step mean/med/min/max, rew: 0.0043/0.0015/0.0000/0.0452,
	Losses: Policy Loss value/action/dist: 0.038/-0.016/0.984,
INFO:root:Time: 00d 01h 16m 52s, num timesteps 249840, FPS 54,
	Rewards: per step mean/med/min/max, rew: 0.0042/0.0015/0.0000/0.0452,
	Losses: Policy Loss value/action/dist: 0.038/-0.016/0.984,
INFO:root:Time: 00d 01h 16m 59s, num timesteps 250080, FPS 54,
	Rewards: per step mean/med/min/max, rew: 0.0042/0.0014/0.0000/0.0452,
	Losses: Policy Loss value/action/dist: 0.038/-0.016/0.984,
INFO:root:Time: 00d 01h 17m 06s, num timesteps 250320, FPS 54,
	Rewards: per step mean/med/min/max, rew: 0.0042/0.0014/0.0000/0.0452,
	Losses: Policy Loss value/action/dist: 0.038/-0.016/0.984,
INFO:root:Time: 00d 01h 17m 12s, num timesteps 250560, FPS 54,
	Rewards: per step mean/med/min/max, rew: 0.0042/0.0014/0.0000/0.0452,
	Losses: Policy Loss value/action/dist: 0.038/-0.016/0.984,
INFO:root:Time: 00d 01h 17m 19s, num timesteps 250800, FPS 54,
	Rewards: per step mean/med/min/max, rew: 0.0042/0.0013/0.0000/0.0452,
	Losses: Policy Loss value/action/dist: 0.038/-0.016/0.984,
INFO:root:Time: 00d 01h 17m 26s, num timesteps 251040, FPS 54,
	Rewards: per step mean/med/min/max, rew: 0.0042/0.0013/0.0000/0.0452,
	Losses: Policy Loss value/action/dist: 0.038/-0.016/0.984,
INFO:root:Time: 00d 01h 17m 33s, num timesteps 251280, FPS 54,
	Rewards: per step mean/med/min/max, rew: 0.0042/0.0013/0.0000/0.0452,
	Losses: Policy Loss value/action/dist: 0.038/-0.016/0.984,
INFO:root:Time: 00d 01h 17m 39s, num timesteps 251520, FPS 53,
	Rewards: per step mean/med/min/max, rew: 0.0042/0.0013/0.0000/0.0452,
	Losses: Policy Loss value/action/dist: 0.038/-0.016/0.984,
INFO:root:Time: 00d 01h 17m 46s, num timesteps 251760, FPS 53,
	Rewards: per step mean/med/min/max, rew: 0.0042/0.0013/0.0000/0.0452,
	Losses: Policy Loss value/action/dist: 0.038/-0.016/0.984,
INFO:root:Time: 00d 01h 17m 56s, num timesteps 252000, FPS 53,
	Rewards: per step mean/med/min/max, rew: 0.0042/0.0013/0.0000/0.0452,
	Losses: Policy Loss value/action/dist: 0.038/-0.017/0.984,
INFO:root:Time: 00d 01h 18m 02s, num timesteps 252240, FPS 53,
	Rewards: per step mean/med/min/max, rew: 0.0044/0.0013/0.0000/0.0497,
	Losses: Policy Loss value/action/dist: 0.038/-0.017/0.984,
INFO:root:Time: 00d 01h 18m 09s, num timesteps 252480, FPS 53,
	Rewards: per step mean/med/min/max, rew: 0.0044/0.0014/0.0000/0.0497,
	Losses: Policy Loss value/action/dist: 0.038/-0.017/0.984,
INFO:root:Time: 00d 01h 18m 16s, num timesteps 252720, FPS 53,
	Rewards: per step mean/med/min/max, rew: 0.0043/0.0013/0.0000/0.0497,
	Losses: Policy Loss value/action/dist: 0.038/-0.017/0.984,
INFO:root:Time: 00d 01h 18m 22s, num timesteps 252960, FPS 53,
	Rewards: per step mean/med/min/max, rew: 0.0043/0.0013/0.0000/0.0497,
	Losses: Policy Loss value/action/dist: 0.038/-0.017/0.984,
INFO:root:Time: 00d 01h 18m 29s, num timesteps 253200, FPS 53,
	Rewards: per step mean/med/min/max, rew: 0.0044/0.0013/0.0000/0.0552,
	Losses: Policy Loss value/action/dist: 0.038/-0.017/0.984,
INFO:root:Time: 00d 01h 18m 36s, num timesteps 253440, FPS 53,
	Rewards: per step mean/med/min/max, rew: 0.0045/0.0014/0.0000/0.0552,
	Losses: Policy Loss value/action/dist: 0.038/-0.017/0.984,
INFO:root:Time: 00d 01h 18m 43s, num timesteps 253680, FPS 53,
	Rewards: per step mean/med/min/max, rew: 0.0045/0.0014/0.0000/0.0552,
	Losses: Policy Loss value/action/dist: 0.038/-0.017/0.984,
INFO:root:Time: 00d 01h 18m 50s, num timesteps 253920, FPS 53,
	Rewards: per step mean/med/min/max, rew: 0.0045/0.0014/0.0000/0.0552,
	Losses: Policy Loss value/action/dist: 0.038/-0.017/0.984,
INFO:root:Time: 00d 01h 18m 56s, num timesteps 254160, FPS 53,
	Rewards: per step mean/med/min/max, rew: 0.0045/0.0014/0.0000/0.0552,
	Losses: Policy Loss value/action/dist: 0.038/-0.017/0.984,
INFO:root:Time: 00d 01h 19m 05s, num timesteps 254400, FPS 53,
	Rewards: per step mean/med/min/max, rew: 0.0045/0.0014/0.0000/0.0552,
	Losses: Policy Loss value/action/dist: 0.039/-0.017/0.984,
INFO:root:Time: 00d 01h 19m 12s, num timesteps 254640, FPS 53,
	Rewards: per step mean/med/min/max, rew: 0.0045/0.0013/0.0000/0.0552,
	Losses: Policy Loss value/action/dist: 0.039/-0.017/0.984,
INFO:root:Time: 00d 01h 19m 19s, num timesteps 254880, FPS 53,
	Rewards: per step mean/med/min/max, rew: 0.0045/0.0014/0.0000/0.0552,
	Losses: Policy Loss value/action/dist: 0.039/-0.017/0.984,
INFO:root:Time: 00d 01h 19m 26s, num timesteps 255120, FPS 53,
	Rewards: per step mean/med/min/max, rew: 0.0046/0.0014/0.0000/0.0552,
	Losses: Policy Loss value/action/dist: 0.039/-0.017/0.984,
INFO:root:Time: 00d 01h 19m 32s, num timesteps 255360, FPS 53,
	Rewards: per step mean/med/min/max, rew: 0.0046/0.0015/0.0000/0.0552,
	Losses: Policy Loss value/action/dist: 0.039/-0.017/0.984,
INFO:root:Time: 00d 01h 19m 39s, num timesteps 255600, FPS 53,
	Rewards: per step mean/med/min/max, rew: 0.0046/0.0015/0.0000/0.0552,
	Losses: Policy Loss value/action/dist: 0.039/-0.017/0.984,
INFO:root:Time: 00d 01h 19m 46s, num timesteps 255840, FPS 53,
	Rewards: per step mean/med/min/max, rew: 0.0046/0.0015/0.0000/0.0552,
	Losses: Policy Loss value/action/dist: 0.039/-0.017/0.984,
INFO:root:Time: 00d 01h 19m 53s, num timesteps 256080, FPS 53,
	Rewards: per step mean/med/min/max, rew: 0.0046/0.0016/0.0000/0.0552,
	Losses: Policy Loss value/action/dist: 0.039/-0.017/0.984,
INFO:root:Time: 00d 01h 19m 59s, num timesteps 256320, FPS 53,
	Rewards: per step mean/med/min/max, rew: 0.0046/0.0015/0.0000/0.0552,
	Losses: Policy Loss value/action/dist: 0.039/-0.017/0.984,
INFO:root:Time: 00d 01h 20m 06s, num timesteps 256560, FPS 53,
	Rewards: per step mean/med/min/max, rew: 0.0046/0.0015/0.0000/0.0552,
	Losses: Policy Loss value/action/dist: 0.039/-0.017/0.984,
INFO:root:Time: 00d 01h 20m 15s, num timesteps 256800, FPS 53,
	Rewards: per step mean/med/min/max, rew: 0.0045/0.0015/0.0000/0.0552,
	Losses: Policy Loss value/action/dist: 0.039/-0.017/0.983,
INFO:root:Time: 00d 01h 20m 22s, num timesteps 257040, FPS 53,
	Rewards: per step mean/med/min/max, rew: 0.0045/0.0015/0.0000/0.0552,
	Losses: Policy Loss value/action/dist: 0.039/-0.017/0.983,
INFO:root:Time: 00d 01h 20m 28s, num timesteps 257280, FPS 53,
	Rewards: per step mean/med/min/max, rew: 0.0046/0.0016/0.0000/0.0552,
	Losses: Policy Loss value/action/dist: 0.039/-0.017/0.983,
INFO:root:Time: 00d 01h 20m 35s, num timesteps 257520, FPS 53,
	Rewards: per step mean/med/min/max, rew: 0.0046/0.0016/0.0000/0.0552,
	Losses: Policy Loss value/action/dist: 0.039/-0.017/0.983,
INFO:root:Time: 00d 01h 20m 41s, num timesteps 257760, FPS 53,
	Rewards: per step mean/med/min/max, rew: 0.0046/0.0016/0.0000/0.0552,
	Losses: Policy Loss value/action/dist: 0.039/-0.017/0.983,
INFO:root:Time: 00d 01h 20m 48s, num timesteps 258000, FPS 53,
	Rewards: per step mean/med/min/max, rew: 0.0046/0.0017/0.0000/0.0552,
	Losses: Policy Loss value/action/dist: 0.039/-0.017/0.983,
INFO:root:Time: 00d 01h 20m 55s, num timesteps 258240, FPS 53,
	Rewards: per step mean/med/min/max, rew: 0.0046/0.0017/0.0000/0.0552,
	Losses: Policy Loss value/action/dist: 0.039/-0.017/0.983,
INFO:root:Time: 00d 01h 21m 02s, num timesteps 258480, FPS 53,
	Rewards: per step mean/med/min/max, rew: 0.0046/0.0017/0.0000/0.0552,
	Losses: Policy Loss value/action/dist: 0.039/-0.017/0.983,
INFO:root:Time: 00d 01h 21m 08s, num timesteps 258720, FPS 53,
	Rewards: per step mean/med/min/max, rew: 0.0046/0.0017/0.0000/0.0552,
	Losses: Policy Loss value/action/dist: 0.039/-0.017/0.983,
INFO:root:Time: 00d 01h 21m 15s, num timesteps 258960, FPS 53,
	Rewards: per step mean/med/min/max, rew: 0.0046/0.0016/0.0000/0.0552,
	Losses: Policy Loss value/action/dist: 0.039/-0.017/0.983,
INFO:root:Time: 00d 01h 21m 24s, num timesteps 259200, FPS 53,
	Rewards: per step mean/med/min/max, rew: 0.0046/0.0016/0.0000/0.0552,
	Losses: Policy Loss value/action/dist: 0.039/-0.017/0.983,
INFO:root:Time: 00d 01h 21m 31s, num timesteps 259440, FPS 53,
	Rewards: per step mean/med/min/max, rew: 0.0046/0.0017/0.0000/0.0552,
	Losses: Policy Loss value/action/dist: 0.039/-0.017/0.983,
INFO:root:Time: 00d 01h 21m 38s, num timesteps 259680, FPS 53,
	Rewards: per step mean/med/min/max, rew: 0.0046/0.0017/0.0000/0.0552,
	Losses: Policy Loss value/action/dist: 0.039/-0.017/0.983,
INFO:root:Time: 00d 01h 21m 45s, num timesteps 259920, FPS 52,
	Rewards: per step mean/med/min/max, rew: 0.0046/0.0017/0.0000/0.0552,
	Losses: Policy Loss value/action/dist: 0.039/-0.017/0.983,
INFO:root:Time: 00d 01h 21m 51s, num timesteps 260160, FPS 52,
	Rewards: per step mean/med/min/max, rew: 0.0046/0.0017/0.0000/0.0552,
	Losses: Policy Loss value/action/dist: 0.039/-0.017/0.983,
INFO:root:Time: 00d 01h 21m 58s, num timesteps 260400, FPS 52,
	Rewards: per step mean/med/min/max, rew: 0.0046/0.0017/0.0000/0.0552,
	Losses: Policy Loss value/action/dist: 0.039/-0.017/0.983,
INFO:root:Time: 00d 01h 22m 04s, num timesteps 260640, FPS 52,
	Rewards: per step mean/med/min/max, rew: 0.0047/0.0018/0.0000/0.0552,
	Losses: Policy Loss value/action/dist: 0.039/-0.017/0.983,
INFO:root:Time: 00d 01h 22m 11s, num timesteps 260880, FPS 52,
	Rewards: per step mean/med/min/max, rew: 0.0047/0.0018/0.0000/0.0552,
	Losses: Policy Loss value/action/dist: 0.039/-0.017/0.983,
INFO:root:Time: 00d 01h 22m 17s, num timesteps 261120, FPS 52,
	Rewards: per step mean/med/min/max, rew: 0.0047/0.0019/0.0000/0.0552,
	Losses: Policy Loss value/action/dist: 0.039/-0.017/0.983,
INFO:root:Time: 00d 01h 22m 24s, num timesteps 261360, FPS 52,
	Rewards: per step mean/med/min/max, rew: 0.0047/0.0018/0.0000/0.0552,
	Losses: Policy Loss value/action/dist: 0.039/-0.017/0.983,
INFO:root:Time: 00d 01h 22m 33s, num timesteps 261600, FPS 52,
	Rewards: per step mean/med/min/max, rew: 0.0047/0.0018/0.0000/0.0552,
	Losses: Policy Loss value/action/dist: 0.039/-0.017/0.983,
INFO:root:Time: 00d 01h 22m 40s, num timesteps 261840, FPS 52,
	Rewards: per step mean/med/min/max, rew: 0.0047/0.0018/0.0000/0.0552,
	Losses: Policy Loss value/action/dist: 0.039/-0.017/0.983,
INFO:root:Time: 00d 01h 22m 46s, num timesteps 262080, FPS 52,
	Rewards: per step mean/med/min/max, rew: 0.0047/0.0018/0.0000/0.0552,
	Losses: Policy Loss value/action/dist: 0.039/-0.017/0.983,
INFO:root:Time: 00d 01h 22m 53s, num timesteps 262320, FPS 52,
	Rewards: per step mean/med/min/max, rew: 0.0047/0.0018/0.0000/0.0552,
	Losses: Policy Loss value/action/dist: 0.039/-0.017/0.983,
INFO:root:Time: 00d 01h 23m 00s, num timesteps 262560, FPS 52,
	Rewards: per step mean/med/min/max, rew: 0.0047/0.0018/0.0000/0.0552,
	Losses: Policy Loss value/action/dist: 0.039/-0.017/0.983,
INFO:root:Time: 00d 01h 23m 06s, num timesteps 262800, FPS 52,
	Rewards: per step mean/med/min/max, rew: 0.0047/0.0018/0.0000/0.0552,
	Losses: Policy Loss value/action/dist: 0.039/-0.017/0.983,
INFO:root:Time: 00d 01h 23m 13s, num timesteps 263040, FPS 52,
	Rewards: per step mean/med/min/max, rew: 0.0047/0.0018/0.0000/0.0552,
	Losses: Policy Loss value/action/dist: 0.039/-0.017/0.983,
INFO:root:Time: 00d 01h 23m 20s, num timesteps 263280, FPS 52,
	Rewards: per step mean/med/min/max, rew: 0.0047/0.0017/0.0000/0.0552,
	Losses: Policy Loss value/action/dist: 0.039/-0.017/0.983,
INFO:root:Time: 00d 01h 23m 27s, num timesteps 263520, FPS 52,
	Rewards: per step mean/med/min/max, rew: 0.0046/0.0017/0.0000/0.0552,
	Losses: Policy Loss value/action/dist: 0.039/-0.017/0.983,
INFO:root:Time: 00d 01h 23m 33s, num timesteps 263760, FPS 52,
	Rewards: per step mean/med/min/max, rew: 0.0045/0.0016/0.0000/0.0552,
	Losses: Policy Loss value/action/dist: 0.039/-0.017/0.983,
INFO:root:Time: 00d 01h 23m 42s, num timesteps 264000, FPS 52,
	Rewards: per step mean/med/min/max, rew: 0.0045/0.0016/0.0000/0.0552,
	Losses: Policy Loss value/action/dist: 0.039/-0.017/0.983,
INFO:root:Time: 00d 01h 23m 49s, num timesteps 264240, FPS 52,
	Rewards: per step mean/med/min/max, rew: 0.0045/0.0016/0.0000/0.0552,
	Losses: Policy Loss value/action/dist: 0.039/-0.017/0.983,
INFO:root:Time: 00d 01h 23m 55s, num timesteps 264480, FPS 52,
	Rewards: per step mean/med/min/max, rew: 0.0044/0.0016/0.0000/0.0552,
	Losses: Policy Loss value/action/dist: 0.039/-0.017/0.983,
INFO:root:Time: 00d 01h 24m 02s, num timesteps 264720, FPS 52,
	Rewards: per step mean/med/min/max, rew: 0.0044/0.0016/0.0000/0.0552,
	Losses: Policy Loss value/action/dist: 0.039/-0.017/0.983,
INFO:root:Time: 00d 01h 24m 09s, num timesteps 264960, FPS 52,
	Rewards: per step mean/med/min/max, rew: 0.0044/0.0016/0.0000/0.0552,
	Losses: Policy Loss value/action/dist: 0.039/-0.017/0.983,
INFO:root:Time: 00d 01h 24m 16s, num timesteps 265200, FPS 52,
	Rewards: per step mean/med/min/max, rew: 0.0044/0.0016/0.0000/0.0552,
	Losses: Policy Loss value/action/dist: 0.039/-0.017/0.983,
INFO:root:Time: 00d 01h 24m 22s, num timesteps 265440, FPS 52,
	Rewards: per step mean/med/min/max, rew: 0.0043/0.0016/0.0000/0.0552,
	Losses: Policy Loss value/action/dist: 0.039/-0.017/0.983,
INFO:root:Time: 00d 01h 24m 29s, num timesteps 265680, FPS 52,
	Rewards: per step mean/med/min/max, rew: 0.0043/0.0015/0.0000/0.0552,
	Losses: Policy Loss value/action/dist: 0.039/-0.017/0.983,
INFO:root:Time: 00d 01h 24m 36s, num timesteps 265920, FPS 52,
	Rewards: per step mean/med/min/max, rew: 0.0043/0.0015/0.0000/0.0552,
	Losses: Policy Loss value/action/dist: 0.039/-0.017/0.983,
INFO:root:Time: 00d 01h 24m 43s, num timesteps 266160, FPS 52,
	Rewards: per step mean/med/min/max, rew: 0.0042/0.0015/0.0000/0.0552,
	Losses: Policy Loss value/action/dist: 0.039/-0.017/0.983,
INFO:root:Time: 00d 01h 24m 52s, num timesteps 266400, FPS 52,
	Rewards: per step mean/med/min/max, rew: 0.0041/0.0014/0.0000/0.0552,
	Losses: Policy Loss value/action/dist: 0.039/-0.017/0.983,
INFO:root:Time: 00d 01h 24m 59s, num timesteps 266640, FPS 52,
	Rewards: per step mean/med/min/max, rew: 0.0041/0.0014/0.0000/0.0552,
	Losses: Policy Loss value/action/dist: 0.039/-0.017/0.983,
INFO:root:Time: 00d 01h 25m 06s, num timesteps 266880, FPS 52,
	Rewards: per step mean/med/min/max, rew: 0.0041/0.0014/0.0000/0.0552,
	Losses: Policy Loss value/action/dist: 0.039/-0.017/0.983,
INFO:root:Time: 00d 01h 25m 13s, num timesteps 267120, FPS 52,
	Rewards: per step mean/med/min/max, rew: 0.0041/0.0013/0.0000/0.0552,
	Losses: Policy Loss value/action/dist: 0.039/-0.017/0.983,
INFO:root:Time: 00d 01h 25m 19s, num timesteps 267360, FPS 52,
	Rewards: per step mean/med/min/max, rew: 0.0041/0.0013/0.0000/0.0552,
	Losses: Policy Loss value/action/dist: 0.039/-0.017/0.983,
INFO:root:Time: 00d 01h 25m 26s, num timesteps 267600, FPS 52,
	Rewards: per step mean/med/min/max, rew: 0.0041/0.0013/0.0000/0.0552,
	Losses: Policy Loss value/action/dist: 0.039/-0.017/0.983,
INFO:root:Time: 00d 01h 25m 32s, num timesteps 267840, FPS 52,
	Rewards: per step mean/med/min/max, rew: 0.0042/0.0013/0.0000/0.0552,
	Losses: Policy Loss value/action/dist: 0.039/-0.017/0.983,
INFO:root:Time: 00d 01h 25m 39s, num timesteps 268080, FPS 52,
	Rewards: per step mean/med/min/max, rew: 0.0041/0.0013/0.0000/0.0552,
	Losses: Policy Loss value/action/dist: 0.039/-0.017/0.983,
INFO:root:Time: 00d 01h 25m 46s, num timesteps 268320, FPS 52,
	Rewards: per step mean/med/min/max, rew: 0.0042/0.0013/0.0000/0.0552,
	Losses: Policy Loss value/action/dist: 0.039/-0.017/0.983,
INFO:root:Time: 00d 01h 25m 52s, num timesteps 268560, FPS 52,
	Rewards: per step mean/med/min/max, rew: 0.0042/0.0013/0.0000/0.0552,
	Losses: Policy Loss value/action/dist: 0.039/-0.017/0.983,
INFO:root:Time: 00d 01h 26m 01s, num timesteps 268800, FPS 52,
	Rewards: per step mean/med/min/max, rew: 0.0042/0.0014/0.0000/0.0552,
	Losses: Policy Loss value/action/dist: 0.039/-0.017/0.983,
INFO:root:Time: 00d 01h 26m 08s, num timesteps 269040, FPS 52,
	Rewards: per step mean/med/min/max, rew: 0.0043/0.0014/0.0000/0.0552,
	Losses: Policy Loss value/action/dist: 0.039/-0.017/0.983,
INFO:root:Time: 00d 01h 26m 15s, num timesteps 269280, FPS 52,
	Rewards: per step mean/med/min/max, rew: 0.0043/0.0014/0.0000/0.0552,
	Losses: Policy Loss value/action/dist: 0.039/-0.017/0.983,
INFO:root:Time: 00d 01h 26m 22s, num timesteps 269520, FPS 52,
	Rewards: per step mean/med/min/max, rew: 0.0043/0.0014/0.0000/0.0552,
	Losses: Policy Loss value/action/dist: 0.039/-0.017/0.983,
INFO:root:Time: 00d 01h 26m 28s, num timesteps 269760, FPS 51,
	Rewards: per step mean/med/min/max, rew: 0.0043/0.0014/0.0000/0.0552,
	Losses: Policy Loss value/action/dist: 0.039/-0.017/0.983,
INFO:root:Time: 00d 01h 26m 35s, num timesteps 270000, FPS 51,
	Rewards: per step mean/med/min/max, rew: 0.0044/0.0014/0.0000/0.0552,
	Losses: Policy Loss value/action/dist: 0.039/-0.017/0.983,
INFO:root:Time: 00d 01h 26m 42s, num timesteps 270240, FPS 51,
	Rewards: per step mean/med/min/max, rew: 0.0044/0.0014/0.0000/0.0552,
	Losses: Policy Loss value/action/dist: 0.039/-0.017/0.983,
INFO:root:Time: 00d 01h 26m 49s, num timesteps 270480, FPS 51,
	Rewards: per step mean/med/min/max, rew: 0.0044/0.0014/0.0000/0.0552,
	Losses: Policy Loss value/action/dist: 0.039/-0.017/0.983,
INFO:root:Time: 00d 01h 26m 55s, num timesteps 270720, FPS 51,
	Rewards: per step mean/med/min/max, rew: 0.0044/0.0015/0.0000/0.0552,
	Losses: Policy Loss value/action/dist: 0.039/-0.017/0.983,
INFO:root:Time: 00d 01h 27m 02s, num timesteps 270960, FPS 51,
	Rewards: per step mean/med/min/max, rew: 0.0044/0.0015/0.0000/0.0552,
	Losses: Policy Loss value/action/dist: 0.039/-0.017/0.983,
INFO:root:Time: 00d 01h 27m 12s, num timesteps 271200, FPS 51,
	Rewards: per step mean/med/min/max, rew: 0.0044/0.0015/0.0000/0.0552,
	Losses: Policy Loss value/action/dist: 0.039/-0.017/0.984,
INFO:root:Time: 00d 01h 27m 18s, num timesteps 271440, FPS 51,
	Rewards: per step mean/med/min/max, rew: 0.0044/0.0014/0.0000/0.0552,
	Losses: Policy Loss value/action/dist: 0.039/-0.017/0.984,
INFO:root:Time: 00d 01h 27m 25s, num timesteps 271680, FPS 51,
	Rewards: per step mean/med/min/max, rew: 0.0044/0.0014/0.0000/0.0552,
	Losses: Policy Loss value/action/dist: 0.039/-0.017/0.984,
INFO:root:Time: 00d 01h 27m 32s, num timesteps 271920, FPS 51,
	Rewards: per step mean/med/min/max, rew: 0.0043/0.0014/0.0000/0.0552,
	Losses: Policy Loss value/action/dist: 0.039/-0.017/0.984,
INFO:root:Time: 00d 01h 27m 39s, num timesteps 272160, FPS 51,
	Rewards: per step mean/med/min/max, rew: 0.0043/0.0013/0.0000/0.0552,
	Losses: Policy Loss value/action/dist: 0.039/-0.017/0.984,
INFO:root:Time: 00d 01h 27m 45s, num timesteps 272400, FPS 51,
	Rewards: per step mean/med/min/max, rew: 0.0043/0.0013/0.0000/0.0552,
	Losses: Policy Loss value/action/dist: 0.039/-0.017/0.984,
INFO:root:Time: 00d 01h 27m 52s, num timesteps 272640, FPS 51,
	Rewards: per step mean/med/min/max, rew: 0.0043/0.0014/0.0000/0.0552,
	Losses: Policy Loss value/action/dist: 0.039/-0.017/0.984,
INFO:root:Time: 00d 01h 27m 59s, num timesteps 272880, FPS 51,
	Rewards: per step mean/med/min/max, rew: 0.0043/0.0014/0.0000/0.0552,
	Losses: Policy Loss value/action/dist: 0.039/-0.017/0.984,
INFO:root:Time: 00d 01h 28m 05s, num timesteps 273120, FPS 51,
	Rewards: per step mean/med/min/max, rew: 0.0043/0.0013/0.0000/0.0552,
	Losses: Policy Loss value/action/dist: 0.039/-0.017/0.984,
INFO:root:Time: 00d 01h 28m 12s, num timesteps 273360, FPS 51,
	Rewards: per step mean/med/min/max, rew: 0.0044/0.0014/0.0000/0.0552,
	Losses: Policy Loss value/action/dist: 0.039/-0.017/0.984,
INFO:root:Time: 00d 01h 28m 21s, num timesteps 273600, FPS 51,
	Rewards: per step mean/med/min/max, rew: 0.0044/0.0014/0.0000/0.0552,
	Losses: Policy Loss value/action/dist: 0.039/-0.017/0.984,
INFO:root:Time: 00d 01h 28m 29s, num timesteps 273840, FPS 51,
	Rewards: per step mean/med/min/max, rew: 0.0044/0.0014/0.0000/0.0552,
	Losses: Policy Loss value/action/dist: 0.039/-0.017/0.984,
INFO:root:Time: 00d 01h 28m 36s, num timesteps 274080, FPS 51,
	Rewards: per step mean/med/min/max, rew: 0.0045/0.0015/0.0000/0.0552,
	Losses: Policy Loss value/action/dist: 0.039/-0.017/0.984,
INFO:root:Time: 00d 01h 28m 42s, num timesteps 274320, FPS 51,
	Rewards: per step mean/med/min/max, rew: 0.0045/0.0016/0.0000/0.0552,
	Losses: Policy Loss value/action/dist: 0.039/-0.017/0.984,
INFO:root:Time: 00d 01h 28m 49s, num timesteps 274560, FPS 51,
	Rewards: per step mean/med/min/max, rew: 0.0045/0.0016/0.0000/0.0552,
	Losses: Policy Loss value/action/dist: 0.039/-0.017/0.984,
INFO:root:Time: 00d 01h 28m 56s, num timesteps 274800, FPS 51,
	Rewards: per step mean/med/min/max, rew: 0.0045/0.0016/0.0000/0.0552,
	Losses: Policy Loss value/action/dist: 0.039/-0.017/0.984,
INFO:root:Time: 00d 01h 29m 02s, num timesteps 275040, FPS 51,
	Rewards: per step mean/med/min/max, rew: 0.0046/0.0017/0.0000/0.0552,
	Losses: Policy Loss value/action/dist: 0.039/-0.017/0.984,
INFO:root:Time: 00d 01h 29m 09s, num timesteps 275280, FPS 51,
	Rewards: per step mean/med/min/max, rew: 0.0046/0.0017/0.0000/0.0552,
	Losses: Policy Loss value/action/dist: 0.039/-0.017/0.984,
INFO:root:Time: 00d 01h 29m 16s, num timesteps 275520, FPS 51,
	Rewards: per step mean/med/min/max, rew: 0.0046/0.0017/0.0000/0.0552,
	Losses: Policy Loss value/action/dist: 0.039/-0.017/0.984,
INFO:root:Time: 00d 01h 29m 22s, num timesteps 275760, FPS 51,
	Rewards: per step mean/med/min/max, rew: 0.0046/0.0017/0.0000/0.0552,
	Losses: Policy Loss value/action/dist: 0.039/-0.017/0.984,
INFO:root:Time: 00d 01h 29m 32s, num timesteps 276000, FPS 51,
	Rewards: per step mean/med/min/max, rew: 0.0046/0.0017/0.0000/0.0552,
	Losses: Policy Loss value/action/dist: 0.039/-0.017/0.984,
INFO:root:Time: 00d 01h 29m 38s, num timesteps 276240, FPS 51,
	Rewards: per step mean/med/min/max, rew: 0.0046/0.0017/0.0000/0.0552,
	Losses: Policy Loss value/action/dist: 0.039/-0.017/0.984,
INFO:root:Time: 00d 01h 29m 45s, num timesteps 276480, FPS 51,
	Rewards: per step mean/med/min/max, rew: 0.0047/0.0017/0.0000/0.0552,
	Losses: Policy Loss value/action/dist: 0.039/-0.017/0.984,
INFO:root:Time: 00d 01h 29m 52s, num timesteps 276720, FPS 51,
	Rewards: per step mean/med/min/max, rew: 0.0047/0.0017/0.0000/0.0552,
	Losses: Policy Loss value/action/dist: 0.039/-0.017/0.984,
INFO:root:Time: 00d 01h 29m 58s, num timesteps 276960, FPS 51,
	Rewards: per step mean/med/min/max, rew: 0.0047/0.0017/0.0000/0.0552,
	Losses: Policy Loss value/action/dist: 0.039/-0.017/0.984,
INFO:root:Time: 00d 01h 30m 05s, num timesteps 277200, FPS 51,
	Rewards: per step mean/med/min/max, rew: 0.0046/0.0017/0.0000/0.0541,
	Losses: Policy Loss value/action/dist: 0.039/-0.017/0.984,
INFO:root:Time: 00d 01h 30m 12s, num timesteps 277440, FPS 51,
	Rewards: per step mean/med/min/max, rew: 0.0045/0.0016/0.0000/0.0541,
	Losses: Policy Loss value/action/dist: 0.039/-0.017/0.984,
INFO:root:Time: 00d 01h 30m 18s, num timesteps 277680, FPS 51,
	Rewards: per step mean/med/min/max, rew: 0.0046/0.0017/0.0000/0.0541,
	Losses: Policy Loss value/action/dist: 0.039/-0.017/0.984,
INFO:root:Time: 00d 01h 30m 25s, num timesteps 277920, FPS 51,
	Rewards: per step mean/med/min/max, rew: 0.0046/0.0017/0.0000/0.0541,
	Losses: Policy Loss value/action/dist: 0.039/-0.017/0.984,
INFO:root:Time: 00d 01h 30m 32s, num timesteps 278160, FPS 51,
	Rewards: per step mean/med/min/max, rew: 0.0045/0.0017/0.0000/0.0541,
	Losses: Policy Loss value/action/dist: 0.039/-0.017/0.984,
INFO:root:Time: 00d 01h 30m 41s, num timesteps 278400, FPS 51,
	Rewards: per step mean/med/min/max, rew: 0.0045/0.0017/0.0000/0.0541,
	Losses: Policy Loss value/action/dist: 0.040/-0.017/0.983,
INFO:root:Time: 00d 01h 30m 48s, num timesteps 278640, FPS 51,
	Rewards: per step mean/med/min/max, rew: 0.0045/0.0017/0.0000/0.0541,
	Losses: Policy Loss value/action/dist: 0.040/-0.017/0.983,
INFO:root:Time: 00d 01h 30m 54s, num timesteps 278880, FPS 51,
	Rewards: per step mean/med/min/max, rew: 0.0045/0.0017/0.0000/0.0541,
	Losses: Policy Loss value/action/dist: 0.040/-0.017/0.983,
INFO:root:Time: 00d 01h 31m 01s, num timesteps 279120, FPS 51,
	Rewards: per step mean/med/min/max, rew: 0.0045/0.0017/0.0000/0.0541,
	Losses: Policy Loss value/action/dist: 0.040/-0.017/0.983,
INFO:root:Time: 00d 01h 31m 07s, num timesteps 279360, FPS 51,
	Rewards: per step mean/med/min/max, rew: 0.0044/0.0017/0.0000/0.0541,
	Losses: Policy Loss value/action/dist: 0.040/-0.017/0.983,
INFO:root:Time: 00d 01h 31m 14s, num timesteps 279600, FPS 51,
	Rewards: per step mean/med/min/max, rew: 0.0044/0.0017/0.0000/0.0541,
	Losses: Policy Loss value/action/dist: 0.040/-0.017/0.983,
INFO:root:Time: 00d 01h 31m 21s, num timesteps 279840, FPS 51,
	Rewards: per step mean/med/min/max, rew: 0.0044/0.0017/0.0000/0.0541,
	Losses: Policy Loss value/action/dist: 0.040/-0.017/0.983,
INFO:root:Time: 00d 01h 31m 27s, num timesteps 280080, FPS 51,
	Rewards: per step mean/med/min/max, rew: 0.0044/0.0016/0.0000/0.0541,
	Losses: Policy Loss value/action/dist: 0.040/-0.017/0.983,
INFO:root:Time: 00d 01h 31m 34s, num timesteps 280320, FPS 51,
	Rewards: per step mean/med/min/max, rew: 0.0044/0.0016/0.0000/0.0541,
	Losses: Policy Loss value/action/dist: 0.040/-0.017/0.983,
INFO:root:Time: 00d 01h 31m 40s, num timesteps 280560, FPS 51,
	Rewards: per step mean/med/min/max, rew: 0.0045/0.0016/0.0000/0.0541,
	Losses: Policy Loss value/action/dist: 0.040/-0.017/0.983,
INFO:root:Time: 00d 01h 31m 49s, num timesteps 280800, FPS 50,
	Rewards: per step mean/med/min/max, rew: 0.0045/0.0016/0.0000/0.0541,
	Losses: Policy Loss value/action/dist: 0.040/-0.017/0.983,
INFO:root:Time: 00d 01h 31m 56s, num timesteps 281040, FPS 50,
	Rewards: per step mean/med/min/max, rew: 0.0045/0.0017/0.0000/0.0541,
	Losses: Policy Loss value/action/dist: 0.040/-0.017/0.983,
INFO:root:Time: 00d 01h 32m 03s, num timesteps 281280, FPS 50,
	Rewards: per step mean/med/min/max, rew: 0.0044/0.0017/0.0000/0.0541,
	Losses: Policy Loss value/action/dist: 0.040/-0.017/0.983,
INFO:root:Time: 00d 01h 32m 09s, num timesteps 281520, FPS 50,
	Rewards: per step mean/med/min/max, rew: 0.0045/0.0017/0.0000/0.0541,
	Losses: Policy Loss value/action/dist: 0.040/-0.017/0.983,
INFO:root:Time: 00d 01h 32m 16s, num timesteps 281760, FPS 50,
	Rewards: per step mean/med/min/max, rew: 0.0045/0.0017/0.0000/0.0541,
	Losses: Policy Loss value/action/dist: 0.040/-0.017/0.983,
INFO:root:Time: 00d 01h 32m 22s, num timesteps 282000, FPS 50,
	Rewards: per step mean/med/min/max, rew: 0.0045/0.0017/0.0000/0.0541,
	Losses: Policy Loss value/action/dist: 0.040/-0.017/0.983,
INFO:root:Time: 00d 01h 32m 29s, num timesteps 282240, FPS 50,
	Rewards: per step mean/med/min/max, rew: 0.0045/0.0017/0.0000/0.0541,
	Losses: Policy Loss value/action/dist: 0.040/-0.017/0.983,
INFO:root:Time: 00d 01h 32m 36s, num timesteps 282480, FPS 50,
	Rewards: per step mean/med/min/max, rew: 0.0045/0.0017/0.0000/0.0541,
	Losses: Policy Loss value/action/dist: 0.040/-0.017/0.983,
INFO:root:Time: 00d 01h 32m 42s, num timesteps 282720, FPS 50,
	Rewards: per step mean/med/min/max, rew: 0.0045/0.0017/0.0000/0.0541,
	Losses: Policy Loss value/action/dist: 0.040/-0.017/0.983,
INFO:root:Time: 00d 01h 32m 49s, num timesteps 282960, FPS 50,
	Rewards: per step mean/med/min/max, rew: 0.0045/0.0017/0.0000/0.0541,
	Losses: Policy Loss value/action/dist: 0.040/-0.017/0.983,
INFO:root:Time: 00d 01h 32m 58s, num timesteps 283200, FPS 50,
	Rewards: per step mean/med/min/max, rew: 0.0045/0.0017/0.0000/0.0541,
	Losses: Policy Loss value/action/dist: 0.040/-0.017/0.983,
INFO:root:Time: 00d 01h 33m 05s, num timesteps 283440, FPS 50,
	Rewards: per step mean/med/min/max, rew: 0.0045/0.0017/0.0000/0.0541,
	Losses: Policy Loss value/action/dist: 0.040/-0.017/0.983,
INFO:root:Time: 00d 01h 33m 11s, num timesteps 283680, FPS 50,
	Rewards: per step mean/med/min/max, rew: 0.0045/0.0017/0.0000/0.0541,
	Losses: Policy Loss value/action/dist: 0.040/-0.017/0.983,
INFO:root:Time: 00d 01h 33m 18s, num timesteps 283920, FPS 50,
	Rewards: per step mean/med/min/max, rew: 0.0045/0.0017/0.0000/0.0541,
	Losses: Policy Loss value/action/dist: 0.040/-0.017/0.983,
INFO:root:Time: 00d 01h 33m 25s, num timesteps 284160, FPS 50,
	Rewards: per step mean/med/min/max, rew: 0.0045/0.0017/0.0000/0.0541,
	Losses: Policy Loss value/action/dist: 0.040/-0.017/0.983,
INFO:root:Time: 00d 01h 33m 32s, num timesteps 284400, FPS 50,
	Rewards: per step mean/med/min/max, rew: 0.0045/0.0017/0.0000/0.0541,
	Losses: Policy Loss value/action/dist: 0.040/-0.017/0.983,
INFO:root:Time: 00d 01h 33m 39s, num timesteps 284640, FPS 50,
	Rewards: per step mean/med/min/max, rew: 0.0045/0.0016/0.0000/0.0541,
	Losses: Policy Loss value/action/dist: 0.040/-0.017/0.983,
INFO:root:Time: 00d 01h 33m 45s, num timesteps 284880, FPS 50,
	Rewards: per step mean/med/min/max, rew: 0.0044/0.0016/0.0000/0.0541,
	Losses: Policy Loss value/action/dist: 0.040/-0.017/0.983,
INFO:root:Time: 00d 01h 33m 52s, num timesteps 285120, FPS 50,
	Rewards: per step mean/med/min/max, rew: 0.0044/0.0016/0.0000/0.0541,
	Losses: Policy Loss value/action/dist: 0.040/-0.017/0.983,
INFO:root:Time: 00d 01h 33m 59s, num timesteps 285360, FPS 50,
	Rewards: per step mean/med/min/max, rew: 0.0044/0.0016/0.0000/0.0541,
	Losses: Policy Loss value/action/dist: 0.040/-0.017/0.983,
INFO:root:Time: 00d 01h 34m 08s, num timesteps 285600, FPS 50,
	Rewards: per step mean/med/min/max, rew: 0.0045/0.0016/0.0000/0.0541,
	Losses: Policy Loss value/action/dist: 0.040/-0.017/0.983,
INFO:root:Time: 00d 01h 34m 15s, num timesteps 285840, FPS 50,
	Rewards: per step mean/med/min/max, rew: 0.0045/0.0016/0.0000/0.0541,
	Losses: Policy Loss value/action/dist: 0.040/-0.017/0.983,
INFO:root:Time: 00d 01h 34m 21s, num timesteps 286080, FPS 50,
	Rewards: per step mean/med/min/max, rew: 0.0045/0.0016/0.0000/0.0541,
	Losses: Policy Loss value/action/dist: 0.040/-0.017/0.983,
INFO:root:Time: 00d 01h 34m 28s, num timesteps 286320, FPS 50,
	Rewards: per step mean/med/min/max, rew: 0.0045/0.0016/0.0000/0.0541,
	Losses: Policy Loss value/action/dist: 0.040/-0.017/0.983,
INFO:root:Time: 00d 01h 34m 35s, num timesteps 286560, FPS 50,
	Rewards: per step mean/med/min/max, rew: 0.0045/0.0017/0.0000/0.0541,
	Losses: Policy Loss value/action/dist: 0.040/-0.017/0.983,
INFO:root:Time: 00d 01h 34m 41s, num timesteps 286800, FPS 50,
	Rewards: per step mean/med/min/max, rew: 0.0045/0.0017/0.0000/0.0541,
	Losses: Policy Loss value/action/dist: 0.040/-0.017/0.983,
INFO:root:Time: 00d 01h 34m 47s, num timesteps 287040, FPS 50,
	Rewards: per step mean/med/min/max, rew: 0.0045/0.0017/0.0000/0.0541,
	Losses: Policy Loss value/action/dist: 0.040/-0.017/0.983,
INFO:root:Time: 00d 01h 34m 54s, num timesteps 287280, FPS 50,
	Rewards: per step mean/med/min/max, rew: 0.0045/0.0017/0.0000/0.0541,
	Losses: Policy Loss value/action/dist: 0.040/-0.017/0.983,
INFO:root:Time: 00d 01h 35m 01s, num timesteps 287520, FPS 50,
	Rewards: per step mean/med/min/max, rew: 0.0045/0.0018/0.0000/0.0541,
	Losses: Policy Loss value/action/dist: 0.040/-0.017/0.983,
INFO:root:Time: 00d 01h 35m 07s, num timesteps 287760, FPS 50,
	Rewards: per step mean/med/min/max, rew: 0.0046/0.0018/0.0000/0.0541,
	Losses: Policy Loss value/action/dist: 0.040/-0.017/0.983,
INFO:root:Time: 00d 01h 35m 16s, num timesteps 288000, FPS 50,
	Rewards: per step mean/med/min/max, rew: 0.0046/0.0019/0.0000/0.0541,
	Losses: Policy Loss value/action/dist: 0.040/-0.017/0.983,
INFO:root:Time: 00d 01h 35m 23s, num timesteps 288240, FPS 50,
	Rewards: per step mean/med/min/max, rew: 0.0047/0.0019/0.0000/0.0666,
	Losses: Policy Loss value/action/dist: 0.040/-0.017/0.983,
INFO:root:Time: 00d 01h 35m 30s, num timesteps 288480, FPS 50,
	Rewards: per step mean/med/min/max, rew: 0.0048/0.0019/0.0000/0.0666,
	Losses: Policy Loss value/action/dist: 0.040/-0.017/0.983,
INFO:root:Time: 00d 01h 35m 37s, num timesteps 288720, FPS 50,
	Rewards: per step mean/med/min/max, rew: 0.0048/0.0019/0.0000/0.0666,
	Losses: Policy Loss value/action/dist: 0.040/-0.017/0.983,
INFO:root:Time: 00d 01h 35m 43s, num timesteps 288960, FPS 50,
	Rewards: per step mean/med/min/max, rew: 0.0048/0.0019/0.0000/0.0666,
	Losses: Policy Loss value/action/dist: 0.040/-0.017/0.983,
INFO:root:Time: 00d 01h 35m 50s, num timesteps 289200, FPS 50,
	Rewards: per step mean/med/min/max, rew: 0.0049/0.0019/0.0000/0.0666,
	Losses: Policy Loss value/action/dist: 0.040/-0.017/0.983,
INFO:root:Time: 00d 01h 35m 57s, num timesteps 289440, FPS 50,
	Rewards: per step mean/med/min/max, rew: 0.0049/0.0020/0.0000/0.0666,
	Losses: Policy Loss value/action/dist: 0.040/-0.017/0.983,
INFO:root:Time: 00d 01h 36m 04s, num timesteps 289680, FPS 50,
	Rewards: per step mean/med/min/max, rew: 0.0049/0.0020/0.0000/0.0666,
	Losses: Policy Loss value/action/dist: 0.040/-0.017/0.983,
INFO:root:Time: 00d 01h 36m 10s, num timesteps 289920, FPS 50,
	Rewards: per step mean/med/min/max, rew: 0.0049/0.0020/0.0000/0.0666,
	Losses: Policy Loss value/action/dist: 0.040/-0.017/0.983,
INFO:root:Time: 00d 01h 36m 17s, num timesteps 290160, FPS 50,
	Rewards: per step mean/med/min/max, rew: 0.0049/0.0020/0.0000/0.0666,
	Losses: Policy Loss value/action/dist: 0.040/-0.017/0.983,
INFO:root:Time: 00d 01h 36m 26s, num timesteps 290400, FPS 50,
	Rewards: per step mean/med/min/max, rew: 0.0049/0.0020/0.0000/0.0666,
	Losses: Policy Loss value/action/dist: 0.040/-0.017/0.983,
INFO:root:Time: 00d 01h 36m 33s, num timesteps 290640, FPS 50,
	Rewards: per step mean/med/min/max, rew: 0.0049/0.0020/0.0000/0.0666,
	Losses: Policy Loss value/action/dist: 0.040/-0.017/0.983,
INFO:root:Time: 00d 01h 36m 39s, num timesteps 290880, FPS 50,
	Rewards: per step mean/med/min/max, rew: 0.0049/0.0020/0.0000/0.0666,
	Losses: Policy Loss value/action/dist: 0.040/-0.017/0.983,
INFO:root:Time: 00d 01h 36m 46s, num timesteps 291120, FPS 50,
	Rewards: per step mean/med/min/max, rew: 0.0048/0.0020/0.0000/0.0666,
	Losses: Policy Loss value/action/dist: 0.040/-0.017/0.983,
INFO:root:Time: 00d 01h 36m 53s, num timesteps 291360, FPS 50,
	Rewards: per step mean/med/min/max, rew: 0.0049/0.0020/0.0000/0.0666,
	Losses: Policy Loss value/action/dist: 0.040/-0.017/0.983,
INFO:root:Time: 00d 01h 36m 59s, num timesteps 291600, FPS 50,
	Rewards: per step mean/med/min/max, rew: 0.0048/0.0020/0.0000/0.0666,
	Losses: Policy Loss value/action/dist: 0.040/-0.017/0.983,
INFO:root:Time: 00d 01h 37m 06s, num timesteps 291840, FPS 50,
	Rewards: per step mean/med/min/max, rew: 0.0048/0.0020/0.0000/0.0666,
	Losses: Policy Loss value/action/dist: 0.040/-0.017/0.983,
INFO:root:Time: 00d 01h 37m 13s, num timesteps 292080, FPS 50,
	Rewards: per step mean/med/min/max, rew: 0.0048/0.0021/0.0000/0.0666,
	Losses: Policy Loss value/action/dist: 0.040/-0.017/0.983,
INFO:root:Time: 00d 01h 37m 20s, num timesteps 292320, FPS 50,
	Rewards: per step mean/med/min/max, rew: 0.0048/0.0020/0.0000/0.0666,
	Losses: Policy Loss value/action/dist: 0.040/-0.017/0.983,
INFO:root:Time: 00d 01h 37m 26s, num timesteps 292560, FPS 50,
	Rewards: per step mean/med/min/max, rew: 0.0048/0.0020/0.0000/0.0666,
	Losses: Policy Loss value/action/dist: 0.040/-0.017/0.983,
INFO:root:Time: 00d 01h 37m 36s, num timesteps 292800, FPS 49,
	Rewards: per step mean/med/min/max, rew: 0.0047/0.0019/0.0000/0.0666,
	Losses: Policy Loss value/action/dist: 0.040/-0.017/0.983,
INFO:root:Time: 00d 01h 37m 42s, num timesteps 293040, FPS 49,
	Rewards: per step mean/med/min/max, rew: 0.0048/0.0019/0.0000/0.0666,
	Losses: Policy Loss value/action/dist: 0.040/-0.017/0.983,
INFO:root:Time: 00d 01h 37m 49s, num timesteps 293280, FPS 49,
	Rewards: per step mean/med/min/max, rew: 0.0047/0.0019/0.0000/0.0666,
	Losses: Policy Loss value/action/dist: 0.040/-0.017/0.983,
INFO:root:Time: 00d 01h 37m 56s, num timesteps 293520, FPS 49,
	Rewards: per step mean/med/min/max, rew: 0.0047/0.0019/0.0000/0.0666,
	Losses: Policy Loss value/action/dist: 0.040/-0.017/0.983,
INFO:root:Time: 00d 01h 38m 02s, num timesteps 293760, FPS 49,
	Rewards: per step mean/med/min/max, rew: 0.0048/0.0019/0.0000/0.0666,
	Losses: Policy Loss value/action/dist: 0.040/-0.017/0.983,
INFO:root:Time: 00d 01h 38m 09s, num timesteps 294000, FPS 49,
	Rewards: per step mean/med/min/max, rew: 0.0047/0.0019/0.0000/0.0666,
	Losses: Policy Loss value/action/dist: 0.040/-0.017/0.983,
INFO:root:Time: 00d 01h 38m 16s, num timesteps 294240, FPS 49,
	Rewards: per step mean/med/min/max, rew: 0.0047/0.0020/0.0000/0.0666,
	Losses: Policy Loss value/action/dist: 0.040/-0.017/0.983,
INFO:root:Time: 00d 01h 38m 22s, num timesteps 294480, FPS 49,
	Rewards: per step mean/med/min/max, rew: 0.0047/0.0019/0.0000/0.0666,
	Losses: Policy Loss value/action/dist: 0.040/-0.017/0.983,
INFO:root:Time: 00d 01h 38m 29s, num timesteps 294720, FPS 49,
	Rewards: per step mean/med/min/max, rew: 0.0047/0.0019/0.0000/0.0666,
	Losses: Policy Loss value/action/dist: 0.040/-0.017/0.983,
INFO:root:Time: 00d 01h 38m 36s, num timesteps 294960, FPS 49,
	Rewards: per step mean/med/min/max, rew: 0.0047/0.0019/0.0000/0.0666,
	Losses: Policy Loss value/action/dist: 0.040/-0.017/0.983,
INFO:root:Time: 00d 01h 38m 45s, num timesteps 295200, FPS 49,
	Rewards: per step mean/med/min/max, rew: 0.0046/0.0018/0.0000/0.0666,
	Losses: Policy Loss value/action/dist: 0.040/-0.017/0.983,
INFO:root:Time: 00d 01h 38m 52s, num timesteps 295440, FPS 49,
	Rewards: per step mean/med/min/max, rew: 0.0046/0.0018/0.0000/0.0666,
	Losses: Policy Loss value/action/dist: 0.040/-0.017/0.983,
INFO:root:Time: 00d 01h 38m 58s, num timesteps 295680, FPS 49,
	Rewards: per step mean/med/min/max, rew: 0.0047/0.0019/0.0000/0.0666,
	Losses: Policy Loss value/action/dist: 0.040/-0.017/0.983,
INFO:root:Time: 00d 01h 39m 05s, num timesteps 295920, FPS 49,
	Rewards: per step mean/med/min/max, rew: 0.0047/0.0019/0.0000/0.0666,
	Losses: Policy Loss value/action/dist: 0.040/-0.017/0.983,
INFO:root:Time: 00d 01h 39m 12s, num timesteps 296160, FPS 49,
	Rewards: per step mean/med/min/max, rew: 0.0047/0.0019/0.0000/0.0666,
	Losses: Policy Loss value/action/dist: 0.040/-0.017/0.983,
INFO:root:Time: 00d 01h 39m 18s, num timesteps 296400, FPS 49,
	Rewards: per step mean/med/min/max, rew: 0.0047/0.0018/0.0000/0.0666,
	Losses: Policy Loss value/action/dist: 0.040/-0.017/0.983,
INFO:root:Time: 00d 01h 39m 25s, num timesteps 296640, FPS 49,
	Rewards: per step mean/med/min/max, rew: 0.0046/0.0017/0.0000/0.0666,
	Losses: Policy Loss value/action/dist: 0.040/-0.017/0.983,
INFO:root:Time: 00d 01h 39m 32s, num timesteps 296880, FPS 49,
	Rewards: per step mean/med/min/max, rew: 0.0047/0.0017/0.0000/0.0666,
	Losses: Policy Loss value/action/dist: 0.040/-0.017/0.983,
INFO:root:Time: 00d 01h 39m 39s, num timesteps 297120, FPS 49,
	Rewards: per step mean/med/min/max, rew: 0.0048/0.0018/0.0000/0.0666,
	Losses: Policy Loss value/action/dist: 0.040/-0.017/0.983,
INFO:root:Time: 00d 01h 39m 45s, num timesteps 297360, FPS 49,
	Rewards: per step mean/med/min/max, rew: 0.0047/0.0017/0.0000/0.0666,
	Losses: Policy Loss value/action/dist: 0.040/-0.017/0.983,
INFO:root:Time: 00d 01h 39m 55s, num timesteps 297600, FPS 49,
	Rewards: per step mean/med/min/max, rew: 0.0047/0.0017/0.0000/0.0666,
	Losses: Policy Loss value/action/dist: 0.040/-0.017/0.983,
INFO:root:Time: 00d 01h 40m 02s, num timesteps 297840, FPS 49,
	Rewards: per step mean/med/min/max, rew: 0.0047/0.0017/0.0000/0.0666,
	Losses: Policy Loss value/action/dist: 0.040/-0.017/0.983,
INFO:root:Time: 00d 01h 40m 08s, num timesteps 298080, FPS 49,
	Rewards: per step mean/med/min/max, rew: 0.0046/0.0016/0.0000/0.0666,
	Losses: Policy Loss value/action/dist: 0.040/-0.017/0.983,
INFO:root:Time: 00d 01h 40m 15s, num timesteps 298320, FPS 49,
	Rewards: per step mean/med/min/max, rew: 0.0045/0.0016/0.0000/0.0666,
	Losses: Policy Loss value/action/dist: 0.040/-0.017/0.983,
INFO:root:Time: 00d 01h 40m 21s, num timesteps 298560, FPS 49,
	Rewards: per step mean/med/min/max, rew: 0.0046/0.0016/0.0000/0.0666,
	Losses: Policy Loss value/action/dist: 0.040/-0.017/0.983,
INFO:root:Time: 00d 01h 40m 28s, num timesteps 298800, FPS 49,
	Rewards: per step mean/med/min/max, rew: 0.0046/0.0016/0.0000/0.0666,
	Losses: Policy Loss value/action/dist: 0.040/-0.017/0.983,
INFO:root:Time: 00d 01h 40m 35s, num timesteps 299040, FPS 49,
	Rewards: per step mean/med/min/max, rew: 0.0046/0.0016/0.0000/0.0666,
	Losses: Policy Loss value/action/dist: 0.040/-0.017/0.983,
INFO:root:Time: 00d 01h 40m 41s, num timesteps 299280, FPS 49,
	Rewards: per step mean/med/min/max, rew: 0.0047/0.0017/0.0000/0.0666,
	Losses: Policy Loss value/action/dist: 0.040/-0.017/0.983,
INFO:root:Time: 00d 01h 40m 48s, num timesteps 299520, FPS 49,
	Rewards: per step mean/med/min/max, rew: 0.0047/0.0017/0.0000/0.0666,
	Losses: Policy Loss value/action/dist: 0.040/-0.017/0.983,
INFO:root:Time: 00d 01h 40m 55s, num timesteps 299760, FPS 49,
	Rewards: per step mean/med/min/max, rew: 0.0047/0.0016/0.0000/0.0666,
	Losses: Policy Loss value/action/dist: 0.040/-0.017/0.983,
INFO:root:Time: 00d 01h 41m 04s, num timesteps 300000, FPS 49,
	Rewards: per step mean/med/min/max, rew: 0.0047/0.0016/0.0000/0.0666,
	Losses: Policy Loss value/action/dist: 0.040/-0.017/0.983,
INFO:root:Time: 00d 01h 41m 11s, num timesteps 300240, FPS 49,
	Rewards: per step mean/med/min/max, rew: 0.0047/0.0016/0.0000/0.0670,
	Losses: Policy Loss value/action/dist: 0.040/-0.017/0.983,
INFO:root:Time: 00d 01h 41m 18s, num timesteps 300480, FPS 49,
	Rewards: per step mean/med/min/max, rew: 0.0046/0.0016/0.0000/0.0670,
	Losses: Policy Loss value/action/dist: 0.040/-0.017/0.983,
INFO:root:Time: 00d 01h 41m 25s, num timesteps 300720, FPS 49,
	Rewards: per step mean/med/min/max, rew: 0.0046/0.0016/0.0000/0.0670,
	Losses: Policy Loss value/action/dist: 0.040/-0.017/0.983,
INFO:root:Time: 00d 01h 41m 31s, num timesteps 300960, FPS 49,
	Rewards: per step mean/med/min/max, rew: 0.0047/0.0017/0.0000/0.0670,
	Losses: Policy Loss value/action/dist: 0.040/-0.017/0.983,
INFO:root:Time: 00d 01h 41m 38s, num timesteps 301200, FPS 49,
	Rewards: per step mean/med/min/max, rew: 0.0047/0.0017/0.0000/0.0670,
	Losses: Policy Loss value/action/dist: 0.040/-0.017/0.983,
INFO:root:Time: 00d 01h 41m 44s, num timesteps 301440, FPS 49,
	Rewards: per step mean/med/min/max, rew: 0.0047/0.0017/0.0000/0.0670,
	Losses: Policy Loss value/action/dist: 0.040/-0.017/0.983,
INFO:root:Time: 00d 01h 41m 51s, num timesteps 301680, FPS 49,
	Rewards: per step mean/med/min/max, rew: 0.0047/0.0016/0.0000/0.0670,
	Losses: Policy Loss value/action/dist: 0.040/-0.017/0.983,
INFO:root:Time: 00d 01h 41m 57s, num timesteps 301920, FPS 49,
	Rewards: per step mean/med/min/max, rew: 0.0046/0.0016/0.0000/0.0670,
	Losses: Policy Loss value/action/dist: 0.040/-0.017/0.983,
INFO:root:Time: 00d 01h 42m 04s, num timesteps 302160, FPS 49,
	Rewards: per step mean/med/min/max, rew: 0.0047/0.0016/0.0000/0.0670,
	Losses: Policy Loss value/action/dist: 0.040/-0.017/0.983,
INFO:root:Time: 00d 01h 42m 13s, num timesteps 302400, FPS 49,
	Rewards: per step mean/med/min/max, rew: 0.0047/0.0016/0.0000/0.0670,
	Losses: Policy Loss value/action/dist: 0.041/-0.017/0.982,
INFO:root:Time: 00d 01h 42m 20s, num timesteps 302640, FPS 49,
	Rewards: per step mean/med/min/max, rew: 0.0047/0.0017/0.0000/0.0670,
	Losses: Policy Loss value/action/dist: 0.041/-0.017/0.982,
INFO:root:Time: 00d 01h 42m 27s, num timesteps 302880, FPS 49,
	Rewards: per step mean/med/min/max, rew: 0.0047/0.0017/0.0000/0.0670,
	Losses: Policy Loss value/action/dist: 0.041/-0.017/0.982,
INFO:root:Time: 00d 01h 42m 34s, num timesteps 303120, FPS 49,
	Rewards: per step mean/med/min/max, rew: 0.0047/0.0016/0.0000/0.0670,
	Losses: Policy Loss value/action/dist: 0.041/-0.017/0.982,
INFO:root:Time: 00d 01h 42m 41s, num timesteps 303360, FPS 49,
	Rewards: per step mean/med/min/max, rew: 0.0046/0.0016/0.0000/0.0670,
	Losses: Policy Loss value/action/dist: 0.041/-0.017/0.982,
INFO:root:Time: 00d 01h 42m 47s, num timesteps 303600, FPS 49,
	Rewards: per step mean/med/min/max, rew: 0.0046/0.0016/0.0000/0.0670,
	Losses: Policy Loss value/action/dist: 0.041/-0.017/0.982,
INFO:root:Time: 00d 01h 42m 54s, num timesteps 303840, FPS 49,
	Rewards: per step mean/med/min/max, rew: 0.0046/0.0016/0.0000/0.0670,
	Losses: Policy Loss value/action/dist: 0.041/-0.017/0.982,
INFO:root:Time: 00d 01h 43m 01s, num timesteps 304080, FPS 49,
	Rewards: per step mean/med/min/max, rew: 0.0045/0.0016/0.0000/0.0670,
	Losses: Policy Loss value/action/dist: 0.041/-0.017/0.982,
INFO:root:Time: 00d 01h 43m 07s, num timesteps 304320, FPS 49,
	Rewards: per step mean/med/min/max, rew: 0.0046/0.0016/0.0000/0.0670,
	Losses: Policy Loss value/action/dist: 0.041/-0.017/0.982,
INFO:root:Time: 00d 01h 43m 14s, num timesteps 304560, FPS 49,
	Rewards: per step mean/med/min/max, rew: 0.0046/0.0016/0.0000/0.0670,
	Losses: Policy Loss value/action/dist: 0.041/-0.017/0.982,
INFO:root:Time: 00d 01h 43m 23s, num timesteps 304800, FPS 49,
	Rewards: per step mean/med/min/max, rew: 0.0046/0.0016/0.0000/0.0670,
	Losses: Policy Loss value/action/dist: 0.041/-0.017/0.982,
INFO:root:Time: 00d 01h 43m 30s, num timesteps 305040, FPS 49,
	Rewards: per step mean/med/min/max, rew: 0.0047/0.0015/0.0000/0.0670,
	Losses: Policy Loss value/action/dist: 0.041/-0.017/0.982,
INFO:root:Time: 00d 01h 43m 37s, num timesteps 305280, FPS 49,
	Rewards: per step mean/med/min/max, rew: 0.0047/0.0015/0.0000/0.0670,
	Losses: Policy Loss value/action/dist: 0.041/-0.017/0.982,
INFO:root:Time: 00d 01h 43m 44s, num timesteps 305520, FPS 49,
	Rewards: per step mean/med/min/max, rew: 0.0047/0.0015/0.0000/0.0670,
	Losses: Policy Loss value/action/dist: 0.041/-0.017/0.982,
INFO:root:Time: 00d 01h 43m 51s, num timesteps 305760, FPS 49,
	Rewards: per step mean/med/min/max, rew: 0.0047/0.0015/0.0000/0.0670,
	Losses: Policy Loss value/action/dist: 0.041/-0.017/0.982,
INFO:root:Time: 00d 01h 43m 57s, num timesteps 306000, FPS 49,
	Rewards: per step mean/med/min/max, rew: 0.0047/0.0015/0.0000/0.0670,
	Losses: Policy Loss value/action/dist: 0.041/-0.017/0.982,
INFO:root:Time: 00d 01h 44m 04s, num timesteps 306240, FPS 49,
	Rewards: per step mean/med/min/max, rew: 0.0048/0.0016/0.0000/0.0670,
	Losses: Policy Loss value/action/dist: 0.041/-0.017/0.982,
INFO:root:Time: 00d 01h 44m 11s, num timesteps 306480, FPS 49,
	Rewards: per step mean/med/min/max, rew: 0.0048/0.0016/0.0000/0.0670,
	Losses: Policy Loss value/action/dist: 0.041/-0.017/0.982,
INFO:root:Time: 00d 01h 44m 17s, num timesteps 306720, FPS 49,
	Rewards: per step mean/med/min/max, rew: 0.0048/0.0016/0.0000/0.0670,
	Losses: Policy Loss value/action/dist: 0.041/-0.017/0.982,
INFO:root:Time: 00d 01h 44m 24s, num timesteps 306960, FPS 48,
	Rewards: per step mean/med/min/max, rew: 0.0048/0.0016/0.0000/0.0670,
	Losses: Policy Loss value/action/dist: 0.041/-0.017/0.982,
INFO:root:Time: 00d 01h 44m 33s, num timesteps 307200, FPS 48,
	Rewards: per step mean/med/min/max, rew: 0.0048/0.0016/0.0000/0.0670,
	Losses: Policy Loss value/action/dist: 0.041/-0.017/0.982,
INFO:root:Time: 00d 01h 44m 40s, num timesteps 307440, FPS 48,
	Rewards: per step mean/med/min/max, rew: 0.0049/0.0017/0.0000/0.0670,
	Losses: Policy Loss value/action/dist: 0.041/-0.017/0.982,
INFO:root:Time: 00d 01h 44m 47s, num timesteps 307680, FPS 48,
	Rewards: per step mean/med/min/max, rew: 0.0049/0.0017/0.0000/0.0670,
	Losses: Policy Loss value/action/dist: 0.041/-0.017/0.982,
INFO:root:Time: 00d 01h 44m 53s, num timesteps 307920, FPS 48,
	Rewards: per step mean/med/min/max, rew: 0.0049/0.0017/0.0000/0.0670,
	Losses: Policy Loss value/action/dist: 0.041/-0.017/0.982,
INFO:root:Time: 00d 01h 45m 00s, num timesteps 308160, FPS 48,
	Rewards: per step mean/med/min/max, rew: 0.0048/0.0017/0.0000/0.0670,
	Losses: Policy Loss value/action/dist: 0.041/-0.017/0.982,
INFO:root:Time: 00d 01h 45m 07s, num timesteps 308400, FPS 48,
	Rewards: per step mean/med/min/max, rew: 0.0048/0.0017/0.0000/0.0670,
	Losses: Policy Loss value/action/dist: 0.041/-0.017/0.982,
INFO:root:Time: 00d 01h 45m 14s, num timesteps 308640, FPS 48,
	Rewards: per step mean/med/min/max, rew: 0.0048/0.0017/0.0000/0.0670,
	Losses: Policy Loss value/action/dist: 0.041/-0.017/0.982,
INFO:root:Time: 00d 01h 45m 20s, num timesteps 308880, FPS 48,
	Rewards: per step mean/med/min/max, rew: 0.0049/0.0017/0.0000/0.0670,
	Losses: Policy Loss value/action/dist: 0.041/-0.017/0.982,
INFO:root:Time: 00d 01h 45m 27s, num timesteps 309120, FPS 48,
	Rewards: per step mean/med/min/max, rew: 0.0049/0.0017/0.0000/0.0670,
	Losses: Policy Loss value/action/dist: 0.041/-0.017/0.982,
INFO:root:Time: 00d 01h 45m 34s, num timesteps 309360, FPS 48,
	Rewards: per step mean/med/min/max, rew: 0.0049/0.0017/0.0000/0.0670,
	Losses: Policy Loss value/action/dist: 0.041/-0.017/0.982,
INFO:root:Time: 00d 01h 45m 43s, num timesteps 309600, FPS 48,
	Rewards: per step mean/med/min/max, rew: 0.0049/0.0017/0.0000/0.0670,
	Losses: Policy Loss value/action/dist: 0.041/-0.017/0.982,
INFO:root:Time: 00d 01h 45m 50s, num timesteps 309840, FPS 48,
	Rewards: per step mean/med/min/max, rew: 0.0049/0.0017/0.0000/0.0670,
	Losses: Policy Loss value/action/dist: 0.041/-0.017/0.982,
INFO:root:Time: 00d 01h 45m 57s, num timesteps 310080, FPS 48,
	Rewards: per step mean/med/min/max, rew: 0.0049/0.0017/0.0000/0.0670,
	Losses: Policy Loss value/action/dist: 0.041/-0.017/0.982,
INFO:root:Time: 00d 01h 46m 03s, num timesteps 310320, FPS 48,
	Rewards: per step mean/med/min/max, rew: 0.0049/0.0017/0.0000/0.0670,
	Losses: Policy Loss value/action/dist: 0.041/-0.017/0.982,
INFO:root:Time: 00d 01h 46m 10s, num timesteps 310560, FPS 48,
	Rewards: per step mean/med/min/max, rew: 0.0049/0.0018/0.0000/0.0670,
	Losses: Policy Loss value/action/dist: 0.041/-0.017/0.982,
INFO:root:Time: 00d 01h 46m 17s, num timesteps 310800, FPS 48,
	Rewards: per step mean/med/min/max, rew: 0.0050/0.0019/0.0000/0.0670,
	Losses: Policy Loss value/action/dist: 0.041/-0.017/0.982,
INFO:root:Time: 00d 01h 46m 24s, num timesteps 311040, FPS 48,
	Rewards: per step mean/med/min/max, rew: 0.0050/0.0019/0.0000/0.0670,
	Losses: Policy Loss value/action/dist: 0.041/-0.017/0.982,
INFO:root:Time: 00d 01h 46m 30s, num timesteps 311280, FPS 48,
	Rewards: per step mean/med/min/max, rew: 0.0050/0.0019/0.0000/0.0670,
	Losses: Policy Loss value/action/dist: 0.041/-0.017/0.982,
INFO:root:Time: 00d 01h 46m 37s, num timesteps 311520, FPS 48,
	Rewards: per step mean/med/min/max, rew: 0.0050/0.0018/0.0000/0.0670,
	Losses: Policy Loss value/action/dist: 0.041/-0.017/0.982,
INFO:root:Time: 00d 01h 46m 44s, num timesteps 311760, FPS 48,
	Rewards: per step mean/med/min/max, rew: 0.0049/0.0018/0.0000/0.0670,
	Losses: Policy Loss value/action/dist: 0.041/-0.017/0.982,
INFO:root:Time: 00d 01h 46m 53s, num timesteps 312000, FPS 48,
	Rewards: per step mean/med/min/max, rew: 0.0049/0.0018/0.0000/0.0670,
	Losses: Policy Loss value/action/dist: 0.041/-0.017/0.982,
INFO:root:Time: 00d 01h 47m 00s, num timesteps 312240, FPS 48,
	Rewards: per step mean/med/min/max, rew: 0.0048/0.0018/0.0000/0.0670,
	Losses: Policy Loss value/action/dist: 0.041/-0.017/0.982,
INFO:root:Time: 00d 01h 47m 07s, num timesteps 312480, FPS 48,
	Rewards: per step mean/med/min/max, rew: 0.0048/0.0018/0.0000/0.0670,
	Losses: Policy Loss value/action/dist: 0.041/-0.017/0.982,
INFO:root:Time: 00d 01h 47m 13s, num timesteps 312720, FPS 48,
	Rewards: per step mean/med/min/max, rew: 0.0048/0.0017/0.0000/0.0670,
	Losses: Policy Loss value/action/dist: 0.041/-0.017/0.982,
INFO:root:Time: 00d 01h 47m 19s, num timesteps 312960, FPS 48,
	Rewards: per step mean/med/min/max, rew: 0.0048/0.0018/0.0000/0.0670,
	Losses: Policy Loss value/action/dist: 0.041/-0.017/0.982,
INFO:root:Time: 00d 01h 47m 26s, num timesteps 313200, FPS 48,
	Rewards: per step mean/med/min/max, rew: 0.0048/0.0017/0.0000/0.0670,
	Losses: Policy Loss value/action/dist: 0.041/-0.017/0.982,
INFO:root:Time: 00d 01h 47m 32s, num timesteps 313440, FPS 48,
	Rewards: per step mean/med/min/max, rew: 0.0047/0.0017/0.0000/0.0670,
	Losses: Policy Loss value/action/dist: 0.041/-0.017/0.982,
INFO:root:Time: 00d 01h 47m 39s, num timesteps 313680, FPS 48,
	Rewards: per step mean/med/min/max, rew: 0.0047/0.0017/0.0000/0.0670,
	Losses: Policy Loss value/action/dist: 0.041/-0.017/0.982,
INFO:root:Time: 00d 01h 47m 46s, num timesteps 313920, FPS 48,
	Rewards: per step mean/med/min/max, rew: 0.0046/0.0017/0.0000/0.0670,
	Losses: Policy Loss value/action/dist: 0.041/-0.017/0.982,
INFO:root:Time: 00d 01h 47m 53s, num timesteps 314160, FPS 48,
	Rewards: per step mean/med/min/max, rew: 0.0048/0.0017/0.0000/0.0873,
	Losses: Policy Loss value/action/dist: 0.041/-0.017/0.982,
INFO:root:Time: 00d 01h 48m 02s, num timesteps 314400, FPS 48,
	Rewards: per step mean/med/min/max, rew: 0.0049/0.0017/0.0000/0.0873,
	Losses: Policy Loss value/action/dist: 0.041/-0.017/0.982,
INFO:root:Time: 00d 01h 48m 09s, num timesteps 314640, FPS 48,
	Rewards: per step mean/med/min/max, rew: 0.0049/0.0017/0.0000/0.0873,
	Losses: Policy Loss value/action/dist: 0.041/-0.017/0.982,
INFO:root:Time: 00d 01h 48m 15s, num timesteps 314880, FPS 48,
	Rewards: per step mean/med/min/max, rew: 0.0048/0.0017/0.0000/0.0873,
	Losses: Policy Loss value/action/dist: 0.041/-0.017/0.982,
INFO:root:Time: 00d 01h 48m 22s, num timesteps 315120, FPS 48,
	Rewards: per step mean/med/min/max, rew: 0.0048/0.0017/0.0000/0.0873,
	Losses: Policy Loss value/action/dist: 0.041/-0.017/0.982,
INFO:root:Time: 00d 01h 48m 29s, num timesteps 315360, FPS 48,
	Rewards: per step mean/med/min/max, rew: 0.0048/0.0016/0.0000/0.0873,
	Losses: Policy Loss value/action/dist: 0.041/-0.017/0.982,
INFO:root:Time: 00d 01h 48m 36s, num timesteps 315600, FPS 48,
	Rewards: per step mean/med/min/max, rew: 0.0048/0.0017/0.0000/0.0873,
	Losses: Policy Loss value/action/dist: 0.041/-0.017/0.982,
INFO:root:Time: 00d 01h 48m 42s, num timesteps 315840, FPS 48,
	Rewards: per step mean/med/min/max, rew: 0.0048/0.0016/0.0000/0.0873,
	Losses: Policy Loss value/action/dist: 0.041/-0.017/0.982,
INFO:root:Time: 00d 01h 48m 49s, num timesteps 316080, FPS 48,
	Rewards: per step mean/med/min/max, rew: 0.0047/0.0016/0.0000/0.0873,
	Losses: Policy Loss value/action/dist: 0.041/-0.017/0.982,
INFO:root:Time: 00d 01h 48m 56s, num timesteps 316320, FPS 48,
	Rewards: per step mean/med/min/max, rew: 0.0047/0.0016/0.0000/0.0873,
	Losses: Policy Loss value/action/dist: 0.041/-0.017/0.982,
INFO:root:Time: 00d 01h 49m 03s, num timesteps 316560, FPS 48,
	Rewards: per step mean/med/min/max, rew: 0.0048/0.0016/0.0000/0.0873,
	Losses: Policy Loss value/action/dist: 0.041/-0.017/0.982,
INFO:root:Time: 00d 01h 49m 12s, num timesteps 316800, FPS 48,
	Rewards: per step mean/med/min/max, rew: 0.0048/0.0016/0.0000/0.0873,
	Losses: Policy Loss value/action/dist: 0.041/-0.017/0.982,
INFO:root:Time: 00d 01h 49m 19s, num timesteps 317040, FPS 48,
	Rewards: per step mean/med/min/max, rew: 0.0050/0.0017/0.0000/0.0873,
	Losses: Policy Loss value/action/dist: 0.041/-0.017/0.982,
INFO:root:Time: 00d 01h 49m 26s, num timesteps 317280, FPS 48,
	Rewards: per step mean/med/min/max, rew: 0.0051/0.0017/0.0000/0.0873,
	Losses: Policy Loss value/action/dist: 0.041/-0.017/0.982,
INFO:root:Time: 00d 01h 49m 33s, num timesteps 317520, FPS 48,
	Rewards: per step mean/med/min/max, rew: 0.0052/0.0018/0.0000/0.0873,
	Losses: Policy Loss value/action/dist: 0.041/-0.017/0.982,
INFO:root:Time: 00d 01h 49m 40s, num timesteps 317760, FPS 48,
	Rewards: per step mean/med/min/max, rew: 0.0051/0.0018/0.0000/0.0873,
	Losses: Policy Loss value/action/dist: 0.041/-0.017/0.982,
INFO:root:Time: 00d 01h 49m 47s, num timesteps 318000, FPS 48,
	Rewards: per step mean/med/min/max, rew: 0.0051/0.0018/0.0000/0.0873,
	Losses: Policy Loss value/action/dist: 0.041/-0.017/0.982,
INFO:root:Time: 00d 01h 49m 53s, num timesteps 318240, FPS 48,
	Rewards: per step mean/med/min/max, rew: 0.0051/0.0018/0.0000/0.0873,
	Losses: Policy Loss value/action/dist: 0.041/-0.017/0.982,
INFO:root:Time: 00d 01h 50m 00s, num timesteps 318480, FPS 48,
	Rewards: per step mean/med/min/max, rew: 0.0052/0.0018/0.0000/0.0873,
	Losses: Policy Loss value/action/dist: 0.041/-0.017/0.982,
INFO:root:Time: 00d 01h 50m 07s, num timesteps 318720, FPS 48,
	Rewards: per step mean/med/min/max, rew: 0.0052/0.0018/0.0000/0.0873,
	Losses: Policy Loss value/action/dist: 0.041/-0.017/0.982,
INFO:root:Time: 00d 01h 50m 14s, num timesteps 318960, FPS 48,
	Rewards: per step mean/med/min/max, rew: 0.0051/0.0018/0.0000/0.0873,
	Losses: Policy Loss value/action/dist: 0.041/-0.017/0.982,
INFO:root:Time: 00d 01h 50m 23s, num timesteps 319200, FPS 48,
	Rewards: per step mean/med/min/max, rew: 0.0051/0.0018/0.0000/0.0873,
	Losses: Policy Loss value/action/dist: 0.041/-0.017/0.982,
INFO:root:Time: 00d 01h 50m 30s, num timesteps 319440, FPS 48,
	Rewards: per step mean/med/min/max, rew: 0.0052/0.0018/0.0000/0.0873,
	Losses: Policy Loss value/action/dist: 0.041/-0.017/0.982,
INFO:root:Time: 00d 01h 50m 37s, num timesteps 319680, FPS 48,
	Rewards: per step mean/med/min/max, rew: 0.0051/0.0018/0.0000/0.0873,
	Losses: Policy Loss value/action/dist: 0.041/-0.017/0.982,
INFO:root:Time: 00d 01h 50m 44s, num timesteps 319920, FPS 48,
	Rewards: per step mean/med/min/max, rew: 0.0051/0.0018/0.0000/0.0873,
	Losses: Policy Loss value/action/dist: 0.041/-0.017/0.982,
INFO:root:Time: 00d 01h 50m 50s, num timesteps 320160, FPS 48,
	Rewards: per step mean/med/min/max, rew: 0.0051/0.0018/0.0000/0.0873,
	Losses: Policy Loss value/action/dist: 0.041/-0.017/0.982,
INFO:root:Time: 00d 01h 50m 57s, num timesteps 320400, FPS 48,
	Rewards: per step mean/med/min/max, rew: 0.0051/0.0018/0.0000/0.0873,
	Losses: Policy Loss value/action/dist: 0.041/-0.017/0.982,
INFO:root:Time: 00d 01h 51m 04s, num timesteps 320640, FPS 48,
	Rewards: per step mean/med/min/max, rew: 0.0051/0.0018/0.0000/0.0873,
	Losses: Policy Loss value/action/dist: 0.041/-0.017/0.982,
INFO:root:Time: 00d 01h 51m 11s, num timesteps 320880, FPS 48,
	Rewards: per step mean/med/min/max, rew: 0.0050/0.0018/0.0000/0.0873,
	Losses: Policy Loss value/action/dist: 0.041/-0.017/0.982,
INFO:root:Time: 00d 01h 51m 17s, num timesteps 321120, FPS 48,
	Rewards: per step mean/med/min/max, rew: 0.0049/0.0017/0.0000/0.0873,
	Losses: Policy Loss value/action/dist: 0.041/-0.017/0.982,
INFO:root:Time: 00d 01h 51m 24s, num timesteps 321360, FPS 48,
	Rewards: per step mean/med/min/max, rew: 0.0049/0.0017/0.0000/0.0873,
	Losses: Policy Loss value/action/dist: 0.041/-0.017/0.982,
INFO:root:Time: 00d 01h 51m 33s, num timesteps 321600, FPS 48,
	Rewards: per step mean/med/min/max, rew: 0.0049/0.0017/0.0000/0.0873,
	Losses: Policy Loss value/action/dist: 0.041/-0.018/0.982,
INFO:root:Time: 00d 01h 51m 40s, num timesteps 321840, FPS 48,
	Rewards: per step mean/med/min/max, rew: 0.0050/0.0017/0.0000/0.0873,
	Losses: Policy Loss value/action/dist: 0.041/-0.018/0.982,
INFO:root:Time: 00d 01h 51m 47s, num timesteps 322080, FPS 48,
	Rewards: per step mean/med/min/max, rew: 0.0050/0.0017/0.0000/0.0873,
	Losses: Policy Loss value/action/dist: 0.041/-0.018/0.982,
INFO:root:Time: 00d 01h 51m 54s, num timesteps 322320, FPS 48,
	Rewards: per step mean/med/min/max, rew: 0.0050/0.0017/0.0000/0.0873,
	Losses: Policy Loss value/action/dist: 0.041/-0.018/0.982,
INFO:root:Time: 00d 01h 52m 01s, num timesteps 322560, FPS 47,
	Rewards: per step mean/med/min/max, rew: 0.0050/0.0017/0.0000/0.0873,
	Losses: Policy Loss value/action/dist: 0.041/-0.018/0.982,
INFO:root:Time: 00d 01h 52m 07s, num timesteps 322800, FPS 47,
	Rewards: per step mean/med/min/max, rew: 0.0050/0.0017/0.0000/0.0873,
	Losses: Policy Loss value/action/dist: 0.041/-0.018/0.982,
INFO:root:Time: 00d 01h 52m 14s, num timesteps 323040, FPS 47,
	Rewards: per step mean/med/min/max, rew: 0.0050/0.0017/0.0000/0.0873,
	Losses: Policy Loss value/action/dist: 0.041/-0.018/0.982,
INFO:root:Time: 00d 01h 52m 21s, num timesteps 323280, FPS 47,
	Rewards: per step mean/med/min/max, rew: 0.0049/0.0017/0.0000/0.0873,
	Losses: Policy Loss value/action/dist: 0.041/-0.018/0.982,
INFO:root:Time: 00d 01h 52m 27s, num timesteps 323520, FPS 47,
	Rewards: per step mean/med/min/max, rew: 0.0049/0.0017/0.0000/0.0873,
	Losses: Policy Loss value/action/dist: 0.041/-0.018/0.982,
INFO:root:Time: 00d 01h 52m 34s, num timesteps 323760, FPS 47,
	Rewards: per step mean/med/min/max, rew: 0.0049/0.0018/0.0000/0.0873,
	Losses: Policy Loss value/action/dist: 0.041/-0.018/0.982,
INFO:root:Time: 00d 01h 52m 44s, num timesteps 324000, FPS 47,
	Rewards: per step mean/med/min/max, rew: 0.0049/0.0018/0.0000/0.0873,
	Losses: Policy Loss value/action/dist: 0.041/-0.018/0.982,
INFO:root:Time: 00d 01h 52m 51s, num timesteps 324240, FPS 47,
	Rewards: per step mean/med/min/max, rew: 0.0050/0.0018/0.0000/0.0873,
	Losses: Policy Loss value/action/dist: 0.041/-0.018/0.982,
INFO:root:Time: 00d 01h 52m 58s, num timesteps 324480, FPS 47,
	Rewards: per step mean/med/min/max, rew: 0.0050/0.0018/0.0000/0.0873,
	Losses: Policy Loss value/action/dist: 0.041/-0.018/0.982,
INFO:root:Time: 00d 01h 53m 04s, num timesteps 324720, FPS 47,
	Rewards: per step mean/med/min/max, rew: 0.0050/0.0018/0.0000/0.0873,
	Losses: Policy Loss value/action/dist: 0.041/-0.018/0.982,
INFO:root:Time: 00d 01h 53m 11s, num timesteps 324960, FPS 47,
	Rewards: per step mean/med/min/max, rew: 0.0049/0.0018/0.0000/0.0873,
	Losses: Policy Loss value/action/dist: 0.041/-0.018/0.982,
INFO:root:Time: 00d 01h 53m 17s, num timesteps 325200, FPS 47,
	Rewards: per step mean/med/min/max, rew: 0.0051/0.0018/0.0000/0.0873,
	Losses: Policy Loss value/action/dist: 0.041/-0.018/0.982,
INFO:root:Time: 00d 01h 53m 24s, num timesteps 325440, FPS 47,
	Rewards: per step mean/med/min/max, rew: 0.0052/0.0019/0.0000/0.0873,
	Losses: Policy Loss value/action/dist: 0.041/-0.018/0.982,
INFO:root:Time: 00d 01h 53m 30s, num timesteps 325680, FPS 47,
	Rewards: per step mean/med/min/max, rew: 0.0052/0.0019/0.0000/0.0873,
	Losses: Policy Loss value/action/dist: 0.041/-0.018/0.982,
INFO:root:Time: 00d 01h 53m 37s, num timesteps 325920, FPS 47,
	Rewards: per step mean/med/min/max, rew: 0.0052/0.0020/0.0000/0.0873,
	Losses: Policy Loss value/action/dist: 0.041/-0.018/0.982,
INFO:root:Time: 00d 01h 53m 44s, num timesteps 326160, FPS 47,
	Rewards: per step mean/med/min/max, rew: 0.0052/0.0019/0.0000/0.0873,
	Losses: Policy Loss value/action/dist: 0.041/-0.018/0.982,
INFO:root:Time: 00d 01h 53m 53s, num timesteps 326400, FPS 47,
	Rewards: per step mean/med/min/max, rew: 0.0052/0.0020/0.0000/0.0873,
	Losses: Policy Loss value/action/dist: 0.042/-0.018/0.981,
INFO:root:Time: 00d 01h 54m 00s, num timesteps 326640, FPS 47,
	Rewards: per step mean/med/min/max, rew: 0.0052/0.0021/0.0000/0.0873,
	Losses: Policy Loss value/action/dist: 0.042/-0.018/0.981,
INFO:root:Time: 00d 01h 54m 07s, num timesteps 326880, FPS 47,
	Rewards: per step mean/med/min/max, rew: 0.0052/0.0021/0.0000/0.0873,
	Losses: Policy Loss value/action/dist: 0.042/-0.018/0.981,
INFO:root:Time: 00d 01h 54m 14s, num timesteps 327120, FPS 47,
	Rewards: per step mean/med/min/max, rew: 0.0052/0.0021/0.0000/0.0873,
	Losses: Policy Loss value/action/dist: 0.042/-0.018/0.981,
INFO:root:Time: 00d 01h 54m 21s, num timesteps 327360, FPS 47,
	Rewards: per step mean/med/min/max, rew: 0.0052/0.0021/0.0000/0.0873,
	Losses: Policy Loss value/action/dist: 0.042/-0.018/0.981,
INFO:root:Time: 00d 01h 54m 28s, num timesteps 327600, FPS 47,
	Rewards: per step mean/med/min/max, rew: 0.0052/0.0021/0.0000/0.0873,
	Losses: Policy Loss value/action/dist: 0.042/-0.018/0.981,
INFO:root:Time: 00d 01h 54m 35s, num timesteps 327840, FPS 47,
	Rewards: per step mean/med/min/max, rew: 0.0052/0.0021/0.0000/0.0873,
	Losses: Policy Loss value/action/dist: 0.042/-0.018/0.981,
INFO:root:Time: 00d 01h 54m 42s, num timesteps 328080, FPS 47,
	Rewards: per step mean/med/min/max, rew: 0.0052/0.0021/0.0000/0.0873,
	Losses: Policy Loss value/action/dist: 0.042/-0.018/0.981,
INFO:root:Time: 00d 01h 54m 48s, num timesteps 328320, FPS 47,
	Rewards: per step mean/med/min/max, rew: 0.0051/0.0021/0.0000/0.0873,
	Losses: Policy Loss value/action/dist: 0.042/-0.018/0.981,
INFO:root:Time: 00d 01h 54m 55s, num timesteps 328560, FPS 47,
	Rewards: per step mean/med/min/max, rew: 0.0051/0.0021/0.0000/0.0873,
	Losses: Policy Loss value/action/dist: 0.042/-0.018/0.981,
INFO:root:Time: 00d 01h 55m 04s, num timesteps 328800, FPS 47,
	Rewards: per step mean/med/min/max, rew: 0.0050/0.0021/0.0000/0.0873,
	Losses: Policy Loss value/action/dist: 0.042/-0.018/0.981,
INFO:root:Time: 00d 01h 55m 11s, num timesteps 329040, FPS 47,
	Rewards: per step mean/med/min/max, rew: 0.0050/0.0020/0.0000/0.0873,
	Losses: Policy Loss value/action/dist: 0.042/-0.018/0.981,
INFO:root:Time: 00d 01h 55m 17s, num timesteps 329280, FPS 47,
	Rewards: per step mean/med/min/max, rew: 0.0050/0.0020/0.0000/0.0873,
	Losses: Policy Loss value/action/dist: 0.042/-0.018/0.981,
INFO:root:Time: 00d 01h 55m 24s, num timesteps 329520, FPS 47,
	Rewards: per step mean/med/min/max, rew: 0.0050/0.0020/0.0000/0.0873,
	Losses: Policy Loss value/action/dist: 0.042/-0.018/0.981,
INFO:root:Time: 00d 01h 55m 30s, num timesteps 329760, FPS 47,
	Rewards: per step mean/med/min/max, rew: 0.0051/0.0020/0.0000/0.0873,
	Losses: Policy Loss value/action/dist: 0.042/-0.018/0.981,
INFO:root:Time: 00d 01h 55m 37s, num timesteps 330000, FPS 47,
	Rewards: per step mean/med/min/max, rew: 0.0051/0.0021/0.0000/0.0873,
	Losses: Policy Loss value/action/dist: 0.042/-0.018/0.981,
INFO:root:Time: 00d 01h 55m 44s, num timesteps 330240, FPS 47,
	Rewards: per step mean/med/min/max, rew: 0.0051/0.0020/0.0000/0.0873,
	Losses: Policy Loss value/action/dist: 0.042/-0.018/0.981,
INFO:root:Time: 00d 01h 55m 51s, num timesteps 330480, FPS 47,
	Rewards: per step mean/med/min/max, rew: 0.0051/0.0019/0.0000/0.0873,
	Losses: Policy Loss value/action/dist: 0.042/-0.018/0.981,
INFO:root:Time: 00d 01h 55m 58s, num timesteps 330720, FPS 47,
	Rewards: per step mean/med/min/max, rew: 0.0051/0.0019/0.0000/0.0873,
	Losses: Policy Loss value/action/dist: 0.042/-0.018/0.981,
INFO:root:Time: 00d 01h 56m 05s, num timesteps 330960, FPS 47,
	Rewards: per step mean/med/min/max, rew: 0.0051/0.0019/0.0000/0.0873,
	Losses: Policy Loss value/action/dist: 0.042/-0.018/0.981,
INFO:root:Time: 00d 01h 56m 14s, num timesteps 331200, FPS 47,
	Rewards: per step mean/med/min/max, rew: 0.0051/0.0018/0.0000/0.0873,
	Losses: Policy Loss value/action/dist: 0.042/-0.018/0.981,
INFO:root:Time: 00d 01h 56m 21s, num timesteps 331440, FPS 47,
	Rewards: per step mean/med/min/max, rew: 0.0051/0.0018/0.0000/0.0873,
	Losses: Policy Loss value/action/dist: 0.042/-0.018/0.981,
INFO:root:Time: 00d 01h 56m 27s, num timesteps 331680, FPS 47,
	Rewards: per step mean/med/min/max, rew: 0.0051/0.0018/0.0000/0.0873,
	Losses: Policy Loss value/action/dist: 0.042/-0.018/0.981,
INFO:root:Time: 00d 01h 56m 34s, num timesteps 331920, FPS 47,
	Rewards: per step mean/med/min/max, rew: 0.0051/0.0018/0.0000/0.0873,
	Losses: Policy Loss value/action/dist: 0.042/-0.018/0.981,
INFO:root:Time: 00d 01h 56m 41s, num timesteps 332160, FPS 47,
	Rewards: per step mean/med/min/max, rew: 0.0051/0.0019/0.0000/0.0873,
	Losses: Policy Loss value/action/dist: 0.042/-0.018/0.981,
INFO:root:Time: 00d 01h 56m 47s, num timesteps 332400, FPS 47,
	Rewards: per step mean/med/min/max, rew: 0.0051/0.0019/0.0000/0.0873,
	Losses: Policy Loss value/action/dist: 0.042/-0.018/0.981,
INFO:root:Time: 00d 01h 56m 54s, num timesteps 332640, FPS 47,
	Rewards: per step mean/med/min/max, rew: 0.0051/0.0019/0.0000/0.0873,
	Losses: Policy Loss value/action/dist: 0.042/-0.018/0.981,
INFO:root:Time: 00d 01h 57m 01s, num timesteps 332880, FPS 47,
	Rewards: per step mean/med/min/max, rew: 0.0051/0.0019/0.0000/0.0873,
	Losses: Policy Loss value/action/dist: 0.042/-0.018/0.981,
INFO:root:Time: 00d 01h 57m 08s, num timesteps 333120, FPS 47,
	Rewards: per step mean/med/min/max, rew: 0.0051/0.0019/0.0000/0.0873,
	Losses: Policy Loss value/action/dist: 0.042/-0.018/0.981,
INFO:root:Time: 00d 01h 57m 14s, num timesteps 333360, FPS 47,
	Rewards: per step mean/med/min/max, rew: 0.0051/0.0018/0.0000/0.0873,
	Losses: Policy Loss value/action/dist: 0.042/-0.018/0.981,
INFO:root:Time: 00d 01h 57m 24s, num timesteps 333600, FPS 47,
	Rewards: per step mean/med/min/max, rew: 0.0051/0.0018/0.0000/0.0873,
	Losses: Policy Loss value/action/dist: 0.042/-0.018/0.980,
INFO:root:Time: 00d 01h 57m 31s, num timesteps 333840, FPS 47,
	Rewards: per step mean/med/min/max, rew: 0.0051/0.0018/0.0000/0.0873,
	Losses: Policy Loss value/action/dist: 0.042/-0.018/0.980,
INFO:root:Time: 00d 01h 57m 37s, num timesteps 334080, FPS 47,
	Rewards: per step mean/med/min/max, rew: 0.0051/0.0018/0.0000/0.0873,
	Losses: Policy Loss value/action/dist: 0.042/-0.018/0.980,
INFO:root:Time: 00d 01h 57m 44s, num timesteps 334320, FPS 47,
	Rewards: per step mean/med/min/max, rew: 0.0050/0.0018/0.0000/0.0873,
	Losses: Policy Loss value/action/dist: 0.042/-0.018/0.980,
INFO:root:Time: 00d 01h 57m 51s, num timesteps 334560, FPS 47,
	Rewards: per step mean/med/min/max, rew: 0.0050/0.0017/0.0000/0.0873,
	Losses: Policy Loss value/action/dist: 0.042/-0.018/0.980,
INFO:root:Time: 00d 01h 57m 58s, num timesteps 334800, FPS 47,
	Rewards: per step mean/med/min/max, rew: 0.0049/0.0017/0.0000/0.0873,
	Losses: Policy Loss value/action/dist: 0.042/-0.018/0.980,
INFO:root:Time: 00d 01h 58m 05s, num timesteps 335040, FPS 47,
	Rewards: per step mean/med/min/max, rew: 0.0049/0.0017/0.0000/0.0873,
	Losses: Policy Loss value/action/dist: 0.042/-0.018/0.980,
INFO:root:Time: 00d 01h 58m 11s, num timesteps 335280, FPS 47,
	Rewards: per step mean/med/min/max, rew: 0.0049/0.0017/0.0000/0.0873,
	Losses: Policy Loss value/action/dist: 0.042/-0.018/0.980,
INFO:root:Time: 00d 01h 58m 18s, num timesteps 335520, FPS 47,
	Rewards: per step mean/med/min/max, rew: 0.0049/0.0017/0.0000/0.0873,
	Losses: Policy Loss value/action/dist: 0.042/-0.018/0.980,
INFO:root:Time: 00d 01h 58m 25s, num timesteps 335760, FPS 47,
	Rewards: per step mean/med/min/max, rew: 0.0049/0.0016/0.0000/0.0873,
	Losses: Policy Loss value/action/dist: 0.042/-0.018/0.980,
INFO:root:Time: 00d 01h 58m 35s, num timesteps 336000, FPS 47,
	Rewards: per step mean/med/min/max, rew: 0.0049/0.0016/0.0000/0.0873,
	Losses: Policy Loss value/action/dist: 0.041/-0.018/0.980,
INFO:root:Time: 00d 01h 58m 42s, num timesteps 336240, FPS 47,
	Rewards: per step mean/med/min/max, rew: 0.0049/0.0016/0.0000/0.0873,
	Losses: Policy Loss value/action/dist: 0.041/-0.018/0.980,
INFO:root:Time: 00d 01h 58m 48s, num timesteps 336480, FPS 47,
	Rewards: per step mean/med/min/max, rew: 0.0049/0.0016/0.0000/0.0873,
	Losses: Policy Loss value/action/dist: 0.041/-0.018/0.980,
INFO:root:Time: 00d 01h 58m 55s, num timesteps 336720, FPS 47,
	Rewards: per step mean/med/min/max, rew: 0.0050/0.0016/0.0000/0.0873,
	Losses: Policy Loss value/action/dist: 0.041/-0.018/0.980,
INFO:root:Time: 00d 01h 59m 02s, num timesteps 336960, FPS 47,
	Rewards: per step mean/med/min/max, rew: 0.0049/0.0016/0.0000/0.0873,
	Losses: Policy Loss value/action/dist: 0.041/-0.018/0.980,
INFO:root:Time: 00d 01h 59m 08s, num timesteps 337200, FPS 47,
	Rewards: per step mean/med/min/max, rew: 0.0050/0.0016/0.0000/0.0873,
	Losses: Policy Loss value/action/dist: 0.041/-0.018/0.980,
INFO:root:Time: 00d 01h 59m 15s, num timesteps 337440, FPS 47,
	Rewards: per step mean/med/min/max, rew: 0.0050/0.0016/0.0000/0.0873,
	Losses: Policy Loss value/action/dist: 0.041/-0.018/0.980,
INFO:root:Time: 00d 01h 59m 22s, num timesteps 337680, FPS 47,
	Rewards: per step mean/med/min/max, rew: 0.0051/0.0017/0.0000/0.0873,
	Losses: Policy Loss value/action/dist: 0.041/-0.018/0.980,
INFO:root:Time: 00d 01h 59m 29s, num timesteps 337920, FPS 47,
	Rewards: per step mean/med/min/max, rew: 0.0052/0.0017/0.0000/0.0873,
	Losses: Policy Loss value/action/dist: 0.041/-0.018/0.980,
INFO:root:Time: 00d 01h 59m 36s, num timesteps 338160, FPS 47,
	Rewards: per step mean/med/min/max, rew: 0.0051/0.0017/0.0000/0.0571,
	Losses: Policy Loss value/action/dist: 0.041/-0.018/0.980,
INFO:root:Time: 00d 01h 59m 45s, num timesteps 338400, FPS 47,
	Rewards: per step mean/med/min/max, rew: 0.0051/0.0017/0.0000/0.0571,
	Losses: Policy Loss value/action/dist: 0.042/-0.018/0.980,
INFO:root:Time: 00d 01h 59m 52s, num timesteps 338640, FPS 47,
	Rewards: per step mean/med/min/max, rew: 0.0050/0.0017/0.0000/0.0571,
	Losses: Policy Loss value/action/dist: 0.042/-0.018/0.980,
INFO:root:Time: 00d 01h 59m 59s, num timesteps 338880, FPS 47,
	Rewards: per step mean/med/min/max, rew: 0.0051/0.0017/0.0000/0.0571,
	Losses: Policy Loss value/action/dist: 0.042/-0.018/0.980,
INFO:root:Time: 00d 02h 00m 06s, num timesteps 339120, FPS 47,
	Rewards: per step mean/med/min/max, rew: 0.0051/0.0018/0.0000/0.0571,
	Losses: Policy Loss value/action/dist: 0.042/-0.018/0.980,
INFO:root:Time: 00d 02h 00m 12s, num timesteps 339360, FPS 47,
	Rewards: per step mean/med/min/max, rew: 0.0052/0.0018/0.0000/0.0673,
	Losses: Policy Loss value/action/dist: 0.042/-0.018/0.980,
INFO:root:Time: 00d 02h 00m 19s, num timesteps 339600, FPS 47,
	Rewards: per step mean/med/min/max, rew: 0.0052/0.0018/0.0000/0.0673,
	Losses: Policy Loss value/action/dist: 0.042/-0.018/0.980,
INFO:root:Time: 00d 02h 00m 26s, num timesteps 339840, FPS 47,
	Rewards: per step mean/med/min/max, rew: 0.0053/0.0018/0.0000/0.0673,
	Losses: Policy Loss value/action/dist: 0.042/-0.018/0.980,
INFO:root:Time: 00d 02h 00m 33s, num timesteps 340080, FPS 47,
	Rewards: per step mean/med/min/max, rew: 0.0053/0.0018/0.0000/0.0673,
	Losses: Policy Loss value/action/dist: 0.042/-0.018/0.980,
INFO:root:Time: 00d 02h 00m 40s, num timesteps 340320, FPS 47,
	Rewards: per step mean/med/min/max, rew: 0.0052/0.0019/0.0000/0.0673,
	Losses: Policy Loss value/action/dist: 0.042/-0.018/0.980,
INFO:root:Time: 00d 02h 00m 47s, num timesteps 340560, FPS 46,
	Rewards: per step mean/med/min/max, rew: 0.0052/0.0018/0.0000/0.0673,
	Losses: Policy Loss value/action/dist: 0.042/-0.018/0.980,
INFO:root:Time: 00d 02h 00m 56s, num timesteps 340800, FPS 46,
	Rewards: per step mean/med/min/max, rew: 0.0052/0.0018/0.0000/0.0673,
	Losses: Policy Loss value/action/dist: 0.042/-0.018/0.979,
INFO:root:Time: 00d 02h 01m 03s, num timesteps 341040, FPS 46,
	Rewards: per step mean/med/min/max, rew: 0.0050/0.0018/0.0000/0.0673,
	Losses: Policy Loss value/action/dist: 0.042/-0.018/0.979,
INFO:root:Time: 00d 02h 01m 10s, num timesteps 341280, FPS 46,
	Rewards: per step mean/med/min/max, rew: 0.0050/0.0018/0.0000/0.0673,
	Losses: Policy Loss value/action/dist: 0.042/-0.018/0.979,
INFO:root:Time: 00d 02h 01m 16s, num timesteps 341520, FPS 46,
	Rewards: per step mean/med/min/max, rew: 0.0049/0.0018/0.0000/0.0673,
	Losses: Policy Loss value/action/dist: 0.042/-0.018/0.979,
INFO:root:Time: 00d 02h 01m 23s, num timesteps 341760, FPS 46,
	Rewards: per step mean/med/min/max, rew: 0.0049/0.0017/0.0000/0.0673,
	Losses: Policy Loss value/action/dist: 0.042/-0.018/0.979,
INFO:root:Time: 00d 02h 01m 29s, num timesteps 342000, FPS 46,
	Rewards: per step mean/med/min/max, rew: 0.0049/0.0017/0.0000/0.0673,
	Losses: Policy Loss value/action/dist: 0.042/-0.018/0.979,
INFO:root:Time: 00d 02h 01m 36s, num timesteps 342240, FPS 46,
	Rewards: per step mean/med/min/max, rew: 0.0049/0.0017/0.0000/0.0673,
	Losses: Policy Loss value/action/dist: 0.042/-0.018/0.979,
INFO:root:Time: 00d 02h 01m 43s, num timesteps 342480, FPS 46,
	Rewards: per step mean/med/min/max, rew: 0.0049/0.0017/0.0000/0.0673,
	Losses: Policy Loss value/action/dist: 0.042/-0.018/0.979,
INFO:root:Time: 00d 02h 01m 50s, num timesteps 342720, FPS 46,
	Rewards: per step mean/med/min/max, rew: 0.0049/0.0017/0.0000/0.0673,
	Losses: Policy Loss value/action/dist: 0.042/-0.018/0.979,
INFO:root:Time: 00d 02h 01m 56s, num timesteps 342960, FPS 46,
	Rewards: per step mean/med/min/max, rew: 0.0050/0.0018/0.0000/0.0673,
	Losses: Policy Loss value/action/dist: 0.042/-0.018/0.979,
INFO:root:Time: 00d 02h 02m 06s, num timesteps 343200, FPS 46,
	Rewards: per step mean/med/min/max, rew: 0.0050/0.0018/0.0000/0.0673,
	Losses: Policy Loss value/action/dist: 0.042/-0.018/0.979,
INFO:root:Time: 00d 02h 02m 12s, num timesteps 343440, FPS 46,
	Rewards: per step mean/med/min/max, rew: 0.0050/0.0018/0.0000/0.0673,
	Losses: Policy Loss value/action/dist: 0.042/-0.018/0.979,
INFO:root:Time: 00d 02h 02m 19s, num timesteps 343680, FPS 46,
	Rewards: per step mean/med/min/max, rew: 0.0050/0.0018/0.0000/0.0673,
	Losses: Policy Loss value/action/dist: 0.042/-0.018/0.979,
INFO:root:Time: 00d 02h 02m 26s, num timesteps 343920, FPS 46,
	Rewards: per step mean/med/min/max, rew: 0.0050/0.0018/0.0000/0.0673,
	Losses: Policy Loss value/action/dist: 0.042/-0.018/0.979,
INFO:root:Time: 00d 02h 02m 32s, num timesteps 344160, FPS 46,
	Rewards: per step mean/med/min/max, rew: 0.0050/0.0018/0.0000/0.0673,
	Losses: Policy Loss value/action/dist: 0.042/-0.018/0.979,
INFO:root:Time: 00d 02h 02m 39s, num timesteps 344400, FPS 46,
	Rewards: per step mean/med/min/max, rew: 0.0050/0.0018/0.0000/0.0673,
	Losses: Policy Loss value/action/dist: 0.042/-0.018/0.979,
INFO:root:Time: 00d 02h 02m 45s, num timesteps 344640, FPS 46,
	Rewards: per step mean/med/min/max, rew: 0.0050/0.0018/0.0000/0.0673,
	Losses: Policy Loss value/action/dist: 0.042/-0.018/0.979,
INFO:root:Time: 00d 02h 02m 52s, num timesteps 344880, FPS 46,
	Rewards: per step mean/med/min/max, rew: 0.0050/0.0018/0.0000/0.0673,
	Losses: Policy Loss value/action/dist: 0.042/-0.018/0.979,
INFO:root:Time: 00d 02h 02m 59s, num timesteps 345120, FPS 46,
	Rewards: per step mean/med/min/max, rew: 0.0050/0.0018/0.0000/0.0673,
	Losses: Policy Loss value/action/dist: 0.042/-0.018/0.979,
INFO:root:Time: 00d 02h 03m 05s, num timesteps 345360, FPS 46,
	Rewards: per step mean/med/min/max, rew: 0.0051/0.0019/0.0000/0.0673,
	Losses: Policy Loss value/action/dist: 0.042/-0.018/0.979,
INFO:root:Time: 00d 02h 03m 14s, num timesteps 345600, FPS 46,
	Rewards: per step mean/med/min/max, rew: 0.0051/0.0019/0.0000/0.0673,
	Losses: Policy Loss value/action/dist: 0.042/-0.018/0.979,
INFO:root:Time: 00d 02h 03m 21s, num timesteps 345840, FPS 46,
	Rewards: per step mean/med/min/max, rew: 0.0051/0.0019/0.0000/0.0673,
	Losses: Policy Loss value/action/dist: 0.042/-0.018/0.979,
INFO:root:Time: 00d 02h 03m 27s, num timesteps 346080, FPS 46,
	Rewards: per step mean/med/min/max, rew: 0.0051/0.0020/0.0000/0.0673,
	Losses: Policy Loss value/action/dist: 0.042/-0.018/0.979,
INFO:root:Time: 00d 02h 03m 34s, num timesteps 346320, FPS 46,
	Rewards: per step mean/med/min/max, rew: 0.0050/0.0020/0.0000/0.0673,
	Losses: Policy Loss value/action/dist: 0.042/-0.018/0.979,
INFO:root:Time: 00d 02h 03m 41s, num timesteps 346560, FPS 46,
	Rewards: per step mean/med/min/max, rew: 0.0051/0.0020/0.0000/0.0673,
	Losses: Policy Loss value/action/dist: 0.042/-0.018/0.979,
INFO:root:Time: 00d 02h 03m 47s, num timesteps 346800, FPS 46,
	Rewards: per step mean/med/min/max, rew: 0.0050/0.0020/0.0000/0.0673,
	Losses: Policy Loss value/action/dist: 0.042/-0.018/0.979,
INFO:root:Time: 00d 02h 03m 54s, num timesteps 347040, FPS 46,
	Rewards: per step mean/med/min/max, rew: 0.0050/0.0020/0.0000/0.0673,
	Losses: Policy Loss value/action/dist: 0.042/-0.018/0.979,
INFO:root:Time: 00d 02h 04m 01s, num timesteps 347280, FPS 46,
	Rewards: per step mean/med/min/max, rew: 0.0050/0.0020/0.0000/0.0673,
	Losses: Policy Loss value/action/dist: 0.042/-0.018/0.979,
INFO:root:Time: 00d 02h 04m 07s, num timesteps 347520, FPS 46,
	Rewards: per step mean/med/min/max, rew: 0.0049/0.0019/0.0000/0.0673,
	Losses: Policy Loss value/action/dist: 0.042/-0.018/0.979,
INFO:root:Time: 00d 02h 04m 14s, num timesteps 347760, FPS 46,
	Rewards: per step mean/med/min/max, rew: 0.0049/0.0019/0.0000/0.0673,
	Losses: Policy Loss value/action/dist: 0.042/-0.018/0.979,
INFO:root:Time: 00d 02h 04m 23s, num timesteps 348000, FPS 46,
	Rewards: per step mean/med/min/max, rew: 0.0049/0.0018/0.0000/0.0673,
	Losses: Policy Loss value/action/dist: 0.041/-0.018/0.979,
INFO:root:Time: 00d 02h 04m 30s, num timesteps 348240, FPS 46,
	Rewards: per step mean/med/min/max, rew: 0.0048/0.0018/0.0000/0.0673,
	Losses: Policy Loss value/action/dist: 0.041/-0.018/0.979,
INFO:root:Time: 00d 02h 04m 36s, num timesteps 348480, FPS 46,
	Rewards: per step mean/med/min/max, rew: 0.0048/0.0018/0.0000/0.0673,
	Losses: Policy Loss value/action/dist: 0.041/-0.018/0.979,
INFO:root:Time: 00d 02h 04m 43s, num timesteps 348720, FPS 46,
	Rewards: per step mean/med/min/max, rew: 0.0048/0.0018/0.0000/0.0673,
	Losses: Policy Loss value/action/dist: 0.041/-0.018/0.979,
INFO:root:Time: 00d 02h 04m 49s, num timesteps 348960, FPS 46,
	Rewards: per step mean/med/min/max, rew: 0.0049/0.0018/0.0000/0.0673,
	Losses: Policy Loss value/action/dist: 0.041/-0.018/0.979,
INFO:root:Time: 00d 02h 04m 56s, num timesteps 349200, FPS 46,
	Rewards: per step mean/med/min/max, rew: 0.0048/0.0017/0.0000/0.0673,
	Losses: Policy Loss value/action/dist: 0.041/-0.018/0.979,
INFO:root:Time: 00d 02h 05m 03s, num timesteps 349440, FPS 46,
	Rewards: per step mean/med/min/max, rew: 0.0047/0.0017/0.0000/0.0673,
	Losses: Policy Loss value/action/dist: 0.041/-0.018/0.979,
INFO:root:Time: 00d 02h 05m 10s, num timesteps 349680, FPS 46,
	Rewards: per step mean/med/min/max, rew: 0.0047/0.0017/0.0000/0.0673,
	Losses: Policy Loss value/action/dist: 0.041/-0.018/0.979,
INFO:root:Time: 00d 02h 05m 16s, num timesteps 349920, FPS 46,
	Rewards: per step mean/med/min/max, rew: 0.0047/0.0017/0.0000/0.0673,
	Losses: Policy Loss value/action/dist: 0.041/-0.018/0.979,
INFO:root:Time: 00d 02h 05m 23s, num timesteps 350160, FPS 46,
	Rewards: per step mean/med/min/max, rew: 0.0047/0.0016/0.0000/0.0673,
	Losses: Policy Loss value/action/dist: 0.041/-0.018/0.979,
INFO:root:Time: 00d 02h 05m 32s, num timesteps 350400, FPS 46,
	Rewards: per step mean/med/min/max, rew: 0.0047/0.0016/0.0000/0.0673,
	Losses: Policy Loss value/action/dist: 0.042/-0.018/0.979,
INFO:root:Time: 00d 02h 05m 38s, num timesteps 350640, FPS 46,
	Rewards: per step mean/med/min/max, rew: 0.0047/0.0016/0.0000/0.0673,
	Losses: Policy Loss value/action/dist: 0.042/-0.018/0.979,
INFO:root:Time: 00d 02h 05m 45s, num timesteps 350880, FPS 46,
	Rewards: per step mean/med/min/max, rew: 0.0047/0.0016/0.0000/0.0693,
	Losses: Policy Loss value/action/dist: 0.042/-0.018/0.979,
INFO:root:Time: 00d 02h 05m 51s, num timesteps 351120, FPS 46,
	Rewards: per step mean/med/min/max, rew: 0.0048/0.0016/0.0000/0.0693,
	Losses: Policy Loss value/action/dist: 0.042/-0.018/0.979,
INFO:root:Time: 00d 02h 05m 57s, num timesteps 351360, FPS 46,
	Rewards: per step mean/med/min/max, rew: 0.0049/0.0016/0.0000/0.0693,
	Losses: Policy Loss value/action/dist: 0.042/-0.018/0.979,
INFO:root:Time: 00d 02h 06m 03s, num timesteps 351600, FPS 46,
	Rewards: per step mean/med/min/max, rew: 0.0049/0.0017/0.0000/0.0693,
	Losses: Policy Loss value/action/dist: 0.042/-0.018/0.979,
INFO:root:Time: 00d 02h 06m 10s, num timesteps 351840, FPS 46,
	Rewards: per step mean/med/min/max, rew: 0.0049/0.0017/0.0000/0.0693,
	Losses: Policy Loss value/action/dist: 0.042/-0.018/0.979,
INFO:root:Time: 00d 02h 06m 16s, num timesteps 352080, FPS 46,
	Rewards: per step mean/med/min/max, rew: 0.0050/0.0017/0.0000/0.0693,
	Losses: Policy Loss value/action/dist: 0.042/-0.018/0.979,
INFO:root:Time: 00d 02h 06m 22s, num timesteps 352320, FPS 46,
	Rewards: per step mean/med/min/max, rew: 0.0049/0.0017/0.0000/0.0693,
	Losses: Policy Loss value/action/dist: 0.042/-0.018/0.979,
INFO:root:Time: 00d 02h 06m 28s, num timesteps 352560, FPS 46,
	Rewards: per step mean/med/min/max, rew: 0.0049/0.0017/0.0000/0.0693,
	Losses: Policy Loss value/action/dist: 0.042/-0.018/0.979,
INFO:root:Time: 00d 02h 06m 37s, num timesteps 352800, FPS 46,
	Rewards: per step mean/med/min/max, rew: 0.0050/0.0017/0.0000/0.0693,
	Losses: Policy Loss value/action/dist: 0.042/-0.018/0.979,
INFO:root:Time: 00d 02h 06m 44s, num timesteps 353040, FPS 46,
	Rewards: per step mean/med/min/max, rew: 0.0050/0.0017/0.0000/0.0693,
	Losses: Policy Loss value/action/dist: 0.042/-0.018/0.979,
INFO:root:Time: 00d 02h 06m 50s, num timesteps 353280, FPS 46,
	Rewards: per step mean/med/min/max, rew: 0.0050/0.0017/0.0000/0.0693,
	Losses: Policy Loss value/action/dist: 0.042/-0.018/0.979,
INFO:root:Time: 00d 02h 06m 56s, num timesteps 353520, FPS 46,
	Rewards: per step mean/med/min/max, rew: 0.0049/0.0017/0.0000/0.0693,
	Losses: Policy Loss value/action/dist: 0.042/-0.018/0.979,
INFO:root:Time: 00d 02h 07m 02s, num timesteps 353760, FPS 46,
	Rewards: per step mean/med/min/max, rew: 0.0049/0.0017/0.0000/0.0693,
	Losses: Policy Loss value/action/dist: 0.042/-0.018/0.979,
INFO:root:Time: 00d 02h 07m 09s, num timesteps 354000, FPS 46,
	Rewards: per step mean/med/min/max, rew: 0.0048/0.0017/0.0000/0.0693,
	Losses: Policy Loss value/action/dist: 0.042/-0.018/0.979,
INFO:root:Time: 00d 02h 07m 15s, num timesteps 354240, FPS 46,
	Rewards: per step mean/med/min/max, rew: 0.0048/0.0017/0.0000/0.0693,
	Losses: Policy Loss value/action/dist: 0.042/-0.018/0.979,
INFO:root:Time: 00d 02h 07m 21s, num timesteps 354480, FPS 46,
	Rewards: per step mean/med/min/max, rew: 0.0048/0.0017/0.0000/0.0693,
	Losses: Policy Loss value/action/dist: 0.042/-0.018/0.979,
INFO:root:Time: 00d 02h 07m 27s, num timesteps 354720, FPS 46,
	Rewards: per step mean/med/min/max, rew: 0.0047/0.0017/0.0000/0.0693,
	Losses: Policy Loss value/action/dist: 0.042/-0.018/0.979,
INFO:root:Time: 00d 02h 07m 33s, num timesteps 354960, FPS 46,
	Rewards: per step mean/med/min/max, rew: 0.0048/0.0017/0.0000/0.0693,
	Losses: Policy Loss value/action/dist: 0.042/-0.018/0.979,
INFO:root:Time: 00d 02h 07m 42s, num timesteps 355200, FPS 46,
	Rewards: per step mean/med/min/max, rew: 0.0048/0.0018/0.0000/0.0693,
	Losses: Policy Loss value/action/dist: 0.042/-0.018/0.979,
INFO:root:Time: 00d 02h 07m 49s, num timesteps 355440, FPS 46,
	Rewards: per step mean/med/min/max, rew: 0.0048/0.0018/0.0000/0.0693,
	Losses: Policy Loss value/action/dist: 0.042/-0.018/0.979,
INFO:root:Time: 00d 02h 07m 55s, num timesteps 355680, FPS 46,
	Rewards: per step mean/med/min/max, rew: 0.0048/0.0018/0.0000/0.0693,
	Losses: Policy Loss value/action/dist: 0.042/-0.018/0.979,
INFO:root:Time: 00d 02h 08m 01s, num timesteps 355920, FPS 46,
	Rewards: per step mean/med/min/max, rew: 0.0049/0.0019/0.0000/0.0693,
	Losses: Policy Loss value/action/dist: 0.042/-0.018/0.979,
INFO:root:Time: 00d 02h 08m 08s, num timesteps 356160, FPS 46,
	Rewards: per step mean/med/min/max, rew: 0.0049/0.0019/0.0000/0.0693,
	Losses: Policy Loss value/action/dist: 0.042/-0.018/0.979,
INFO:root:Time: 00d 02h 08m 14s, num timesteps 356400, FPS 46,
	Rewards: per step mean/med/min/max, rew: 0.0049/0.0019/0.0000/0.0693,
	Losses: Policy Loss value/action/dist: 0.042/-0.018/0.979,
INFO:root:Time: 00d 02h 08m 20s, num timesteps 356640, FPS 46,
	Rewards: per step mean/med/min/max, rew: 0.0049/0.0019/0.0000/0.0693,
	Losses: Policy Loss value/action/dist: 0.042/-0.018/0.979,
INFO:root:Time: 00d 02h 08m 26s, num timesteps 356880, FPS 46,
	Rewards: per step mean/med/min/max, rew: 0.0049/0.0019/0.0000/0.0693,
	Losses: Policy Loss value/action/dist: 0.042/-0.018/0.979,
INFO:root:Time: 00d 02h 08m 33s, num timesteps 357120, FPS 46,
	Rewards: per step mean/med/min/max, rew: 0.0049/0.0020/0.0000/0.0693,
	Losses: Policy Loss value/action/dist: 0.042/-0.018/0.979,
INFO:root:Time: 00d 02h 08m 39s, num timesteps 357360, FPS 46,
	Rewards: per step mean/med/min/max, rew: 0.0049/0.0019/0.0000/0.0693,
	Losses: Policy Loss value/action/dist: 0.042/-0.018/0.979,
INFO:root:Time: 00d 02h 08m 48s, num timesteps 357600, FPS 46,
	Rewards: per step mean/med/min/max, rew: 0.0049/0.0020/0.0000/0.0693,
	Losses: Policy Loss value/action/dist: 0.042/-0.018/0.979,
INFO:root:Time: 00d 02h 08m 54s, num timesteps 357840, FPS 46,
	Rewards: per step mean/med/min/max, rew: 0.0049/0.0020/0.0000/0.0693,
	Losses: Policy Loss value/action/dist: 0.042/-0.018/0.979,
INFO:root:Time: 00d 02h 09m 00s, num timesteps 358080, FPS 46,
	Rewards: per step mean/med/min/max, rew: 0.0049/0.0020/0.0000/0.0693,
	Losses: Policy Loss value/action/dist: 0.042/-0.018/0.979,
INFO:root:Time: 00d 02h 09m 07s, num timesteps 358320, FPS 46,
	Rewards: per step mean/med/min/max, rew: 0.0049/0.0020/0.0000/0.0693,
	Losses: Policy Loss value/action/dist: 0.042/-0.018/0.979,
INFO:root:Time: 00d 02h 09m 13s, num timesteps 358560, FPS 46,
	Rewards: per step mean/med/min/max, rew: 0.0049/0.0019/0.0000/0.0693,
	Losses: Policy Loss value/action/dist: 0.042/-0.018/0.979,
INFO:root:Time: 00d 02h 09m 19s, num timesteps 358800, FPS 46,
	Rewards: per step mean/med/min/max, rew: 0.0049/0.0019/0.0000/0.0693,
	Losses: Policy Loss value/action/dist: 0.042/-0.018/0.979,
INFO:root:Time: 00d 02h 09m 26s, num timesteps 359040, FPS 46,
	Rewards: per step mean/med/min/max, rew: 0.0049/0.0019/0.0000/0.0693,
	Losses: Policy Loss value/action/dist: 0.042/-0.018/0.979,
INFO:root:Time: 00d 02h 09m 32s, num timesteps 359280, FPS 46,
	Rewards: per step mean/med/min/max, rew: 0.0049/0.0019/0.0000/0.0693,
	Losses: Policy Loss value/action/dist: 0.042/-0.018/0.979,
INFO:root:Time: 00d 02h 09m 38s, num timesteps 359520, FPS 46,
	Rewards: per step mean/med/min/max, rew: 0.0050/0.0019/0.0000/0.0693,
	Losses: Policy Loss value/action/dist: 0.042/-0.018/0.979,
INFO:root:Time: 00d 02h 09m 45s, num timesteps 359760, FPS 46,
	Rewards: per step mean/med/min/max, rew: 0.0050/0.0019/0.0000/0.0693,
	Losses: Policy Loss value/action/dist: 0.042/-0.018/0.979,
INFO:root:Time: 00d 02h 09m 54s, num timesteps 360000, FPS 46,
	Rewards: per step mean/med/min/max, rew: 0.0050/0.0019/0.0000/0.0693,
	Losses: Policy Loss value/action/dist: 0.042/-0.018/0.978,
INFO:root:Time: 00d 02h 10m 00s, num timesteps 360240, FPS 46,
	Rewards: per step mean/med/min/max, rew: 0.0050/0.0020/0.0000/0.0693,
	Losses: Policy Loss value/action/dist: 0.042/-0.018/0.978,
INFO:root:Time: 00d 02h 10m 06s, num timesteps 360480, FPS 46,
	Rewards: per step mean/med/min/max, rew: 0.0049/0.0019/0.0000/0.0693,
	Losses: Policy Loss value/action/dist: 0.042/-0.018/0.978,
INFO:root:Time: 00d 02h 10m 13s, num timesteps 360720, FPS 46,
	Rewards: per step mean/med/min/max, rew: 0.0049/0.0020/0.0000/0.0693,
	Losses: Policy Loss value/action/dist: 0.042/-0.018/0.978,
INFO:root:Time: 00d 02h 10m 19s, num timesteps 360960, FPS 46,
	Rewards: per step mean/med/min/max, rew: 0.0049/0.0020/0.0000/0.0693,
	Losses: Policy Loss value/action/dist: 0.042/-0.018/0.978,
INFO:root:Time: 00d 02h 10m 26s, num timesteps 361200, FPS 46,
	Rewards: per step mean/med/min/max, rew: 0.0050/0.0020/0.0000/0.0693,
	Losses: Policy Loss value/action/dist: 0.042/-0.018/0.978,
INFO:root:Time: 00d 02h 10m 32s, num timesteps 361440, FPS 46,
	Rewards: per step mean/med/min/max, rew: 0.0049/0.0020/0.0000/0.0693,
	Losses: Policy Loss value/action/dist: 0.042/-0.018/0.978,
INFO:root:Time: 00d 02h 10m 38s, num timesteps 361680, FPS 46,
	Rewards: per step mean/med/min/max, rew: 0.0049/0.0020/0.0000/0.0693,
	Losses: Policy Loss value/action/dist: 0.042/-0.018/0.978,
INFO:root:Time: 00d 02h 10m 44s, num timesteps 361920, FPS 46,
	Rewards: per step mean/med/min/max, rew: 0.0049/0.0020/0.0000/0.0693,
	Losses: Policy Loss value/action/dist: 0.042/-0.018/0.978,
INFO:root:Time: 00d 02h 10m 50s, num timesteps 362160, FPS 46,
	Rewards: per step mean/med/min/max, rew: 0.0049/0.0020/0.0000/0.0693,
	Losses: Policy Loss value/action/dist: 0.042/-0.018/0.978,
INFO:root:Time: 00d 02h 10m 59s, num timesteps 362400, FPS 46,
	Rewards: per step mean/med/min/max, rew: 0.0048/0.0019/0.0000/0.0693,
	Losses: Policy Loss value/action/dist: 0.042/-0.018/0.978,
INFO:root:Time: 00d 02h 11m 05s, num timesteps 362640, FPS 46,
	Rewards: per step mean/med/min/max, rew: 0.0048/0.0019/0.0000/0.0693,
	Losses: Policy Loss value/action/dist: 0.042/-0.018/0.978,
INFO:root:Time: 00d 02h 11m 11s, num timesteps 362880, FPS 46,
	Rewards: per step mean/med/min/max, rew: 0.0047/0.0019/0.0000/0.0693,
	Losses: Policy Loss value/action/dist: 0.042/-0.018/0.978,
INFO:root:Time: 00d 02h 11m 17s, num timesteps 363120, FPS 46,
	Rewards: per step mean/med/min/max, rew: 0.0047/0.0019/0.0000/0.0693,
	Losses: Policy Loss value/action/dist: 0.042/-0.018/0.978,
INFO:root:Time: 00d 02h 11m 23s, num timesteps 363360, FPS 46,
	Rewards: per step mean/med/min/max, rew: 0.0047/0.0019/0.0000/0.0693,
	Losses: Policy Loss value/action/dist: 0.042/-0.018/0.978,
INFO:root:Time: 00d 02h 11m 29s, num timesteps 363600, FPS 46,
	Rewards: per step mean/med/min/max, rew: 0.0046/0.0019/0.0000/0.0693,
	Losses: Policy Loss value/action/dist: 0.042/-0.018/0.978,
INFO:root:Time: 00d 02h 11m 36s, num timesteps 363840, FPS 46,
	Rewards: per step mean/med/min/max, rew: 0.0047/0.0018/0.0000/0.0693,
	Losses: Policy Loss value/action/dist: 0.042/-0.018/0.978,
INFO:root:Time: 00d 02h 11m 42s, num timesteps 364080, FPS 46,
	Rewards: per step mean/med/min/max, rew: 0.0048/0.0019/0.0000/0.0693,
	Losses: Policy Loss value/action/dist: 0.042/-0.018/0.978,
INFO:root:Time: 00d 02h 11m 48s, num timesteps 364320, FPS 46,
	Rewards: per step mean/med/min/max, rew: 0.0048/0.0019/0.0000/0.0693,
	Losses: Policy Loss value/action/dist: 0.042/-0.018/0.978,
INFO:root:Time: 00d 02h 11m 55s, num timesteps 364560, FPS 46,
	Rewards: per step mean/med/min/max, rew: 0.0048/0.0019/0.0000/0.0693,
	Losses: Policy Loss value/action/dist: 0.042/-0.018/0.978,
INFO:root:Time: 00d 02h 12m 03s, num timesteps 364800, FPS 46,
	Rewards: per step mean/med/min/max, rew: 0.0048/0.0019/0.0000/0.0693,
	Losses: Policy Loss value/action/dist: 0.042/-0.018/0.978,
INFO:root:Time: 00d 02h 12m 10s, num timesteps 365040, FPS 46,
	Rewards: per step mean/med/min/max, rew: 0.0048/0.0019/0.0000/0.0693,
	Losses: Policy Loss value/action/dist: 0.042/-0.018/0.978,
INFO:root:Time: 00d 02h 12m 16s, num timesteps 365280, FPS 46,
	Rewards: per step mean/med/min/max, rew: 0.0048/0.0019/0.0000/0.0693,
	Losses: Policy Loss value/action/dist: 0.042/-0.018/0.978,
INFO:root:Time: 00d 02h 12m 22s, num timesteps 365520, FPS 46,
	Rewards: per step mean/med/min/max, rew: 0.0049/0.0019/0.0000/0.0693,
	Losses: Policy Loss value/action/dist: 0.042/-0.018/0.978,
INFO:root:Time: 00d 02h 12m 28s, num timesteps 365760, FPS 46,
	Rewards: per step mean/med/min/max, rew: 0.0048/0.0018/0.0000/0.0693,
	Losses: Policy Loss value/action/dist: 0.042/-0.018/0.978,
INFO:root:Time: 00d 02h 12m 34s, num timesteps 366000, FPS 46,
	Rewards: per step mean/med/min/max, rew: 0.0048/0.0018/0.0000/0.0693,
	Losses: Policy Loss value/action/dist: 0.042/-0.018/0.978,
INFO:root:Time: 00d 02h 12m 40s, num timesteps 366240, FPS 46,
	Rewards: per step mean/med/min/max, rew: 0.0049/0.0019/0.0000/0.0693,
	Losses: Policy Loss value/action/dist: 0.042/-0.018/0.978,
INFO:root:Time: 00d 02h 12m 46s, num timesteps 366480, FPS 46,
	Rewards: per step mean/med/min/max, rew: 0.0049/0.0019/0.0000/0.0693,
	Losses: Policy Loss value/action/dist: 0.042/-0.018/0.978,
INFO:root:Time: 00d 02h 12m 53s, num timesteps 366720, FPS 45,
	Rewards: per step mean/med/min/max, rew: 0.0048/0.0019/0.0000/0.0693,
	Losses: Policy Loss value/action/dist: 0.042/-0.018/0.978,
INFO:root:Time: 00d 02h 12m 59s, num timesteps 366960, FPS 45,
	Rewards: per step mean/med/min/max, rew: 0.0048/0.0018/0.0000/0.0693,
	Losses: Policy Loss value/action/dist: 0.042/-0.018/0.978,
INFO:root:Time: 00d 02h 13m 08s, num timesteps 367200, FPS 45,
	Rewards: per step mean/med/min/max, rew: 0.0048/0.0019/0.0000/0.0693,
	Losses: Policy Loss value/action/dist: 0.043/-0.018/0.979,
INFO:root:Time: 00d 02h 13m 14s, num timesteps 367440, FPS 45,
	Rewards: per step mean/med/min/max, rew: 0.0049/0.0019/0.0000/0.0693,
	Losses: Policy Loss value/action/dist: 0.043/-0.018/0.979,
INFO:root:Time: 00d 02h 13m 20s, num timesteps 367680, FPS 45,
	Rewards: per step mean/med/min/max, rew: 0.0048/0.0019/0.0000/0.0693,
	Losses: Policy Loss value/action/dist: 0.043/-0.018/0.979,
INFO:root:Time: 00d 02h 13m 26s, num timesteps 367920, FPS 45,
	Rewards: per step mean/med/min/max, rew: 0.0049/0.0019/0.0000/0.0693,
	Losses: Policy Loss value/action/dist: 0.043/-0.018/0.979,
INFO:root:Time: 00d 02h 13m 33s, num timesteps 368160, FPS 45,
	Rewards: per step mean/med/min/max, rew: 0.0049/0.0020/0.0000/0.0693,
	Losses: Policy Loss value/action/dist: 0.043/-0.018/0.979,
INFO:root:Time: 00d 02h 13m 39s, num timesteps 368400, FPS 45,
	Rewards: per step mean/med/min/max, rew: 0.0050/0.0020/0.0000/0.0693,
	Losses: Policy Loss value/action/dist: 0.043/-0.018/0.979,
INFO:root:Time: 00d 02h 13m 46s, num timesteps 368640, FPS 45,
	Rewards: per step mean/med/min/max, rew: 0.0049/0.0019/0.0000/0.0693,
	Losses: Policy Loss value/action/dist: 0.043/-0.018/0.979,
INFO:root:Time: 00d 02h 13m 52s, num timesteps 368880, FPS 45,
	Rewards: per step mean/med/min/max, rew: 0.0049/0.0019/0.0000/0.0693,
	Losses: Policy Loss value/action/dist: 0.043/-0.018/0.979,
INFO:root:Time: 00d 02h 13m 58s, num timesteps 369120, FPS 45,
	Rewards: per step mean/med/min/max, rew: 0.0050/0.0020/0.0000/0.0693,
	Losses: Policy Loss value/action/dist: 0.043/-0.018/0.979,
INFO:root:Time: 00d 02h 14m 04s, num timesteps 369360, FPS 45,
	Rewards: per step mean/med/min/max, rew: 0.0050/0.0020/0.0000/0.0693,
	Losses: Policy Loss value/action/dist: 0.043/-0.018/0.979,
INFO:root:Time: 00d 02h 14m 13s, num timesteps 369600, FPS 45,
	Rewards: per step mean/med/min/max, rew: 0.0050/0.0020/0.0000/0.0693,
	Losses: Policy Loss value/action/dist: 0.043/-0.018/0.979,
INFO:root:Time: 00d 02h 14m 19s, num timesteps 369840, FPS 45,
	Rewards: per step mean/med/min/max, rew: 0.0050/0.0020/0.0000/0.0693,
	Losses: Policy Loss value/action/dist: 0.043/-0.018/0.979,
INFO:root:Time: 00d 02h 14m 26s, num timesteps 370080, FPS 45,
	Rewards: per step mean/med/min/max, rew: 0.0051/0.0020/0.0000/0.0693,
	Losses: Policy Loss value/action/dist: 0.043/-0.018/0.979,
INFO:root:Time: 00d 02h 14m 32s, num timesteps 370320, FPS 45,
	Rewards: per step mean/med/min/max, rew: 0.0051/0.0020/0.0000/0.0693,
	Losses: Policy Loss value/action/dist: 0.043/-0.018/0.979,
INFO:root:Time: 00d 02h 14m 38s, num timesteps 370560, FPS 45,
	Rewards: per step mean/med/min/max, rew: 0.0051/0.0021/0.0000/0.0693,
	Losses: Policy Loss value/action/dist: 0.043/-0.018/0.979,
INFO:root:Time: 00d 02h 14m 44s, num timesteps 370800, FPS 45,
	Rewards: per step mean/med/min/max, rew: 0.0051/0.0021/0.0000/0.0693,
	Losses: Policy Loss value/action/dist: 0.043/-0.018/0.979,
INFO:root:Time: 00d 02h 14m 51s, num timesteps 371040, FPS 45,
	Rewards: per step mean/med/min/max, rew: 0.0052/0.0021/0.0000/0.0693,
	Losses: Policy Loss value/action/dist: 0.043/-0.018/0.979,
INFO:root:Time: 00d 02h 14m 58s, num timesteps 371280, FPS 45,
	Rewards: per step mean/med/min/max, rew: 0.0052/0.0021/0.0000/0.0693,
	Losses: Policy Loss value/action/dist: 0.043/-0.018/0.979,
INFO:root:Time: 00d 02h 15m 04s, num timesteps 371520, FPS 45,
	Rewards: per step mean/med/min/max, rew: 0.0052/0.0021/0.0000/0.0693,
	Losses: Policy Loss value/action/dist: 0.043/-0.018/0.979,
INFO:root:Time: 00d 02h 15m 10s, num timesteps 371760, FPS 45,
	Rewards: per step mean/med/min/max, rew: 0.0052/0.0021/0.0000/0.0693,
	Losses: Policy Loss value/action/dist: 0.043/-0.018/0.979,
INFO:root:Time: 00d 02h 15m 19s, num timesteps 372000, FPS 45,
	Rewards: per step mean/med/min/max, rew: 0.0052/0.0021/0.0000/0.0693,
	Losses: Policy Loss value/action/dist: 0.043/-0.018/0.979,
INFO:root:Time: 00d 02h 15m 25s, num timesteps 372240, FPS 45,
	Rewards: per step mean/med/min/max, rew: 0.0052/0.0022/0.0000/0.0693,
	Losses: Policy Loss value/action/dist: 0.043/-0.018/0.979,
INFO:root:Time: 00d 02h 15m 31s, num timesteps 372480, FPS 45,
	Rewards: per step mean/med/min/max, rew: 0.0053/0.0022/0.0000/0.0693,
	Losses: Policy Loss value/action/dist: 0.043/-0.018/0.979,
INFO:root:Time: 00d 02h 15m 38s, num timesteps 372720, FPS 45,
	Rewards: per step mean/med/min/max, rew: 0.0053/0.0022/0.0000/0.0693,
	Losses: Policy Loss value/action/dist: 0.043/-0.018/0.979,
INFO:root:Time: 00d 02h 15m 44s, num timesteps 372960, FPS 45,
	Rewards: per step mean/med/min/max, rew: 0.0052/0.0021/0.0000/0.0693,
	Losses: Policy Loss value/action/dist: 0.043/-0.018/0.979,
INFO:root:Time: 00d 02h 15m 50s, num timesteps 373200, FPS 45,
	Rewards: per step mean/med/min/max, rew: 0.0052/0.0021/0.0000/0.0693,
	Losses: Policy Loss value/action/dist: 0.043/-0.018/0.979,
INFO:root:Time: 00d 02h 15m 56s, num timesteps 373440, FPS 45,
	Rewards: per step mean/med/min/max, rew: 0.0052/0.0021/0.0000/0.0693,
	Losses: Policy Loss value/action/dist: 0.043/-0.018/0.979,
INFO:root:Time: 00d 02h 16m 03s, num timesteps 373680, FPS 45,
	Rewards: per step mean/med/min/max, rew: 0.0052/0.0022/0.0000/0.0693,
	Losses: Policy Loss value/action/dist: 0.043/-0.018/0.979,
INFO:root:Time: 00d 02h 16m 09s, num timesteps 373920, FPS 45,
	Rewards: per step mean/med/min/max, rew: 0.0051/0.0022/0.0000/0.0693,
	Losses: Policy Loss value/action/dist: 0.043/-0.018/0.979,
INFO:root:Time: 00d 02h 16m 15s, num timesteps 374160, FPS 45,
	Rewards: per step mean/med/min/max, rew: 0.0051/0.0022/0.0000/0.0693,
	Losses: Policy Loss value/action/dist: 0.043/-0.018/0.979,
INFO:root:Time: 00d 02h 16m 24s, num timesteps 374400, FPS 45,
	Rewards: per step mean/med/min/max, rew: 0.0051/0.0021/0.0000/0.0693,
	Losses: Policy Loss value/action/dist: 0.043/-0.018/0.979,
INFO:root:Time: 00d 02h 16m 30s, num timesteps 374640, FPS 45,
	Rewards: per step mean/med/min/max, rew: 0.0053/0.0022/0.0000/0.0693,
	Losses: Policy Loss value/action/dist: 0.043/-0.018/0.979,
INFO:root:Time: 00d 02h 16m 37s, num timesteps 374880, FPS 45,
	Rewards: per step mean/med/min/max, rew: 0.0052/0.0021/0.0000/0.0652,
	Losses: Policy Loss value/action/dist: 0.043/-0.018/0.979,
INFO:root:Time: 00d 02h 16m 43s, num timesteps 375120, FPS 45,
	Rewards: per step mean/med/min/max, rew: 0.0052/0.0021/0.0000/0.0652,
	Losses: Policy Loss value/action/dist: 0.043/-0.018/0.979,
INFO:root:Time: 00d 02h 16m 49s, num timesteps 375360, FPS 45,
	Rewards: per step mean/med/min/max, rew: 0.0052/0.0021/0.0000/0.0652,
	Losses: Policy Loss value/action/dist: 0.043/-0.018/0.979,
INFO:root:Time: 00d 02h 16m 56s, num timesteps 375600, FPS 45,
	Rewards: per step mean/med/min/max, rew: 0.0052/0.0021/0.0000/0.0652,
	Losses: Policy Loss value/action/dist: 0.043/-0.018/0.979,
INFO:root:Time: 00d 02h 17m 02s, num timesteps 375840, FPS 45,
	Rewards: per step mean/med/min/max, rew: 0.0051/0.0021/0.0000/0.0652,
	Losses: Policy Loss value/action/dist: 0.043/-0.018/0.979,
INFO:root:Time: 00d 02h 17m 08s, num timesteps 376080, FPS 45,
	Rewards: per step mean/med/min/max, rew: 0.0052/0.0021/0.0000/0.0652,
	Losses: Policy Loss value/action/dist: 0.043/-0.018/0.979,
INFO:root:Time: 00d 02h 17m 15s, num timesteps 376320, FPS 45,
	Rewards: per step mean/med/min/max, rew: 0.0052/0.0021/0.0000/0.0652,
	Losses: Policy Loss value/action/dist: 0.043/-0.018/0.979,
INFO:root:Time: 00d 02h 17m 21s, num timesteps 376560, FPS 45,
	Rewards: per step mean/med/min/max, rew: 0.0052/0.0021/0.0000/0.0652,
	Losses: Policy Loss value/action/dist: 0.043/-0.018/0.979,
INFO:root:Time: 00d 02h 17m 30s, num timesteps 376800, FPS 45,
	Rewards: per step mean/med/min/max, rew: 0.0051/0.0021/0.0000/0.0652,
	Losses: Policy Loss value/action/dist: 0.043/-0.018/0.979,
INFO:root:Time: 00d 02h 17m 36s, num timesteps 377040, FPS 45,
	Rewards: per step mean/med/min/max, rew: 0.0051/0.0021/0.0000/0.0652,
	Losses: Policy Loss value/action/dist: 0.043/-0.018/0.979,
INFO:root:Time: 00d 02h 17m 42s, num timesteps 377280, FPS 45,
	Rewards: per step mean/med/min/max, rew: 0.0051/0.0021/0.0000/0.0652,
	Losses: Policy Loss value/action/dist: 0.043/-0.018/0.979,
INFO:root:Time: 00d 02h 17m 49s, num timesteps 377520, FPS 45,
	Rewards: per step mean/med/min/max, rew: 0.0051/0.0021/0.0000/0.0652,
	Losses: Policy Loss value/action/dist: 0.043/-0.018/0.979,
INFO:root:Time: 00d 02h 17m 55s, num timesteps 377760, FPS 45,
	Rewards: per step mean/med/min/max, rew: 0.0051/0.0021/0.0000/0.0652,
	Losses: Policy Loss value/action/dist: 0.043/-0.018/0.979,
INFO:root:Time: 00d 02h 18m 02s, num timesteps 378000, FPS 45,
	Rewards: per step mean/med/min/max, rew: 0.0051/0.0021/0.0000/0.0652,
	Losses: Policy Loss value/action/dist: 0.043/-0.018/0.979,
INFO:root:Time: 00d 02h 18m 08s, num timesteps 378240, FPS 45,
	Rewards: per step mean/med/min/max, rew: 0.0051/0.0020/0.0000/0.0652,
	Losses: Policy Loss value/action/dist: 0.043/-0.018/0.979,
INFO:root:Time: 00d 02h 18m 14s, num timesteps 378480, FPS 45,
	Rewards: per step mean/med/min/max, rew: 0.0050/0.0020/0.0000/0.0652,
	Losses: Policy Loss value/action/dist: 0.043/-0.018/0.979,
INFO:root:Time: 00d 02h 18m 21s, num timesteps 378720, FPS 45,
	Rewards: per step mean/med/min/max, rew: 0.0050/0.0019/0.0000/0.0652,
	Losses: Policy Loss value/action/dist: 0.043/-0.018/0.979,
INFO:root:Time: 00d 02h 18m 27s, num timesteps 378960, FPS 45,
	Rewards: per step mean/med/min/max, rew: 0.0051/0.0019/0.0000/0.0652,
	Losses: Policy Loss value/action/dist: 0.043/-0.018/0.979,
INFO:root:Time: 00d 02h 18m 36s, num timesteps 379200, FPS 45,
	Rewards: per step mean/med/min/max, rew: 0.0051/0.0019/0.0000/0.0652,
	Losses: Policy Loss value/action/dist: 0.043/-0.018/0.979,
INFO:root:Time: 00d 02h 18m 42s, num timesteps 379440, FPS 45,
	Rewards: per step mean/med/min/max, rew: 0.0051/0.0019/0.0000/0.0652,
	Losses: Policy Loss value/action/dist: 0.043/-0.018/0.979,
INFO:root:Time: 00d 02h 18m 48s, num timesteps 379680, FPS 45,
	Rewards: per step mean/med/min/max, rew: 0.0051/0.0019/0.0000/0.0652,
	Losses: Policy Loss value/action/dist: 0.043/-0.018/0.979,
INFO:root:Time: 00d 02h 18m 54s, num timesteps 379920, FPS 45,
	Rewards: per step mean/med/min/max, rew: 0.0052/0.0019/0.0000/0.0652,
	Losses: Policy Loss value/action/dist: 0.043/-0.018/0.979,
INFO:root:Time: 00d 02h 19m 01s, num timesteps 380160, FPS 45,
	Rewards: per step mean/med/min/max, rew: 0.0052/0.0019/0.0000/0.0652,
	Losses: Policy Loss value/action/dist: 0.043/-0.018/0.979,
INFO:root:Time: 00d 02h 19m 07s, num timesteps 380400, FPS 45,
	Rewards: per step mean/med/min/max, rew: 0.0051/0.0019/0.0000/0.0652,
	Losses: Policy Loss value/action/dist: 0.043/-0.018/0.979,
INFO:root:Time: 00d 02h 19m 13s, num timesteps 380640, FPS 45,
	Rewards: per step mean/med/min/max, rew: 0.0051/0.0019/0.0000/0.0652,
	Losses: Policy Loss value/action/dist: 0.043/-0.018/0.979,
INFO:root:Time: 00d 02h 19m 20s, num timesteps 380880, FPS 45,
	Rewards: per step mean/med/min/max, rew: 0.0052/0.0020/0.0000/0.0652,
	Losses: Policy Loss value/action/dist: 0.043/-0.018/0.979,
INFO:root:Time: 00d 02h 19m 26s, num timesteps 381120, FPS 45,
	Rewards: per step mean/med/min/max, rew: 0.0052/0.0019/0.0000/0.0652,
	Losses: Policy Loss value/action/dist: 0.043/-0.018/0.979,
INFO:root:Time: 00d 02h 19m 32s, num timesteps 381360, FPS 45,
	Rewards: per step mean/med/min/max, rew: 0.0052/0.0020/0.0000/0.0652,
	Losses: Policy Loss value/action/dist: 0.043/-0.018/0.979,
INFO:root:Time: 00d 02h 19m 41s, num timesteps 381600, FPS 45,
	Rewards: per step mean/med/min/max, rew: 0.0052/0.0020/0.0000/0.0652,
	Losses: Policy Loss value/action/dist: 0.043/-0.018/0.980,
INFO:root:Time: 00d 02h 19m 47s, num timesteps 381840, FPS 45,
	Rewards: per step mean/med/min/max, rew: 0.0052/0.0021/0.0000/0.0652,
	Losses: Policy Loss value/action/dist: 0.043/-0.018/0.980,
INFO:root:Time: 00d 02h 19m 54s, num timesteps 382080, FPS 45,
	Rewards: per step mean/med/min/max, rew: 0.0053/0.0021/0.0000/0.0652,
	Losses: Policy Loss value/action/dist: 0.043/-0.018/0.980,
INFO:root:Time: 00d 02h 20m 00s, num timesteps 382320, FPS 45,
	Rewards: per step mean/med/min/max, rew: 0.0053/0.0021/0.0000/0.0652,
	Losses: Policy Loss value/action/dist: 0.043/-0.018/0.980,
INFO:root:Time: 00d 02h 20m 06s, num timesteps 382560, FPS 45,
	Rewards: per step mean/med/min/max, rew: 0.0053/0.0021/0.0000/0.0652,
	Losses: Policy Loss value/action/dist: 0.043/-0.018/0.980,
INFO:root:Time: 00d 02h 20m 12s, num timesteps 382800, FPS 45,
	Rewards: per step mean/med/min/max, rew: 0.0054/0.0022/0.0000/0.0652,
	Losses: Policy Loss value/action/dist: 0.043/-0.018/0.980,
INFO:root:Time: 00d 02h 20m 18s, num timesteps 383040, FPS 45,
	Rewards: per step mean/med/min/max, rew: 0.0054/0.0022/0.0000/0.0652,
	Losses: Policy Loss value/action/dist: 0.043/-0.018/0.980,
INFO:root:Time: 00d 02h 20m 25s, num timesteps 383280, FPS 45,
	Rewards: per step mean/med/min/max, rew: 0.0054/0.0022/0.0000/0.0652,
	Losses: Policy Loss value/action/dist: 0.043/-0.018/0.980,
INFO:root:Time: 00d 02h 20m 31s, num timesteps 383520, FPS 45,
	Rewards: per step mean/med/min/max, rew: 0.0054/0.0022/0.0000/0.0652,
	Losses: Policy Loss value/action/dist: 0.043/-0.018/0.980,
INFO:root:Time: 00d 02h 20m 37s, num timesteps 383760, FPS 45,
	Rewards: per step mean/med/min/max, rew: 0.0053/0.0022/0.0000/0.0652,
	Losses: Policy Loss value/action/dist: 0.043/-0.018/0.980,
INFO:root:Time: 00d 02h 20m 46s, num timesteps 384000, FPS 45,
	Rewards: per step mean/med/min/max, rew: 0.0053/0.0022/0.0000/0.0652,
	Losses: Policy Loss value/action/dist: 0.043/-0.018/0.980,
INFO:root:Time: 00d 02h 20m 52s, num timesteps 384240, FPS 45,
	Rewards: per step mean/med/min/max, rew: 0.0052/0.0022/0.0000/0.0652,
	Losses: Policy Loss value/action/dist: 0.043/-0.018/0.980,
INFO:root:Time: 00d 02h 20m 58s, num timesteps 384480, FPS 45,
	Rewards: per step mean/med/min/max, rew: 0.0053/0.0022/0.0000/0.0652,
	Losses: Policy Loss value/action/dist: 0.043/-0.018/0.980,
INFO:root:Time: 00d 02h 21m 05s, num timesteps 384720, FPS 45,
	Rewards: per step mean/med/min/max, rew: 0.0054/0.0022/0.0000/0.0652,
	Losses: Policy Loss value/action/dist: 0.043/-0.018/0.980,
INFO:root:Time: 00d 02h 21m 11s, num timesteps 384960, FPS 45,
	Rewards: per step mean/med/min/max, rew: 0.0053/0.0021/0.0000/0.0652,
	Losses: Policy Loss value/action/dist: 0.043/-0.018/0.980,
INFO:root:Time: 00d 02h 21m 17s, num timesteps 385200, FPS 45,
	Rewards: per step mean/med/min/max, rew: 0.0053/0.0022/0.0000/0.0652,
	Losses: Policy Loss value/action/dist: 0.043/-0.018/0.980,
INFO:root:Time: 00d 02h 21m 23s, num timesteps 385440, FPS 45,
	Rewards: per step mean/med/min/max, rew: 0.0054/0.0022/0.0000/0.0652,
	Losses: Policy Loss value/action/dist: 0.043/-0.018/0.980,
INFO:root:Time: 00d 02h 21m 29s, num timesteps 385680, FPS 45,
	Rewards: per step mean/med/min/max, rew: 0.0052/0.0021/0.0000/0.0652,
	Losses: Policy Loss value/action/dist: 0.043/-0.018/0.980,
INFO:root:Time: 00d 02h 21m 35s, num timesteps 385920, FPS 45,
	Rewards: per step mean/med/min/max, rew: 0.0053/0.0021/0.0000/0.0652,
	Losses: Policy Loss value/action/dist: 0.043/-0.018/0.980,
INFO:root:Time: 00d 02h 21m 41s, num timesteps 386160, FPS 45,
	Rewards: per step mean/med/min/max, rew: 0.0053/0.0021/0.0000/0.0652,
	Losses: Policy Loss value/action/dist: 0.043/-0.018/0.980,
INFO:root:Time: 00d 02h 21m 50s, num timesteps 386400, FPS 45,
	Rewards: per step mean/med/min/max, rew: 0.0053/0.0021/0.0000/0.0652,
	Losses: Policy Loss value/action/dist: 0.043/-0.018/0.980,
INFO:root:Time: 00d 02h 21m 56s, num timesteps 386640, FPS 45,
	Rewards: per step mean/med/min/max, rew: 0.0053/0.0021/0.0000/0.0652,
	Losses: Policy Loss value/action/dist: 0.043/-0.018/0.980,
INFO:root:Time: 00d 02h 22m 02s, num timesteps 386880, FPS 45,
	Rewards: per step mean/med/min/max, rew: 0.0053/0.0021/0.0000/0.0652,
	Losses: Policy Loss value/action/dist: 0.043/-0.018/0.980,
INFO:root:Time: 00d 02h 22m 08s, num timesteps 387120, FPS 45,
	Rewards: per step mean/med/min/max, rew: 0.0053/0.0021/0.0000/0.0652,
	Losses: Policy Loss value/action/dist: 0.043/-0.018/0.980,
INFO:root:Time: 00d 02h 22m 15s, num timesteps 387360, FPS 45,
	Rewards: per step mean/med/min/max, rew: 0.0053/0.0021/0.0000/0.0652,
	Losses: Policy Loss value/action/dist: 0.043/-0.018/0.980,
INFO:root:Time: 00d 02h 22m 21s, num timesteps 387600, FPS 45,
	Rewards: per step mean/med/min/max, rew: 0.0054/0.0021/0.0000/0.0652,
	Losses: Policy Loss value/action/dist: 0.043/-0.018/0.980,
INFO:root:Time: 00d 02h 22m 27s, num timesteps 387840, FPS 45,
	Rewards: per step mean/med/min/max, rew: 0.0055/0.0022/0.0000/0.0652,
	Losses: Policy Loss value/action/dist: 0.043/-0.018/0.980,
INFO:root:Time: 00d 02h 22m 33s, num timesteps 388080, FPS 45,
	Rewards: per step mean/med/min/max, rew: 0.0054/0.0021/0.0000/0.0652,
	Losses: Policy Loss value/action/dist: 0.043/-0.018/0.980,
INFO:root:Time: 00d 02h 22m 39s, num timesteps 388320, FPS 45,
	Rewards: per step mean/med/min/max, rew: 0.0053/0.0021/0.0000/0.0652,
	Losses: Policy Loss value/action/dist: 0.043/-0.018/0.980,
INFO:root:Time: 00d 02h 22m 45s, num timesteps 388560, FPS 45,
	Rewards: per step mean/med/min/max, rew: 0.0053/0.0020/0.0000/0.0652,
	Losses: Policy Loss value/action/dist: 0.043/-0.018/0.980,
INFO:root:Time: 00d 02h 22m 54s, num timesteps 388800, FPS 45,
	Rewards: per step mean/med/min/max, rew: 0.0053/0.0020/0.0000/0.0652,
	Losses: Policy Loss value/action/dist: 0.043/-0.018/0.980,
INFO:root:Time: 00d 02h 23m 00s, num timesteps 389040, FPS 45,
	Rewards: per step mean/med/min/max, rew: 0.0053/0.0020/0.0000/0.0652,
	Losses: Policy Loss value/action/dist: 0.043/-0.018/0.980,
INFO:root:Time: 00d 02h 23m 06s, num timesteps 389280, FPS 45,
	Rewards: per step mean/med/min/max, rew: 0.0052/0.0020/0.0000/0.0652,
	Losses: Policy Loss value/action/dist: 0.043/-0.018/0.980,
INFO:root:Time: 00d 02h 23m 13s, num timesteps 389520, FPS 45,
	Rewards: per step mean/med/min/max, rew: 0.0052/0.0020/0.0000/0.0652,
	Losses: Policy Loss value/action/dist: 0.043/-0.018/0.980,
INFO:root:Time: 00d 02h 23m 19s, num timesteps 389760, FPS 45,
	Rewards: per step mean/med/min/max, rew: 0.0052/0.0021/0.0000/0.0652,
	Losses: Policy Loss value/action/dist: 0.043/-0.018/0.980,
INFO:root:Time: 00d 02h 23m 25s, num timesteps 390000, FPS 45,
	Rewards: per step mean/med/min/max, rew: 0.0052/0.0021/0.0000/0.0652,
	Losses: Policy Loss value/action/dist: 0.043/-0.018/0.980,
INFO:root:Time: 00d 02h 23m 31s, num timesteps 390240, FPS 45,
	Rewards: per step mean/med/min/max, rew: 0.0051/0.0021/0.0000/0.0618,
	Losses: Policy Loss value/action/dist: 0.043/-0.018/0.980,
INFO:root:Time: 00d 02h 23m 37s, num timesteps 390480, FPS 45,
	Rewards: per step mean/med/min/max, rew: 0.0051/0.0019/0.0000/0.0618,
	Losses: Policy Loss value/action/dist: 0.043/-0.018/0.980,
INFO:root:Time: 00d 02h 23m 44s, num timesteps 390720, FPS 45,
	Rewards: per step mean/med/min/max, rew: 0.0051/0.0020/0.0000/0.0618,
	Losses: Policy Loss value/action/dist: 0.043/-0.018/0.980,
INFO:root:Time: 00d 02h 23m 50s, num timesteps 390960, FPS 45,
	Rewards: per step mean/med/min/max, rew: 0.0051/0.0020/0.0000/0.0618,
	Losses: Policy Loss value/action/dist: 0.043/-0.018/0.980,
INFO:root:Time: 00d 02h 23m 59s, num timesteps 391200, FPS 45,
	Rewards: per step mean/med/min/max, rew: 0.0051/0.0019/0.0000/0.0618,
	Losses: Policy Loss value/action/dist: 0.043/-0.018/0.980,
INFO:root:Time: 00d 02h 24m 05s, num timesteps 391440, FPS 45,
	Rewards: per step mean/med/min/max, rew: 0.0051/0.0020/0.0000/0.0618,
	Losses: Policy Loss value/action/dist: 0.043/-0.018/0.980,
INFO:root:Time: 00d 02h 24m 11s, num timesteps 391680, FPS 45,
	Rewards: per step mean/med/min/max, rew: 0.0051/0.0020/0.0000/0.0618,
	Losses: Policy Loss value/action/dist: 0.043/-0.018/0.980,
INFO:root:Time: 00d 02h 24m 17s, num timesteps 391920, FPS 45,
	Rewards: per step mean/med/min/max, rew: 0.0051/0.0020/0.0000/0.0618,
	Losses: Policy Loss value/action/dist: 0.043/-0.018/0.980,
INFO:root:Time: 00d 02h 24m 23s, num timesteps 392160, FPS 45,
	Rewards: per step mean/med/min/max, rew: 0.0051/0.0019/0.0000/0.0618,
	Losses: Policy Loss value/action/dist: 0.043/-0.018/0.980,
INFO:root:Time: 00d 02h 24m 30s, num timesteps 392400, FPS 45,
	Rewards: per step mean/med/min/max, rew: 0.0051/0.0019/0.0000/0.0618,
	Losses: Policy Loss value/action/dist: 0.043/-0.018/0.980,
INFO:root:Time: 00d 02h 24m 36s, num timesteps 392640, FPS 45,
	Rewards: per step mean/med/min/max, rew: 0.0051/0.0019/0.0000/0.0618,
	Losses: Policy Loss value/action/dist: 0.043/-0.018/0.980,
INFO:root:Time: 00d 02h 24m 42s, num timesteps 392880, FPS 45,
	Rewards: per step mean/med/min/max, rew: 0.0051/0.0019/0.0000/0.0618,
	Losses: Policy Loss value/action/dist: 0.043/-0.018/0.980,
INFO:root:Time: 00d 02h 24m 49s, num timesteps 393120, FPS 45,
	Rewards: per step mean/med/min/max, rew: 0.0050/0.0019/0.0000/0.0618,
	Losses: Policy Loss value/action/dist: 0.043/-0.018/0.980,
INFO:root:Time: 00d 02h 24m 55s, num timesteps 393360, FPS 45,
	Rewards: per step mean/med/min/max, rew: 0.0050/0.0019/0.0000/0.0618,
	Losses: Policy Loss value/action/dist: 0.043/-0.018/0.980,
INFO:root:Time: 00d 02h 25m 04s, num timesteps 393600, FPS 45,
	Rewards: per step mean/med/min/max, rew: 0.0050/0.0019/0.0000/0.0618,
	Losses: Policy Loss value/action/dist: 0.043/-0.018/0.980,
INFO:root:Time: 00d 02h 25m 10s, num timesteps 393840, FPS 45,
	Rewards: per step mean/med/min/max, rew: 0.0049/0.0018/0.0000/0.0618,
	Losses: Policy Loss value/action/dist: 0.043/-0.018/0.980,
INFO:root:Time: 00d 02h 25m 17s, num timesteps 394080, FPS 45,
	Rewards: per step mean/med/min/max, rew: 0.0049/0.0018/0.0000/0.0618,
	Losses: Policy Loss value/action/dist: 0.043/-0.018/0.980,
INFO:root:Time: 00d 02h 25m 23s, num timesteps 394320, FPS 45,
	Rewards: per step mean/med/min/max, rew: 0.0049/0.0017/0.0000/0.0618,
	Losses: Policy Loss value/action/dist: 0.043/-0.018/0.980,
INFO:root:Time: 00d 02h 25m 29s, num timesteps 394560, FPS 45,
	Rewards: per step mean/med/min/max, rew: 0.0048/0.0017/0.0000/0.0618,
	Losses: Policy Loss value/action/dist: 0.043/-0.018/0.980,
INFO:root:Time: 00d 02h 25m 35s, num timesteps 394800, FPS 45,
	Rewards: per step mean/med/min/max, rew: 0.0048/0.0016/0.0000/0.0618,
	Losses: Policy Loss value/action/dist: 0.043/-0.018/0.980,
INFO:root:Time: 00d 02h 25m 41s, num timesteps 395040, FPS 45,
	Rewards: per step mean/med/min/max, rew: 0.0047/0.0016/0.0000/0.0618,
	Losses: Policy Loss value/action/dist: 0.043/-0.018/0.980,
INFO:root:Time: 00d 02h 25m 48s, num timesteps 395280, FPS 45,
	Rewards: per step mean/med/min/max, rew: 0.0047/0.0016/0.0000/0.0618,
	Losses: Policy Loss value/action/dist: 0.043/-0.018/0.980,
INFO:root:Time: 00d 02h 25m 54s, num timesteps 395520, FPS 45,
	Rewards: per step mean/med/min/max, rew: 0.0047/0.0016/0.0000/0.0618,
	Losses: Policy Loss value/action/dist: 0.043/-0.018/0.980,
INFO:root:Time: 00d 02h 26m 00s, num timesteps 395760, FPS 45,
	Rewards: per step mean/med/min/max, rew: 0.0047/0.0016/0.0000/0.0618,
	Losses: Policy Loss value/action/dist: 0.043/-0.018/0.980,
INFO:root:Time: 00d 02h 26m 09s, num timesteps 396000, FPS 45,
	Rewards: per step mean/med/min/max, rew: 0.0047/0.0016/0.0000/0.0618,
	Losses: Policy Loss value/action/dist: 0.043/-0.018/0.980,
INFO:root:Time: 00d 02h 26m 16s, num timesteps 396240, FPS 45,
	Rewards: per step mean/med/min/max, rew: 0.0046/0.0016/0.0000/0.0618,
	Losses: Policy Loss value/action/dist: 0.043/-0.018/0.980,
INFO:root:Time: 00d 02h 26m 22s, num timesteps 396480, FPS 45,
	Rewards: per step mean/med/min/max, rew: 0.0048/0.0016/0.0000/0.0866,
	Losses: Policy Loss value/action/dist: 0.043/-0.018/0.980,
INFO:root:Time: 00d 02h 26m 28s, num timesteps 396720, FPS 45,
	Rewards: per step mean/med/min/max, rew: 0.0047/0.0016/0.0000/0.0866,
	Losses: Policy Loss value/action/dist: 0.043/-0.018/0.980,
INFO:root:Time: 00d 02h 26m 35s, num timesteps 396960, FPS 45,
	Rewards: per step mean/med/min/max, rew: 0.0047/0.0016/0.0000/0.0866,
	Losses: Policy Loss value/action/dist: 0.043/-0.018/0.980,
INFO:root:Time: 00d 02h 26m 41s, num timesteps 397200, FPS 45,
	Rewards: per step mean/med/min/max, rew: 0.0048/0.0016/0.0000/0.0866,
	Losses: Policy Loss value/action/dist: 0.043/-0.018/0.980,
INFO:root:Time: 00d 02h 26m 47s, num timesteps 397440, FPS 45,
	Rewards: per step mean/med/min/max, rew: 0.0048/0.0016/0.0000/0.0866,
	Losses: Policy Loss value/action/dist: 0.043/-0.018/0.980,
INFO:root:Time: 00d 02h 26m 54s, num timesteps 397680, FPS 45,
	Rewards: per step mean/med/min/max, rew: 0.0047/0.0016/0.0000/0.0866,
	Losses: Policy Loss value/action/dist: 0.043/-0.018/0.980,
INFO:root:Time: 00d 02h 27m 00s, num timesteps 397920, FPS 45,
	Rewards: per step mean/med/min/max, rew: 0.0047/0.0016/0.0000/0.0866,
	Losses: Policy Loss value/action/dist: 0.043/-0.018/0.980,
INFO:root:Time: 00d 02h 27m 06s, num timesteps 398160, FPS 45,
	Rewards: per step mean/med/min/max, rew: 0.0048/0.0016/0.0000/0.0866,
	Losses: Policy Loss value/action/dist: 0.043/-0.018/0.980,
INFO:root:Time: 00d 02h 27m 15s, num timesteps 398400, FPS 45,
	Rewards: per step mean/med/min/max, rew: 0.0048/0.0016/0.0000/0.0866,
	Losses: Policy Loss value/action/dist: 0.043/-0.018/0.980,
INFO:root:Time: 00d 02h 27m 21s, num timesteps 398640, FPS 45,
	Rewards: per step mean/med/min/max, rew: 0.0046/0.0016/0.0000/0.0866,
	Losses: Policy Loss value/action/dist: 0.043/-0.018/0.980,
INFO:root:Time: 00d 02h 27m 28s, num timesteps 398880, FPS 45,
	Rewards: per step mean/med/min/max, rew: 0.0048/0.0016/0.0000/0.0866,
	Losses: Policy Loss value/action/dist: 0.043/-0.018/0.980,
INFO:root:Time: 00d 02h 27m 34s, num timesteps 399120, FPS 45,
	Rewards: per step mean/med/min/max, rew: 0.0047/0.0016/0.0000/0.0866,
	Losses: Policy Loss value/action/dist: 0.043/-0.018/0.980,
INFO:root:Time: 00d 02h 27m 40s, num timesteps 399360, FPS 45,
	Rewards: per step mean/med/min/max, rew: 0.0047/0.0016/0.0000/0.0866,
	Losses: Policy Loss value/action/dist: 0.043/-0.018/0.980,
INFO:root:Time: 00d 02h 27m 47s, num timesteps 399600, FPS 45,
	Rewards: per step mean/med/min/max, rew: 0.0047/0.0017/0.0000/0.0866,
	Losses: Policy Loss value/action/dist: 0.043/-0.018/0.980,
INFO:root:Time: 00d 02h 27m 53s, num timesteps 399840, FPS 45,
	Rewards: per step mean/med/min/max, rew: 0.0048/0.0017/0.0000/0.0866,
	Losses: Policy Loss value/action/dist: 0.043/-0.018/0.980,
INFO:root:Time: 00d 02h 27m 59s, num timesteps 400080, FPS 45,
	Rewards: per step mean/med/min/max, rew: 0.0047/0.0016/0.0000/0.0866,
	Losses: Policy Loss value/action/dist: 0.043/-0.018/0.980,
INFO:root:Time: 00d 02h 28m 05s, num timesteps 400320, FPS 45,
	Rewards: per step mean/med/min/max, rew: 0.0047/0.0017/0.0000/0.0866,
	Losses: Policy Loss value/action/dist: 0.043/-0.018/0.980,
INFO:root:Time: 00d 02h 28m 12s, num timesteps 400560, FPS 45,
	Rewards: per step mean/med/min/max, rew: 0.0047/0.0017/0.0000/0.0866,
	Losses: Policy Loss value/action/dist: 0.043/-0.018/0.980,
INFO:root:Time: 00d 02h 28m 21s, num timesteps 400800, FPS 45,
	Rewards: per step mean/med/min/max, rew: 0.0047/0.0017/0.0000/0.0866,
	Losses: Policy Loss value/action/dist: 0.043/-0.018/0.980,
INFO:root:Time: 00d 02h 28m 27s, num timesteps 401040, FPS 45,
	Rewards: per step mean/med/min/max, rew: 0.0047/0.0017/0.0000/0.0866,
	Losses: Policy Loss value/action/dist: 0.043/-0.018/0.980,
INFO:root:Time: 00d 02h 28m 33s, num timesteps 401280, FPS 45,
	Rewards: per step mean/med/min/max, rew: 0.0047/0.0016/0.0000/0.0866,
	Losses: Policy Loss value/action/dist: 0.043/-0.018/0.980,
INFO:root:Time: 00d 02h 28m 39s, num timesteps 401520, FPS 45,
	Rewards: per step mean/med/min/max, rew: 0.0047/0.0016/0.0000/0.0866,
	Losses: Policy Loss value/action/dist: 0.043/-0.018/0.980,
INFO:root:Time: 00d 02h 28m 46s, num timesteps 401760, FPS 45,
	Rewards: per step mean/med/min/max, rew: 0.0047/0.0016/0.0000/0.0866,
	Losses: Policy Loss value/action/dist: 0.043/-0.018/0.980,
INFO:root:Time: 00d 02h 28m 52s, num timesteps 402000, FPS 45,
	Rewards: per step mean/med/min/max, rew: 0.0047/0.0016/0.0000/0.0866,
	Losses: Policy Loss value/action/dist: 0.043/-0.018/0.980,
INFO:root:Time: 00d 02h 28m 58s, num timesteps 402240, FPS 45,
	Rewards: per step mean/med/min/max, rew: 0.0047/0.0016/0.0000/0.0866,
	Losses: Policy Loss value/action/dist: 0.043/-0.018/0.980,
INFO:root:Time: 00d 02h 29m 04s, num timesteps 402480, FPS 44,
	Rewards: per step mean/med/min/max, rew: 0.0047/0.0017/0.0000/0.0866,
	Losses: Policy Loss value/action/dist: 0.043/-0.018/0.980,
INFO:root:Time: 00d 02h 29m 10s, num timesteps 402720, FPS 44,
	Rewards: per step mean/med/min/max, rew: 0.0047/0.0017/0.0000/0.0866,
	Losses: Policy Loss value/action/dist: 0.043/-0.018/0.980,
INFO:root:Time: 00d 02h 29m 17s, num timesteps 402960, FPS 44,
	Rewards: per step mean/med/min/max, rew: 0.0048/0.0017/0.0000/0.0866,
	Losses: Policy Loss value/action/dist: 0.043/-0.018/0.980,
INFO:root:Time: 00d 02h 29m 26s, num timesteps 403200, FPS 44,
	Rewards: per step mean/med/min/max, rew: 0.0048/0.0017/0.0000/0.0866,
	Losses: Policy Loss value/action/dist: 0.043/-0.018/0.980,
INFO:root:Time: 00d 02h 29m 32s, num timesteps 403440, FPS 44,
	Rewards: per step mean/med/min/max, rew: 0.0047/0.0017/0.0000/0.0866,
	Losses: Policy Loss value/action/dist: 0.043/-0.018/0.980,
INFO:root:Time: 00d 02h 29m 38s, num timesteps 403680, FPS 44,
	Rewards: per step mean/med/min/max, rew: 0.0047/0.0017/0.0000/0.0866,
	Losses: Policy Loss value/action/dist: 0.043/-0.018/0.980,
INFO:root:Time: 00d 02h 29m 45s, num timesteps 403920, FPS 44,
	Rewards: per step mean/med/min/max, rew: 0.0047/0.0017/0.0000/0.0866,
	Losses: Policy Loss value/action/dist: 0.043/-0.018/0.980,
INFO:root:Time: 00d 02h 29m 51s, num timesteps 404160, FPS 44,
	Rewards: per step mean/med/min/max, rew: 0.0046/0.0016/0.0000/0.0866,
	Losses: Policy Loss value/action/dist: 0.043/-0.018/0.980,
INFO:root:Time: 00d 02h 29m 57s, num timesteps 404400, FPS 44,
	Rewards: per step mean/med/min/max, rew: 0.0046/0.0016/0.0000/0.0866,
	Losses: Policy Loss value/action/dist: 0.043/-0.018/0.980,
INFO:root:Time: 00d 02h 30m 03s, num timesteps 404640, FPS 44,
	Rewards: per step mean/med/min/max, rew: 0.0046/0.0016/0.0000/0.0866,
	Losses: Policy Loss value/action/dist: 0.043/-0.018/0.980,
INFO:root:Time: 00d 02h 30m 09s, num timesteps 404880, FPS 44,
	Rewards: per step mean/med/min/max, rew: 0.0045/0.0016/0.0000/0.0866,
	Losses: Policy Loss value/action/dist: 0.043/-0.018/0.980,
INFO:root:Time: 00d 02h 30m 16s, num timesteps 405120, FPS 44,
	Rewards: per step mean/med/min/max, rew: 0.0045/0.0016/0.0000/0.0866,
	Losses: Policy Loss value/action/dist: 0.043/-0.018/0.980,
INFO:root:Time: 00d 02h 30m 22s, num timesteps 405360, FPS 44,
	Rewards: per step mean/med/min/max, rew: 0.0045/0.0015/0.0000/0.0866,
	Losses: Policy Loss value/action/dist: 0.043/-0.018/0.980,
INFO:root:Time: 00d 02h 30m 30s, num timesteps 405600, FPS 44,
	Rewards: per step mean/med/min/max, rew: 0.0045/0.0015/0.0000/0.0866,
	Losses: Policy Loss value/action/dist: 0.043/-0.018/0.980,
INFO:root:Time: 00d 02h 30m 37s, num timesteps 405840, FPS 44,
	Rewards: per step mean/med/min/max, rew: 0.0044/0.0014/0.0000/0.0866,
	Losses: Policy Loss value/action/dist: 0.043/-0.018/0.980,
INFO:root:Time: 00d 02h 30m 43s, num timesteps 406080, FPS 44,
	Rewards: per step mean/med/min/max, rew: 0.0044/0.0014/0.0000/0.0866,
	Losses: Policy Loss value/action/dist: 0.043/-0.018/0.980,
INFO:root:Time: 00d 02h 30m 49s, num timesteps 406320, FPS 44,
	Rewards: per step mean/med/min/max, rew: 0.0044/0.0014/0.0000/0.0866,
	Losses: Policy Loss value/action/dist: 0.043/-0.018/0.980,
INFO:root:Time: 00d 02h 30m 56s, num timesteps 406560, FPS 44,
	Rewards: per step mean/med/min/max, rew: 0.0044/0.0013/0.0000/0.0866,
	Losses: Policy Loss value/action/dist: 0.043/-0.018/0.980,
INFO:root:Time: 00d 02h 31m 02s, num timesteps 406800, FPS 44,
	Rewards: per step mean/med/min/max, rew: 0.0043/0.0013/0.0000/0.0866,
	Losses: Policy Loss value/action/dist: 0.043/-0.018/0.980,
INFO:root:Time: 00d 02h 31m 08s, num timesteps 407040, FPS 44,
	Rewards: per step mean/med/min/max, rew: 0.0043/0.0013/0.0000/0.0866,
	Losses: Policy Loss value/action/dist: 0.043/-0.018/0.980,
INFO:root:Time: 00d 02h 31m 15s, num timesteps 407280, FPS 44,
	Rewards: per step mean/med/min/max, rew: 0.0043/0.0013/0.0000/0.0866,
	Losses: Policy Loss value/action/dist: 0.043/-0.018/0.980,
INFO:root:Time: 00d 02h 31m 21s, num timesteps 407520, FPS 44,
	Rewards: per step mean/med/min/max, rew: 0.0043/0.0013/0.0000/0.0866,
	Losses: Policy Loss value/action/dist: 0.043/-0.018/0.980,
INFO:root:Time: 00d 02h 31m 27s, num timesteps 407760, FPS 44,
	Rewards: per step mean/med/min/max, rew: 0.0043/0.0013/0.0000/0.0866,
	Losses: Policy Loss value/action/dist: 0.043/-0.018/0.980,
INFO:root:Time: 00d 02h 31m 36s, num timesteps 408000, FPS 44,
	Rewards: per step mean/med/min/max, rew: 0.0043/0.0013/0.0000/0.0866,
	Losses: Policy Loss value/action/dist: 0.043/-0.019/0.980,
INFO:root:Time: 00d 02h 31m 42s, num timesteps 408240, FPS 44,
	Rewards: per step mean/med/min/max, rew: 0.0044/0.0013/0.0000/0.0866,
	Losses: Policy Loss value/action/dist: 0.043/-0.019/0.980,
INFO:root:Time: 00d 02h 31m 49s, num timesteps 408480, FPS 44,
	Rewards: per step mean/med/min/max, rew: 0.0043/0.0013/0.0000/0.0866,
	Losses: Policy Loss value/action/dist: 0.043/-0.019/0.980,
INFO:root:Time: 00d 02h 31m 55s, num timesteps 408720, FPS 44,
	Rewards: per step mean/med/min/max, rew: 0.0042/0.0013/0.0000/0.0866,
	Losses: Policy Loss value/action/dist: 0.043/-0.019/0.980,
INFO:root:Time: 00d 02h 32m 02s, num timesteps 408960, FPS 44,
	Rewards: per step mean/med/min/max, rew: 0.0043/0.0013/0.0000/0.0866,
	Losses: Policy Loss value/action/dist: 0.043/-0.019/0.980,
INFO:root:Time: 00d 02h 32m 08s, num timesteps 409200, FPS 44,
	Rewards: per step mean/med/min/max, rew: 0.0042/0.0013/0.0000/0.0866,
	Losses: Policy Loss value/action/dist: 0.043/-0.019/0.980,
INFO:root:Time: 00d 02h 32m 14s, num timesteps 409440, FPS 44,
	Rewards: per step mean/med/min/max, rew: 0.0043/0.0013/0.0000/0.0866,
	Losses: Policy Loss value/action/dist: 0.043/-0.019/0.980,
INFO:root:Time: 00d 02h 32m 20s, num timesteps 409680, FPS 44,
	Rewards: per step mean/med/min/max, rew: 0.0043/0.0013/0.0000/0.0866,
	Losses: Policy Loss value/action/dist: 0.043/-0.019/0.980,
INFO:root:Time: 00d 02h 32m 26s, num timesteps 409920, FPS 44,
	Rewards: per step mean/med/min/max, rew: 0.0043/0.0013/0.0000/0.0866,
	Losses: Policy Loss value/action/dist: 0.043/-0.019/0.980,
INFO:root:Time: 00d 02h 32m 32s, num timesteps 410160, FPS 44,
	Rewards: per step mean/med/min/max, rew: 0.0043/0.0013/0.0000/0.0866,
	Losses: Policy Loss value/action/dist: 0.043/-0.019/0.980,
INFO:root:Time: 00d 02h 32m 41s, num timesteps 410400, FPS 44,
	Rewards: per step mean/med/min/max, rew: 0.0043/0.0013/0.0000/0.0866,
	Losses: Policy Loss value/action/dist: 0.043/-0.019/0.980,
INFO:root:Time: 00d 02h 32m 48s, num timesteps 410640, FPS 44,
	Rewards: per step mean/med/min/max, rew: 0.0043/0.0013/0.0000/0.0866,
	Losses: Policy Loss value/action/dist: 0.043/-0.019/0.980,
INFO:root:Time: 00d 02h 32m 54s, num timesteps 410880, FPS 44,
	Rewards: per step mean/med/min/max, rew: 0.0044/0.0013/0.0000/0.0866,
	Losses: Policy Loss value/action/dist: 0.043/-0.019/0.980,
INFO:root:Time: 00d 02h 33m 00s, num timesteps 411120, FPS 44,
	Rewards: per step mean/med/min/max, rew: 0.0044/0.0013/0.0000/0.0866,
	Losses: Policy Loss value/action/dist: 0.043/-0.019/0.980,
INFO:root:Time: 00d 02h 33m 06s, num timesteps 411360, FPS 44,
	Rewards: per step mean/med/min/max, rew: 0.0043/0.0013/0.0000/0.0866,
	Losses: Policy Loss value/action/dist: 0.043/-0.019/0.980,
INFO:root:Time: 00d 02h 33m 12s, num timesteps 411600, FPS 44,
	Rewards: per step mean/med/min/max, rew: 0.0042/0.0013/0.0000/0.0866,
	Losses: Policy Loss value/action/dist: 0.043/-0.019/0.980,
INFO:root:Time: 00d 02h 33m 18s, num timesteps 411840, FPS 44,
	Rewards: per step mean/med/min/max, rew: 0.0042/0.0013/0.0000/0.0866,
	Losses: Policy Loss value/action/dist: 0.043/-0.019/0.980,
INFO:root:Time: 00d 02h 33m 25s, num timesteps 412080, FPS 44,
	Rewards: per step mean/med/min/max, rew: 0.0042/0.0013/0.0000/0.0866,
	Losses: Policy Loss value/action/dist: 0.043/-0.019/0.980,
INFO:root:Time: 00d 02h 33m 31s, num timesteps 412320, FPS 44,
	Rewards: per step mean/med/min/max, rew: 0.0042/0.0013/0.0000/0.0866,
	Losses: Policy Loss value/action/dist: 0.043/-0.019/0.980,
INFO:root:Time: 00d 02h 33m 37s, num timesteps 412560, FPS 44,
	Rewards: per step mean/med/min/max, rew: 0.0042/0.0014/0.0000/0.0866,
	Losses: Policy Loss value/action/dist: 0.043/-0.019/0.980,
INFO:root:Time: 00d 02h 33m 46s, num timesteps 412800, FPS 44,
	Rewards: per step mean/med/min/max, rew: 0.0042/0.0013/0.0000/0.0866,
	Losses: Policy Loss value/action/dist: 0.043/-0.019/0.980,
INFO:root:Time: 00d 02h 33m 52s, num timesteps 413040, FPS 44,
	Rewards: per step mean/med/min/max, rew: 0.0042/0.0013/0.0000/0.0866,
	Losses: Policy Loss value/action/dist: 0.043/-0.019/0.980,
INFO:root:Time: 00d 02h 33m 58s, num timesteps 413280, FPS 44,
	Rewards: per step mean/med/min/max, rew: 0.0042/0.0013/0.0000/0.0866,
	Losses: Policy Loss value/action/dist: 0.043/-0.019/0.980,
INFO:root:Time: 00d 02h 34m 05s, num timesteps 413520, FPS 44,
	Rewards: per step mean/med/min/max, rew: 0.0044/0.0013/0.0000/0.0866,
	Losses: Policy Loss value/action/dist: 0.043/-0.019/0.980,
INFO:root:Time: 00d 02h 34m 11s, num timesteps 413760, FPS 44,
	Rewards: per step mean/med/min/max, rew: 0.0044/0.0014/0.0000/0.0866,
	Losses: Policy Loss value/action/dist: 0.043/-0.019/0.980,
INFO:root:Time: 00d 02h 34m 17s, num timesteps 414000, FPS 44,
	Rewards: per step mean/med/min/max, rew: 0.0044/0.0013/0.0000/0.0866,
	Losses: Policy Loss value/action/dist: 0.043/-0.019/0.980,
INFO:root:Time: 00d 02h 34m 23s, num timesteps 414240, FPS 44,
	Rewards: per step mean/med/min/max, rew: 0.0044/0.0014/0.0000/0.0866,
	Losses: Policy Loss value/action/dist: 0.043/-0.019/0.980,
INFO:root:Time: 00d 02h 34m 30s, num timesteps 414480, FPS 44,
	Rewards: per step mean/med/min/max, rew: 0.0045/0.0014/0.0000/0.0866,
	Losses: Policy Loss value/action/dist: 0.043/-0.019/0.980,
INFO:root:Time: 00d 02h 34m 36s, num timesteps 414720, FPS 44,
	Rewards: per step mean/med/min/max, rew: 0.0045/0.0013/0.0000/0.0866,
	Losses: Policy Loss value/action/dist: 0.043/-0.019/0.980,
INFO:root:Time: 00d 02h 34m 42s, num timesteps 414960, FPS 44,
	Rewards: per step mean/med/min/max, rew: 0.0045/0.0014/0.0000/0.0866,
	Losses: Policy Loss value/action/dist: 0.043/-0.019/0.980,
INFO:root:Time: 00d 02h 34m 51s, num timesteps 415200, FPS 44,
	Rewards: per step mean/med/min/max, rew: 0.0044/0.0013/0.0000/0.0866,
	Losses: Policy Loss value/action/dist: 0.043/-0.019/0.980,
INFO:root:Time: 00d 02h 34m 57s, num timesteps 415440, FPS 44,
	Rewards: per step mean/med/min/max, rew: 0.0044/0.0013/0.0000/0.0866,
	Losses: Policy Loss value/action/dist: 0.043/-0.019/0.980,
INFO:root:Time: 00d 02h 35m 04s, num timesteps 415680, FPS 44,
	Rewards: per step mean/med/min/max, rew: 0.0044/0.0013/0.0000/0.0866,
	Losses: Policy Loss value/action/dist: 0.043/-0.019/0.980,
INFO:root:Time: 00d 02h 35m 10s, num timesteps 415920, FPS 44,
	Rewards: per step mean/med/min/max, rew: 0.0044/0.0014/0.0000/0.0866,
	Losses: Policy Loss value/action/dist: 0.043/-0.019/0.980,
INFO:root:Time: 00d 02h 35m 16s, num timesteps 416160, FPS 44,
	Rewards: per step mean/med/min/max, rew: 0.0045/0.0014/0.0000/0.0866,
	Losses: Policy Loss value/action/dist: 0.043/-0.019/0.980,
INFO:root:Time: 00d 02h 35m 22s, num timesteps 416400, FPS 44,
	Rewards: per step mean/med/min/max, rew: 0.0045/0.0014/0.0000/0.0866,
	Losses: Policy Loss value/action/dist: 0.043/-0.019/0.980,
INFO:root:Time: 00d 02h 35m 29s, num timesteps 416640, FPS 44,
	Rewards: per step mean/med/min/max, rew: 0.0044/0.0014/0.0000/0.0866,
	Losses: Policy Loss value/action/dist: 0.043/-0.019/0.980,
INFO:root:Time: 00d 02h 35m 35s, num timesteps 416880, FPS 44,
	Rewards: per step mean/med/min/max, rew: 0.0045/0.0015/0.0000/0.0866,
	Losses: Policy Loss value/action/dist: 0.043/-0.019/0.980,
INFO:root:Time: 00d 02h 35m 41s, num timesteps 417120, FPS 44,
	Rewards: per step mean/med/min/max, rew: 0.0045/0.0015/0.0000/0.0866,
	Losses: Policy Loss value/action/dist: 0.043/-0.019/0.980,
INFO:root:Time: 00d 02h 35m 47s, num timesteps 417360, FPS 44,
	Rewards: per step mean/med/min/max, rew: 0.0045/0.0015/0.0000/0.0866,
	Losses: Policy Loss value/action/dist: 0.043/-0.019/0.980,
INFO:root:Time: 00d 02h 35m 56s, num timesteps 417600, FPS 44,
	Rewards: per step mean/med/min/max, rew: 0.0045/0.0015/0.0000/0.0866,
	Losses: Policy Loss value/action/dist: 0.043/-0.019/0.980,
INFO:root:Time: 00d 02h 36m 02s, num timesteps 417840, FPS 44,
	Rewards: per step mean/med/min/max, rew: 0.0045/0.0015/0.0000/0.0866,
	Losses: Policy Loss value/action/dist: 0.043/-0.019/0.980,
INFO:root:Time: 00d 02h 36m 08s, num timesteps 418080, FPS 44,
	Rewards: per step mean/med/min/max, rew: 0.0045/0.0015/0.0000/0.0866,
	Losses: Policy Loss value/action/dist: 0.043/-0.019/0.980,
INFO:root:Time: 00d 02h 36m 14s, num timesteps 418320, FPS 44,
	Rewards: per step mean/med/min/max, rew: 0.0045/0.0015/0.0000/0.0866,
	Losses: Policy Loss value/action/dist: 0.043/-0.019/0.980,
INFO:root:Time: 00d 02h 36m 20s, num timesteps 418560, FPS 44,
	Rewards: per step mean/med/min/max, rew: 0.0045/0.0015/0.0000/0.0866,
	Losses: Policy Loss value/action/dist: 0.043/-0.019/0.980,
INFO:root:Time: 00d 02h 36m 26s, num timesteps 418800, FPS 44,
	Rewards: per step mean/med/min/max, rew: 0.0045/0.0016/0.0000/0.0866,
	Losses: Policy Loss value/action/dist: 0.043/-0.019/0.980,
INFO:root:Time: 00d 02h 36m 32s, num timesteps 419040, FPS 44,
	Rewards: per step mean/med/min/max, rew: 0.0045/0.0015/0.0000/0.0866,
	Losses: Policy Loss value/action/dist: 0.043/-0.019/0.980,
INFO:root:Time: 00d 02h 36m 38s, num timesteps 419280, FPS 44,
	Rewards: per step mean/med/min/max, rew: 0.0045/0.0016/0.0000/0.0866,
	Losses: Policy Loss value/action/dist: 0.043/-0.019/0.980,
INFO:root:Time: 00d 02h 36m 45s, num timesteps 419520, FPS 44,
	Rewards: per step mean/med/min/max, rew: 0.0045/0.0016/0.0000/0.0866,
	Losses: Policy Loss value/action/dist: 0.043/-0.019/0.980,
INFO:root:Time: 00d 02h 36m 51s, num timesteps 419760, FPS 44,
	Rewards: per step mean/med/min/max, rew: 0.0045/0.0016/0.0000/0.0866,
	Losses: Policy Loss value/action/dist: 0.043/-0.019/0.980,
INFO:root:Time: 00d 02h 36m 59s, num timesteps 420000, FPS 44,
	Rewards: per step mean/med/min/max, rew: 0.0045/0.0016/0.0000/0.0866,
	Losses: Policy Loss value/action/dist: 0.043/-0.019/0.980,
INFO:root:Time: 00d 02h 37m 06s, num timesteps 420240, FPS 44,
	Rewards: per step mean/med/min/max, rew: 0.0045/0.0016/0.0000/0.0866,
	Losses: Policy Loss value/action/dist: 0.043/-0.019/0.980,
INFO:root:Time: 00d 02h 37m 12s, num timesteps 420480, FPS 44,
	Rewards: per step mean/med/min/max, rew: 0.0044/0.0015/0.0000/0.0625,
	Losses: Policy Loss value/action/dist: 0.043/-0.019/0.980,
INFO:root:Time: 00d 02h 37m 18s, num timesteps 420720, FPS 44,
	Rewards: per step mean/med/min/max, rew: 0.0044/0.0015/0.0000/0.0625,
	Losses: Policy Loss value/action/dist: 0.043/-0.019/0.980,
INFO:root:Time: 00d 02h 37m 24s, num timesteps 420960, FPS 44,
	Rewards: per step mean/med/min/max, rew: 0.0045/0.0016/0.0000/0.0707,
	Losses: Policy Loss value/action/dist: 0.043/-0.019/0.980,
INFO:root:Time: 00d 02h 37m 30s, num timesteps 421200, FPS 44,
	Rewards: per step mean/med/min/max, rew: 0.0045/0.0016/0.0000/0.0707,
	Losses: Policy Loss value/action/dist: 0.043/-0.019/0.980,
INFO:root:Time: 00d 02h 37m 37s, num timesteps 421440, FPS 44,
	Rewards: per step mean/med/min/max, rew: 0.0046/0.0016/0.0000/0.0707,
	Losses: Policy Loss value/action/dist: 0.043/-0.019/0.980,
INFO:root:Time: 00d 02h 37m 43s, num timesteps 421680, FPS 44,
	Rewards: per step mean/med/min/max, rew: 0.0047/0.0017/0.0000/0.0707,
	Losses: Policy Loss value/action/dist: 0.043/-0.019/0.980,
INFO:root:Time: 00d 02h 37m 49s, num timesteps 421920, FPS 44,
	Rewards: per step mean/med/min/max, rew: 0.0048/0.0017/0.0000/0.0707,
	Losses: Policy Loss value/action/dist: 0.043/-0.019/0.980,
INFO:root:Time: 00d 02h 37m 56s, num timesteps 422160, FPS 44,
	Rewards: per step mean/med/min/max, rew: 0.0047/0.0017/0.0000/0.0707,
	Losses: Policy Loss value/action/dist: 0.043/-0.019/0.980,
INFO:root:Time: 00d 02h 38m 04s, num timesteps 422400, FPS 44,
	Rewards: per step mean/med/min/max, rew: 0.0047/0.0017/0.0000/0.0707,
	Losses: Policy Loss value/action/dist: 0.043/-0.019/0.980,
INFO:root:Time: 00d 02h 38m 11s, num timesteps 422640, FPS 44,
	Rewards: per step mean/med/min/max, rew: 0.0047/0.0017/0.0000/0.0707,
	Losses: Policy Loss value/action/dist: 0.043/-0.019/0.980,
INFO:root:Time: 00d 02h 38m 17s, num timesteps 422880, FPS 44,
	Rewards: per step mean/med/min/max, rew: 0.0046/0.0017/0.0000/0.0707,
	Losses: Policy Loss value/action/dist: 0.043/-0.019/0.980,
INFO:root:Time: 00d 02h 38m 23s, num timesteps 423120, FPS 44,
	Rewards: per step mean/med/min/max, rew: 0.0046/0.0017/0.0000/0.0707,
	Losses: Policy Loss value/action/dist: 0.043/-0.019/0.980,
INFO:root:Time: 00d 02h 38m 30s, num timesteps 423360, FPS 44,
	Rewards: per step mean/med/min/max, rew: 0.0046/0.0017/0.0000/0.0707,
	Losses: Policy Loss value/action/dist: 0.043/-0.019/0.980,
INFO:root:Time: 00d 02h 38m 36s, num timesteps 423600, FPS 44,
	Rewards: per step mean/med/min/max, rew: 0.0046/0.0017/0.0000/0.0707,
	Losses: Policy Loss value/action/dist: 0.043/-0.019/0.980,
INFO:root:Time: 00d 02h 38m 42s, num timesteps 423840, FPS 44,
	Rewards: per step mean/med/min/max, rew: 0.0046/0.0017/0.0000/0.0707,
	Losses: Policy Loss value/action/dist: 0.043/-0.019/0.980,
INFO:root:Time: 00d 02h 38m 49s, num timesteps 424080, FPS 44,
	Rewards: per step mean/med/min/max, rew: 0.0046/0.0017/0.0000/0.0707,
	Losses: Policy Loss value/action/dist: 0.043/-0.019/0.980,
INFO:root:Time: 00d 02h 38m 55s, num timesteps 424320, FPS 44,
	Rewards: per step mean/med/min/max, rew: 0.0046/0.0017/0.0000/0.0707,
	Losses: Policy Loss value/action/dist: 0.043/-0.019/0.980,
INFO:root:Time: 00d 02h 39m 01s, num timesteps 424560, FPS 44,
	Rewards: per step mean/med/min/max, rew: 0.0045/0.0017/0.0000/0.0707,
	Losses: Policy Loss value/action/dist: 0.043/-0.019/0.980,
INFO:root:Time: 00d 02h 39m 10s, num timesteps 424800, FPS 44,
	Rewards: per step mean/med/min/max, rew: 0.0045/0.0017/0.0000/0.0707,
	Losses: Policy Loss value/action/dist: 0.043/-0.019/0.980,
INFO:root:Time: 00d 02h 39m 16s, num timesteps 425040, FPS 44,
	Rewards: per step mean/med/min/max, rew: 0.0046/0.0017/0.0000/0.0707,
	Losses: Policy Loss value/action/dist: 0.043/-0.019/0.980,
INFO:root:Time: 00d 02h 39m 23s, num timesteps 425280, FPS 44,
	Rewards: per step mean/med/min/max, rew: 0.0046/0.0017/0.0000/0.0707,
	Losses: Policy Loss value/action/dist: 0.043/-0.019/0.980,
INFO:root:Time: 00d 02h 39m 29s, num timesteps 425520, FPS 44,
	Rewards: per step mean/med/min/max, rew: 0.0046/0.0017/0.0000/0.0707,
	Losses: Policy Loss value/action/dist: 0.043/-0.019/0.980,
INFO:root:Time: 00d 02h 39m 35s, num timesteps 425760, FPS 44,
	Rewards: per step mean/med/min/max, rew: 0.0046/0.0017/0.0000/0.0707,
	Losses: Policy Loss value/action/dist: 0.043/-0.019/0.980,
INFO:root:Time: 00d 02h 39m 42s, num timesteps 426000, FPS 44,
	Rewards: per step mean/med/min/max, rew: 0.0046/0.0017/0.0000/0.0707,
	Losses: Policy Loss value/action/dist: 0.043/-0.019/0.980,
INFO:root:Time: 00d 02h 39m 48s, num timesteps 426240, FPS 44,
	Rewards: per step mean/med/min/max, rew: 0.0047/0.0017/0.0000/0.0707,
	Losses: Policy Loss value/action/dist: 0.043/-0.019/0.980,
INFO:root:Time: 00d 02h 39m 54s, num timesteps 426480, FPS 44,
	Rewards: per step mean/med/min/max, rew: 0.0047/0.0017/0.0000/0.0707,
	Losses: Policy Loss value/action/dist: 0.043/-0.019/0.980,
INFO:root:Time: 00d 02h 40m 01s, num timesteps 426720, FPS 44,
	Rewards: per step mean/med/min/max, rew: 0.0047/0.0017/0.0000/0.0707,
	Losses: Policy Loss value/action/dist: 0.043/-0.019/0.980,
INFO:root:Time: 00d 02h 40m 07s, num timesteps 426960, FPS 44,
	Rewards: per step mean/med/min/max, rew: 0.0046/0.0017/0.0000/0.0707,
	Losses: Policy Loss value/action/dist: 0.043/-0.019/0.980,
INFO:root:Time: 00d 02h 40m 16s, num timesteps 427200, FPS 44,
	Rewards: per step mean/med/min/max, rew: 0.0046/0.0017/0.0000/0.0707,
	Losses: Policy Loss value/action/dist: 0.044/-0.019/0.980,
INFO:root:Time: 00d 02h 40m 22s, num timesteps 427440, FPS 44,
	Rewards: per step mean/med/min/max, rew: 0.0047/0.0017/0.0000/0.0707,
	Losses: Policy Loss value/action/dist: 0.044/-0.019/0.980,
INFO:root:Time: 00d 02h 40m 29s, num timesteps 427680, FPS 44,
	Rewards: per step mean/med/min/max, rew: 0.0047/0.0017/0.0000/0.0707,
	Losses: Policy Loss value/action/dist: 0.044/-0.019/0.980,
INFO:root:Time: 00d 02h 40m 35s, num timesteps 427920, FPS 44,
	Rewards: per step mean/med/min/max, rew: 0.0047/0.0017/0.0000/0.0707,
	Losses: Policy Loss value/action/dist: 0.044/-0.019/0.980,
INFO:root:Time: 00d 02h 40m 41s, num timesteps 428160, FPS 44,
	Rewards: per step mean/med/min/max, rew: 0.0047/0.0017/0.0000/0.0707,
	Losses: Policy Loss value/action/dist: 0.044/-0.019/0.980,
INFO:root:Time: 00d 02h 40m 48s, num timesteps 428400, FPS 44,
	Rewards: per step mean/med/min/max, rew: 0.0047/0.0017/0.0000/0.0707,
	Losses: Policy Loss value/action/dist: 0.044/-0.019/0.980,
INFO:root:Time: 00d 02h 40m 54s, num timesteps 428640, FPS 44,
	Rewards: per step mean/med/min/max, rew: 0.0047/0.0018/0.0000/0.0707,
	Losses: Policy Loss value/action/dist: 0.044/-0.019/0.980,
INFO:root:Time: 00d 02h 41m 00s, num timesteps 428880, FPS 44,
	Rewards: per step mean/med/min/max, rew: 0.0048/0.0019/0.0000/0.0707,
	Losses: Policy Loss value/action/dist: 0.044/-0.019/0.980,
INFO:root:Time: 00d 02h 41m 07s, num timesteps 429120, FPS 44,
	Rewards: per step mean/med/min/max, rew: 0.0048/0.0018/0.0000/0.0707,
	Losses: Policy Loss value/action/dist: 0.044/-0.019/0.980,
INFO:root:Time: 00d 02h 41m 13s, num timesteps 429360, FPS 44,
	Rewards: per step mean/med/min/max, rew: 0.0048/0.0018/0.0000/0.0707,
	Losses: Policy Loss value/action/dist: 0.044/-0.019/0.980,
INFO:root:Time: 00d 02h 41m 22s, num timesteps 429600, FPS 44,
	Rewards: per step mean/med/min/max, rew: 0.0048/0.0018/0.0000/0.0707,
	Losses: Policy Loss value/action/dist: 0.043/-0.019/0.980,
INFO:root:Time: 00d 02h 41m 28s, num timesteps 429840, FPS 44,
	Rewards: per step mean/med/min/max, rew: 0.0048/0.0018/0.0000/0.0707,
	Losses: Policy Loss value/action/dist: 0.043/-0.019/0.980,
INFO:root:Time: 00d 02h 41m 35s, num timesteps 430080, FPS 44,
	Rewards: per step mean/med/min/max, rew: 0.0048/0.0018/0.0000/0.0707,
	Losses: Policy Loss value/action/dist: 0.043/-0.019/0.980,
INFO:root:Time: 00d 02h 41m 41s, num timesteps 430320, FPS 44,
	Rewards: per step mean/med/min/max, rew: 0.0048/0.0019/0.0000/0.0707,
	Losses: Policy Loss value/action/dist: 0.043/-0.019/0.980,
INFO:root:Time: 00d 02h 41m 47s, num timesteps 430560, FPS 44,
	Rewards: per step mean/med/min/max, rew: 0.0049/0.0019/0.0000/0.0707,
	Losses: Policy Loss value/action/dist: 0.043/-0.019/0.980,
INFO:root:Time: 00d 02h 41m 54s, num timesteps 430800, FPS 44,
	Rewards: per step mean/med/min/max, rew: 0.0049/0.0019/0.0000/0.0707,
	Losses: Policy Loss value/action/dist: 0.043/-0.019/0.980,
INFO:root:Time: 00d 02h 42m 00s, num timesteps 431040, FPS 44,
	Rewards: per step mean/med/min/max, rew: 0.0049/0.0019/0.0000/0.0707,
	Losses: Policy Loss value/action/dist: 0.043/-0.019/0.980,
INFO:root:Time: 00d 02h 42m 07s, num timesteps 431280, FPS 44,
	Rewards: per step mean/med/min/max, rew: 0.0049/0.0019/0.0000/0.0707,
	Losses: Policy Loss value/action/dist: 0.043/-0.019/0.980,
INFO:root:Time: 00d 02h 42m 13s, num timesteps 431520, FPS 44,
	Rewards: per step mean/med/min/max, rew: 0.0049/0.0019/0.0000/0.0707,
	Losses: Policy Loss value/action/dist: 0.043/-0.019/0.980,
INFO:root:Time: 00d 02h 42m 19s, num timesteps 431760, FPS 44,
	Rewards: per step mean/med/min/max, rew: 0.0049/0.0019/0.0000/0.0707,
	Losses: Policy Loss value/action/dist: 0.043/-0.019/0.980,
INFO:root:Time: 00d 02h 42m 28s, num timesteps 432000, FPS 44,
	Rewards: per step mean/med/min/max, rew: 0.0049/0.0019/0.0000/0.0707,
	Losses: Policy Loss value/action/dist: 0.043/-0.019/0.979,
INFO:root:Time: 00d 02h 42m 35s, num timesteps 432240, FPS 44,
	Rewards: per step mean/med/min/max, rew: 0.0049/0.0019/0.0000/0.0707,
	Losses: Policy Loss value/action/dist: 0.043/-0.019/0.979,
INFO:root:Time: 00d 02h 42m 41s, num timesteps 432480, FPS 44,
	Rewards: per step mean/med/min/max, rew: 0.0049/0.0019/0.0000/0.0707,
	Losses: Policy Loss value/action/dist: 0.043/-0.019/0.979,
INFO:root:Time: 00d 02h 42m 47s, num timesteps 432720, FPS 44,
	Rewards: per step mean/med/min/max, rew: 0.0049/0.0020/0.0000/0.0707,
	Losses: Policy Loss value/action/dist: 0.043/-0.019/0.979,
INFO:root:Time: 00d 02h 42m 53s, num timesteps 432960, FPS 44,
	Rewards: per step mean/med/min/max, rew: 0.0049/0.0019/0.0000/0.0707,
	Losses: Policy Loss value/action/dist: 0.043/-0.019/0.979,
INFO:root:Time: 00d 02h 42m 59s, num timesteps 433200, FPS 44,
	Rewards: per step mean/med/min/max, rew: 0.0049/0.0020/0.0000/0.0707,
	Losses: Policy Loss value/action/dist: 0.043/-0.019/0.979,
INFO:root:Time: 00d 02h 43m 05s, num timesteps 433440, FPS 44,
	Rewards: per step mean/med/min/max, rew: 0.0049/0.0019/0.0000/0.0707,
	Losses: Policy Loss value/action/dist: 0.043/-0.019/0.979,
INFO:root:Time: 00d 02h 43m 12s, num timesteps 433680, FPS 44,
	Rewards: per step mean/med/min/max, rew: 0.0049/0.0020/0.0000/0.0707,
	Losses: Policy Loss value/action/dist: 0.043/-0.019/0.979,
INFO:root:Time: 00d 02h 43m 18s, num timesteps 433920, FPS 44,
	Rewards: per step mean/med/min/max, rew: 0.0050/0.0020/0.0000/0.0707,
	Losses: Policy Loss value/action/dist: 0.043/-0.019/0.979,
INFO:root:Time: 00d 02h 43m 24s, num timesteps 434160, FPS 44,
	Rewards: per step mean/med/min/max, rew: 0.0050/0.0020/0.0000/0.0707,
	Losses: Policy Loss value/action/dist: 0.043/-0.019/0.979,
INFO:root:Time: 00d 02h 43m 33s, num timesteps 434400, FPS 44,
	Rewards: per step mean/med/min/max, rew: 0.0050/0.0020/0.0000/0.0707,
	Losses: Policy Loss value/action/dist: 0.044/-0.019/0.979,
INFO:root:Time: 00d 02h 43m 39s, num timesteps 434640, FPS 44,
	Rewards: per step mean/med/min/max, rew: 0.0051/0.0020/0.0000/0.0707,
	Losses: Policy Loss value/action/dist: 0.044/-0.019/0.979,
INFO:root:Time: 00d 02h 43m 45s, num timesteps 434880, FPS 44,
	Rewards: per step mean/med/min/max, rew: 0.0051/0.0021/0.0000/0.0707,
	Losses: Policy Loss value/action/dist: 0.044/-0.019/0.979,
INFO:root:Time: 00d 02h 43m 52s, num timesteps 435120, FPS 44,
	Rewards: per step mean/med/min/max, rew: 0.0052/0.0021/0.0000/0.0707,
	Losses: Policy Loss value/action/dist: 0.044/-0.019/0.979,
INFO:root:Time: 00d 02h 43m 58s, num timesteps 435360, FPS 44,
	Rewards: per step mean/med/min/max, rew: 0.0052/0.0021/0.0000/0.0707,
	Losses: Policy Loss value/action/dist: 0.044/-0.019/0.979,
INFO:root:Time: 00d 02h 44m 04s, num timesteps 435600, FPS 44,
	Rewards: per step mean/med/min/max, rew: 0.0052/0.0021/0.0000/0.0707,
	Losses: Policy Loss value/action/dist: 0.044/-0.019/0.979,
INFO:root:Time: 00d 02h 44m 11s, num timesteps 435840, FPS 44,
	Rewards: per step mean/med/min/max, rew: 0.0052/0.0021/0.0000/0.0707,
	Losses: Policy Loss value/action/dist: 0.044/-0.019/0.979,
INFO:root:Time: 00d 02h 44m 17s, num timesteps 436080, FPS 44,
	Rewards: per step mean/med/min/max, rew: 0.0052/0.0021/0.0000/0.0707,
	Losses: Policy Loss value/action/dist: 0.044/-0.019/0.979,
INFO:root:Time: 00d 02h 44m 23s, num timesteps 436320, FPS 44,
	Rewards: per step mean/med/min/max, rew: 0.0052/0.0021/0.0000/0.0707,
	Losses: Policy Loss value/action/dist: 0.044/-0.019/0.979,
INFO:root:Time: 00d 02h 44m 29s, num timesteps 436560, FPS 44,
	Rewards: per step mean/med/min/max, rew: 0.0052/0.0021/0.0000/0.0707,
	Losses: Policy Loss value/action/dist: 0.044/-0.019/0.979,
INFO:root:Time: 00d 02h 44m 38s, num timesteps 436800, FPS 44,
	Rewards: per step mean/med/min/max, rew: 0.0052/0.0021/0.0000/0.0707,
	Losses: Policy Loss value/action/dist: 0.044/-0.019/0.979,
INFO:root:Time: 00d 02h 44m 44s, num timesteps 437040, FPS 44,
	Rewards: per step mean/med/min/max, rew: 0.0053/0.0021/0.0000/0.0707,
	Losses: Policy Loss value/action/dist: 0.044/-0.019/0.979,
INFO:root:Time: 00d 02h 44m 51s, num timesteps 437280, FPS 44,
	Rewards: per step mean/med/min/max, rew: 0.0053/0.0022/0.0000/0.0707,
	Losses: Policy Loss value/action/dist: 0.044/-0.019/0.979,
INFO:root:Time: 00d 02h 44m 57s, num timesteps 437520, FPS 44,
	Rewards: per step mean/med/min/max, rew: 0.0051/0.0021/0.0000/0.0707,
	Losses: Policy Loss value/action/dist: 0.044/-0.019/0.979,
INFO:root:Time: 00d 02h 45m 04s, num timesteps 437760, FPS 44,
	Rewards: per step mean/med/min/max, rew: 0.0051/0.0021/0.0000/0.0707,
	Losses: Policy Loss value/action/dist: 0.044/-0.019/0.979,
INFO:root:Time: 00d 02h 45m 10s, num timesteps 438000, FPS 44,
	Rewards: per step mean/med/min/max, rew: 0.0050/0.0021/0.0000/0.0707,
	Losses: Policy Loss value/action/dist: 0.044/-0.019/0.979,
INFO:root:Time: 00d 02h 45m 16s, num timesteps 438240, FPS 44,
	Rewards: per step mean/med/min/max, rew: 0.0050/0.0021/0.0000/0.0707,
	Losses: Policy Loss value/action/dist: 0.044/-0.019/0.979,
INFO:root:Time: 00d 02h 45m 23s, num timesteps 438480, FPS 44,
	Rewards: per step mean/med/min/max, rew: 0.0050/0.0020/0.0000/0.0707,
	Losses: Policy Loss value/action/dist: 0.044/-0.019/0.979,
INFO:root:Time: 00d 02h 45m 29s, num timesteps 438720, FPS 44,
	Rewards: per step mean/med/min/max, rew: 0.0051/0.0021/0.0000/0.0707,
	Losses: Policy Loss value/action/dist: 0.044/-0.019/0.979,
INFO:root:Time: 00d 02h 45m 35s, num timesteps 438960, FPS 44,
	Rewards: per step mean/med/min/max, rew: 0.0051/0.0021/0.0000/0.0707,
	Losses: Policy Loss value/action/dist: 0.044/-0.019/0.979,
INFO:root:Time: 00d 02h 45m 44s, num timesteps 439200, FPS 44,
	Rewards: per step mean/med/min/max, rew: 0.0051/0.0021/0.0000/0.0707,
	Losses: Policy Loss value/action/dist: 0.044/-0.019/0.978,
INFO:root:Time: 00d 02h 45m 51s, num timesteps 439440, FPS 44,
	Rewards: per step mean/med/min/max, rew: 0.0051/0.0020/0.0000/0.0707,
	Losses: Policy Loss value/action/dist: 0.044/-0.019/0.978,
INFO:root:Time: 00d 02h 45m 57s, num timesteps 439680, FPS 44,
	Rewards: per step mean/med/min/max, rew: 0.0050/0.0020/0.0000/0.0707,
	Losses: Policy Loss value/action/dist: 0.044/-0.019/0.978,
INFO:root:Time: 00d 02h 46m 03s, num timesteps 439920, FPS 44,
	Rewards: per step mean/med/min/max, rew: 0.0050/0.0019/0.0000/0.0707,
	Losses: Policy Loss value/action/dist: 0.044/-0.019/0.978,
INFO:root:Time: 00d 02h 46m 10s, num timesteps 440160, FPS 44,
	Rewards: per step mean/med/min/max, rew: 0.0050/0.0019/0.0000/0.0707,
	Losses: Policy Loss value/action/dist: 0.044/-0.019/0.978,
INFO:root:Time: 00d 02h 46m 16s, num timesteps 440400, FPS 44,
	Rewards: per step mean/med/min/max, rew: 0.0050/0.0019/0.0000/0.0707,
	Losses: Policy Loss value/action/dist: 0.044/-0.019/0.978,
INFO:root:Time: 00d 02h 46m 23s, num timesteps 440640, FPS 44,
	Rewards: per step mean/med/min/max, rew: 0.0050/0.0019/0.0000/0.0707,
	Losses: Policy Loss value/action/dist: 0.044/-0.019/0.978,
INFO:root:Time: 00d 02h 46m 29s, num timesteps 440880, FPS 44,
	Rewards: per step mean/med/min/max, rew: 0.0051/0.0019/0.0000/0.0707,
	Losses: Policy Loss value/action/dist: 0.044/-0.019/0.978,
INFO:root:Time: 00d 02h 46m 35s, num timesteps 441120, FPS 44,
	Rewards: per step mean/med/min/max, rew: 0.0051/0.0020/0.0000/0.0707,
	Losses: Policy Loss value/action/dist: 0.044/-0.019/0.978,
INFO:root:Time: 00d 02h 46m 42s, num timesteps 441360, FPS 44,
	Rewards: per step mean/med/min/max, rew: 0.0051/0.0020/0.0000/0.0707,
	Losses: Policy Loss value/action/dist: 0.044/-0.019/0.978,
INFO:root:Time: 00d 02h 46m 51s, num timesteps 441600, FPS 44,
	Rewards: per step mean/med/min/max, rew: 0.0051/0.0020/0.0000/0.0707,
	Losses: Policy Loss value/action/dist: 0.044/-0.019/0.978,
INFO:root:Time: 00d 02h 46m 57s, num timesteps 441840, FPS 44,
	Rewards: per step mean/med/min/max, rew: 0.0051/0.0020/0.0000/0.0707,
	Losses: Policy Loss value/action/dist: 0.044/-0.019/0.978,
INFO:root:Time: 00d 02h 47m 03s, num timesteps 442080, FPS 44,
	Rewards: per step mean/med/min/max, rew: 0.0051/0.0020/0.0000/0.0707,
	Losses: Policy Loss value/action/dist: 0.044/-0.019/0.978,
INFO:root:Time: 00d 02h 47m 10s, num timesteps 442320, FPS 44,
	Rewards: per step mean/med/min/max, rew: 0.0051/0.0019/0.0000/0.0707,
	Losses: Policy Loss value/action/dist: 0.044/-0.019/0.978,
INFO:root:Time: 00d 02h 47m 16s, num timesteps 442560, FPS 44,
	Rewards: per step mean/med/min/max, rew: 0.0051/0.0019/0.0000/0.0707,
	Losses: Policy Loss value/action/dist: 0.044/-0.019/0.978,
INFO:root:Time: 00d 02h 47m 22s, num timesteps 442800, FPS 44,
	Rewards: per step mean/med/min/max, rew: 0.0051/0.0019/0.0000/0.0707,
	Losses: Policy Loss value/action/dist: 0.044/-0.019/0.978,
INFO:root:Time: 00d 02h 47m 28s, num timesteps 443040, FPS 44,
	Rewards: per step mean/med/min/max, rew: 0.0051/0.0019/0.0000/0.0707,
	Losses: Policy Loss value/action/dist: 0.044/-0.019/0.978,
INFO:root:Time: 00d 02h 47m 35s, num timesteps 443280, FPS 44,
	Rewards: per step mean/med/min/max, rew: 0.0051/0.0019/0.0000/0.0707,
	Losses: Policy Loss value/action/dist: 0.044/-0.019/0.978,
INFO:root:Time: 00d 02h 47m 41s, num timesteps 443520, FPS 44,
	Rewards: per step mean/med/min/max, rew: 0.0051/0.0019/0.0000/0.0707,
	Losses: Policy Loss value/action/dist: 0.044/-0.019/0.978,
INFO:root:Time: 00d 02h 47m 47s, num timesteps 443760, FPS 44,
	Rewards: per step mean/med/min/max, rew: 0.0051/0.0019/0.0000/0.0707,
	Losses: Policy Loss value/action/dist: 0.044/-0.019/0.978,
INFO:root:Time: 00d 02h 47m 57s, num timesteps 444000, FPS 44,
	Rewards: per step mean/med/min/max, rew: 0.0051/0.0019/0.0000/0.0707,
	Losses: Policy Loss value/action/dist: 0.044/-0.019/0.978,
INFO:root:Time: 00d 02h 48m 03s, num timesteps 444240, FPS 44,
	Rewards: per step mean/med/min/max, rew: 0.0052/0.0019/0.0000/0.0707,
	Losses: Policy Loss value/action/dist: 0.044/-0.019/0.978,
INFO:root:Time: 00d 02h 48m 09s, num timesteps 444480, FPS 44,
	Rewards: per step mean/med/min/max, rew: 0.0052/0.0019/0.0000/0.0707,
	Losses: Policy Loss value/action/dist: 0.044/-0.019/0.978,
INFO:root:Time: 00d 02h 48m 15s, num timesteps 444720, FPS 44,
	Rewards: per step mean/med/min/max, rew: 0.0053/0.0019/0.0000/0.0707,
	Losses: Policy Loss value/action/dist: 0.044/-0.019/0.978,
INFO:root:Time: 00d 02h 48m 22s, num timesteps 444960, FPS 44,
	Rewards: per step mean/med/min/max, rew: 0.0052/0.0019/0.0000/0.0613,
	Losses: Policy Loss value/action/dist: 0.044/-0.019/0.978,
INFO:root:Time: 00d 02h 48m 28s, num timesteps 445200, FPS 44,
	Rewards: per step mean/med/min/max, rew: 0.0051/0.0019/0.0000/0.0613,
	Losses: Policy Loss value/action/dist: 0.044/-0.019/0.978,
INFO:root:Time: 00d 02h 48m 35s, num timesteps 445440, FPS 44,
	Rewards: per step mean/med/min/max, rew: 0.0050/0.0018/0.0000/0.0613,
	Losses: Policy Loss value/action/dist: 0.044/-0.019/0.978,
INFO:root:Time: 00d 02h 48m 41s, num timesteps 445680, FPS 44,
	Rewards: per step mean/med/min/max, rew: 0.0050/0.0018/0.0000/0.0613,
	Losses: Policy Loss value/action/dist: 0.044/-0.019/0.978,
INFO:root:Time: 00d 02h 48m 47s, num timesteps 445920, FPS 44,
	Rewards: per step mean/med/min/max, rew: 0.0050/0.0018/0.0000/0.0613,
	Losses: Policy Loss value/action/dist: 0.044/-0.019/0.978,
INFO:root:Time: 00d 02h 48m 53s, num timesteps 446160, FPS 44,
	Rewards: per step mean/med/min/max, rew: 0.0051/0.0018/0.0000/0.0613,
	Losses: Policy Loss value/action/dist: 0.044/-0.019/0.978,
INFO:root:Time: 00d 02h 49m 02s, num timesteps 446400, FPS 44,
	Rewards: per step mean/med/min/max, rew: 0.0051/0.0018/0.0000/0.0613,
	Losses: Policy Loss value/action/dist: 0.044/-0.019/0.977,
INFO:root:Time: 00d 02h 49m 09s, num timesteps 446640, FPS 44,
	Rewards: per step mean/med/min/max, rew: 0.0051/0.0018/0.0000/0.0613,
	Losses: Policy Loss value/action/dist: 0.044/-0.019/0.977,
INFO:root:Time: 00d 02h 49m 15s, num timesteps 446880, FPS 44,
	Rewards: per step mean/med/min/max, rew: 0.0051/0.0018/0.0000/0.0613,
	Losses: Policy Loss value/action/dist: 0.044/-0.019/0.977,
INFO:root:Time: 00d 02h 49m 21s, num timesteps 447120, FPS 44,
	Rewards: per step mean/med/min/max, rew: 0.0051/0.0018/0.0000/0.0613,
	Losses: Policy Loss value/action/dist: 0.044/-0.019/0.977,
INFO:root:Time: 00d 02h 49m 28s, num timesteps 447360, FPS 43,
	Rewards: per step mean/med/min/max, rew: 0.0051/0.0017/0.0000/0.0613,
	Losses: Policy Loss value/action/dist: 0.044/-0.019/0.977,
INFO:root:Time: 00d 02h 49m 34s, num timesteps 447600, FPS 43,
	Rewards: per step mean/med/min/max, rew: 0.0052/0.0018/0.0000/0.0613,
	Losses: Policy Loss value/action/dist: 0.044/-0.019/0.977,
INFO:root:Time: 00d 02h 49m 40s, num timesteps 447840, FPS 43,
	Rewards: per step mean/med/min/max, rew: 0.0052/0.0017/0.0000/0.0613,
	Losses: Policy Loss value/action/dist: 0.044/-0.019/0.977,
INFO:root:Time: 00d 02h 49m 46s, num timesteps 448080, FPS 43,
	Rewards: per step mean/med/min/max, rew: 0.0052/0.0017/0.0000/0.0613,
	Losses: Policy Loss value/action/dist: 0.044/-0.019/0.977,
INFO:root:Time: 00d 02h 49m 52s, num timesteps 448320, FPS 43,
	Rewards: per step mean/med/min/max, rew: 0.0052/0.0018/0.0000/0.0613,
	Losses: Policy Loss value/action/dist: 0.044/-0.019/0.977,
INFO:root:Time: 00d 02h 49m 59s, num timesteps 448560, FPS 43,
	Rewards: per step mean/med/min/max, rew: 0.0052/0.0018/0.0000/0.0613,
	Losses: Policy Loss value/action/dist: 0.044/-0.019/0.977,
INFO:root:Time: 00d 02h 50m 07s, num timesteps 448800, FPS 43,
	Rewards: per step mean/med/min/max, rew: 0.0052/0.0018/0.0000/0.0613,
	Losses: Policy Loss value/action/dist: 0.044/-0.019/0.977,
INFO:root:Time: 00d 02h 50m 14s, num timesteps 449040, FPS 43,
	Rewards: per step mean/med/min/max, rew: 0.0052/0.0018/0.0000/0.0613,
	Losses: Policy Loss value/action/dist: 0.044/-0.019/0.977,
INFO:root:Time: 00d 02h 50m 20s, num timesteps 449280, FPS 43,
	Rewards: per step mean/med/min/max, rew: 0.0052/0.0017/0.0000/0.0613,
	Losses: Policy Loss value/action/dist: 0.044/-0.019/0.977,
INFO:root:Time: 00d 02h 50m 26s, num timesteps 449520, FPS 43,
	Rewards: per step mean/med/min/max, rew: 0.0052/0.0017/0.0000/0.0613,
	Losses: Policy Loss value/action/dist: 0.044/-0.019/0.977,
INFO:root:Time: 00d 02h 50m 33s, num timesteps 449760, FPS 43,
	Rewards: per step mean/med/min/max, rew: 0.0052/0.0017/0.0000/0.0613,
	Losses: Policy Loss value/action/dist: 0.044/-0.019/0.977,
INFO:root:Time: 00d 02h 50m 39s, num timesteps 450000, FPS 43,
	Rewards: per step mean/med/min/max, rew: 0.0052/0.0017/0.0000/0.0613,
	Losses: Policy Loss value/action/dist: 0.044/-0.019/0.977,
INFO:root:Time: 00d 02h 50m 45s, num timesteps 450240, FPS 43,
	Rewards: per step mean/med/min/max, rew: 0.0052/0.0018/0.0000/0.0613,
	Losses: Policy Loss value/action/dist: 0.044/-0.019/0.977,
INFO:root:Time: 00d 02h 50m 51s, num timesteps 450480, FPS 43,
	Rewards: per step mean/med/min/max, rew: 0.0051/0.0017/0.0000/0.0613,
	Losses: Policy Loss value/action/dist: 0.044/-0.019/0.977,
INFO:root:Time: 00d 02h 50m 58s, num timesteps 450720, FPS 43,
	Rewards: per step mean/med/min/max, rew: 0.0051/0.0017/0.0000/0.0613,
	Losses: Policy Loss value/action/dist: 0.044/-0.019/0.977,
INFO:root:Time: 00d 02h 51m 04s, num timesteps 450960, FPS 43,
	Rewards: per step mean/med/min/max, rew: 0.0050/0.0017/0.0000/0.0613,
	Losses: Policy Loss value/action/dist: 0.044/-0.019/0.977,
INFO:root:Time: 00d 02h 51m 13s, num timesteps 451200, FPS 43,
	Rewards: per step mean/med/min/max, rew: 0.0050/0.0017/0.0000/0.0613,
	Losses: Policy Loss value/action/dist: 0.044/-0.019/0.976,
INFO:root:Time: 00d 02h 51m 19s, num timesteps 451440, FPS 43,
	Rewards: per step mean/med/min/max, rew: 0.0049/0.0016/0.0000/0.0613,
	Losses: Policy Loss value/action/dist: 0.044/-0.019/0.976,
INFO:root:Time: 00d 02h 51m 25s, num timesteps 451680, FPS 43,
	Rewards: per step mean/med/min/max, rew: 0.0049/0.0016/0.0000/0.0613,
	Losses: Policy Loss value/action/dist: 0.044/-0.019/0.976,
INFO:root:Time: 00d 02h 51m 31s, num timesteps 451920, FPS 43,
	Rewards: per step mean/med/min/max, rew: 0.0049/0.0016/0.0000/0.0613,
	Losses: Policy Loss value/action/dist: 0.044/-0.019/0.976,
INFO:root:Time: 00d 02h 51m 37s, num timesteps 452160, FPS 43,
	Rewards: per step mean/med/min/max, rew: 0.0049/0.0016/0.0000/0.0613,
	Losses: Policy Loss value/action/dist: 0.044/-0.019/0.976,
INFO:root:Time: 00d 02h 51m 44s, num timesteps 452400, FPS 43,
	Rewards: per step mean/med/min/max, rew: 0.0049/0.0016/0.0000/0.0613,
	Losses: Policy Loss value/action/dist: 0.044/-0.019/0.976,
INFO:root:Time: 00d 02h 51m 50s, num timesteps 452640, FPS 43,
	Rewards: per step mean/med/min/max, rew: 0.0049/0.0016/0.0000/0.0613,
	Losses: Policy Loss value/action/dist: 0.044/-0.019/0.976,
INFO:root:Time: 00d 02h 51m 56s, num timesteps 452880, FPS 43,
	Rewards: per step mean/med/min/max, rew: 0.0049/0.0016/0.0000/0.0613,
	Losses: Policy Loss value/action/dist: 0.044/-0.019/0.976,
INFO:root:Time: 00d 02h 52m 03s, num timesteps 453120, FPS 43,
	Rewards: per step mean/med/min/max, rew: 0.0048/0.0016/0.0000/0.0613,
	Losses: Policy Loss value/action/dist: 0.044/-0.019/0.976,
INFO:root:Time: 00d 02h 52m 09s, num timesteps 453360, FPS 43,
	Rewards: per step mean/med/min/max, rew: 0.0049/0.0016/0.0000/0.0613,
	Losses: Policy Loss value/action/dist: 0.044/-0.019/0.976,
INFO:root:Time: 00d 02h 52m 18s, num timesteps 453600, FPS 43,
	Rewards: per step mean/med/min/max, rew: 0.0049/0.0016/0.0000/0.0613,
	Losses: Policy Loss value/action/dist: 0.044/-0.019/0.976,
INFO:root:Time: 00d 02h 52m 24s, num timesteps 453840, FPS 43,
	Rewards: per step mean/med/min/max, rew: 0.0049/0.0016/0.0000/0.0613,
	Losses: Policy Loss value/action/dist: 0.044/-0.019/0.976,
INFO:root:Time: 00d 02h 52m 31s, num timesteps 454080, FPS 43,
	Rewards: per step mean/med/min/max, rew: 0.0048/0.0016/0.0000/0.0613,
	Losses: Policy Loss value/action/dist: 0.044/-0.019/0.976,
INFO:root:Time: 00d 02h 52m 37s, num timesteps 454320, FPS 43,
	Rewards: per step mean/med/min/max, rew: 0.0049/0.0016/0.0000/0.0613,
	Losses: Policy Loss value/action/dist: 0.044/-0.019/0.976,
INFO:root:Time: 00d 02h 52m 44s, num timesteps 454560, FPS 43,
	Rewards: per step mean/med/min/max, rew: 0.0048/0.0016/0.0000/0.0613,
	Losses: Policy Loss value/action/dist: 0.044/-0.019/0.976,
INFO:root:Time: 00d 02h 52m 50s, num timesteps 454800, FPS 43,
	Rewards: per step mean/med/min/max, rew: 0.0048/0.0016/0.0000/0.0613,
	Losses: Policy Loss value/action/dist: 0.044/-0.019/0.976,
INFO:root:Time: 00d 02h 52m 56s, num timesteps 455040, FPS 43,
	Rewards: per step mean/med/min/max, rew: 0.0048/0.0016/0.0000/0.0613,
	Losses: Policy Loss value/action/dist: 0.044/-0.019/0.976,
INFO:root:Time: 00d 02h 53m 03s, num timesteps 455280, FPS 43,
	Rewards: per step mean/med/min/max, rew: 0.0048/0.0016/0.0000/0.0613,
	Losses: Policy Loss value/action/dist: 0.044/-0.019/0.976,
INFO:root:Time: 00d 02h 53m 09s, num timesteps 455520, FPS 43,
	Rewards: per step mean/med/min/max, rew: 0.0048/0.0016/0.0000/0.0613,
	Losses: Policy Loss value/action/dist: 0.044/-0.019/0.976,
INFO:root:Time: 00d 02h 53m 16s, num timesteps 455760, FPS 43,
	Rewards: per step mean/med/min/max, rew: 0.0047/0.0015/0.0000/0.0613,
	Losses: Policy Loss value/action/dist: 0.044/-0.019/0.976,
INFO:root:Time: 00d 02h 53m 26s, num timesteps 456000, FPS 43,
	Rewards: per step mean/med/min/max, rew: 0.0047/0.0016/0.0000/0.0613,
	Losses: Policy Loss value/action/dist: 0.044/-0.019/0.976,
INFO:root:Time: 00d 02h 53m 32s, num timesteps 456240, FPS 43,
	Rewards: per step mean/med/min/max, rew: 0.0047/0.0015/0.0000/0.0613,
	Losses: Policy Loss value/action/dist: 0.044/-0.019/0.976,
INFO:root:Time: 00d 02h 53m 39s, num timesteps 456480, FPS 43,
	Rewards: per step mean/med/min/max, rew: 0.0048/0.0015/0.0000/0.0613,
	Losses: Policy Loss value/action/dist: 0.044/-0.019/0.976,
INFO:root:Time: 00d 02h 53m 45s, num timesteps 456720, FPS 43,
	Rewards: per step mean/med/min/max, rew: 0.0049/0.0015/0.0000/0.0763,
	Losses: Policy Loss value/action/dist: 0.044/-0.019/0.976,
INFO:root:Time: 00d 02h 53m 51s, num timesteps 456960, FPS 43,
	Rewards: per step mean/med/min/max, rew: 0.0050/0.0016/0.0000/0.0763,
	Losses: Policy Loss value/action/dist: 0.044/-0.019/0.976,
INFO:root:Time: 00d 02h 53m 58s, num timesteps 457200, FPS 43,
	Rewards: per step mean/med/min/max, rew: 0.0049/0.0015/0.0000/0.0763,
	Losses: Policy Loss value/action/dist: 0.044/-0.019/0.976,
INFO:root:Time: 00d 02h 54m 04s, num timesteps 457440, FPS 43,
	Rewards: per step mean/med/min/max, rew: 0.0050/0.0015/0.0000/0.0763,
	Losses: Policy Loss value/action/dist: 0.044/-0.019/0.976,
INFO:root:Time: 00d 02h 54m 10s, num timesteps 457680, FPS 43,
	Rewards: per step mean/med/min/max, rew: 0.0049/0.0015/0.0000/0.0763,
	Losses: Policy Loss value/action/dist: 0.044/-0.019/0.976,
INFO:root:Time: 00d 02h 54m 17s, num timesteps 457920, FPS 43,
	Rewards: per step mean/med/min/max, rew: 0.0049/0.0015/0.0000/0.0763,
	Losses: Policy Loss value/action/dist: 0.044/-0.019/0.976,
INFO:root:Time: 00d 02h 54m 23s, num timesteps 458160, FPS 43,
	Rewards: per step mean/med/min/max, rew: 0.0049/0.0015/0.0000/0.0763,
	Losses: Policy Loss value/action/dist: 0.044/-0.019/0.976,
INFO:root:Time: 00d 02h 54m 32s, num timesteps 458400, FPS 43,
	Rewards: per step mean/med/min/max, rew: 0.0048/0.0015/0.0000/0.0763,
	Losses: Policy Loss value/action/dist: 0.044/-0.019/0.975,
INFO:root:Time: 00d 02h 54m 39s, num timesteps 458640, FPS 43,
	Rewards: per step mean/med/min/max, rew: 0.0048/0.0014/0.0000/0.0763,
	Losses: Policy Loss value/action/dist: 0.044/-0.019/0.975,
INFO:root:Time: 00d 02h 54m 45s, num timesteps 458880, FPS 43,
	Rewards: per step mean/med/min/max, rew: 0.0049/0.0014/0.0000/0.0763,
	Losses: Policy Loss value/action/dist: 0.044/-0.019/0.975,
INFO:root:Time: 00d 02h 54m 52s, num timesteps 459120, FPS 43,
	Rewards: per step mean/med/min/max, rew: 0.0047/0.0014/0.0000/0.0763,
	Losses: Policy Loss value/action/dist: 0.044/-0.019/0.975,
INFO:root:Time: 00d 02h 54m 58s, num timesteps 459360, FPS 43,
	Rewards: per step mean/med/min/max, rew: 0.0047/0.0014/0.0000/0.0763,
	Losses: Policy Loss value/action/dist: 0.044/-0.019/0.975,
INFO:root:Time: 00d 02h 55m 04s, num timesteps 459600, FPS 43,
	Rewards: per step mean/med/min/max, rew: 0.0047/0.0014/0.0000/0.0763,
	Losses: Policy Loss value/action/dist: 0.044/-0.019/0.975,
INFO:root:Time: 00d 02h 55m 10s, num timesteps 459840, FPS 43,
	Rewards: per step mean/med/min/max, rew: 0.0047/0.0015/0.0000/0.0763,
	Losses: Policy Loss value/action/dist: 0.044/-0.019/0.975,
INFO:root:Time: 00d 02h 55m 17s, num timesteps 460080, FPS 43,
	Rewards: per step mean/med/min/max, rew: 0.0048/0.0015/0.0000/0.0763,
	Losses: Policy Loss value/action/dist: 0.044/-0.019/0.975,
INFO:root:Time: 00d 02h 55m 23s, num timesteps 460320, FPS 43,
	Rewards: per step mean/med/min/max, rew: 0.0048/0.0015/0.0000/0.0763,
	Losses: Policy Loss value/action/dist: 0.044/-0.019/0.975,
INFO:root:Time: 00d 02h 55m 29s, num timesteps 460560, FPS 43,
	Rewards: per step mean/med/min/max, rew: 0.0048/0.0015/0.0000/0.0763,
	Losses: Policy Loss value/action/dist: 0.044/-0.019/0.975,
INFO:root:Time: 00d 02h 55m 38s, num timesteps 460800, FPS 43,
	Rewards: per step mean/med/min/max, rew: 0.0048/0.0015/0.0000/0.0763,
	Losses: Policy Loss value/action/dist: 0.044/-0.019/0.974,
INFO:root:Time: 00d 02h 55m 44s, num timesteps 461040, FPS 43,
	Rewards: per step mean/med/min/max, rew: 0.0047/0.0015/0.0000/0.0763,
	Losses: Policy Loss value/action/dist: 0.044/-0.019/0.974,
INFO:root:Time: 00d 02h 55m 51s, num timesteps 461280, FPS 43,
	Rewards: per step mean/med/min/max, rew: 0.0047/0.0015/0.0000/0.0763,
	Losses: Policy Loss value/action/dist: 0.044/-0.019/0.974,
INFO:root:Time: 00d 02h 55m 57s, num timesteps 461520, FPS 43,
	Rewards: per step mean/med/min/max, rew: 0.0047/0.0015/0.0000/0.0763,
	Losses: Policy Loss value/action/dist: 0.044/-0.019/0.974,
INFO:root:Time: 00d 02h 56m 03s, num timesteps 461760, FPS 43,
	Rewards: per step mean/med/min/max, rew: 0.0048/0.0015/0.0000/0.0763,
	Losses: Policy Loss value/action/dist: 0.044/-0.019/0.974,
INFO:root:Time: 00d 02h 56m 09s, num timesteps 462000, FPS 43,
	Rewards: per step mean/med/min/max, rew: 0.0048/0.0015/0.0000/0.0763,
	Losses: Policy Loss value/action/dist: 0.044/-0.019/0.974,
INFO:root:Time: 00d 02h 56m 16s, num timesteps 462240, FPS 43,
	Rewards: per step mean/med/min/max, rew: 0.0047/0.0015/0.0000/0.0763,
	Losses: Policy Loss value/action/dist: 0.044/-0.019/0.974,
INFO:root:Time: 00d 02h 56m 22s, num timesteps 462480, FPS 43,
	Rewards: per step mean/med/min/max, rew: 0.0048/0.0015/0.0000/0.0763,
	Losses: Policy Loss value/action/dist: 0.044/-0.019/0.974,
INFO:root:Time: 00d 02h 56m 28s, num timesteps 462720, FPS 43,
	Rewards: per step mean/med/min/max, rew: 0.0047/0.0015/0.0000/0.0763,
	Losses: Policy Loss value/action/dist: 0.044/-0.019/0.974,
INFO:root:Time: 00d 02h 56m 34s, num timesteps 462960, FPS 43,
	Rewards: per step mean/med/min/max, rew: 0.0048/0.0015/0.0000/0.0763,
	Losses: Policy Loss value/action/dist: 0.044/-0.019/0.974,
INFO:root:Time: 00d 02h 56m 44s, num timesteps 463200, FPS 43,
	Rewards: per step mean/med/min/max, rew: 0.0048/0.0016/0.0000/0.0763,
	Losses: Policy Loss value/action/dist: 0.044/-0.019/0.974,
INFO:root:Time: 00d 02h 56m 50s, num timesteps 463440, FPS 43,
	Rewards: per step mean/med/min/max, rew: 0.0048/0.0015/0.0000/0.0763,
	Losses: Policy Loss value/action/dist: 0.044/-0.019/0.974,
INFO:root:Time: 00d 02h 56m 56s, num timesteps 463680, FPS 43,
	Rewards: per step mean/med/min/max, rew: 0.0048/0.0015/0.0000/0.0763,
	Losses: Policy Loss value/action/dist: 0.044/-0.019/0.974,
INFO:root:Time: 00d 02h 57m 03s, num timesteps 463920, FPS 43,
	Rewards: per step mean/med/min/max, rew: 0.0048/0.0016/0.0000/0.0763,
	Losses: Policy Loss value/action/dist: 0.044/-0.019/0.974,
INFO:root:Time: 00d 02h 57m 09s, num timesteps 464160, FPS 43,
	Rewards: per step mean/med/min/max, rew: 0.0048/0.0016/0.0000/0.0763,
	Losses: Policy Loss value/action/dist: 0.044/-0.019/0.974,
INFO:root:Time: 00d 02h 57m 15s, num timesteps 464400, FPS 43,
	Rewards: per step mean/med/min/max, rew: 0.0047/0.0016/0.0000/0.0763,
	Losses: Policy Loss value/action/dist: 0.044/-0.019/0.974,
INFO:root:Time: 00d 02h 57m 21s, num timesteps 464640, FPS 43,
	Rewards: per step mean/med/min/max, rew: 0.0047/0.0016/0.0000/0.0763,
	Losses: Policy Loss value/action/dist: 0.044/-0.019/0.974,
INFO:root:Time: 00d 02h 57m 27s, num timesteps 464880, FPS 43,
	Rewards: per step mean/med/min/max, rew: 0.0047/0.0015/0.0000/0.0763,
	Losses: Policy Loss value/action/dist: 0.044/-0.019/0.974,
INFO:root:Time: 00d 02h 57m 33s, num timesteps 465120, FPS 43,
	Rewards: per step mean/med/min/max, rew: 0.0046/0.0015/0.0000/0.0763,
	Losses: Policy Loss value/action/dist: 0.044/-0.019/0.974,
INFO:root:Time: 00d 02h 57m 40s, num timesteps 465360, FPS 43,
	Rewards: per step mean/med/min/max, rew: 0.0046/0.0015/0.0000/0.0763,
	Losses: Policy Loss value/action/dist: 0.044/-0.019/0.974,
INFO:root:Time: 00d 02h 57m 48s, num timesteps 465600, FPS 43,
	Rewards: per step mean/med/min/max, rew: 0.0046/0.0015/0.0000/0.0763,
	Losses: Policy Loss value/action/dist: 0.044/-0.019/0.973,
INFO:root:Time: 00d 02h 57m 54s, num timesteps 465840, FPS 43,
	Rewards: per step mean/med/min/max, rew: 0.0047/0.0015/0.0000/0.0763,
	Losses: Policy Loss value/action/dist: 0.044/-0.019/0.973,
INFO:root:Time: 00d 02h 58m 00s, num timesteps 466080, FPS 43,
	Rewards: per step mean/med/min/max, rew: 0.0046/0.0015/0.0000/0.0763,
	Losses: Policy Loss value/action/dist: 0.044/-0.019/0.973,
INFO:root:Time: 00d 02h 58m 07s, num timesteps 466320, FPS 43,
	Rewards: per step mean/med/min/max, rew: 0.0046/0.0015/0.0000/0.0763,
	Losses: Policy Loss value/action/dist: 0.044/-0.019/0.973,
INFO:root:Time: 00d 02h 58m 13s, num timesteps 466560, FPS 43,
	Rewards: per step mean/med/min/max, rew: 0.0046/0.0015/0.0000/0.0763,
	Losses: Policy Loss value/action/dist: 0.044/-0.019/0.973,
INFO:root:Time: 00d 02h 58m 19s, num timesteps 466800, FPS 43,
	Rewards: per step mean/med/min/max, rew: 0.0046/0.0015/0.0000/0.0763,
	Losses: Policy Loss value/action/dist: 0.044/-0.019/0.973,
INFO:root:Time: 00d 02h 58m 25s, num timesteps 467040, FPS 43,
	Rewards: per step mean/med/min/max, rew: 0.0046/0.0015/0.0000/0.0763,
	Losses: Policy Loss value/action/dist: 0.044/-0.019/0.973,
INFO:root:Time: 00d 02h 58m 31s, num timesteps 467280, FPS 43,
	Rewards: per step mean/med/min/max, rew: 0.0046/0.0015/0.0000/0.0763,
	Losses: Policy Loss value/action/dist: 0.044/-0.019/0.973,
INFO:root:Time: 00d 02h 58m 37s, num timesteps 467520, FPS 43,
	Rewards: per step mean/med/min/max, rew: 0.0046/0.0015/0.0000/0.0763,
	Losses: Policy Loss value/action/dist: 0.044/-0.019/0.973,
INFO:root:Time: 00d 02h 58m 44s, num timesteps 467760, FPS 43,
	Rewards: per step mean/med/min/max, rew: 0.0046/0.0015/0.0000/0.0763,
	Losses: Policy Loss value/action/dist: 0.044/-0.019/0.973,
INFO:root:Time: 00d 02h 58m 53s, num timesteps 468000, FPS 43,
	Rewards: per step mean/med/min/max, rew: 0.0046/0.0015/0.0000/0.0763,
	Losses: Policy Loss value/action/dist: 0.044/-0.019/0.973,
INFO:root:Time: 00d 02h 59m 00s, num timesteps 468240, FPS 43,
	Rewards: per step mean/med/min/max, rew: 0.0047/0.0015/0.0000/0.0763,
	Losses: Policy Loss value/action/dist: 0.044/-0.019/0.973,
INFO:root:Time: 00d 02h 59m 06s, num timesteps 468480, FPS 43,
	Rewards: per step mean/med/min/max, rew: 0.0046/0.0015/0.0000/0.0763,
	Losses: Policy Loss value/action/dist: 0.044/-0.019/0.973,
INFO:root:Time: 00d 02h 59m 12s, num timesteps 468720, FPS 43,
	Rewards: per step mean/med/min/max, rew: 0.0045/0.0015/0.0000/0.0763,
	Losses: Policy Loss value/action/dist: 0.044/-0.019/0.973,
INFO:root:Time: 00d 02h 59m 18s, num timesteps 468960, FPS 43,
	Rewards: per step mean/med/min/max, rew: 0.0044/0.0015/0.0000/0.0763,
	Losses: Policy Loss value/action/dist: 0.044/-0.019/0.973,
INFO:root:Time: 00d 02h 59m 25s, num timesteps 469200, FPS 43,
	Rewards: per step mean/med/min/max, rew: 0.0045/0.0015/0.0000/0.0763,
	Losses: Policy Loss value/action/dist: 0.044/-0.019/0.973,
INFO:root:Time: 00d 02h 59m 31s, num timesteps 469440, FPS 43,
	Rewards: per step mean/med/min/max, rew: 0.0045/0.0015/0.0000/0.0763,
	Losses: Policy Loss value/action/dist: 0.044/-0.019/0.973,
INFO:root:Time: 00d 02h 59m 37s, num timesteps 469680, FPS 43,
	Rewards: per step mean/med/min/max, rew: 0.0044/0.0015/0.0000/0.0763,
	Losses: Policy Loss value/action/dist: 0.044/-0.019/0.973,
INFO:root:Time: 00d 02h 59m 43s, num timesteps 469920, FPS 43,
	Rewards: per step mean/med/min/max, rew: 0.0044/0.0015/0.0000/0.0763,
	Losses: Policy Loss value/action/dist: 0.044/-0.019/0.973,
INFO:root:Time: 00d 02h 59m 50s, num timesteps 470160, FPS 43,
	Rewards: per step mean/med/min/max, rew: 0.0043/0.0014/0.0000/0.0763,
	Losses: Policy Loss value/action/dist: 0.044/-0.019/0.973,
INFO:root:Time: 00d 02h 59m 59s, num timesteps 470400, FPS 43,
	Rewards: per step mean/med/min/max, rew: 0.0043/0.0014/0.0000/0.0763,
	Losses: Policy Loss value/action/dist: 0.044/-0.019/0.972,
INFO:root:Time: 00d 03h 00m 05s, num timesteps 470640, FPS 43,
	Rewards: per step mean/med/min/max, rew: 0.0044/0.0014/0.0000/0.0763,
	Losses: Policy Loss value/action/dist: 0.044/-0.019/0.972,
INFO:root:Time: 00d 03h 00m 11s, num timesteps 470880, FPS 43,
	Rewards: per step mean/med/min/max, rew: 0.0045/0.0015/0.0000/0.0763,
	Losses: Policy Loss value/action/dist: 0.044/-0.019/0.972,
INFO:root:Time: 00d 03h 00m 17s, num timesteps 471120, FPS 43,
	Rewards: per step mean/med/min/max, rew: 0.0046/0.0015/0.0000/0.0763,
	Losses: Policy Loss value/action/dist: 0.044/-0.019/0.972,
INFO:root:Time: 00d 03h 00m 24s, num timesteps 471360, FPS 43,
	Rewards: per step mean/med/min/max, rew: 0.0045/0.0015/0.0000/0.0763,
	Losses: Policy Loss value/action/dist: 0.044/-0.019/0.972,
INFO:root:Time: 00d 03h 00m 30s, num timesteps 471600, FPS 43,
	Rewards: per step mean/med/min/max, rew: 0.0045/0.0014/0.0000/0.0763,
	Losses: Policy Loss value/action/dist: 0.044/-0.019/0.972,
INFO:root:Time: 00d 03h 00m 36s, num timesteps 471840, FPS 43,
	Rewards: per step mean/med/min/max, rew: 0.0045/0.0015/0.0000/0.0763,
	Losses: Policy Loss value/action/dist: 0.044/-0.019/0.972,
INFO:root:Time: 00d 03h 00m 42s, num timesteps 472080, FPS 43,
	Rewards: per step mean/med/min/max, rew: 0.0045/0.0015/0.0000/0.0763,
	Losses: Policy Loss value/action/dist: 0.044/-0.019/0.972,
INFO:root:Time: 00d 03h 00m 49s, num timesteps 472320, FPS 43,
	Rewards: per step mean/med/min/max, rew: 0.0045/0.0015/0.0000/0.0763,
	Losses: Policy Loss value/action/dist: 0.044/-0.019/0.972,
INFO:root:Time: 00d 03h 00m 55s, num timesteps 472560, FPS 43,
	Rewards: per step mean/med/min/max, rew: 0.0045/0.0015/0.0000/0.0763,
	Losses: Policy Loss value/action/dist: 0.044/-0.019/0.972,
INFO:root:Time: 00d 03h 01m 04s, num timesteps 472800, FPS 43,
	Rewards: per step mean/med/min/max, rew: 0.0045/0.0015/0.0000/0.0763,
	Losses: Policy Loss value/action/dist: 0.044/-0.019/0.972,
INFO:root:Time: 00d 03h 01m 10s, num timesteps 473040, FPS 43,
	Rewards: per step mean/med/min/max, rew: 0.0045/0.0016/0.0000/0.0763,
	Losses: Policy Loss value/action/dist: 0.044/-0.019/0.972,
INFO:root:Time: 00d 03h 01m 17s, num timesteps 473280, FPS 43,
	Rewards: per step mean/med/min/max, rew: 0.0046/0.0016/0.0000/0.0763,
	Losses: Policy Loss value/action/dist: 0.044/-0.019/0.972,
INFO:root:Time: 00d 03h 01m 24s, num timesteps 473520, FPS 43,
	Rewards: per step mean/med/min/max, rew: 0.0046/0.0016/0.0000/0.0763,
	Losses: Policy Loss value/action/dist: 0.044/-0.019/0.972,
INFO:root:Time: 00d 03h 01m 30s, num timesteps 473760, FPS 43,
	Rewards: per step mean/med/min/max, rew: 0.0046/0.0016/0.0000/0.0763,
	Losses: Policy Loss value/action/dist: 0.044/-0.019/0.972,
INFO:root:Time: 00d 03h 01m 36s, num timesteps 474000, FPS 43,
	Rewards: per step mean/med/min/max, rew: 0.0046/0.0016/0.0000/0.0763,
	Losses: Policy Loss value/action/dist: 0.044/-0.019/0.972,
INFO:root:Time: 00d 03h 01m 43s, num timesteps 474240, FPS 43,
	Rewards: per step mean/med/min/max, rew: 0.0047/0.0016/0.0000/0.0763,
	Losses: Policy Loss value/action/dist: 0.044/-0.019/0.972,
INFO:root:Time: 00d 03h 01m 50s, num timesteps 474480, FPS 43,
	Rewards: per step mean/med/min/max, rew: 0.0048/0.0017/0.0000/0.0763,
	Losses: Policy Loss value/action/dist: 0.044/-0.019/0.972,
INFO:root:Time: 00d 03h 01m 56s, num timesteps 474720, FPS 43,
	Rewards: per step mean/med/min/max, rew: 0.0048/0.0017/0.0000/0.0763,
	Losses: Policy Loss value/action/dist: 0.044/-0.019/0.972,
INFO:root:Time: 00d 03h 02m 02s, num timesteps 474960, FPS 43,
	Rewards: per step mean/med/min/max, rew: 0.0048/0.0018/0.0000/0.0763,
	Losses: Policy Loss value/action/dist: 0.044/-0.019/0.972,
INFO:root:Time: 00d 03h 02m 11s, num timesteps 475200, FPS 43,
	Rewards: per step mean/med/min/max, rew: 0.0049/0.0019/0.0000/0.0763,
	Losses: Policy Loss value/action/dist: 0.044/-0.019/0.971,
INFO:root:Time: 00d 03h 02m 18s, num timesteps 475440, FPS 43,
	Rewards: per step mean/med/min/max, rew: 0.0049/0.0019/0.0000/0.0763,
	Losses: Policy Loss value/action/dist: 0.044/-0.019/0.971,
INFO:root:Time: 00d 03h 02m 24s, num timesteps 475680, FPS 43,
	Rewards: per step mean/med/min/max, rew: 0.0049/0.0019/0.0000/0.0763,
	Losses: Policy Loss value/action/dist: 0.044/-0.019/0.971,
INFO:root:Time: 00d 03h 02m 30s, num timesteps 475920, FPS 43,
	Rewards: per step mean/med/min/max, rew: 0.0049/0.0019/0.0000/0.0763,
	Losses: Policy Loss value/action/dist: 0.044/-0.019/0.971,
INFO:root:Time: 00d 03h 02m 37s, num timesteps 476160, FPS 43,
	Rewards: per step mean/med/min/max, rew: 0.0049/0.0018/0.0000/0.0763,
	Losses: Policy Loss value/action/dist: 0.044/-0.019/0.971,
INFO:root:Time: 00d 03h 02m 43s, num timesteps 476400, FPS 43,
	Rewards: per step mean/med/min/max, rew: 0.0049/0.0018/0.0000/0.0763,
	Losses: Policy Loss value/action/dist: 0.044/-0.019/0.971,
INFO:root:Time: 00d 03h 02m 50s, num timesteps 476640, FPS 43,
	Rewards: per step mean/med/min/max, rew: 0.0049/0.0018/0.0000/0.0763,
	Losses: Policy Loss value/action/dist: 0.044/-0.019/0.971,
INFO:root:Time: 00d 03h 02m 56s, num timesteps 476880, FPS 43,
	Rewards: per step mean/med/min/max, rew: 0.0050/0.0019/0.0000/0.0763,
	Losses: Policy Loss value/action/dist: 0.044/-0.019/0.971,
INFO:root:Time: 00d 03h 03m 02s, num timesteps 477120, FPS 43,
	Rewards: per step mean/med/min/max, rew: 0.0050/0.0020/0.0000/0.0763,
	Losses: Policy Loss value/action/dist: 0.044/-0.019/0.971,
INFO:root:Time: 00d 03h 03m 09s, num timesteps 477360, FPS 43,
	Rewards: per step mean/med/min/max, rew: 0.0050/0.0020/0.0000/0.0763,
	Losses: Policy Loss value/action/dist: 0.044/-0.019/0.971,
INFO:root:Time: 00d 03h 03m 18s, num timesteps 477600, FPS 43,
	Rewards: per step mean/med/min/max, rew: 0.0050/0.0020/0.0000/0.0763,
	Losses: Policy Loss value/action/dist: 0.044/-0.019/0.971,
INFO:root:Time: 00d 03h 03m 24s, num timesteps 477840, FPS 43,
	Rewards: per step mean/med/min/max, rew: 0.0050/0.0020/0.0000/0.0763,
	Losses: Policy Loss value/action/dist: 0.044/-0.019/0.971,
INFO:root:Time: 00d 03h 03m 30s, num timesteps 478080, FPS 43,
	Rewards: per step mean/med/min/max, rew: 0.0051/0.0021/0.0000/0.0763,
	Losses: Policy Loss value/action/dist: 0.044/-0.019/0.971,
INFO:root:Time: 00d 03h 03m 37s, num timesteps 478320, FPS 43,
	Rewards: per step mean/med/min/max, rew: 0.0050/0.0021/0.0000/0.0763,
	Losses: Policy Loss value/action/dist: 0.044/-0.019/0.971,
INFO:root:Time: 00d 03h 03m 43s, num timesteps 478560, FPS 43,
	Rewards: per step mean/med/min/max, rew: 0.0051/0.0021/0.0000/0.0763,
	Losses: Policy Loss value/action/dist: 0.044/-0.019/0.971,
INFO:root:Time: 00d 03h 03m 50s, num timesteps 478800, FPS 43,
	Rewards: per step mean/med/min/max, rew: 0.0051/0.0021/0.0000/0.0763,
	Losses: Policy Loss value/action/dist: 0.044/-0.019/0.971,
INFO:root:Time: 00d 03h 03m 56s, num timesteps 479040, FPS 43,
	Rewards: per step mean/med/min/max, rew: 0.0051/0.0021/0.0000/0.0763,
	Losses: Policy Loss value/action/dist: 0.044/-0.019/0.971,
INFO:root:Time: 00d 03h 04m 02s, num timesteps 479280, FPS 43,
	Rewards: per step mean/med/min/max, rew: 0.0051/0.0021/0.0000/0.0763,
	Losses: Policy Loss value/action/dist: 0.044/-0.019/0.971,
INFO:root:Time: 00d 03h 04m 09s, num timesteps 479520, FPS 43,
	Rewards: per step mean/med/min/max, rew: 0.0051/0.0021/0.0000/0.0763,
	Losses: Policy Loss value/action/dist: 0.044/-0.019/0.971,
INFO:root:Time: 00d 03h 04m 15s, num timesteps 479760, FPS 43,
	Rewards: per step mean/med/min/max, rew: 0.0052/0.0021/0.0000/0.0763,
	Losses: Policy Loss value/action/dist: 0.044/-0.019/0.971,
INFO:root:Time: 00d 03h 04m 24s, num timesteps 480000, FPS 43,
	Rewards: per step mean/med/min/max, rew: 0.0051/0.0021/0.0000/0.0763,
	Losses: Policy Loss value/action/dist: 0.044/-0.019/0.971,
INFO:root:Time: 00d 03h 04m 30s, num timesteps 480240, FPS 43,
	Rewards: per step mean/med/min/max, rew: 0.0051/0.0021/0.0000/0.0763,
	Losses: Policy Loss value/action/dist: 0.044/-0.019/0.971,
INFO:root:Time: 00d 03h 04m 36s, num timesteps 480480, FPS 43,
	Rewards: per step mean/med/min/max, rew: 0.0051/0.0021/0.0000/0.0763,
	Losses: Policy Loss value/action/dist: 0.044/-0.019/0.971,
INFO:root:Time: 00d 03h 04m 43s, num timesteps 480720, FPS 43,
	Rewards: per step mean/med/min/max, rew: 0.0050/0.0021/0.0000/0.0605,
	Losses: Policy Loss value/action/dist: 0.044/-0.019/0.971,
INFO:root:Time: 00d 03h 04m 49s, num timesteps 480960, FPS 43,
	Rewards: per step mean/med/min/max, rew: 0.0051/0.0021/0.0000/0.0605,
	Losses: Policy Loss value/action/dist: 0.044/-0.019/0.971,
INFO:root:Time: 00d 03h 04m 55s, num timesteps 481200, FPS 43,
	Rewards: per step mean/med/min/max, rew: 0.0050/0.0021/0.0000/0.0605,
	Losses: Policy Loss value/action/dist: 0.044/-0.019/0.971,
INFO:root:Time: 00d 03h 05m 02s, num timesteps 481440, FPS 43,
	Rewards: per step mean/med/min/max, rew: 0.0050/0.0021/0.0000/0.0605,
	Losses: Policy Loss value/action/dist: 0.044/-0.019/0.971,
INFO:root:Time: 00d 03h 05m 08s, num timesteps 481680, FPS 43,
	Rewards: per step mean/med/min/max, rew: 0.0051/0.0020/0.0000/0.0605,
	Losses: Policy Loss value/action/dist: 0.044/-0.019/0.971,
INFO:root:Time: 00d 03h 05m 14s, num timesteps 481920, FPS 43,
	Rewards: per step mean/med/min/max, rew: 0.0050/0.0020/0.0000/0.0605,
	Losses: Policy Loss value/action/dist: 0.044/-0.019/0.971,
INFO:root:Time: 00d 03h 05m 21s, num timesteps 482160, FPS 43,
	Rewards: per step mean/med/min/max, rew: 0.0050/0.0021/0.0000/0.0605,
	Losses: Policy Loss value/action/dist: 0.044/-0.019/0.971,
INFO:root:Time: 00d 03h 05m 30s, num timesteps 482400, FPS 43,
	Rewards: per step mean/med/min/max, rew: 0.0050/0.0021/0.0000/0.0605,
	Losses: Policy Loss value/action/dist: 0.044/-0.019/0.970,
INFO:root:Time: 00d 03h 05m 36s, num timesteps 482640, FPS 43,
	Rewards: per step mean/med/min/max, rew: 0.0050/0.0021/0.0000/0.0605,
	Losses: Policy Loss value/action/dist: 0.044/-0.019/0.970,
INFO:root:Time: 00d 03h 05m 43s, num timesteps 482880, FPS 43,
	Rewards: per step mean/med/min/max, rew: 0.0049/0.0021/0.0000/0.0605,
	Losses: Policy Loss value/action/dist: 0.044/-0.019/0.970,
INFO:root:Time: 00d 03h 05m 49s, num timesteps 483120, FPS 43,
	Rewards: per step mean/med/min/max, rew: 0.0049/0.0020/0.0000/0.0605,
	Losses: Policy Loss value/action/dist: 0.044/-0.019/0.970,
INFO:root:Time: 00d 03h 05m 56s, num timesteps 483360, FPS 43,
	Rewards: per step mean/med/min/max, rew: 0.0049/0.0020/0.0000/0.0605,
	Losses: Policy Loss value/action/dist: 0.044/-0.019/0.970,
INFO:root:Time: 00d 03h 06m 02s, num timesteps 483600, FPS 43,
	Rewards: per step mean/med/min/max, rew: 0.0048/0.0020/0.0000/0.0605,
	Losses: Policy Loss value/action/dist: 0.044/-0.019/0.970,
INFO:root:Time: 00d 03h 06m 09s, num timesteps 483840, FPS 43,
	Rewards: per step mean/med/min/max, rew: 0.0048/0.0020/0.0000/0.0605,
	Losses: Policy Loss value/action/dist: 0.044/-0.019/0.970,
INFO:root:Time: 00d 03h 06m 15s, num timesteps 484080, FPS 43,
	Rewards: per step mean/med/min/max, rew: 0.0049/0.0020/0.0000/0.0605,
	Losses: Policy Loss value/action/dist: 0.044/-0.019/0.970,
INFO:root:Time: 00d 03h 06m 22s, num timesteps 484320, FPS 43,
	Rewards: per step mean/med/min/max, rew: 0.0049/0.0020/0.0000/0.0605,
	Losses: Policy Loss value/action/dist: 0.044/-0.019/0.970,
INFO:root:Time: 00d 03h 06m 28s, num timesteps 484560, FPS 43,
	Rewards: per step mean/med/min/max, rew: 0.0049/0.0020/0.0000/0.0605,
	Losses: Policy Loss value/action/dist: 0.044/-0.019/0.970,
INFO:root:Time: 00d 03h 06m 37s, num timesteps 484800, FPS 43,
	Rewards: per step mean/med/min/max, rew: 0.0049/0.0020/0.0000/0.0605,
	Losses: Policy Loss value/action/dist: 0.044/-0.019/0.970,
INFO:root:Time: 00d 03h 06m 43s, num timesteps 485040, FPS 43,
	Rewards: per step mean/med/min/max, rew: 0.0050/0.0021/0.0000/0.0670,
	Losses: Policy Loss value/action/dist: 0.044/-0.019/0.970,
INFO:root:Time: 00d 03h 06m 50s, num timesteps 485280, FPS 43,
	Rewards: per step mean/med/min/max, rew: 0.0050/0.0021/0.0000/0.0670,
	Losses: Policy Loss value/action/dist: 0.044/-0.019/0.970,
INFO:root:Time: 00d 03h 06m 56s, num timesteps 485520, FPS 43,
	Rewards: per step mean/med/min/max, rew: 0.0050/0.0021/0.0000/0.0670,
	Losses: Policy Loss value/action/dist: 0.044/-0.019/0.970,
INFO:root:Time: 00d 03h 07m 02s, num timesteps 485760, FPS 43,
	Rewards: per step mean/med/min/max, rew: 0.0050/0.0021/0.0000/0.0670,
	Losses: Policy Loss value/action/dist: 0.044/-0.019/0.970,
INFO:root:Time: 00d 03h 07m 09s, num timesteps 486000, FPS 43,
	Rewards: per step mean/med/min/max, rew: 0.0050/0.0022/0.0000/0.0670,
	Losses: Policy Loss value/action/dist: 0.044/-0.019/0.970,
INFO:root:Time: 00d 03h 07m 15s, num timesteps 486240, FPS 43,
	Rewards: per step mean/med/min/max, rew: 0.0050/0.0022/0.0000/0.0670,
	Losses: Policy Loss value/action/dist: 0.044/-0.019/0.970,
INFO:root:Time: 00d 03h 07m 21s, num timesteps 486480, FPS 43,
	Rewards: per step mean/med/min/max, rew: 0.0050/0.0022/0.0000/0.0670,
	Losses: Policy Loss value/action/dist: 0.044/-0.019/0.970,
INFO:root:Time: 00d 03h 07m 28s, num timesteps 486720, FPS 43,
	Rewards: per step mean/med/min/max, rew: 0.0050/0.0021/0.0000/0.0670,
	Losses: Policy Loss value/action/dist: 0.044/-0.019/0.970,
INFO:root:Time: 00d 03h 07m 34s, num timesteps 486960, FPS 43,
	Rewards: per step mean/med/min/max, rew: 0.0049/0.0020/0.0000/0.0670,
	Losses: Policy Loss value/action/dist: 0.044/-0.019/0.970,
INFO:root:Time: 00d 03h 07m 43s, num timesteps 487200, FPS 43,
	Rewards: per step mean/med/min/max, rew: 0.0049/0.0020/0.0000/0.0670,
	Losses: Policy Loss value/action/dist: 0.044/-0.019/0.969,
INFO:root:Time: 00d 03h 07m 50s, num timesteps 487440, FPS 43,
	Rewards: per step mean/med/min/max, rew: 0.0049/0.0020/0.0000/0.0670,
	Losses: Policy Loss value/action/dist: 0.044/-0.019/0.969,
INFO:root:Time: 00d 03h 07m 56s, num timesteps 487680, FPS 43,
	Rewards: per step mean/med/min/max, rew: 0.0049/0.0020/0.0000/0.0670,
	Losses: Policy Loss value/action/dist: 0.044/-0.019/0.969,
INFO:root:Time: 00d 03h 08m 02s, num timesteps 487920, FPS 43,
	Rewards: per step mean/med/min/max, rew: 0.0049/0.0021/0.0000/0.0670,
	Losses: Policy Loss value/action/dist: 0.044/-0.019/0.969,
INFO:root:Time: 00d 03h 08m 09s, num timesteps 488160, FPS 43,
	Rewards: per step mean/med/min/max, rew: 0.0049/0.0020/0.0000/0.0670,
	Losses: Policy Loss value/action/dist: 0.044/-0.019/0.969,
INFO:root:Time: 00d 03h 08m 15s, num timesteps 488400, FPS 43,
	Rewards: per step mean/med/min/max, rew: 0.0049/0.0020/0.0000/0.0670,
	Losses: Policy Loss value/action/dist: 0.044/-0.019/0.969,
INFO:root:Time: 00d 03h 08m 21s, num timesteps 488640, FPS 43,
	Rewards: per step mean/med/min/max, rew: 0.0049/0.0020/0.0000/0.0670,
	Losses: Policy Loss value/action/dist: 0.044/-0.019/0.969,
INFO:root:Time: 00d 03h 08m 28s, num timesteps 488880, FPS 43,
	Rewards: per step mean/med/min/max, rew: 0.0049/0.0020/0.0000/0.0670,
	Losses: Policy Loss value/action/dist: 0.044/-0.019/0.969,
INFO:root:Time: 00d 03h 08m 34s, num timesteps 489120, FPS 43,
	Rewards: per step mean/med/min/max, rew: 0.0049/0.0020/0.0000/0.0670,
	Losses: Policy Loss value/action/dist: 0.044/-0.019/0.969,
INFO:root:Time: 00d 03h 08m 41s, num timesteps 489360, FPS 43,
	Rewards: per step mean/med/min/max, rew: 0.0050/0.0020/0.0000/0.0670,
	Losses: Policy Loss value/action/dist: 0.044/-0.019/0.969,
INFO:root:Time: 00d 03h 08m 50s, num timesteps 489600, FPS 43,
	Rewards: per step mean/med/min/max, rew: 0.0050/0.0021/0.0000/0.0670,
	Losses: Policy Loss value/action/dist: 0.044/-0.019/0.969,
INFO:root:Time: 00d 03h 08m 56s, num timesteps 489840, FPS 43,
	Rewards: per step mean/med/min/max, rew: 0.0050/0.0020/0.0000/0.0670,
	Losses: Policy Loss value/action/dist: 0.044/-0.019/0.969,
INFO:root:Time: 00d 03h 09m 03s, num timesteps 490080, FPS 43,
	Rewards: per step mean/med/min/max, rew: 0.0050/0.0021/0.0000/0.0670,
	Losses: Policy Loss value/action/dist: 0.044/-0.019/0.969,
INFO:root:Time: 00d 03h 09m 09s, num timesteps 490320, FPS 43,
	Rewards: per step mean/med/min/max, rew: 0.0050/0.0021/0.0000/0.0670,
	Losses: Policy Loss value/action/dist: 0.044/-0.019/0.969,
INFO:root:Time: 00d 03h 09m 15s, num timesteps 490560, FPS 43,
	Rewards: per step mean/med/min/max, rew: 0.0050/0.0021/0.0000/0.0670,
	Losses: Policy Loss value/action/dist: 0.044/-0.019/0.969,
INFO:root:Time: 00d 03h 09m 22s, num timesteps 490800, FPS 43,
	Rewards: per step mean/med/min/max, rew: 0.0050/0.0021/0.0000/0.0670,
	Losses: Policy Loss value/action/dist: 0.044/-0.019/0.969,
INFO:root:Time: 00d 03h 09m 28s, num timesteps 491040, FPS 43,
	Rewards: per step mean/med/min/max, rew: 0.0050/0.0020/0.0000/0.0670,
	Losses: Policy Loss value/action/dist: 0.044/-0.019/0.969,
INFO:root:Time: 00d 03h 09m 34s, num timesteps 491280, FPS 43,
	Rewards: per step mean/med/min/max, rew: 0.0050/0.0020/0.0000/0.0670,
	Losses: Policy Loss value/action/dist: 0.044/-0.019/0.969,
INFO:root:Time: 00d 03h 09m 40s, num timesteps 491520, FPS 43,
	Rewards: per step mean/med/min/max, rew: 0.0050/0.0020/0.0000/0.0670,
	Losses: Policy Loss value/action/dist: 0.044/-0.019/0.969,
INFO:root:Time: 00d 03h 09m 47s, num timesteps 491760, FPS 43,
	Rewards: per step mean/med/min/max, rew: 0.0050/0.0020/0.0000/0.0670,
	Losses: Policy Loss value/action/dist: 0.044/-0.019/0.969,
INFO:root:Time: 00d 03h 09m 56s, num timesteps 492000, FPS 43,
	Rewards: per step mean/med/min/max, rew: 0.0050/0.0020/0.0000/0.0670,
	Losses: Policy Loss value/action/dist: 0.044/-0.019/0.969,
INFO:root:Time: 00d 03h 10m 02s, num timesteps 492240, FPS 43,
	Rewards: per step mean/med/min/max, rew: 0.0049/0.0020/0.0000/0.0670,
	Losses: Policy Loss value/action/dist: 0.044/-0.019/0.969,
INFO:root:Time: 00d 03h 10m 09s, num timesteps 492480, FPS 43,
	Rewards: per step mean/med/min/max, rew: 0.0050/0.0020/0.0000/0.0670,
	Losses: Policy Loss value/action/dist: 0.044/-0.019/0.969,
INFO:root:Time: 00d 03h 10m 15s, num timesteps 492720, FPS 43,
	Rewards: per step mean/med/min/max, rew: 0.0051/0.0020/0.0000/0.0670,
	Losses: Policy Loss value/action/dist: 0.044/-0.019/0.969,
INFO:root:Time: 00d 03h 10m 21s, num timesteps 492960, FPS 43,
	Rewards: per step mean/med/min/max, rew: 0.0051/0.0021/0.0000/0.0670,
	Losses: Policy Loss value/action/dist: 0.044/-0.019/0.969,
INFO:root:Time: 00d 03h 10m 27s, num timesteps 493200, FPS 43,
	Rewards: per step mean/med/min/max, rew: 0.0051/0.0020/0.0000/0.0670,
	Losses: Policy Loss value/action/dist: 0.044/-0.019/0.969,
INFO:root:Time: 00d 03h 10m 33s, num timesteps 493440, FPS 43,
	Rewards: per step mean/med/min/max, rew: 0.0051/0.0020/0.0000/0.0670,
	Losses: Policy Loss value/action/dist: 0.044/-0.019/0.969,
INFO:root:Time: 00d 03h 10m 39s, num timesteps 493680, FPS 43,
	Rewards: per step mean/med/min/max, rew: 0.0053/0.0021/0.0000/0.0670,
	Losses: Policy Loss value/action/dist: 0.044/-0.019/0.969,
INFO:root:Time: 00d 03h 10m 46s, num timesteps 493920, FPS 43,
	Rewards: per step mean/med/min/max, rew: 0.0053/0.0021/0.0000/0.0670,
	Losses: Policy Loss value/action/dist: 0.044/-0.019/0.969,
INFO:root:Time: 00d 03h 10m 52s, num timesteps 494160, FPS 43,
	Rewards: per step mean/med/min/max, rew: 0.0054/0.0022/0.0000/0.0670,
	Losses: Policy Loss value/action/dist: 0.044/-0.019/0.969,
INFO:root:Time: 00d 03h 11m 01s, num timesteps 494400, FPS 43,
	Rewards: per step mean/med/min/max, rew: 0.0054/0.0021/0.0000/0.0670,
	Losses: Policy Loss value/action/dist: 0.045/-0.019/0.968,
INFO:root:Time: 00d 03h 11m 07s, num timesteps 494640, FPS 43,
	Rewards: per step mean/med/min/max, rew: 0.0053/0.0021/0.0000/0.0670,
	Losses: Policy Loss value/action/dist: 0.045/-0.019/0.968,
INFO:root:Time: 00d 03h 11m 13s, num timesteps 494880, FPS 43,
	Rewards: per step mean/med/min/max, rew: 0.0053/0.0021/0.0000/0.0670,
	Losses: Policy Loss value/action/dist: 0.045/-0.019/0.968,
INFO:root:Time: 00d 03h 11m 20s, num timesteps 495120, FPS 43,
	Rewards: per step mean/med/min/max, rew: 0.0052/0.0021/0.0000/0.0670,
	Losses: Policy Loss value/action/dist: 0.045/-0.019/0.968,
INFO:root:Time: 00d 03h 11m 26s, num timesteps 495360, FPS 43,
	Rewards: per step mean/med/min/max, rew: 0.0052/0.0021/0.0000/0.0670,
	Losses: Policy Loss value/action/dist: 0.045/-0.019/0.968,
INFO:root:Time: 00d 03h 11m 33s, num timesteps 495600, FPS 43,
	Rewards: per step mean/med/min/max, rew: 0.0052/0.0022/0.0000/0.0670,
	Losses: Policy Loss value/action/dist: 0.045/-0.019/0.968,
INFO:root:Time: 00d 03h 11m 39s, num timesteps 495840, FPS 43,
	Rewards: per step mean/med/min/max, rew: 0.0052/0.0022/0.0000/0.0670,
	Losses: Policy Loss value/action/dist: 0.045/-0.019/0.968,
INFO:root:Time: 00d 03h 11m 45s, num timesteps 496080, FPS 43,
	Rewards: per step mean/med/min/max, rew: 0.0052/0.0022/0.0000/0.0670,
	Losses: Policy Loss value/action/dist: 0.045/-0.019/0.968,
INFO:root:Time: 00d 03h 11m 52s, num timesteps 496320, FPS 43,
	Rewards: per step mean/med/min/max, rew: 0.0053/0.0022/0.0000/0.0670,
	Losses: Policy Loss value/action/dist: 0.045/-0.019/0.968,
INFO:root:Time: 00d 03h 11m 58s, num timesteps 496560, FPS 43,
	Rewards: per step mean/med/min/max, rew: 0.0053/0.0022/0.0000/0.0670,
	Losses: Policy Loss value/action/dist: 0.045/-0.019/0.968,
INFO:root:Time: 00d 03h 12m 07s, num timesteps 496800, FPS 43,
	Rewards: per step mean/med/min/max, rew: 0.0053/0.0022/0.0000/0.0670,
	Losses: Policy Loss value/action/dist: 0.045/-0.019/0.968,
INFO:root:Time: 00d 03h 12m 13s, num timesteps 497040, FPS 43,
	Rewards: per step mean/med/min/max, rew: 0.0052/0.0022/0.0000/0.0670,
	Losses: Policy Loss value/action/dist: 0.045/-0.019/0.968,
INFO:root:Time: 00d 03h 12m 19s, num timesteps 497280, FPS 43,
	Rewards: per step mean/med/min/max, rew: 0.0052/0.0021/0.0000/0.0670,
	Losses: Policy Loss value/action/dist: 0.045/-0.019/0.968,
INFO:root:Time: 00d 03h 12m 25s, num timesteps 497520, FPS 43,
	Rewards: per step mean/med/min/max, rew: 0.0052/0.0021/0.0000/0.0670,
	Losses: Policy Loss value/action/dist: 0.045/-0.019/0.968,
INFO:root:Time: 00d 03h 12m 31s, num timesteps 497760, FPS 43,
	Rewards: per step mean/med/min/max, rew: 0.0051/0.0020/0.0000/0.0670,
	Losses: Policy Loss value/action/dist: 0.045/-0.019/0.968,
INFO:root:Time: 00d 03h 12m 37s, num timesteps 498000, FPS 43,
	Rewards: per step mean/med/min/max, rew: 0.0051/0.0020/0.0000/0.0670,
	Losses: Policy Loss value/action/dist: 0.045/-0.019/0.968,
INFO:root:Time: 00d 03h 12m 44s, num timesteps 498240, FPS 43,
	Rewards: per step mean/med/min/max, rew: 0.0051/0.0020/0.0000/0.0670,
	Losses: Policy Loss value/action/dist: 0.045/-0.019/0.968,
INFO:root:Time: 00d 03h 12m 50s, num timesteps 498480, FPS 43,
	Rewards: per step mean/med/min/max, rew: 0.0051/0.0020/0.0000/0.0670,
	Losses: Policy Loss value/action/dist: 0.045/-0.019/0.968,
INFO:root:Time: 00d 03h 12m 56s, num timesteps 498720, FPS 43,
	Rewards: per step mean/med/min/max, rew: 0.0050/0.0020/0.0000/0.0670,
	Losses: Policy Loss value/action/dist: 0.045/-0.019/0.968,
INFO:root:Time: 00d 03h 13m 02s, num timesteps 498960, FPS 43,
	Rewards: per step mean/med/min/max, rew: 0.0050/0.0020/0.0000/0.0670,
	Losses: Policy Loss value/action/dist: 0.045/-0.019/0.968,
INFO:root:Time: 00d 03h 13m 12s, num timesteps 499200, FPS 43,
	Rewards: per step mean/med/min/max, rew: 0.0050/0.0018/0.0000/0.0670,
	Losses: Policy Loss value/action/dist: 0.045/-0.019/0.967,
INFO:root:Time: 00d 03h 13m 18s, num timesteps 499440, FPS 43,
	Rewards: per step mean/med/min/max, rew: 0.0050/0.0018/0.0000/0.0670,
	Losses: Policy Loss value/action/dist: 0.045/-0.019/0.967,
INFO:root:Time: 00d 03h 13m 24s, num timesteps 499680, FPS 43,
	Rewards: per step mean/med/min/max, rew: 0.0050/0.0018/0.0000/0.0670,
	Losses: Policy Loss value/action/dist: 0.045/-0.019/0.967,
INFO:root:Time: 00d 03h 13m 30s, num timesteps 499920, FPS 43,
	Rewards: per step mean/med/min/max, rew: 0.0050/0.0018/0.0000/0.0670,
	Losses: Policy Loss value/action/dist: 0.045/-0.019/0.967,
INFO:root:Time: 00d 03h 13m 37s, num timesteps 500160, FPS 43,
	Rewards: per step mean/med/min/max, rew: 0.0050/0.0018/0.0000/0.0670,
	Losses: Policy Loss value/action/dist: 0.045/-0.019/0.967,
INFO:root:Time: 00d 03h 13m 43s, num timesteps 500400, FPS 43,
	Rewards: per step mean/med/min/max, rew: 0.0049/0.0018/0.0000/0.0670,
	Losses: Policy Loss value/action/dist: 0.045/-0.019/0.967,
INFO:root:Time: 00d 03h 13m 50s, num timesteps 500640, FPS 43,
	Rewards: per step mean/med/min/max, rew: 0.0049/0.0018/0.0000/0.0670,
	Losses: Policy Loss value/action/dist: 0.045/-0.019/0.967,
INFO:root:Time: 00d 03h 13m 56s, num timesteps 500880, FPS 43,
	Rewards: per step mean/med/min/max, rew: 0.0048/0.0017/0.0000/0.0670,
	Losses: Policy Loss value/action/dist: 0.045/-0.019/0.967,
INFO:root:Time: 00d 03h 14m 02s, num timesteps 501120, FPS 43,
	Rewards: per step mean/med/min/max, rew: 0.0048/0.0017/0.0000/0.0670,
	Losses: Policy Loss value/action/dist: 0.045/-0.019/0.967,
INFO:root:Time: 00d 03h 14m 08s, num timesteps 501360, FPS 43,
	Rewards: per step mean/med/min/max, rew: 0.0048/0.0017/0.0000/0.0670,
	Losses: Policy Loss value/action/dist: 0.045/-0.019/0.967,
INFO:root:Time: 00d 03h 14m 17s, num timesteps 501600, FPS 43,
	Rewards: per step mean/med/min/max, rew: 0.0048/0.0017/0.0000/0.0670,
	Losses: Policy Loss value/action/dist: 0.044/-0.019/0.967,
INFO:root:Time: 00d 03h 14m 24s, num timesteps 501840, FPS 43,
	Rewards: per step mean/med/min/max, rew: 0.0048/0.0017/0.0000/0.0670,
	Losses: Policy Loss value/action/dist: 0.044/-0.019/0.967,
INFO:root:Time: 00d 03h 14m 30s, num timesteps 502080, FPS 43,
	Rewards: per step mean/med/min/max, rew: 0.0048/0.0016/0.0000/0.0670,
	Losses: Policy Loss value/action/dist: 0.044/-0.019/0.967,
INFO:root:Time: 00d 03h 14m 36s, num timesteps 502320, FPS 43,
	Rewards: per step mean/med/min/max, rew: 0.0048/0.0016/0.0000/0.0670,
	Losses: Policy Loss value/action/dist: 0.044/-0.019/0.967,
INFO:root:Time: 00d 03h 14m 43s, num timesteps 502560, FPS 43,
	Rewards: per step mean/med/min/max, rew: 0.0047/0.0016/0.0000/0.0670,
	Losses: Policy Loss value/action/dist: 0.044/-0.019/0.967,
INFO:root:Time: 00d 03h 14m 49s, num timesteps 502800, FPS 43,
	Rewards: per step mean/med/min/max, rew: 0.0047/0.0016/0.0000/0.0670,
	Losses: Policy Loss value/action/dist: 0.044/-0.019/0.967,
INFO:root:Time: 00d 03h 14m 55s, num timesteps 503040, FPS 43,
	Rewards: per step mean/med/min/max, rew: 0.0047/0.0017/0.0000/0.0670,
	Losses: Policy Loss value/action/dist: 0.044/-0.019/0.967,
INFO:root:Time: 00d 03h 15m 01s, num timesteps 503280, FPS 43,
	Rewards: per step mean/med/min/max, rew: 0.0047/0.0016/0.0000/0.0670,
	Losses: Policy Loss value/action/dist: 0.044/-0.019/0.967,
INFO:root:Time: 00d 03h 15m 08s, num timesteps 503520, FPS 43,
	Rewards: per step mean/med/min/max, rew: 0.0047/0.0017/0.0000/0.0670,
	Losses: Policy Loss value/action/dist: 0.044/-0.019/0.967,
INFO:root:Time: 00d 03h 15m 14s, num timesteps 503760, FPS 43,
	Rewards: per step mean/med/min/max, rew: 0.0047/0.0017/0.0000/0.0670,
	Losses: Policy Loss value/action/dist: 0.044/-0.019/0.967,
INFO:root:Time: 00d 03h 15m 23s, num timesteps 504000, FPS 42,
	Rewards: per step mean/med/min/max, rew: 0.0047/0.0017/0.0000/0.0670,
	Losses: Policy Loss value/action/dist: 0.044/-0.020/0.967,
INFO:root:Time: 00d 03h 15m 29s, num timesteps 504240, FPS 42,
	Rewards: per step mean/med/min/max, rew: 0.0047/0.0017/0.0000/0.0670,
	Losses: Policy Loss value/action/dist: 0.044/-0.020/0.967,
INFO:root:Time: 00d 03h 15m 35s, num timesteps 504480, FPS 42,
	Rewards: per step mean/med/min/max, rew: 0.0048/0.0017/0.0000/0.0694,
	Losses: Policy Loss value/action/dist: 0.044/-0.020/0.967,
INFO:root:Time: 00d 03h 15m 42s, num timesteps 504720, FPS 42,
	Rewards: per step mean/med/min/max, rew: 0.0047/0.0017/0.0000/0.0694,
	Losses: Policy Loss value/action/dist: 0.044/-0.020/0.967,
INFO:root:Time: 00d 03h 15m 48s, num timesteps 504960, FPS 42,
	Rewards: per step mean/med/min/max, rew: 0.0046/0.0017/0.0000/0.0694,
	Losses: Policy Loss value/action/dist: 0.044/-0.020/0.967,
INFO:root:Time: 00d 03h 15m 54s, num timesteps 505200, FPS 42,
	Rewards: per step mean/med/min/max, rew: 0.0048/0.0017/0.0000/0.0694,
	Losses: Policy Loss value/action/dist: 0.044/-0.020/0.967,
INFO:root:Time: 00d 03h 16m 00s, num timesteps 505440, FPS 42,
	Rewards: per step mean/med/min/max, rew: 0.0048/0.0017/0.0000/0.0694,
	Losses: Policy Loss value/action/dist: 0.044/-0.020/0.967,
INFO:root:Time: 00d 03h 16m 07s, num timesteps 505680, FPS 42,
	Rewards: per step mean/med/min/max, rew: 0.0048/0.0018/0.0000/0.0694,
	Losses: Policy Loss value/action/dist: 0.044/-0.020/0.967,
INFO:root:Time: 00d 03h 16m 13s, num timesteps 505920, FPS 42,
	Rewards: per step mean/med/min/max, rew: 0.0048/0.0018/0.0000/0.0694,
	Losses: Policy Loss value/action/dist: 0.044/-0.020/0.967,
INFO:root:Time: 00d 03h 16m 19s, num timesteps 506160, FPS 42,
	Rewards: per step mean/med/min/max, rew: 0.0048/0.0018/0.0000/0.0694,
	Losses: Policy Loss value/action/dist: 0.044/-0.020/0.967,
INFO:root:Time: 00d 03h 16m 28s, num timesteps 506400, FPS 42,
	Rewards: per step mean/med/min/max, rew: 0.0048/0.0018/0.0000/0.0694,
	Losses: Policy Loss value/action/dist: 0.044/-0.020/0.966,
INFO:root:Time: 00d 03h 16m 35s, num timesteps 506640, FPS 42,
	Rewards: per step mean/med/min/max, rew: 0.0048/0.0018/0.0000/0.0694,
	Losses: Policy Loss value/action/dist: 0.044/-0.020/0.966,
INFO:root:Time: 00d 03h 16m 41s, num timesteps 506880, FPS 42,
	Rewards: per step mean/med/min/max, rew: 0.0048/0.0018/0.0000/0.0694,
	Losses: Policy Loss value/action/dist: 0.044/-0.020/0.966,
INFO:root:Time: 00d 03h 16m 47s, num timesteps 507120, FPS 42,
	Rewards: per step mean/med/min/max, rew: 0.0048/0.0018/0.0000/0.0694,
	Losses: Policy Loss value/action/dist: 0.044/-0.020/0.966,
INFO:root:Time: 00d 03h 16m 53s, num timesteps 507360, FPS 42,
	Rewards: per step mean/med/min/max, rew: 0.0049/0.0018/0.0000/0.0694,
	Losses: Policy Loss value/action/dist: 0.044/-0.020/0.966,
INFO:root:Time: 00d 03h 16m 59s, num timesteps 507600, FPS 42,
	Rewards: per step mean/med/min/max, rew: 0.0050/0.0019/0.0000/0.0694,
	Losses: Policy Loss value/action/dist: 0.044/-0.020/0.966,
INFO:root:Time: 00d 03h 17m 06s, num timesteps 507840, FPS 42,
	Rewards: per step mean/med/min/max, rew: 0.0050/0.0019/0.0000/0.0694,
	Losses: Policy Loss value/action/dist: 0.044/-0.020/0.966,
INFO:root:Time: 00d 03h 17m 12s, num timesteps 508080, FPS 42,
	Rewards: per step mean/med/min/max, rew: 0.0049/0.0018/0.0000/0.0694,
	Losses: Policy Loss value/action/dist: 0.044/-0.020/0.966,
INFO:root:Time: 00d 03h 17m 18s, num timesteps 508320, FPS 42,
	Rewards: per step mean/med/min/max, rew: 0.0049/0.0018/0.0000/0.0694,
	Losses: Policy Loss value/action/dist: 0.044/-0.020/0.966,
INFO:root:Time: 00d 03h 17m 24s, num timesteps 508560, FPS 42,
	Rewards: per step mean/med/min/max, rew: 0.0049/0.0018/0.0000/0.0694,
	Losses: Policy Loss value/action/dist: 0.044/-0.020/0.966,
INFO:root:Time: 00d 03h 17m 34s, num timesteps 508800, FPS 42,
	Rewards: per step mean/med/min/max, rew: 0.0049/0.0018/0.0000/0.0694,
	Losses: Policy Loss value/action/dist: 0.044/-0.020/0.966,
INFO:root:Time: 00d 03h 17m 40s, num timesteps 509040, FPS 42,
	Rewards: per step mean/med/min/max, rew: 0.0048/0.0018/0.0000/0.0694,
	Losses: Policy Loss value/action/dist: 0.044/-0.020/0.966,
INFO:root:Time: 00d 03h 17m 46s, num timesteps 509280, FPS 42,
	Rewards: per step mean/med/min/max, rew: 0.0047/0.0017/0.0000/0.0694,
	Losses: Policy Loss value/action/dist: 0.044/-0.020/0.966,
INFO:root:Time: 00d 03h 17m 52s, num timesteps 509520, FPS 42,
	Rewards: per step mean/med/min/max, rew: 0.0047/0.0017/0.0000/0.0694,
	Losses: Policy Loss value/action/dist: 0.044/-0.020/0.966,
INFO:root:Time: 00d 03h 17m 59s, num timesteps 509760, FPS 42,
	Rewards: per step mean/med/min/max, rew: 0.0047/0.0017/0.0000/0.0694,
	Losses: Policy Loss value/action/dist: 0.044/-0.020/0.966,
INFO:root:Time: 00d 03h 18m 05s, num timesteps 510000, FPS 42,
	Rewards: per step mean/med/min/max, rew: 0.0047/0.0017/0.0000/0.0694,
	Losses: Policy Loss value/action/dist: 0.044/-0.020/0.966,
INFO:root:Time: 00d 03h 18m 11s, num timesteps 510240, FPS 42,
	Rewards: per step mean/med/min/max, rew: 0.0048/0.0018/0.0000/0.0694,
	Losses: Policy Loss value/action/dist: 0.044/-0.020/0.966,
INFO:root:Time: 00d 03h 18m 17s, num timesteps 510480, FPS 42,
	Rewards: per step mean/med/min/max, rew: 0.0047/0.0018/0.0000/0.0694,
	Losses: Policy Loss value/action/dist: 0.044/-0.020/0.966,
INFO:root:Time: 00d 03h 18m 23s, num timesteps 510720, FPS 42,
	Rewards: per step mean/med/min/max, rew: 0.0047/0.0018/0.0000/0.0694,
	Losses: Policy Loss value/action/dist: 0.044/-0.020/0.966,
INFO:root:Time: 00d 03h 18m 29s, num timesteps 510960, FPS 42,
	Rewards: per step mean/med/min/max, rew: 0.0048/0.0018/0.0000/0.0694,
	Losses: Policy Loss value/action/dist: 0.044/-0.020/0.966,
INFO:root:Time: 00d 03h 18m 38s, num timesteps 511200, FPS 42,
	Rewards: per step mean/med/min/max, rew: 0.0049/0.0019/0.0000/0.0694,
	Losses: Policy Loss value/action/dist: 0.044/-0.020/0.966,
INFO:root:Time: 00d 03h 18m 44s, num timesteps 511440, FPS 42,
	Rewards: per step mean/med/min/max, rew: 0.0049/0.0018/0.0000/0.0694,
	Losses: Policy Loss value/action/dist: 0.044/-0.020/0.966,
INFO:root:Time: 00d 03h 18m 51s, num timesteps 511680, FPS 42,
	Rewards: per step mean/med/min/max, rew: 0.0049/0.0018/0.0000/0.0694,
	Losses: Policy Loss value/action/dist: 0.044/-0.020/0.966,
INFO:root:Time: 00d 03h 18m 57s, num timesteps 511920, FPS 42,
	Rewards: per step mean/med/min/max, rew: 0.0048/0.0017/0.0000/0.0694,
	Losses: Policy Loss value/action/dist: 0.044/-0.020/0.966,
INFO:root:Time: 00d 03h 19m 03s, num timesteps 512160, FPS 42,
	Rewards: per step mean/med/min/max, rew: 0.0048/0.0018/0.0000/0.0694,
	Losses: Policy Loss value/action/dist: 0.044/-0.020/0.966,
INFO:root:Time: 00d 03h 19m 09s, num timesteps 512400, FPS 42,
	Rewards: per step mean/med/min/max, rew: 0.0048/0.0017/0.0000/0.0694,
	Losses: Policy Loss value/action/dist: 0.044/-0.020/0.966,
INFO:root:Time: 00d 03h 19m 16s, num timesteps 512640, FPS 42,
	Rewards: per step mean/med/min/max, rew: 0.0048/0.0017/0.0000/0.0694,
	Losses: Policy Loss value/action/dist: 0.044/-0.020/0.966,
INFO:root:Time: 00d 03h 19m 22s, num timesteps 512880, FPS 42,
	Rewards: per step mean/med/min/max, rew: 0.0048/0.0017/0.0000/0.0694,
	Losses: Policy Loss value/action/dist: 0.044/-0.020/0.966,
INFO:root:Time: 00d 03h 19m 28s, num timesteps 513120, FPS 42,
	Rewards: per step mean/med/min/max, rew: 0.0048/0.0018/0.0000/0.0694,
	Losses: Policy Loss value/action/dist: 0.044/-0.020/0.966,
INFO:root:Time: 00d 03h 19m 34s, num timesteps 513360, FPS 42,
	Rewards: per step mean/med/min/max, rew: 0.0048/0.0017/0.0000/0.0694,
	Losses: Policy Loss value/action/dist: 0.044/-0.020/0.966,
INFO:root:Time: 00d 03h 19m 43s, num timesteps 513600, FPS 42,
	Rewards: per step mean/med/min/max, rew: 0.0047/0.0017/0.0000/0.0694,
	Losses: Policy Loss value/action/dist: 0.044/-0.020/0.965,
INFO:root:Time: 00d 03h 19m 49s, num timesteps 513840, FPS 42,
	Rewards: per step mean/med/min/max, rew: 0.0047/0.0017/0.0000/0.0694,
	Losses: Policy Loss value/action/dist: 0.044/-0.020/0.965,
INFO:root:Time: 00d 03h 19m 55s, num timesteps 514080, FPS 42,
	Rewards: per step mean/med/min/max, rew: 0.0047/0.0017/0.0000/0.0694,
	Losses: Policy Loss value/action/dist: 0.044/-0.020/0.965,
INFO:root:Time: 00d 03h 20m 02s, num timesteps 514320, FPS 42,
	Rewards: per step mean/med/min/max, rew: 0.0047/0.0016/0.0000/0.0694,
	Losses: Policy Loss value/action/dist: 0.044/-0.020/0.965,
INFO:root:Time: 00d 03h 20m 08s, num timesteps 514560, FPS 42,
	Rewards: per step mean/med/min/max, rew: 0.0046/0.0016/0.0000/0.0694,
	Losses: Policy Loss value/action/dist: 0.044/-0.020/0.965,
INFO:root:Time: 00d 03h 20m 14s, num timesteps 514800, FPS 42,
	Rewards: per step mean/med/min/max, rew: 0.0046/0.0016/0.0000/0.0694,
	Losses: Policy Loss value/action/dist: 0.044/-0.020/0.965,
INFO:root:Time: 00d 03h 20m 21s, num timesteps 515040, FPS 42,
	Rewards: per step mean/med/min/max, rew: 0.0046/0.0016/0.0000/0.0694,
	Losses: Policy Loss value/action/dist: 0.044/-0.020/0.965,
INFO:root:Time: 00d 03h 20m 27s, num timesteps 515280, FPS 42,
	Rewards: per step mean/med/min/max, rew: 0.0046/0.0016/0.0000/0.0694,
	Losses: Policy Loss value/action/dist: 0.044/-0.020/0.965,
INFO:root:Time: 00d 03h 20m 33s, num timesteps 515520, FPS 42,
	Rewards: per step mean/med/min/max, rew: 0.0046/0.0016/0.0000/0.0694,
	Losses: Policy Loss value/action/dist: 0.044/-0.020/0.965,
INFO:root:Time: 00d 03h 20m 40s, num timesteps 515760, FPS 42,
	Rewards: per step mean/med/min/max, rew: 0.0046/0.0016/0.0000/0.0694,
	Losses: Policy Loss value/action/dist: 0.044/-0.020/0.965,
INFO:root:Time: 00d 03h 20m 49s, num timesteps 516000, FPS 42,
	Rewards: per step mean/med/min/max, rew: 0.0046/0.0016/0.0000/0.0694,
	Losses: Policy Loss value/action/dist: 0.044/-0.020/0.965,
INFO:root:Time: 00d 03h 20m 55s, num timesteps 516240, FPS 42,
	Rewards: per step mean/med/min/max, rew: 0.0047/0.0016/0.0000/0.0694,
	Losses: Policy Loss value/action/dist: 0.044/-0.020/0.965,
INFO:root:Time: 00d 03h 21m 02s, num timesteps 516480, FPS 42,
	Rewards: per step mean/med/min/max, rew: 0.0046/0.0016/0.0000/0.0694,
	Losses: Policy Loss value/action/dist: 0.044/-0.020/0.965,
INFO:root:Time: 00d 03h 21m 08s, num timesteps 516720, FPS 42,
	Rewards: per step mean/med/min/max, rew: 0.0046/0.0016/0.0000/0.0694,
	Losses: Policy Loss value/action/dist: 0.044/-0.020/0.965,
INFO:root:Time: 00d 03h 21m 14s, num timesteps 516960, FPS 42,
	Rewards: per step mean/med/min/max, rew: 0.0046/0.0016/0.0000/0.0694,
	Losses: Policy Loss value/action/dist: 0.044/-0.020/0.965,
INFO:root:Time: 00d 03h 21m 21s, num timesteps 517200, FPS 42,
	Rewards: per step mean/med/min/max, rew: 0.0047/0.0016/0.0000/0.0694,
	Losses: Policy Loss value/action/dist: 0.044/-0.020/0.965,
INFO:root:Time: 00d 03h 21m 27s, num timesteps 517440, FPS 42,
	Rewards: per step mean/med/min/max, rew: 0.0047/0.0016/0.0000/0.0694,
	Losses: Policy Loss value/action/dist: 0.044/-0.020/0.965,
INFO:root:Time: 00d 03h 21m 33s, num timesteps 517680, FPS 42,
	Rewards: per step mean/med/min/max, rew: 0.0047/0.0016/0.0000/0.0694,
	Losses: Policy Loss value/action/dist: 0.044/-0.020/0.965,
INFO:root:Time: 00d 03h 21m 40s, num timesteps 517920, FPS 42,
	Rewards: per step mean/med/min/max, rew: 0.0046/0.0016/0.0000/0.0694,
	Losses: Policy Loss value/action/dist: 0.044/-0.020/0.965,
INFO:root:Time: 00d 03h 21m 46s, num timesteps 518160, FPS 42,
	Rewards: per step mean/med/min/max, rew: 0.0045/0.0016/0.0000/0.0694,
	Losses: Policy Loss value/action/dist: 0.044/-0.020/0.965,
INFO:root:Time: 00d 03h 21m 55s, num timesteps 518400, FPS 42,
	Rewards: per step mean/med/min/max, rew: 0.0045/0.0016/0.0000/0.0694,
	Losses: Policy Loss value/action/dist: 0.044/-0.020/0.965,
INFO:root:Time: 00d 03h 22m 02s, num timesteps 518640, FPS 42,
	Rewards: per step mean/med/min/max, rew: 0.0045/0.0016/0.0000/0.0694,
	Losses: Policy Loss value/action/dist: 0.044/-0.020/0.965,
INFO:root:Time: 00d 03h 22m 08s, num timesteps 518880, FPS 42,
	Rewards: per step mean/med/min/max, rew: 0.0045/0.0016/0.0000/0.0694,
	Losses: Policy Loss value/action/dist: 0.044/-0.020/0.965,
INFO:root:Time: 00d 03h 22m 14s, num timesteps 519120, FPS 42,
	Rewards: per step mean/med/min/max, rew: 0.0046/0.0016/0.0000/0.0694,
	Losses: Policy Loss value/action/dist: 0.044/-0.020/0.965,
INFO:root:Time: 00d 03h 22m 21s, num timesteps 519360, FPS 42,
	Rewards: per step mean/med/min/max, rew: 0.0045/0.0016/0.0000/0.0694,
	Losses: Policy Loss value/action/dist: 0.044/-0.020/0.965,
INFO:root:Time: 00d 03h 22m 27s, num timesteps 519600, FPS 42,
	Rewards: per step mean/med/min/max, rew: 0.0045/0.0016/0.0000/0.0694,
	Losses: Policy Loss value/action/dist: 0.044/-0.020/0.965,
INFO:root:Time: 00d 03h 22m 33s, num timesteps 519840, FPS 42,
	Rewards: per step mean/med/min/max, rew: 0.0045/0.0015/0.0000/0.0694,
	Losses: Policy Loss value/action/dist: 0.044/-0.020/0.965,
INFO:root:Time: 00d 03h 22m 39s, num timesteps 520080, FPS 42,
	Rewards: per step mean/med/min/max, rew: 0.0045/0.0015/0.0000/0.0694,
	Losses: Policy Loss value/action/dist: 0.044/-0.020/0.965,
INFO:root:Time: 00d 03h 22m 45s, num timesteps 520320, FPS 42,
	Rewards: per step mean/med/min/max, rew: 0.0045/0.0015/0.0000/0.0694,
	Losses: Policy Loss value/action/dist: 0.044/-0.020/0.965,
INFO:root:Time: 00d 03h 22m 52s, num timesteps 520560, FPS 42,
	Rewards: per step mean/med/min/max, rew: 0.0045/0.0015/0.0000/0.0694,
	Losses: Policy Loss value/action/dist: 0.044/-0.020/0.965,
INFO:root:Time: 00d 03h 23m 01s, num timesteps 520800, FPS 42,
	Rewards: per step mean/med/min/max, rew: 0.0044/0.0015/0.0000/0.0694,
	Losses: Policy Loss value/action/dist: 0.044/-0.020/0.965,
INFO:root:Time: 00d 03h 23m 07s, num timesteps 521040, FPS 42,
	Rewards: per step mean/med/min/max, rew: 0.0044/0.0014/0.0000/0.0694,
	Losses: Policy Loss value/action/dist: 0.044/-0.020/0.965,
INFO:root:Time: 00d 03h 23m 13s, num timesteps 521280, FPS 42,
	Rewards: per step mean/med/min/max, rew: 0.0044/0.0014/0.0000/0.0694,
	Losses: Policy Loss value/action/dist: 0.044/-0.020/0.965,
INFO:root:Time: 00d 03h 23m 20s, num timesteps 521520, FPS 42,
	Rewards: per step mean/med/min/max, rew: 0.0044/0.0014/0.0000/0.0694,
	Losses: Policy Loss value/action/dist: 0.044/-0.020/0.965,
INFO:root:Time: 00d 03h 23m 26s, num timesteps 521760, FPS 42,
	Rewards: per step mean/med/min/max, rew: 0.0044/0.0014/0.0000/0.0694,
	Losses: Policy Loss value/action/dist: 0.044/-0.020/0.965,
INFO:root:Time: 00d 03h 23m 33s, num timesteps 522000, FPS 42,
	Rewards: per step mean/med/min/max, rew: 0.0044/0.0014/0.0000/0.0694,
	Losses: Policy Loss value/action/dist: 0.044/-0.020/0.965,
INFO:root:Time: 00d 03h 23m 39s, num timesteps 522240, FPS 42,
	Rewards: per step mean/med/min/max, rew: 0.0044/0.0014/0.0000/0.0694,
	Losses: Policy Loss value/action/dist: 0.044/-0.020/0.965,
INFO:root:Time: 00d 03h 23m 45s, num timesteps 522480, FPS 42,
	Rewards: per step mean/med/min/max, rew: 0.0043/0.0014/0.0000/0.0694,
	Losses: Policy Loss value/action/dist: 0.044/-0.020/0.965,
INFO:root:Time: 00d 03h 23m 52s, num timesteps 522720, FPS 42,
	Rewards: per step mean/med/min/max, rew: 0.0043/0.0013/0.0000/0.0694,
	Losses: Policy Loss value/action/dist: 0.044/-0.020/0.965,
INFO:root:Time: 00d 03h 23m 58s, num timesteps 522960, FPS 42,
	Rewards: per step mean/med/min/max, rew: 0.0043/0.0014/0.0000/0.0694,
	Losses: Policy Loss value/action/dist: 0.044/-0.020/0.965,
INFO:root:Time: 00d 03h 24m 07s, num timesteps 523200, FPS 42,
	Rewards: per step mean/med/min/max, rew: 0.0043/0.0014/0.0000/0.0694,
	Losses: Policy Loss value/action/dist: 0.044/-0.020/0.965,
INFO:root:Time: 00d 03h 24m 13s, num timesteps 523440, FPS 42,
	Rewards: per step mean/med/min/max, rew: 0.0043/0.0013/0.0000/0.0694,
	Losses: Policy Loss value/action/dist: 0.044/-0.020/0.965,
INFO:root:Time: 00d 03h 24m 20s, num timesteps 523680, FPS 42,
	Rewards: per step mean/med/min/max, rew: 0.0044/0.0014/0.0000/0.0694,
	Losses: Policy Loss value/action/dist: 0.044/-0.020/0.965,
INFO:root:Time: 00d 03h 24m 26s, num timesteps 523920, FPS 42,
	Rewards: per step mean/med/min/max, rew: 0.0044/0.0014/0.0000/0.0694,
	Losses: Policy Loss value/action/dist: 0.044/-0.020/0.965,
INFO:root:Time: 00d 03h 24m 32s, num timesteps 524160, FPS 42,
	Rewards: per step mean/med/min/max, rew: 0.0044/0.0014/0.0000/0.0694,
	Losses: Policy Loss value/action/dist: 0.044/-0.020/0.965,
INFO:root:Time: 00d 03h 24m 39s, num timesteps 524400, FPS 42,
	Rewards: per step mean/med/min/max, rew: 0.0044/0.0014/0.0000/0.0694,
	Losses: Policy Loss value/action/dist: 0.044/-0.020/0.965,
INFO:root:Time: 00d 03h 24m 45s, num timesteps 524640, FPS 42,
	Rewards: per step mean/med/min/max, rew: 0.0044/0.0014/0.0000/0.0694,
	Losses: Policy Loss value/action/dist: 0.044/-0.020/0.965,
INFO:root:Time: 00d 03h 24m 51s, num timesteps 524880, FPS 42,
	Rewards: per step mean/med/min/max, rew: 0.0044/0.0014/0.0000/0.0694,
	Losses: Policy Loss value/action/dist: 0.044/-0.020/0.965,
INFO:root:Time: 00d 03h 24m 57s, num timesteps 525120, FPS 42,
	Rewards: per step mean/med/min/max, rew: 0.0044/0.0014/0.0000/0.0694,
	Losses: Policy Loss value/action/dist: 0.044/-0.020/0.965,
INFO:root:Time: 00d 03h 25m 04s, num timesteps 525360, FPS 42,
	Rewards: per step mean/med/min/max, rew: 0.0044/0.0013/0.0000/0.0694,
	Losses: Policy Loss value/action/dist: 0.044/-0.020/0.965,
INFO:root:Time: 00d 03h 25m 12s, num timesteps 525600, FPS 42,
	Rewards: per step mean/med/min/max, rew: 0.0044/0.0014/0.0000/0.0694,
	Losses: Policy Loss value/action/dist: 0.044/-0.020/0.965,
INFO:root:Time: 00d 03h 25m 19s, num timesteps 525840, FPS 42,
	Rewards: per step mean/med/min/max, rew: 0.0044/0.0014/0.0000/0.0694,
	Losses: Policy Loss value/action/dist: 0.044/-0.020/0.965,
INFO:root:Time: 00d 03h 25m 25s, num timesteps 526080, FPS 42,
	Rewards: per step mean/med/min/max, rew: 0.0044/0.0014/0.0000/0.0694,
	Losses: Policy Loss value/action/dist: 0.044/-0.020/0.965,
INFO:root:Time: 00d 03h 25m 31s, num timesteps 526320, FPS 42,
	Rewards: per step mean/med/min/max, rew: 0.0044/0.0015/0.0000/0.0694,
	Losses: Policy Loss value/action/dist: 0.044/-0.020/0.965,
INFO:root:Time: 00d 03h 25m 38s, num timesteps 526560, FPS 42,
	Rewards: per step mean/med/min/max, rew: 0.0044/0.0015/0.0000/0.0694,
	Losses: Policy Loss value/action/dist: 0.044/-0.020/0.965,
INFO:root:Time: 00d 03h 25m 44s, num timesteps 526800, FPS 42,
	Rewards: per step mean/med/min/max, rew: 0.0044/0.0014/0.0000/0.0694,
	Losses: Policy Loss value/action/dist: 0.044/-0.020/0.965,
INFO:root:Time: 00d 03h 25m 50s, num timesteps 527040, FPS 42,
	Rewards: per step mean/med/min/max, rew: 0.0044/0.0014/0.0000/0.0694,
	Losses: Policy Loss value/action/dist: 0.044/-0.020/0.965,
INFO:root:Time: 00d 03h 25m 57s, num timesteps 527280, FPS 42,
	Rewards: per step mean/med/min/max, rew: 0.0044/0.0014/0.0000/0.0694,
	Losses: Policy Loss value/action/dist: 0.044/-0.020/0.965,
INFO:root:Time: 00d 03h 26m 03s, num timesteps 527520, FPS 42,
	Rewards: per step mean/med/min/max, rew: 0.0045/0.0014/0.0000/0.0694,
	Losses: Policy Loss value/action/dist: 0.044/-0.020/0.965,
INFO:root:Time: 00d 03h 26m 10s, num timesteps 527760, FPS 42,
	Rewards: per step mean/med/min/max, rew: 0.0045/0.0014/0.0000/0.0694,
	Losses: Policy Loss value/action/dist: 0.044/-0.020/0.965,
INFO:root:Time: 00d 03h 26m 19s, num timesteps 528000, FPS 42,
	Rewards: per step mean/med/min/max, rew: 0.0045/0.0014/0.0000/0.0694,
	Losses: Policy Loss value/action/dist: 0.044/-0.020/0.965,
INFO:root:Time: 00d 03h 26m 25s, num timesteps 528240, FPS 42,
	Rewards: per step mean/med/min/max, rew: 0.0045/0.0014/0.0000/0.0694,
	Losses: Policy Loss value/action/dist: 0.044/-0.020/0.965,
INFO:root:Time: 00d 03h 26m 32s, num timesteps 528480, FPS 42,
	Rewards: per step mean/med/min/max, rew: 0.0045/0.0014/0.0000/0.0627,
	Losses: Policy Loss value/action/dist: 0.044/-0.020/0.965,
INFO:root:Time: 00d 03h 26m 38s, num timesteps 528720, FPS 42,
	Rewards: per step mean/med/min/max, rew: 0.0045/0.0014/0.0000/0.0627,
	Losses: Policy Loss value/action/dist: 0.044/-0.020/0.965,
INFO:root:Time: 00d 03h 26m 44s, num timesteps 528960, FPS 42,
	Rewards: per step mean/med/min/max, rew: 0.0045/0.0014/0.0000/0.0627,
	Losses: Policy Loss value/action/dist: 0.044/-0.020/0.965,
INFO:root:Time: 00d 03h 26m 51s, num timesteps 529200, FPS 42,
	Rewards: per step mean/med/min/max, rew: 0.0044/0.0014/0.0000/0.0627,
	Losses: Policy Loss value/action/dist: 0.044/-0.020/0.965,
INFO:root:Time: 00d 03h 26m 57s, num timesteps 529440, FPS 42,
	Rewards: per step mean/med/min/max, rew: 0.0044/0.0014/0.0000/0.0627,
	Losses: Policy Loss value/action/dist: 0.044/-0.020/0.965,
INFO:root:Time: 00d 03h 27m 04s, num timesteps 529680, FPS 42,
	Rewards: per step mean/med/min/max, rew: 0.0043/0.0013/0.0000/0.0627,
	Losses: Policy Loss value/action/dist: 0.044/-0.020/0.965,
INFO:root:Time: 00d 03h 27m 10s, num timesteps 529920, FPS 42,
	Rewards: per step mean/med/min/max, rew: 0.0043/0.0012/0.0000/0.0627,
	Losses: Policy Loss value/action/dist: 0.044/-0.020/0.965,
INFO:root:Time: 00d 03h 27m 16s, num timesteps 530160, FPS 42,
	Rewards: per step mean/med/min/max, rew: 0.0043/0.0013/0.0000/0.0627,
	Losses: Policy Loss value/action/dist: 0.044/-0.020/0.965,
INFO:root:Time: 00d 03h 27m 25s, num timesteps 530400, FPS 42,
	Rewards: per step mean/med/min/max, rew: 0.0043/0.0013/0.0000/0.0627,
	Losses: Policy Loss value/action/dist: 0.044/-0.020/0.965,
INFO:root:Time: 00d 03h 27m 31s, num timesteps 530640, FPS 42,
	Rewards: per step mean/med/min/max, rew: 0.0043/0.0013/0.0000/0.0627,
	Losses: Policy Loss value/action/dist: 0.044/-0.020/0.965,
INFO:root:Time: 00d 03h 27m 37s, num timesteps 530880, FPS 42,
	Rewards: per step mean/med/min/max, rew: 0.0043/0.0013/0.0000/0.0627,
	Losses: Policy Loss value/action/dist: 0.044/-0.020/0.965,
INFO:root:Time: 00d 03h 27m 43s, num timesteps 531120, FPS 42,
	Rewards: per step mean/med/min/max, rew: 0.0043/0.0013/0.0000/0.0627,
	Losses: Policy Loss value/action/dist: 0.044/-0.020/0.965,
INFO:root:Time: 00d 03h 27m 49s, num timesteps 531360, FPS 42,
	Rewards: per step mean/med/min/max, rew: 0.0042/0.0013/0.0000/0.0627,
	Losses: Policy Loss value/action/dist: 0.044/-0.020/0.965,
INFO:root:Time: 00d 03h 27m 56s, num timesteps 531600, FPS 42,
	Rewards: per step mean/med/min/max, rew: 0.0043/0.0013/0.0000/0.0627,
	Losses: Policy Loss value/action/dist: 0.044/-0.020/0.965,
INFO:root:Time: 00d 03h 28m 02s, num timesteps 531840, FPS 42,
	Rewards: per step mean/med/min/max, rew: 0.0043/0.0013/0.0000/0.0627,
	Losses: Policy Loss value/action/dist: 0.044/-0.020/0.965,
INFO:root:Time: 00d 03h 28m 09s, num timesteps 532080, FPS 42,
	Rewards: per step mean/med/min/max, rew: 0.0043/0.0013/0.0000/0.0627,
	Losses: Policy Loss value/action/dist: 0.044/-0.020/0.965,
INFO:root:Time: 00d 03h 28m 15s, num timesteps 532320, FPS 42,
	Rewards: per step mean/med/min/max, rew: 0.0043/0.0013/0.0000/0.0627,
	Losses: Policy Loss value/action/dist: 0.044/-0.020/0.965,
INFO:root:Time: 00d 03h 28m 21s, num timesteps 532560, FPS 42,
	Rewards: per step mean/med/min/max, rew: 0.0043/0.0013/0.0000/0.0627,
	Losses: Policy Loss value/action/dist: 0.044/-0.020/0.965,
INFO:root:Time: 00d 03h 28m 30s, num timesteps 532800, FPS 42,
	Rewards: per step mean/med/min/max, rew: 0.0043/0.0013/0.0000/0.0627,
	Losses: Policy Loss value/action/dist: 0.044/-0.020/0.964,
INFO:root:Time: 00d 03h 28m 37s, num timesteps 533040, FPS 42,
	Rewards: per step mean/med/min/max, rew: 0.0043/0.0013/0.0000/0.0627,
	Losses: Policy Loss value/action/dist: 0.044/-0.020/0.964,
INFO:root:Time: 00d 03h 28m 43s, num timesteps 533280, FPS 42,
	Rewards: per step mean/med/min/max, rew: 0.0043/0.0013/0.0000/0.0627,
	Losses: Policy Loss value/action/dist: 0.044/-0.020/0.964,
INFO:root:Time: 00d 03h 28m 49s, num timesteps 533520, FPS 42,
	Rewards: per step mean/med/min/max, rew: 0.0043/0.0013/0.0000/0.0627,
	Losses: Policy Loss value/action/dist: 0.044/-0.020/0.964,
INFO:root:Time: 00d 03h 28m 55s, num timesteps 533760, FPS 42,
	Rewards: per step mean/med/min/max, rew: 0.0044/0.0013/0.0000/0.0627,
	Losses: Policy Loss value/action/dist: 0.044/-0.020/0.964,
INFO:root:Time: 00d 03h 29m 02s, num timesteps 534000, FPS 42,
	Rewards: per step mean/med/min/max, rew: 0.0044/0.0013/0.0000/0.0627,
	Losses: Policy Loss value/action/dist: 0.044/-0.020/0.964,
INFO:root:Time: 00d 03h 29m 08s, num timesteps 534240, FPS 42,
	Rewards: per step mean/med/min/max, rew: 0.0044/0.0013/0.0000/0.0627,
	Losses: Policy Loss value/action/dist: 0.044/-0.020/0.964,
INFO:root:Time: 00d 03h 29m 14s, num timesteps 534480, FPS 42,
	Rewards: per step mean/med/min/max, rew: 0.0044/0.0013/0.0000/0.0627,
	Losses: Policy Loss value/action/dist: 0.044/-0.020/0.964,
INFO:root:Time: 00d 03h 29m 21s, num timesteps 534720, FPS 42,
	Rewards: per step mean/med/min/max, rew: 0.0044/0.0013/0.0000/0.0627,
	Losses: Policy Loss value/action/dist: 0.044/-0.020/0.964,
INFO:root:Time: 00d 03h 29m 27s, num timesteps 534960, FPS 42,
	Rewards: per step mean/med/min/max, rew: 0.0043/0.0013/0.0000/0.0627,
	Losses: Policy Loss value/action/dist: 0.044/-0.020/0.964,
INFO:root:Time: 00d 03h 29m 36s, num timesteps 535200, FPS 42,
	Rewards: per step mean/med/min/max, rew: 0.0044/0.0013/0.0000/0.0627,
	Losses: Policy Loss value/action/dist: 0.045/-0.020/0.964,
INFO:root:Time: 00d 03h 29m 42s, num timesteps 535440, FPS 42,
	Rewards: per step mean/med/min/max, rew: 0.0043/0.0013/0.0000/0.0627,
	Losses: Policy Loss value/action/dist: 0.045/-0.020/0.964,
INFO:root:Time: 00d 03h 29m 49s, num timesteps 535680, FPS 42,
	Rewards: per step mean/med/min/max, rew: 0.0044/0.0013/0.0000/0.0627,
	Losses: Policy Loss value/action/dist: 0.045/-0.020/0.964,
INFO:root:Time: 00d 03h 29m 55s, num timesteps 535920, FPS 42,
	Rewards: per step mean/med/min/max, rew: 0.0044/0.0013/0.0000/0.0627,
	Losses: Policy Loss value/action/dist: 0.045/-0.020/0.964,
INFO:root:Time: 00d 03h 30m 01s, num timesteps 536160, FPS 42,
	Rewards: per step mean/med/min/max, rew: 0.0044/0.0013/0.0000/0.0627,
	Losses: Policy Loss value/action/dist: 0.045/-0.020/0.964,
INFO:root:Time: 00d 03h 30m 07s, num timesteps 536400, FPS 42,
	Rewards: per step mean/med/min/max, rew: 0.0044/0.0013/0.0000/0.0627,
	Losses: Policy Loss value/action/dist: 0.045/-0.020/0.964,
INFO:root:Time: 00d 03h 30m 14s, num timesteps 536640, FPS 42,
	Rewards: per step mean/med/min/max, rew: 0.0045/0.0013/0.0000/0.0627,
	Losses: Policy Loss value/action/dist: 0.045/-0.020/0.964,
INFO:root:Time: 00d 03h 30m 20s, num timesteps 536880, FPS 42,
	Rewards: per step mean/med/min/max, rew: 0.0045/0.0013/0.0000/0.0627,
	Losses: Policy Loss value/action/dist: 0.045/-0.020/0.964,
INFO:root:Time: 00d 03h 30m 26s, num timesteps 537120, FPS 42,
	Rewards: per step mean/med/min/max, rew: 0.0045/0.0013/0.0000/0.0627,
	Losses: Policy Loss value/action/dist: 0.045/-0.020/0.964,
INFO:root:Time: 00d 03h 30m 32s, num timesteps 537360, FPS 42,
	Rewards: per step mean/med/min/max, rew: 0.0045/0.0013/0.0000/0.0627,
	Losses: Policy Loss value/action/dist: 0.045/-0.020/0.964,
INFO:root:Time: 00d 03h 30m 41s, num timesteps 537600, FPS 42,
	Rewards: per step mean/med/min/max, rew: 0.0045/0.0014/0.0000/0.0627,
	Losses: Policy Loss value/action/dist: 0.045/-0.020/0.964,
INFO:root:Time: 00d 03h 30m 48s, num timesteps 537840, FPS 42,
	Rewards: per step mean/med/min/max, rew: 0.0045/0.0014/0.0000/0.0627,
	Losses: Policy Loss value/action/dist: 0.045/-0.020/0.964,
INFO:root:Time: 00d 03h 30m 54s, num timesteps 538080, FPS 42,
	Rewards: per step mean/med/min/max, rew: 0.0045/0.0014/0.0000/0.0627,
	Losses: Policy Loss value/action/dist: 0.045/-0.020/0.964,
INFO:root:Time: 00d 03h 31m 00s, num timesteps 538320, FPS 42,
	Rewards: per step mean/med/min/max, rew: 0.0045/0.0014/0.0000/0.0627,
	Losses: Policy Loss value/action/dist: 0.045/-0.020/0.964,
INFO:root:Time: 00d 03h 31m 06s, num timesteps 538560, FPS 42,
	Rewards: per step mean/med/min/max, rew: 0.0045/0.0014/0.0000/0.0627,
	Losses: Policy Loss value/action/dist: 0.045/-0.020/0.964,
INFO:root:Time: 00d 03h 31m 13s, num timesteps 538800, FPS 42,
	Rewards: per step mean/med/min/max, rew: 0.0045/0.0014/0.0000/0.0627,
	Losses: Policy Loss value/action/dist: 0.045/-0.020/0.964,
INFO:root:Time: 00d 03h 31m 19s, num timesteps 539040, FPS 42,
	Rewards: per step mean/med/min/max, rew: 0.0046/0.0015/0.0000/0.0627,
	Losses: Policy Loss value/action/dist: 0.045/-0.020/0.964,
INFO:root:Time: 00d 03h 31m 26s, num timesteps 539280, FPS 42,
	Rewards: per step mean/med/min/max, rew: 0.0046/0.0014/0.0000/0.0627,
	Losses: Policy Loss value/action/dist: 0.045/-0.020/0.964,
INFO:root:Time: 00d 03h 31m 32s, num timesteps 539520, FPS 42,
	Rewards: per step mean/med/min/max, rew: 0.0046/0.0014/0.0000/0.0627,
	Losses: Policy Loss value/action/dist: 0.045/-0.020/0.964,
INFO:root:Time: 00d 03h 31m 38s, num timesteps 539760, FPS 42,
	Rewards: per step mean/med/min/max, rew: 0.0046/0.0014/0.0000/0.0627,
	Losses: Policy Loss value/action/dist: 0.045/-0.020/0.964,
INFO:root:Time: 00d 03h 31m 47s, num timesteps 540000, FPS 42,
	Rewards: per step mean/med/min/max, rew: 0.0046/0.0014/0.0000/0.0627,
	Losses: Policy Loss value/action/dist: 0.044/-0.020/0.964,
INFO:root:Time: 00d 03h 31m 54s, num timesteps 540240, FPS 42,
	Rewards: per step mean/med/min/max, rew: 0.0045/0.0014/0.0000/0.0627,
	Losses: Policy Loss value/action/dist: 0.044/-0.020/0.964,
INFO:root:Time: 00d 03h 32m 00s, num timesteps 540480, FPS 42,
	Rewards: per step mean/med/min/max, rew: 0.0046/0.0015/0.0000/0.0627,
	Losses: Policy Loss value/action/dist: 0.044/-0.020/0.964,
INFO:root:Time: 00d 03h 32m 06s, num timesteps 540720, FPS 42,
	Rewards: per step mean/med/min/max, rew: 0.0046/0.0015/0.0000/0.0627,
	Losses: Policy Loss value/action/dist: 0.044/-0.020/0.964,
INFO:root:Time: 00d 03h 32m 13s, num timesteps 540960, FPS 42,
	Rewards: per step mean/med/min/max, rew: 0.0047/0.0015/0.0000/0.0627,
	Losses: Policy Loss value/action/dist: 0.044/-0.020/0.964,
INFO:root:Time: 00d 03h 32m 19s, num timesteps 541200, FPS 42,
	Rewards: per step mean/med/min/max, rew: 0.0045/0.0015/0.0000/0.0497,
	Losses: Policy Loss value/action/dist: 0.044/-0.020/0.964,
INFO:root:Time: 00d 03h 32m 25s, num timesteps 541440, FPS 42,
	Rewards: per step mean/med/min/max, rew: 0.0045/0.0015/0.0000/0.0497,
	Losses: Policy Loss value/action/dist: 0.044/-0.020/0.964,
INFO:root:Time: 00d 03h 32m 31s, num timesteps 541680, FPS 42,
	Rewards: per step mean/med/min/max, rew: 0.0044/0.0015/0.0000/0.0497,
	Losses: Policy Loss value/action/dist: 0.044/-0.020/0.964,
INFO:root:Time: 00d 03h 32m 37s, num timesteps 541920, FPS 42,
	Rewards: per step mean/med/min/max, rew: 0.0044/0.0015/0.0000/0.0497,
	Losses: Policy Loss value/action/dist: 0.044/-0.020/0.964,
INFO:root:Time: 00d 03h 32m 43s, num timesteps 542160, FPS 42,
	Rewards: per step mean/med/min/max, rew: 0.0044/0.0015/0.0000/0.0497,
	Losses: Policy Loss value/action/dist: 0.044/-0.020/0.964,
INFO:root:Time: 00d 03h 32m 52s, num timesteps 542400, FPS 42,
	Rewards: per step mean/med/min/max, rew: 0.0044/0.0015/0.0000/0.0497,
	Losses: Policy Loss value/action/dist: 0.045/-0.020/0.963,
INFO:root:Time: 00d 03h 32m 58s, num timesteps 542640, FPS 42,
	Rewards: per step mean/med/min/max, rew: 0.0043/0.0015/0.0000/0.0497,
	Losses: Policy Loss value/action/dist: 0.045/-0.020/0.963,
INFO:root:Time: 00d 03h 33m 04s, num timesteps 542880, FPS 42,
	Rewards: per step mean/med/min/max, rew: 0.0044/0.0015/0.0000/0.0497,
	Losses: Policy Loss value/action/dist: 0.045/-0.020/0.963,
INFO:root:Time: 00d 03h 33m 11s, num timesteps 543120, FPS 42,
	Rewards: per step mean/med/min/max, rew: 0.0043/0.0014/0.0000/0.0497,
	Losses: Policy Loss value/action/dist: 0.045/-0.020/0.963,
INFO:root:Time: 00d 03h 33m 17s, num timesteps 543360, FPS 42,
	Rewards: per step mean/med/min/max, rew: 0.0043/0.0014/0.0000/0.0497,
	Losses: Policy Loss value/action/dist: 0.045/-0.020/0.963,
INFO:root:Time: 00d 03h 33m 23s, num timesteps 543600, FPS 42,
	Rewards: per step mean/med/min/max, rew: 0.0043/0.0015/0.0000/0.0497,
	Losses: Policy Loss value/action/dist: 0.045/-0.020/0.963,
INFO:root:Time: 00d 03h 33m 29s, num timesteps 543840, FPS 42,
	Rewards: per step mean/med/min/max, rew: 0.0044/0.0015/0.0000/0.0497,
	Losses: Policy Loss value/action/dist: 0.045/-0.020/0.963,
INFO:root:Time: 00d 03h 33m 36s, num timesteps 544080, FPS 42,
	Rewards: per step mean/med/min/max, rew: 0.0044/0.0015/0.0000/0.0497,
	Losses: Policy Loss value/action/dist: 0.045/-0.020/0.963,
INFO:root:Time: 00d 03h 33m 42s, num timesteps 544320, FPS 42,
	Rewards: per step mean/med/min/max, rew: 0.0044/0.0015/0.0000/0.0497,
	Losses: Policy Loss value/action/dist: 0.045/-0.020/0.963,
INFO:root:Time: 00d 03h 33m 49s, num timesteps 544560, FPS 42,
	Rewards: per step mean/med/min/max, rew: 0.0044/0.0015/0.0000/0.0497,
	Losses: Policy Loss value/action/dist: 0.045/-0.020/0.963,
INFO:root:Time: 00d 03h 33m 57s, num timesteps 544800, FPS 42,
	Rewards: per step mean/med/min/max, rew: 0.0044/0.0015/0.0000/0.0497,
	Losses: Policy Loss value/action/dist: 0.045/-0.020/0.963,
INFO:root:Time: 00d 03h 34m 04s, num timesteps 545040, FPS 42,
	Rewards: per step mean/med/min/max, rew: 0.0044/0.0015/0.0000/0.0497,
	Losses: Policy Loss value/action/dist: 0.045/-0.020/0.963,
INFO:root:Time: 00d 03h 34m 10s, num timesteps 545280, FPS 42,
	Rewards: per step mean/med/min/max, rew: 0.0044/0.0015/0.0000/0.0497,
	Losses: Policy Loss value/action/dist: 0.045/-0.020/0.963,
INFO:root:Time: 00d 03h 34m 16s, num timesteps 545520, FPS 42,
	Rewards: per step mean/med/min/max, rew: 0.0044/0.0015/0.0000/0.0497,
	Losses: Policy Loss value/action/dist: 0.045/-0.020/0.963,
INFO:root:Time: 00d 03h 34m 22s, num timesteps 545760, FPS 42,
	Rewards: per step mean/med/min/max, rew: 0.0044/0.0015/0.0000/0.0497,
	Losses: Policy Loss value/action/dist: 0.045/-0.020/0.963,
INFO:root:Time: 00d 03h 34m 29s, num timesteps 546000, FPS 42,
	Rewards: per step mean/med/min/max, rew: 0.0044/0.0015/0.0000/0.0497,
	Losses: Policy Loss value/action/dist: 0.045/-0.020/0.963,
INFO:root:Time: 00d 03h 34m 35s, num timesteps 546240, FPS 42,
	Rewards: per step mean/med/min/max, rew: 0.0044/0.0015/0.0000/0.0497,
	Losses: Policy Loss value/action/dist: 0.045/-0.020/0.963,
INFO:root:Time: 00d 03h 34m 41s, num timesteps 546480, FPS 42,
	Rewards: per step mean/med/min/max, rew: 0.0044/0.0015/0.0000/0.0497,
	Losses: Policy Loss value/action/dist: 0.045/-0.020/0.963,
INFO:root:Time: 00d 03h 34m 47s, num timesteps 546720, FPS 42,
	Rewards: per step mean/med/min/max, rew: 0.0045/0.0015/0.0000/0.0497,
	Losses: Policy Loss value/action/dist: 0.045/-0.020/0.963,
INFO:root:Time: 00d 03h 34m 53s, num timesteps 546960, FPS 42,
	Rewards: per step mean/med/min/max, rew: 0.0045/0.0015/0.0000/0.0497,
	Losses: Policy Loss value/action/dist: 0.045/-0.020/0.963,
INFO:root:Time: 00d 03h 35m 02s, num timesteps 547200, FPS 42,
	Rewards: per step mean/med/min/max, rew: 0.0045/0.0015/0.0000/0.0497,
	Losses: Policy Loss value/action/dist: 0.045/-0.020/0.963,
INFO:root:Time: 00d 03h 35m 09s, num timesteps 547440, FPS 42,
	Rewards: per step mean/med/min/max, rew: 0.0045/0.0015/0.0000/0.0497,
	Losses: Policy Loss value/action/dist: 0.045/-0.020/0.963,
INFO:root:Time: 00d 03h 35m 15s, num timesteps 547680, FPS 42,
	Rewards: per step mean/med/min/max, rew: 0.0045/0.0015/0.0000/0.0497,
	Losses: Policy Loss value/action/dist: 0.045/-0.020/0.963,
INFO:root:Time: 00d 03h 35m 22s, num timesteps 547920, FPS 42,
	Rewards: per step mean/med/min/max, rew: 0.0045/0.0015/0.0000/0.0497,
	Losses: Policy Loss value/action/dist: 0.045/-0.020/0.963,
INFO:root:Time: 00d 03h 35m 28s, num timesteps 548160, FPS 42,
	Rewards: per step mean/med/min/max, rew: 0.0045/0.0015/0.0000/0.0497,
	Losses: Policy Loss value/action/dist: 0.045/-0.020/0.963,
INFO:root:Time: 00d 03h 35m 34s, num timesteps 548400, FPS 42,
	Rewards: per step mean/med/min/max, rew: 0.0045/0.0015/0.0000/0.0497,
	Losses: Policy Loss value/action/dist: 0.045/-0.020/0.963,
INFO:root:Time: 00d 03h 35m 41s, num timesteps 548640, FPS 42,
	Rewards: per step mean/med/min/max, rew: 0.0045/0.0015/0.0000/0.0497,
	Losses: Policy Loss value/action/dist: 0.045/-0.020/0.963,
INFO:root:Time: 00d 03h 35m 47s, num timesteps 548880, FPS 42,
	Rewards: per step mean/med/min/max, rew: 0.0045/0.0015/0.0000/0.0497,
	Losses: Policy Loss value/action/dist: 0.045/-0.020/0.963,
INFO:root:Time: 00d 03h 35m 53s, num timesteps 549120, FPS 42,
	Rewards: per step mean/med/min/max, rew: 0.0045/0.0015/0.0000/0.0497,
	Losses: Policy Loss value/action/dist: 0.045/-0.020/0.963,
INFO:root:Time: 00d 03h 36m 00s, num timesteps 549360, FPS 42,
	Rewards: per step mean/med/min/max, rew: 0.0045/0.0015/0.0000/0.0497,
	Losses: Policy Loss value/action/dist: 0.045/-0.020/0.963,
INFO:root:Time: 00d 03h 36m 09s, num timesteps 549600, FPS 42,
	Rewards: per step mean/med/min/max, rew: 0.0045/0.0015/0.0000/0.0497,
	Losses: Policy Loss value/action/dist: 0.044/-0.020/0.963,
INFO:root:Time: 00d 03h 36m 15s, num timesteps 549840, FPS 42,
	Rewards: per step mean/med/min/max, rew: 0.0045/0.0015/0.0000/0.0497,
	Losses: Policy Loss value/action/dist: 0.044/-0.020/0.963,
INFO:root:Time: 00d 03h 36m 21s, num timesteps 550080, FPS 42,
	Rewards: per step mean/med/min/max, rew: 0.0046/0.0015/0.0000/0.0497,
	Losses: Policy Loss value/action/dist: 0.044/-0.020/0.963,
INFO:root:Time: 00d 03h 36m 28s, num timesteps 550320, FPS 42,
	Rewards: per step mean/med/min/max, rew: 0.0046/0.0015/0.0000/0.0497,
	Losses: Policy Loss value/action/dist: 0.044/-0.020/0.963,
INFO:root:Time: 00d 03h 36m 34s, num timesteps 550560, FPS 42,
	Rewards: per step mean/med/min/max, rew: 0.0046/0.0015/0.0000/0.0497,
	Losses: Policy Loss value/action/dist: 0.044/-0.020/0.963,
INFO:root:Time: 00d 03h 36m 41s, num timesteps 550800, FPS 42,
	Rewards: per step mean/med/min/max, rew: 0.0046/0.0015/0.0000/0.0497,
	Losses: Policy Loss value/action/dist: 0.044/-0.020/0.963,
INFO:root:Time: 00d 03h 36m 47s, num timesteps 551040, FPS 42,
	Rewards: per step mean/med/min/max, rew: 0.0046/0.0016/0.0000/0.0497,
	Losses: Policy Loss value/action/dist: 0.044/-0.020/0.963,
INFO:root:Time: 00d 03h 36m 54s, num timesteps 551280, FPS 42,
	Rewards: per step mean/med/min/max, rew: 0.0045/0.0016/0.0000/0.0497,
	Losses: Policy Loss value/action/dist: 0.044/-0.020/0.963,
INFO:root:Time: 00d 03h 37m 00s, num timesteps 551520, FPS 42,
	Rewards: per step mean/med/min/max, rew: 0.0045/0.0015/0.0000/0.0497,
	Losses: Policy Loss value/action/dist: 0.044/-0.020/0.963,
INFO:root:Time: 00d 03h 37m 06s, num timesteps 551760, FPS 42,
	Rewards: per step mean/med/min/max, rew: 0.0045/0.0015/0.0000/0.0497,
	Losses: Policy Loss value/action/dist: 0.044/-0.020/0.963,
INFO:root:Time: 00d 03h 37m 15s, num timesteps 552000, FPS 42,
	Rewards: per step mean/med/min/max, rew: 0.0045/0.0016/0.0000/0.0497,
	Losses: Policy Loss value/action/dist: 0.044/-0.020/0.962,
INFO:root:Time: 00d 03h 37m 22s, num timesteps 552240, FPS 42,
	Rewards: per step mean/med/min/max, rew: 0.0045/0.0016/0.0000/0.0497,
	Losses: Policy Loss value/action/dist: 0.044/-0.020/0.962,
INFO:root:Time: 00d 03h 37m 28s, num timesteps 552480, FPS 42,
	Rewards: per step mean/med/min/max, rew: 0.0044/0.0016/0.0000/0.0497,
	Losses: Policy Loss value/action/dist: 0.044/-0.020/0.962,
INFO:root:Time: 00d 03h 37m 34s, num timesteps 552720, FPS 42,
	Rewards: per step mean/med/min/max, rew: 0.0044/0.0016/0.0000/0.0497,
	Losses: Policy Loss value/action/dist: 0.044/-0.020/0.962,
INFO:root:Time: 00d 03h 37m 40s, num timesteps 552960, FPS 42,
	Rewards: per step mean/med/min/max, rew: 0.0044/0.0016/0.0000/0.0497,
	Losses: Policy Loss value/action/dist: 0.044/-0.020/0.962,
INFO:root:Time: 00d 03h 37m 47s, num timesteps 553200, FPS 42,
	Rewards: per step mean/med/min/max, rew: 0.0045/0.0016/0.0000/0.0649,
	Losses: Policy Loss value/action/dist: 0.044/-0.020/0.962,
INFO:root:Time: 00d 03h 37m 53s, num timesteps 553440, FPS 42,
	Rewards: per step mean/med/min/max, rew: 0.0045/0.0016/0.0000/0.0649,
	Losses: Policy Loss value/action/dist: 0.044/-0.020/0.962,
INFO:root:Time: 00d 03h 37m 59s, num timesteps 553680, FPS 42,
	Rewards: per step mean/med/min/max, rew: 0.0046/0.0017/0.0000/0.0649,
	Losses: Policy Loss value/action/dist: 0.044/-0.020/0.962,
INFO:root:Time: 00d 03h 38m 05s, num timesteps 553920, FPS 42,
	Rewards: per step mean/med/min/max, rew: 0.0048/0.0017/0.0000/0.0649,
	Losses: Policy Loss value/action/dist: 0.044/-0.020/0.962,
INFO:root:Time: 00d 03h 38m 12s, num timesteps 554160, FPS 42,
	Rewards: per step mean/med/min/max, rew: 0.0047/0.0017/0.0000/0.0649,
	Losses: Policy Loss value/action/dist: 0.044/-0.020/0.962,
INFO:root:Time: 00d 03h 38m 21s, num timesteps 554400, FPS 42,
	Rewards: per step mean/med/min/max, rew: 0.0047/0.0017/0.0000/0.0649,
	Losses: Policy Loss value/action/dist: 0.045/-0.020/0.962,
INFO:root:Time: 00d 03h 38m 27s, num timesteps 554640, FPS 42,
	Rewards: per step mean/med/min/max, rew: 0.0047/0.0017/0.0000/0.0649,
	Losses: Policy Loss value/action/dist: 0.045/-0.020/0.962,
INFO:root:Time: 00d 03h 38m 33s, num timesteps 554880, FPS 42,
	Rewards: per step mean/med/min/max, rew: 0.0047/0.0017/0.0000/0.0649,
	Losses: Policy Loss value/action/dist: 0.045/-0.020/0.962,
INFO:root:Time: 00d 03h 38m 39s, num timesteps 555120, FPS 42,
	Rewards: per step mean/med/min/max, rew: 0.0047/0.0017/0.0000/0.0649,
	Losses: Policy Loss value/action/dist: 0.045/-0.020/0.962,
INFO:root:Time: 00d 03h 38m 46s, num timesteps 555360, FPS 42,
	Rewards: per step mean/med/min/max, rew: 0.0047/0.0017/0.0000/0.0649,
	Losses: Policy Loss value/action/dist: 0.045/-0.020/0.962,
INFO:root:Time: 00d 03h 38m 52s, num timesteps 555600, FPS 42,
	Rewards: per step mean/med/min/max, rew: 0.0046/0.0016/0.0000/0.0649,
	Losses: Policy Loss value/action/dist: 0.045/-0.020/0.962,
INFO:root:Time: 00d 03h 38m 59s, num timesteps 555840, FPS 42,
	Rewards: per step mean/med/min/max, rew: 0.0046/0.0016/0.0000/0.0649,
	Losses: Policy Loss value/action/dist: 0.045/-0.020/0.962,
INFO:root:Time: 00d 03h 39m 05s, num timesteps 556080, FPS 42,
	Rewards: per step mean/med/min/max, rew: 0.0046/0.0016/0.0000/0.0649,
	Losses: Policy Loss value/action/dist: 0.045/-0.020/0.962,
INFO:root:Time: 00d 03h 39m 11s, num timesteps 556320, FPS 42,
	Rewards: per step mean/med/min/max, rew: 0.0047/0.0016/0.0000/0.0649,
	Losses: Policy Loss value/action/dist: 0.045/-0.020/0.962,
INFO:root:Time: 00d 03h 39m 17s, num timesteps 556560, FPS 42,
	Rewards: per step mean/med/min/max, rew: 0.0047/0.0016/0.0000/0.0649,
	Losses: Policy Loss value/action/dist: 0.045/-0.020/0.962,
INFO:root:Time: 00d 03h 39m 26s, num timesteps 556800, FPS 42,
	Rewards: per step mean/med/min/max, rew: 0.0047/0.0016/0.0000/0.0649,
	Losses: Policy Loss value/action/dist: 0.045/-0.020/0.962,
INFO:root:Time: 00d 03h 39m 33s, num timesteps 557040, FPS 42,
	Rewards: per step mean/med/min/max, rew: 0.0047/0.0016/0.0000/0.0649,
	Losses: Policy Loss value/action/dist: 0.045/-0.020/0.962,
INFO:root:Time: 00d 03h 39m 39s, num timesteps 557280, FPS 42,
	Rewards: per step mean/med/min/max, rew: 0.0047/0.0017/0.0000/0.0649,
	Losses: Policy Loss value/action/dist: 0.045/-0.020/0.962,
INFO:root:Time: 00d 03h 39m 45s, num timesteps 557520, FPS 42,
	Rewards: per step mean/med/min/max, rew: 0.0047/0.0017/0.0000/0.0649,
	Losses: Policy Loss value/action/dist: 0.045/-0.020/0.962,
INFO:root:Time: 00d 03h 39m 51s, num timesteps 557760, FPS 42,
	Rewards: per step mean/med/min/max, rew: 0.0047/0.0017/0.0000/0.0649,
	Losses: Policy Loss value/action/dist: 0.045/-0.020/0.962,
INFO:root:Time: 00d 03h 39m 58s, num timesteps 558000, FPS 42,
	Rewards: per step mean/med/min/max, rew: 0.0048/0.0017/0.0000/0.0649,
	Losses: Policy Loss value/action/dist: 0.045/-0.020/0.962,
INFO:root:Time: 00d 03h 40m 04s, num timesteps 558240, FPS 42,
	Rewards: per step mean/med/min/max, rew: 0.0047/0.0017/0.0000/0.0649,
	Losses: Policy Loss value/action/dist: 0.045/-0.020/0.962,
INFO:root:Time: 00d 03h 40m 10s, num timesteps 558480, FPS 42,
	Rewards: per step mean/med/min/max, rew: 0.0047/0.0017/0.0000/0.0649,
	Losses: Policy Loss value/action/dist: 0.045/-0.020/0.962,
INFO:root:Time: 00d 03h 40m 16s, num timesteps 558720, FPS 42,
	Rewards: per step mean/med/min/max, rew: 0.0047/0.0017/0.0000/0.0649,
	Losses: Policy Loss value/action/dist: 0.045/-0.020/0.962,
INFO:root:Time: 00d 03h 40m 22s, num timesteps 558960, FPS 42,
	Rewards: per step mean/med/min/max, rew: 0.0047/0.0017/0.0000/0.0649,
	Losses: Policy Loss value/action/dist: 0.045/-0.020/0.962,
INFO:root:Time: 00d 03h 40m 31s, num timesteps 559200, FPS 42,
	Rewards: per step mean/med/min/max, rew: 0.0046/0.0017/0.0000/0.0649,
	Losses: Policy Loss value/action/dist: 0.044/-0.020/0.962,
INFO:root:Time: 00d 03h 40m 37s, num timesteps 559440, FPS 42,
	Rewards: per step mean/med/min/max, rew: 0.0046/0.0017/0.0000/0.0649,
	Losses: Policy Loss value/action/dist: 0.044/-0.020/0.962,
INFO:root:Time: 00d 03h 40m 44s, num timesteps 559680, FPS 42,
	Rewards: per step mean/med/min/max, rew: 0.0046/0.0017/0.0000/0.0649,
	Losses: Policy Loss value/action/dist: 0.044/-0.020/0.962,
INFO:root:Time: 00d 03h 40m 50s, num timesteps 559920, FPS 42,
	Rewards: per step mean/med/min/max, rew: 0.0046/0.0017/0.0000/0.0649,
	Losses: Policy Loss value/action/dist: 0.044/-0.020/0.962,
INFO:root:Time: 00d 03h 40m 56s, num timesteps 560160, FPS 42,
	Rewards: per step mean/med/min/max, rew: 0.0046/0.0017/0.0000/0.0649,
	Losses: Policy Loss value/action/dist: 0.044/-0.020/0.962,
INFO:root:Time: 00d 03h 41m 03s, num timesteps 560400, FPS 42,
	Rewards: per step mean/med/min/max, rew: 0.0046/0.0017/0.0000/0.0649,
	Losses: Policy Loss value/action/dist: 0.044/-0.020/0.962,
INFO:root:Time: 00d 03h 41m 09s, num timesteps 560640, FPS 42,
	Rewards: per step mean/med/min/max, rew: 0.0045/0.0016/0.0000/0.0649,
	Losses: Policy Loss value/action/dist: 0.044/-0.020/0.962,
INFO:root:Time: 00d 03h 41m 15s, num timesteps 560880, FPS 42,
	Rewards: per step mean/med/min/max, rew: 0.0045/0.0016/0.0000/0.0649,
	Losses: Policy Loss value/action/dist: 0.044/-0.020/0.962,
INFO:root:Time: 00d 03h 41m 21s, num timesteps 561120, FPS 42,
	Rewards: per step mean/med/min/max, rew: 0.0046/0.0017/0.0000/0.0649,
	Losses: Policy Loss value/action/dist: 0.044/-0.020/0.962,
INFO:root:Time: 00d 03h 41m 27s, num timesteps 561360, FPS 42,
	Rewards: per step mean/med/min/max, rew: 0.0046/0.0017/0.0000/0.0649,
	Losses: Policy Loss value/action/dist: 0.044/-0.020/0.962,
INFO:root:Time: 00d 03h 41m 37s, num timesteps 561600, FPS 42,
	Rewards: per step mean/med/min/max, rew: 0.0046/0.0017/0.0000/0.0649,
	Losses: Policy Loss value/action/dist: 0.044/-0.020/0.961,
INFO:root:Time: 00d 03h 41m 43s, num timesteps 561840, FPS 42,
	Rewards: per step mean/med/min/max, rew: 0.0046/0.0017/0.0000/0.0649,
	Losses: Policy Loss value/action/dist: 0.044/-0.020/0.961,
INFO:root:Time: 00d 03h 41m 50s, num timesteps 562080, FPS 42,
	Rewards: per step mean/med/min/max, rew: 0.0045/0.0017/0.0000/0.0649,
	Losses: Policy Loss value/action/dist: 0.044/-0.020/0.961,
INFO:root:Time: 00d 03h 41m 56s, num timesteps 562320, FPS 42,
	Rewards: per step mean/med/min/max, rew: 0.0045/0.0016/0.0000/0.0649,
	Losses: Policy Loss value/action/dist: 0.044/-0.020/0.961,
INFO:root:Time: 00d 03h 42m 02s, num timesteps 562560, FPS 42,
	Rewards: per step mean/med/min/max, rew: 0.0046/0.0017/0.0000/0.0649,
	Losses: Policy Loss value/action/dist: 0.044/-0.020/0.961,
INFO:root:Time: 00d 03h 42m 09s, num timesteps 562800, FPS 42,
	Rewards: per step mean/med/min/max, rew: 0.0046/0.0017/0.0000/0.0649,
	Losses: Policy Loss value/action/dist: 0.044/-0.020/0.961,
INFO:root:Time: 00d 03h 42m 15s, num timesteps 563040, FPS 42,
	Rewards: per step mean/med/min/max, rew: 0.0046/0.0017/0.0000/0.0649,
	Losses: Policy Loss value/action/dist: 0.044/-0.020/0.961,
INFO:root:Time: 00d 03h 42m 21s, num timesteps 563280, FPS 42,
	Rewards: per step mean/med/min/max, rew: 0.0046/0.0017/0.0000/0.0649,
	Losses: Policy Loss value/action/dist: 0.044/-0.020/0.961,
INFO:root:Time: 00d 03h 42m 27s, num timesteps 563520, FPS 42,
	Rewards: per step mean/med/min/max, rew: 0.0046/0.0017/0.0000/0.0649,
	Losses: Policy Loss value/action/dist: 0.044/-0.020/0.961,
INFO:root:Time: 00d 03h 42m 33s, num timesteps 563760, FPS 42,
	Rewards: per step mean/med/min/max, rew: 0.0046/0.0017/0.0000/0.0649,
	Losses: Policy Loss value/action/dist: 0.044/-0.020/0.961,
INFO:root:Time: 00d 03h 42m 42s, num timesteps 564000, FPS 42,
	Rewards: per step mean/med/min/max, rew: 0.0046/0.0017/0.0000/0.0649,
	Losses: Policy Loss value/action/dist: 0.044/-0.020/0.961,
INFO:root:Time: 00d 03h 42m 48s, num timesteps 564240, FPS 42,
	Rewards: per step mean/med/min/max, rew: 0.0046/0.0017/0.0000/0.0649,
	Losses: Policy Loss value/action/dist: 0.044/-0.020/0.961,
INFO:root:Time: 00d 03h 42m 55s, num timesteps 564480, FPS 42,
	Rewards: per step mean/med/min/max, rew: 0.0045/0.0017/0.0000/0.0649,
	Losses: Policy Loss value/action/dist: 0.044/-0.020/0.961,
INFO:root:Time: 00d 03h 43m 01s, num timesteps 564720, FPS 42,
	Rewards: per step mean/med/min/max, rew: 0.0045/0.0017/0.0000/0.0649,
	Losses: Policy Loss value/action/dist: 0.044/-0.020/0.961,
INFO:root:Time: 00d 03h 43m 07s, num timesteps 564960, FPS 42,
	Rewards: per step mean/med/min/max, rew: 0.0045/0.0017/0.0000/0.0649,
	Losses: Policy Loss value/action/dist: 0.044/-0.020/0.961,
INFO:root:Time: 00d 03h 43m 13s, num timesteps 565200, FPS 42,
	Rewards: per step mean/med/min/max, rew: 0.0046/0.0017/0.0000/0.0649,
	Losses: Policy Loss value/action/dist: 0.044/-0.020/0.961,
INFO:root:Time: 00d 03h 43m 19s, num timesteps 565440, FPS 42,
	Rewards: per step mean/med/min/max, rew: 0.0045/0.0017/0.0000/0.0649,
	Losses: Policy Loss value/action/dist: 0.044/-0.020/0.961,
INFO:root:Time: 00d 03h 43m 25s, num timesteps 565680, FPS 42,
	Rewards: per step mean/med/min/max, rew: 0.0045/0.0017/0.0000/0.0649,
	Losses: Policy Loss value/action/dist: 0.044/-0.020/0.961,
INFO:root:Time: 00d 03h 43m 32s, num timesteps 565920, FPS 42,
	Rewards: per step mean/med/min/max, rew: 0.0045/0.0017/0.0000/0.0649,
	Losses: Policy Loss value/action/dist: 0.044/-0.020/0.961,
INFO:root:Time: 00d 03h 43m 38s, num timesteps 566160, FPS 42,
	Rewards: per step mean/med/min/max, rew: 0.0045/0.0017/0.0000/0.0649,
	Losses: Policy Loss value/action/dist: 0.044/-0.020/0.961,
INFO:root:Time: 00d 03h 43m 47s, num timesteps 566400, FPS 42,
	Rewards: per step mean/med/min/max, rew: 0.0045/0.0016/0.0000/0.0649,
	Losses: Policy Loss value/action/dist: 0.044/-0.020/0.961,
INFO:root:Time: 00d 03h 43m 53s, num timesteps 566640, FPS 42,
	Rewards: per step mean/med/min/max, rew: 0.0045/0.0017/0.0000/0.0649,
	Losses: Policy Loss value/action/dist: 0.044/-0.020/0.961,
INFO:root:Time: 00d 03h 43m 59s, num timesteps 566880, FPS 42,
	Rewards: per step mean/med/min/max, rew: 0.0044/0.0017/0.0000/0.0649,
	Losses: Policy Loss value/action/dist: 0.044/-0.020/0.961,
INFO:root:Time: 00d 03h 44m 05s, num timesteps 567120, FPS 42,
	Rewards: per step mean/med/min/max, rew: 0.0045/0.0017/0.0000/0.0649,
	Losses: Policy Loss value/action/dist: 0.044/-0.020/0.961,
INFO:root:Time: 00d 03h 44m 12s, num timesteps 567360, FPS 42,
	Rewards: per step mean/med/min/max, rew: 0.0045/0.0016/0.0000/0.0649,
	Losses: Policy Loss value/action/dist: 0.044/-0.020/0.961,
INFO:root:Time: 00d 03h 44m 18s, num timesteps 567600, FPS 42,
	Rewards: per step mean/med/min/max, rew: 0.0044/0.0016/0.0000/0.0649,
	Losses: Policy Loss value/action/dist: 0.044/-0.020/0.961,
INFO:root:Time: 00d 03h 44m 24s, num timesteps 567840, FPS 42,
	Rewards: per step mean/med/min/max, rew: 0.0044/0.0015/0.0000/0.0649,
	Losses: Policy Loss value/action/dist: 0.044/-0.020/0.961,
INFO:root:Time: 00d 03h 44m 31s, num timesteps 568080, FPS 42,
	Rewards: per step mean/med/min/max, rew: 0.0044/0.0016/0.0000/0.0649,
	Losses: Policy Loss value/action/dist: 0.044/-0.020/0.961,
INFO:root:Time: 00d 03h 44m 37s, num timesteps 568320, FPS 42,
	Rewards: per step mean/med/min/max, rew: 0.0043/0.0015/0.0000/0.0649,
	Losses: Policy Loss value/action/dist: 0.044/-0.020/0.961,
INFO:root:Time: 00d 03h 44m 43s, num timesteps 568560, FPS 42,
	Rewards: per step mean/med/min/max, rew: 0.0044/0.0015/0.0000/0.0649,
	Losses: Policy Loss value/action/dist: 0.044/-0.020/0.961,
INFO:root:Time: 00d 03h 44m 53s, num timesteps 568800, FPS 42,
	Rewards: per step mean/med/min/max, rew: 0.0044/0.0016/0.0000/0.0649,
	Losses: Policy Loss value/action/dist: 0.044/-0.020/0.961,
INFO:root:Time: 00d 03h 44m 59s, num timesteps 569040, FPS 42,
	Rewards: per step mean/med/min/max, rew: 0.0044/0.0016/0.0000/0.0649,
	Losses: Policy Loss value/action/dist: 0.044/-0.020/0.961,
INFO:root:Time: 00d 03h 45m 06s, num timesteps 569280, FPS 42,
	Rewards: per step mean/med/min/max, rew: 0.0044/0.0016/0.0000/0.0649,
	Losses: Policy Loss value/action/dist: 0.044/-0.020/0.961,
INFO:root:Time: 00d 03h 45m 12s, num timesteps 569520, FPS 42,
	Rewards: per step mean/med/min/max, rew: 0.0044/0.0016/0.0000/0.0649,
	Losses: Policy Loss value/action/dist: 0.044/-0.020/0.961,
INFO:root:Time: 00d 03h 45m 18s, num timesteps 569760, FPS 42,
	Rewards: per step mean/med/min/max, rew: 0.0044/0.0017/0.0000/0.0649,
	Losses: Policy Loss value/action/dist: 0.044/-0.020/0.961,
INFO:root:Time: 00d 03h 45m 24s, num timesteps 570000, FPS 42,
	Rewards: per step mean/med/min/max, rew: 0.0044/0.0017/0.0000/0.0649,
	Losses: Policy Loss value/action/dist: 0.044/-0.020/0.961,
INFO:root:Time: 00d 03h 45m 31s, num timesteps 570240, FPS 42,
	Rewards: per step mean/med/min/max, rew: 0.0044/0.0017/0.0000/0.0649,
	Losses: Policy Loss value/action/dist: 0.044/-0.020/0.961,
INFO:root:Time: 00d 03h 45m 37s, num timesteps 570480, FPS 42,
	Rewards: per step mean/med/min/max, rew: 0.0044/0.0017/0.0000/0.0649,
	Losses: Policy Loss value/action/dist: 0.044/-0.020/0.961,
INFO:root:Time: 00d 03h 45m 43s, num timesteps 570720, FPS 42,
	Rewards: per step mean/med/min/max, rew: 0.0044/0.0016/0.0000/0.0649,
	Losses: Policy Loss value/action/dist: 0.044/-0.020/0.961,
INFO:root:Time: 00d 03h 45m 50s, num timesteps 570960, FPS 42,
	Rewards: per step mean/med/min/max, rew: 0.0044/0.0017/0.0000/0.0649,
	Losses: Policy Loss value/action/dist: 0.044/-0.020/0.961,
INFO:root:Time: 00d 03h 45m 59s, num timesteps 571200, FPS 42,
	Rewards: per step mean/med/min/max, rew: 0.0044/0.0017/0.0000/0.0649,
	Losses: Policy Loss value/action/dist: 0.044/-0.020/0.960,
INFO:root:Time: 00d 03h 46m 05s, num timesteps 571440, FPS 42,
	Rewards: per step mean/med/min/max, rew: 0.0044/0.0017/0.0000/0.0649,
	Losses: Policy Loss value/action/dist: 0.044/-0.020/0.960,
INFO:root:Time: 00d 03h 46m 12s, num timesteps 571680, FPS 42,
	Rewards: per step mean/med/min/max, rew: 0.0044/0.0017/0.0000/0.0649,
	Losses: Policy Loss value/action/dist: 0.044/-0.020/0.960,
INFO:root:Time: 00d 03h 46m 18s, num timesteps 571920, FPS 42,
	Rewards: per step mean/med/min/max, rew: 0.0044/0.0017/0.0000/0.0649,
	Losses: Policy Loss value/action/dist: 0.044/-0.020/0.960,
INFO:root:Time: 00d 03h 46m 24s, num timesteps 572160, FPS 42,
	Rewards: per step mean/med/min/max, rew: 0.0044/0.0017/0.0000/0.0649,
	Losses: Policy Loss value/action/dist: 0.044/-0.020/0.960,
INFO:root:Time: 00d 03h 46m 31s, num timesteps 572400, FPS 42,
	Rewards: per step mean/med/min/max, rew: 0.0045/0.0017/0.0000/0.0649,
	Losses: Policy Loss value/action/dist: 0.044/-0.020/0.960,
INFO:root:Time: 00d 03h 46m 37s, num timesteps 572640, FPS 42,
	Rewards: per step mean/med/min/max, rew: 0.0045/0.0017/0.0000/0.0649,
	Losses: Policy Loss value/action/dist: 0.044/-0.020/0.960,
INFO:root:Time: 00d 03h 46m 43s, num timesteps 572880, FPS 42,
	Rewards: per step mean/med/min/max, rew: 0.0045/0.0017/0.0000/0.0649,
	Losses: Policy Loss value/action/dist: 0.044/-0.020/0.960,
INFO:root:Time: 00d 03h 46m 50s, num timesteps 573120, FPS 42,
	Rewards: per step mean/med/min/max, rew: 0.0046/0.0018/0.0000/0.0649,
	Losses: Policy Loss value/action/dist: 0.044/-0.020/0.960,
INFO:root:Time: 00d 03h 46m 56s, num timesteps 573360, FPS 42,
	Rewards: per step mean/med/min/max, rew: 0.0046/0.0018/0.0000/0.0649,
	Losses: Policy Loss value/action/dist: 0.044/-0.020/0.960,
INFO:root:Time: 00d 03h 47m 05s, num timesteps 573600, FPS 42,
	Rewards: per step mean/med/min/max, rew: 0.0045/0.0018/0.0000/0.0649,
	Losses: Policy Loss value/action/dist: 0.044/-0.020/0.960,
INFO:root:Time: 00d 03h 47m 11s, num timesteps 573840, FPS 42,
	Rewards: per step mean/med/min/max, rew: 0.0045/0.0018/0.0000/0.0649,
	Losses: Policy Loss value/action/dist: 0.044/-0.020/0.960,
INFO:root:Time: 00d 03h 47m 18s, num timesteps 574080, FPS 42,
	Rewards: per step mean/med/min/max, rew: 0.0045/0.0018/0.0000/0.0649,
	Losses: Policy Loss value/action/dist: 0.044/-0.020/0.960,
INFO:root:Time: 00d 03h 47m 24s, num timesteps 574320, FPS 42,
	Rewards: per step mean/med/min/max, rew: 0.0045/0.0017/0.0000/0.0649,
	Losses: Policy Loss value/action/dist: 0.044/-0.020/0.960,
INFO:root:Time: 00d 03h 47m 31s, num timesteps 574560, FPS 42,
	Rewards: per step mean/med/min/max, rew: 0.0046/0.0018/0.0000/0.0649,
	Losses: Policy Loss value/action/dist: 0.044/-0.020/0.960,
INFO:root:Time: 00d 03h 47m 37s, num timesteps 574800, FPS 42,
	Rewards: per step mean/med/min/max, rew: 0.0046/0.0018/0.0000/0.0649,
	Losses: Policy Loss value/action/dist: 0.044/-0.020/0.960,
INFO:root:Time: 00d 03h 47m 43s, num timesteps 575040, FPS 42,
	Rewards: per step mean/med/min/max, rew: 0.0046/0.0018/0.0000/0.0649,
	Losses: Policy Loss value/action/dist: 0.044/-0.020/0.960,
INFO:root:Time: 00d 03h 47m 49s, num timesteps 575280, FPS 42,
	Rewards: per step mean/med/min/max, rew: 0.0046/0.0018/0.0000/0.0649,
	Losses: Policy Loss value/action/dist: 0.044/-0.020/0.960,
INFO:root:Time: 00d 03h 47m 56s, num timesteps 575520, FPS 42,
	Rewards: per step mean/med/min/max, rew: 0.0047/0.0018/0.0000/0.0649,
	Losses: Policy Loss value/action/dist: 0.044/-0.020/0.960,
INFO:root:Time: 00d 03h 48m 02s, num timesteps 575760, FPS 42,
	Rewards: per step mean/med/min/max, rew: 0.0047/0.0018/0.0000/0.0649,
	Losses: Policy Loss value/action/dist: 0.044/-0.020/0.960,
INFO:root:Time: 00d 03h 48m 11s, num timesteps 576000, FPS 42,
	Rewards: per step mean/med/min/max, rew: 0.0047/0.0018/0.0000/0.0649,
	Losses: Policy Loss value/action/dist: 0.044/-0.020/0.960,
INFO:root:Time: 00d 03h 48m 17s, num timesteps 576240, FPS 42,
	Rewards: per step mean/med/min/max, rew: 0.0048/0.0018/0.0000/0.0649,
	Losses: Policy Loss value/action/dist: 0.044/-0.020/0.960,
INFO:root:Time: 00d 03h 48m 23s, num timesteps 576480, FPS 42,
	Rewards: per step mean/med/min/max, rew: 0.0048/0.0018/0.0000/0.0649,
	Losses: Policy Loss value/action/dist: 0.044/-0.020/0.960,
INFO:root:Time: 00d 03h 48m 30s, num timesteps 576720, FPS 42,
	Rewards: per step mean/med/min/max, rew: 0.0048/0.0018/0.0000/0.0649,
	Losses: Policy Loss value/action/dist: 0.044/-0.020/0.960,
INFO:root:Time: 00d 03h 48m 36s, num timesteps 576960, FPS 42,
	Rewards: per step mean/med/min/max, rew: 0.0049/0.0018/0.0000/0.0649,
	Losses: Policy Loss value/action/dist: 0.044/-0.020/0.960,
INFO:root:Time: 00d 03h 48m 43s, num timesteps 577200, FPS 42,
	Rewards: per step mean/med/min/max, rew: 0.0048/0.0018/0.0000/0.0605,
	Losses: Policy Loss value/action/dist: 0.044/-0.020/0.960,
INFO:root:Time: 00d 03h 48m 49s, num timesteps 577440, FPS 42,
	Rewards: per step mean/med/min/max, rew: 0.0047/0.0018/0.0000/0.0605,
	Losses: Policy Loss value/action/dist: 0.044/-0.020/0.960,
INFO:root:Time: 00d 03h 48m 56s, num timesteps 577680, FPS 42,
	Rewards: per step mean/med/min/max, rew: 0.0047/0.0018/0.0000/0.0605,
	Losses: Policy Loss value/action/dist: 0.044/-0.020/0.960,
INFO:root:Time: 00d 03h 49m 02s, num timesteps 577920, FPS 42,
	Rewards: per step mean/med/min/max, rew: 0.0047/0.0018/0.0000/0.0605,
	Losses: Policy Loss value/action/dist: 0.044/-0.020/0.960,
INFO:root:Time: 00d 03h 49m 08s, num timesteps 578160, FPS 42,
	Rewards: per step mean/med/min/max, rew: 0.0048/0.0018/0.0000/0.0605,
	Losses: Policy Loss value/action/dist: 0.044/-0.020/0.960,
INFO:root:Time: 00d 03h 49m 17s, num timesteps 578400, FPS 42,
	Rewards: per step mean/med/min/max, rew: 0.0048/0.0018/0.0000/0.0605,
	Losses: Policy Loss value/action/dist: 0.044/-0.020/0.960,
INFO:root:Time: 00d 03h 49m 23s, num timesteps 578640, FPS 42,
	Rewards: per step mean/med/min/max, rew: 0.0049/0.0019/0.0000/0.0605,
	Losses: Policy Loss value/action/dist: 0.044/-0.020/0.960,
INFO:root:Time: 00d 03h 49m 29s, num timesteps 578880, FPS 42,
	Rewards: per step mean/med/min/max, rew: 0.0049/0.0019/0.0000/0.0605,
	Losses: Policy Loss value/action/dist: 0.044/-0.020/0.960,
INFO:root:Time: 00d 03h 49m 35s, num timesteps 579120, FPS 42,
	Rewards: per step mean/med/min/max, rew: 0.0049/0.0019/0.0000/0.0605,
	Losses: Policy Loss value/action/dist: 0.044/-0.020/0.960,
INFO:root:Time: 00d 03h 49m 42s, num timesteps 579360, FPS 42,
	Rewards: per step mean/med/min/max, rew: 0.0048/0.0018/0.0000/0.0605,
	Losses: Policy Loss value/action/dist: 0.044/-0.020/0.960,
INFO:root:Time: 00d 03h 49m 48s, num timesteps 579600, FPS 42,
	Rewards: per step mean/med/min/max, rew: 0.0048/0.0018/0.0000/0.0605,
	Losses: Policy Loss value/action/dist: 0.044/-0.020/0.960,
INFO:root:Time: 00d 03h 49m 54s, num timesteps 579840, FPS 42,
	Rewards: per step mean/med/min/max, rew: 0.0048/0.0018/0.0000/0.0605,
	Losses: Policy Loss value/action/dist: 0.044/-0.020/0.960,
INFO:root:Time: 00d 03h 50m 01s, num timesteps 580080, FPS 42,
	Rewards: per step mean/med/min/max, rew: 0.0048/0.0018/0.0000/0.0605,
	Losses: Policy Loss value/action/dist: 0.044/-0.020/0.960,
INFO:root:Time: 00d 03h 50m 07s, num timesteps 580320, FPS 42,
	Rewards: per step mean/med/min/max, rew: 0.0047/0.0018/0.0000/0.0605,
	Losses: Policy Loss value/action/dist: 0.044/-0.020/0.960,
INFO:root:Time: 00d 03h 50m 13s, num timesteps 580560, FPS 42,
	Rewards: per step mean/med/min/max, rew: 0.0047/0.0018/0.0000/0.0605,
	Losses: Policy Loss value/action/dist: 0.044/-0.020/0.960,
INFO:root:Time: 00d 03h 50m 22s, num timesteps 580800, FPS 42,
	Rewards: per step mean/med/min/max, rew: 0.0046/0.0018/0.0000/0.0605,
	Losses: Policy Loss value/action/dist: 0.044/-0.020/0.960,
INFO:root:Time: 00d 03h 50m 29s, num timesteps 581040, FPS 42,
	Rewards: per step mean/med/min/max, rew: 0.0046/0.0017/0.0000/0.0605,
	Losses: Policy Loss value/action/dist: 0.044/-0.020/0.960,
INFO:root:Time: 00d 03h 50m 35s, num timesteps 581280, FPS 42,
	Rewards: per step mean/med/min/max, rew: 0.0046/0.0016/0.0000/0.0605,
	Losses: Policy Loss value/action/dist: 0.044/-0.020/0.960,
INFO:root:Time: 00d 03h 50m 41s, num timesteps 581520, FPS 42,
	Rewards: per step mean/med/min/max, rew: 0.0046/0.0016/0.0000/0.0605,
	Losses: Policy Loss value/action/dist: 0.044/-0.020/0.960,
INFO:root:Time: 00d 03h 50m 48s, num timesteps 581760, FPS 42,
	Rewards: per step mean/med/min/max, rew: 0.0045/0.0016/0.0000/0.0605,
	Losses: Policy Loss value/action/dist: 0.044/-0.020/0.960,
INFO:root:Time: 00d 03h 50m 54s, num timesteps 582000, FPS 42,
	Rewards: per step mean/med/min/max, rew: 0.0045/0.0016/0.0000/0.0605,
	Losses: Policy Loss value/action/dist: 0.044/-0.020/0.960,
INFO:root:Time: 00d 03h 51m 00s, num timesteps 582240, FPS 42,
	Rewards: per step mean/med/min/max, rew: 0.0045/0.0016/0.0000/0.0605,
	Losses: Policy Loss value/action/dist: 0.044/-0.020/0.960,
INFO:root:Time: 00d 03h 51m 07s, num timesteps 582480, FPS 42,
	Rewards: per step mean/med/min/max, rew: 0.0045/0.0016/0.0000/0.0605,
	Losses: Policy Loss value/action/dist: 0.044/-0.020/0.960,
INFO:root:Time: 00d 03h 51m 13s, num timesteps 582720, FPS 42,
	Rewards: per step mean/med/min/max, rew: 0.0045/0.0016/0.0000/0.0605,
	Losses: Policy Loss value/action/dist: 0.044/-0.020/0.960,
INFO:root:Time: 00d 03h 51m 20s, num timesteps 582960, FPS 41,
	Rewards: per step mean/med/min/max, rew: 0.0045/0.0016/0.0000/0.0605,
	Losses: Policy Loss value/action/dist: 0.044/-0.020/0.960,
INFO:root:Time: 00d 03h 51m 29s, num timesteps 583200, FPS 41,
	Rewards: per step mean/med/min/max, rew: 0.0045/0.0015/0.0000/0.0605,
	Losses: Policy Loss value/action/dist: 0.044/-0.020/0.959,
INFO:root:Time: 00d 03h 51m 35s, num timesteps 583440, FPS 41,
	Rewards: per step mean/med/min/max, rew: 0.0045/0.0015/0.0000/0.0605,
	Losses: Policy Loss value/action/dist: 0.044/-0.020/0.959,
INFO:root:Time: 00d 03h 51m 42s, num timesteps 583680, FPS 41,
	Rewards: per step mean/med/min/max, rew: 0.0045/0.0015/0.0000/0.0605,
	Losses: Policy Loss value/action/dist: 0.044/-0.020/0.959,
INFO:root:Time: 00d 03h 51m 48s, num timesteps 583920, FPS 41,
	Rewards: per step mean/med/min/max, rew: 0.0045/0.0015/0.0000/0.0605,
	Losses: Policy Loss value/action/dist: 0.044/-0.020/0.959,
INFO:root:Time: 00d 03h 51m 54s, num timesteps 584160, FPS 41,
	Rewards: per step mean/med/min/max, rew: 0.0046/0.0016/0.0000/0.0605,
	Losses: Policy Loss value/action/dist: 0.044/-0.020/0.959,
INFO:root:Time: 00d 03h 52m 01s, num timesteps 584400, FPS 41,
	Rewards: per step mean/med/min/max, rew: 0.0046/0.0016/0.0000/0.0605,
	Losses: Policy Loss value/action/dist: 0.044/-0.020/0.959,
INFO:root:Time: 00d 03h 52m 07s, num timesteps 584640, FPS 41,
	Rewards: per step mean/med/min/max, rew: 0.0047/0.0017/0.0000/0.0605,
	Losses: Policy Loss value/action/dist: 0.044/-0.020/0.959,
INFO:root:Time: 00d 03h 52m 13s, num timesteps 584880, FPS 41,
	Rewards: per step mean/med/min/max, rew: 0.0047/0.0017/0.0000/0.0605,
	Losses: Policy Loss value/action/dist: 0.044/-0.020/0.959,
INFO:root:Time: 00d 03h 52m 20s, num timesteps 585120, FPS 41,
	Rewards: per step mean/med/min/max, rew: 0.0046/0.0016/0.0000/0.0605,
	Losses: Policy Loss value/action/dist: 0.044/-0.020/0.959,
INFO:root:Time: 00d 03h 52m 26s, num timesteps 585360, FPS 41,
	Rewards: per step mean/med/min/max, rew: 0.0046/0.0016/0.0000/0.0605,
	Losses: Policy Loss value/action/dist: 0.044/-0.020/0.959,
INFO:root:Time: 00d 03h 52m 35s, num timesteps 585600, FPS 41,
	Rewards: per step mean/med/min/max, rew: 0.0046/0.0016/0.0000/0.0605,
	Losses: Policy Loss value/action/dist: 0.044/-0.020/0.959,
INFO:root:Time: 00d 03h 52m 41s, num timesteps 585840, FPS 41,
	Rewards: per step mean/med/min/max, rew: 0.0046/0.0016/0.0000/0.0605,
	Losses: Policy Loss value/action/dist: 0.044/-0.020/0.959,
INFO:root:Time: 00d 03h 52m 48s, num timesteps 586080, FPS 41,
	Rewards: per step mean/med/min/max, rew: 0.0047/0.0016/0.0000/0.0605,
	Losses: Policy Loss value/action/dist: 0.044/-0.020/0.959,
INFO:root:Time: 00d 03h 52m 54s, num timesteps 586320, FPS 41,
	Rewards: per step mean/med/min/max, rew: 0.0047/0.0016/0.0000/0.0605,
	Losses: Policy Loss value/action/dist: 0.044/-0.020/0.959,
INFO:root:Time: 00d 03h 53m 01s, num timesteps 586560, FPS 41,
	Rewards: per step mean/med/min/max, rew: 0.0047/0.0016/0.0000/0.0605,
	Losses: Policy Loss value/action/dist: 0.044/-0.020/0.959,
INFO:root:Time: 00d 03h 53m 07s, num timesteps 586800, FPS 41,
	Rewards: per step mean/med/min/max, rew: 0.0046/0.0016/0.0000/0.0605,
	Losses: Policy Loss value/action/dist: 0.044/-0.020/0.959,
INFO:root:Time: 00d 03h 53m 13s, num timesteps 587040, FPS 41,
	Rewards: per step mean/med/min/max, rew: 0.0046/0.0016/0.0000/0.0605,
	Losses: Policy Loss value/action/dist: 0.044/-0.020/0.959,
INFO:root:Time: 00d 03h 53m 20s, num timesteps 587280, FPS 41,
	Rewards: per step mean/med/min/max, rew: 0.0046/0.0016/0.0000/0.0605,
	Losses: Policy Loss value/action/dist: 0.044/-0.020/0.959,
INFO:root:Time: 00d 03h 53m 26s, num timesteps 587520, FPS 41,
	Rewards: per step mean/med/min/max, rew: 0.0047/0.0017/0.0000/0.0605,
	Losses: Policy Loss value/action/dist: 0.044/-0.020/0.959,
INFO:root:Time: 00d 03h 53m 33s, num timesteps 587760, FPS 41,
	Rewards: per step mean/med/min/max, rew: 0.0046/0.0016/0.0000/0.0605,
	Losses: Policy Loss value/action/dist: 0.044/-0.020/0.959,
INFO:root:Time: 00d 03h 53m 41s, num timesteps 588000, FPS 41,
	Rewards: per step mean/med/min/max, rew: 0.0046/0.0016/0.0000/0.0605,
	Losses: Policy Loss value/action/dist: 0.044/-0.020/0.959,
INFO:root:Time: 00d 03h 53m 48s, num timesteps 588240, FPS 41,
	Rewards: per step mean/med/min/max, rew: 0.0046/0.0016/0.0000/0.0638,
	Losses: Policy Loss value/action/dist: 0.044/-0.020/0.959,
INFO:root:Time: 00d 03h 53m 54s, num timesteps 588480, FPS 41,
	Rewards: per step mean/med/min/max, rew: 0.0047/0.0016/0.0000/0.0638,
	Losses: Policy Loss value/action/dist: 0.044/-0.020/0.959,
INFO:root:Time: 00d 03h 54m 00s, num timesteps 588720, FPS 41,
	Rewards: per step mean/med/min/max, rew: 0.0047/0.0016/0.0000/0.0638,
	Losses: Policy Loss value/action/dist: 0.044/-0.020/0.959,
INFO:root:Time: 00d 03h 54m 07s, num timesteps 588960, FPS 41,
	Rewards: per step mean/med/min/max, rew: 0.0046/0.0016/0.0000/0.0638,
	Losses: Policy Loss value/action/dist: 0.044/-0.020/0.959,
INFO:root:Time: 00d 03h 54m 13s, num timesteps 589200, FPS 41,
	Rewards: per step mean/med/min/max, rew: 0.0046/0.0016/0.0000/0.0638,
	Losses: Policy Loss value/action/dist: 0.044/-0.020/0.959,
INFO:root:Time: 00d 03h 54m 19s, num timesteps 589440, FPS 41,
	Rewards: per step mean/med/min/max, rew: 0.0047/0.0016/0.0000/0.0638,
	Losses: Policy Loss value/action/dist: 0.044/-0.020/0.959,
INFO:root:Time: 00d 03h 54m 26s, num timesteps 589680, FPS 41,
	Rewards: per step mean/med/min/max, rew: 0.0047/0.0016/0.0000/0.0638,
	Losses: Policy Loss value/action/dist: 0.044/-0.020/0.959,
INFO:root:Time: 00d 03h 54m 33s, num timesteps 589920, FPS 41,
	Rewards: per step mean/med/min/max, rew: 0.0047/0.0016/0.0000/0.0638,
	Losses: Policy Loss value/action/dist: 0.044/-0.020/0.959,
INFO:root:Time: 00d 03h 54m 39s, num timesteps 590160, FPS 41,
	Rewards: per step mean/med/min/max, rew: 0.0048/0.0017/0.0000/0.0638,
	Losses: Policy Loss value/action/dist: 0.044/-0.020/0.959,
INFO:root:Time: 00d 03h 54m 48s, num timesteps 590400, FPS 41,
	Rewards: per step mean/med/min/max, rew: 0.0049/0.0017/0.0000/0.0638,
	Losses: Policy Loss value/action/dist: 0.044/-0.020/0.959,
INFO:root:Time: 00d 03h 54m 54s, num timesteps 590640, FPS 41,
	Rewards: per step mean/med/min/max, rew: 0.0048/0.0017/0.0000/0.0638,
	Losses: Policy Loss value/action/dist: 0.044/-0.020/0.959,
INFO:root:Time: 00d 03h 55m 01s, num timesteps 590880, FPS 41,
	Rewards: per step mean/med/min/max, rew: 0.0048/0.0017/0.0000/0.0638,
	Losses: Policy Loss value/action/dist: 0.044/-0.020/0.959,
INFO:root:Time: 00d 03h 55m 07s, num timesteps 591120, FPS 41,
	Rewards: per step mean/med/min/max, rew: 0.0049/0.0017/0.0000/0.0638,
	Losses: Policy Loss value/action/dist: 0.044/-0.020/0.959,
INFO:root:Time: 00d 03h 55m 13s, num timesteps 591360, FPS 41,
	Rewards: per step mean/med/min/max, rew: 0.0049/0.0017/0.0000/0.0638,
	Losses: Policy Loss value/action/dist: 0.044/-0.020/0.959,
INFO:root:Time: 00d 03h 55m 20s, num timesteps 591600, FPS 41,
	Rewards: per step mean/med/min/max, rew: 0.0049/0.0017/0.0000/0.0638,
	Losses: Policy Loss value/action/dist: 0.044/-0.020/0.959,
INFO:root:Time: 00d 03h 55m 26s, num timesteps 591840, FPS 41,
	Rewards: per step mean/med/min/max, rew: 0.0049/0.0017/0.0000/0.0638,
	Losses: Policy Loss value/action/dist: 0.044/-0.020/0.959,
INFO:root:Time: 00d 03h 55m 33s, num timesteps 592080, FPS 41,
	Rewards: per step mean/med/min/max, rew: 0.0049/0.0017/0.0000/0.0638,
	Losses: Policy Loss value/action/dist: 0.044/-0.020/0.959,
INFO:root:Time: 00d 03h 55m 39s, num timesteps 592320, FPS 41,
	Rewards: per step mean/med/min/max, rew: 0.0049/0.0017/0.0000/0.0638,
	Losses: Policy Loss value/action/dist: 0.044/-0.020/0.959,
INFO:root:Time: 00d 03h 55m 45s, num timesteps 592560, FPS 41,
	Rewards: per step mean/med/min/max, rew: 0.0049/0.0017/0.0000/0.0638,
	Losses: Policy Loss value/action/dist: 0.044/-0.020/0.959,
INFO:root:Time: 00d 03h 55m 54s, num timesteps 592800, FPS 41,
	Rewards: per step mean/med/min/max, rew: 0.0049/0.0017/0.0000/0.0638,
	Losses: Policy Loss value/action/dist: 0.044/-0.020/0.958,
INFO:root:Time: 00d 03h 56m 01s, num timesteps 593040, FPS 41,
	Rewards: per step mean/med/min/max, rew: 0.0049/0.0017/0.0000/0.0638,
	Losses: Policy Loss value/action/dist: 0.044/-0.020/0.958,
INFO:root:Time: 00d 03h 56m 07s, num timesteps 593280, FPS 41,
	Rewards: per step mean/med/min/max, rew: 0.0049/0.0017/0.0000/0.0638,
	Losses: Policy Loss value/action/dist: 0.044/-0.020/0.958,
INFO:root:Time: 00d 03h 56m 13s, num timesteps 593520, FPS 41,
	Rewards: per step mean/med/min/max, rew: 0.0050/0.0017/0.0000/0.0638,
	Losses: Policy Loss value/action/dist: 0.044/-0.020/0.958,
INFO:root:Time: 00d 03h 56m 20s, num timesteps 593760, FPS 41,
	Rewards: per step mean/med/min/max, rew: 0.0050/0.0018/0.0000/0.0638,
	Losses: Policy Loss value/action/dist: 0.044/-0.020/0.958,
INFO:root:Time: 00d 03h 56m 27s, num timesteps 594000, FPS 41,
	Rewards: per step mean/med/min/max, rew: 0.0051/0.0018/0.0000/0.0638,
	Losses: Policy Loss value/action/dist: 0.044/-0.020/0.958,
INFO:root:Time: 00d 03h 56m 33s, num timesteps 594240, FPS 41,
	Rewards: per step mean/med/min/max, rew: 0.0050/0.0018/0.0000/0.0638,
	Losses: Policy Loss value/action/dist: 0.044/-0.020/0.958,
INFO:root:Time: 00d 03h 56m 40s, num timesteps 594480, FPS 41,
	Rewards: per step mean/med/min/max, rew: 0.0051/0.0018/0.0000/0.0638,
	Losses: Policy Loss value/action/dist: 0.044/-0.020/0.958,
INFO:root:Time: 00d 03h 56m 46s, num timesteps 594720, FPS 41,
	Rewards: per step mean/med/min/max, rew: 0.0051/0.0019/0.0000/0.0638,
	Losses: Policy Loss value/action/dist: 0.044/-0.020/0.958,
INFO:root:Time: 00d 03h 56m 53s, num timesteps 594960, FPS 41,
	Rewards: per step mean/med/min/max, rew: 0.0051/0.0019/0.0000/0.0638,
	Losses: Policy Loss value/action/dist: 0.044/-0.020/0.958,
INFO:root:Time: 00d 03h 57m 02s, num timesteps 595200, FPS 41,
	Rewards: per step mean/med/min/max, rew: 0.0051/0.0018/0.0000/0.0638,
	Losses: Policy Loss value/action/dist: 0.044/-0.020/0.958,
INFO:root:Time: 00d 03h 57m 08s, num timesteps 595440, FPS 41,
	Rewards: per step mean/med/min/max, rew: 0.0050/0.0018/0.0000/0.0638,
	Losses: Policy Loss value/action/dist: 0.044/-0.020/0.958,
INFO:root:Time: 00d 03h 57m 15s, num timesteps 595680, FPS 41,
	Rewards: per step mean/med/min/max, rew: 0.0050/0.0018/0.0000/0.0638,
	Losses: Policy Loss value/action/dist: 0.044/-0.020/0.958,
INFO:root:Time: 00d 03h 57m 21s, num timesteps 595920, FPS 41,
	Rewards: per step mean/med/min/max, rew: 0.0050/0.0018/0.0000/0.0638,
	Losses: Policy Loss value/action/dist: 0.044/-0.020/0.958,
INFO:root:Time: 00d 03h 57m 28s, num timesteps 596160, FPS 41,
	Rewards: per step mean/med/min/max, rew: 0.0050/0.0017/0.0000/0.0638,
	Losses: Policy Loss value/action/dist: 0.044/-0.020/0.958,
INFO:root:Time: 00d 03h 57m 34s, num timesteps 596400, FPS 41,
	Rewards: per step mean/med/min/max, rew: 0.0049/0.0017/0.0000/0.0638,
	Losses: Policy Loss value/action/dist: 0.044/-0.020/0.958,
INFO:root:Time: 00d 03h 57m 40s, num timesteps 596640, FPS 41,
	Rewards: per step mean/med/min/max, rew: 0.0049/0.0017/0.0000/0.0638,
	Losses: Policy Loss value/action/dist: 0.044/-0.020/0.958,
INFO:root:Time: 00d 03h 57m 47s, num timesteps 596880, FPS 41,
	Rewards: per step mean/med/min/max, rew: 0.0049/0.0016/0.0000/0.0638,
	Losses: Policy Loss value/action/dist: 0.044/-0.020/0.958,
INFO:root:Time: 00d 03h 57m 53s, num timesteps 597120, FPS 41,
	Rewards: per step mean/med/min/max, rew: 0.0049/0.0016/0.0000/0.0638,
	Losses: Policy Loss value/action/dist: 0.044/-0.020/0.958,
INFO:root:Time: 00d 03h 58m 00s, num timesteps 597360, FPS 41,
	Rewards: per step mean/med/min/max, rew: 0.0049/0.0015/0.0000/0.0638,
	Losses: Policy Loss value/action/dist: 0.044/-0.020/0.958,
INFO:root:Time: 00d 03h 58m 08s, num timesteps 597600, FPS 41,
	Rewards: per step mean/med/min/max, rew: 0.0049/0.0015/0.0000/0.0638,
	Losses: Policy Loss value/action/dist: 0.044/-0.020/0.958,
INFO:root:Time: 00d 03h 58m 15s, num timesteps 597840, FPS 41,
	Rewards: per step mean/med/min/max, rew: 0.0049/0.0016/0.0000/0.0638,
	Losses: Policy Loss value/action/dist: 0.044/-0.020/0.958,
INFO:root:Time: 00d 03h 58m 21s, num timesteps 598080, FPS 41,
	Rewards: per step mean/med/min/max, rew: 0.0049/0.0015/0.0000/0.0638,
	Losses: Policy Loss value/action/dist: 0.044/-0.020/0.958,
INFO:root:Time: 00d 03h 58m 27s, num timesteps 598320, FPS 41,
	Rewards: per step mean/med/min/max, rew: 0.0049/0.0015/0.0000/0.0638,
	Losses: Policy Loss value/action/dist: 0.044/-0.020/0.958,
INFO:root:Time: 00d 03h 58m 34s, num timesteps 598560, FPS 41,
	Rewards: per step mean/med/min/max, rew: 0.0048/0.0015/0.0000/0.0638,
	Losses: Policy Loss value/action/dist: 0.044/-0.020/0.958,
INFO:root:Time: 00d 03h 58m 40s, num timesteps 598800, FPS 41,
	Rewards: per step mean/med/min/max, rew: 0.0048/0.0015/0.0000/0.0638,
	Losses: Policy Loss value/action/dist: 0.044/-0.020/0.958,
INFO:root:Time: 00d 03h 58m 47s, num timesteps 599040, FPS 41,
	Rewards: per step mean/med/min/max, rew: 0.0048/0.0015/0.0000/0.0638,
	Losses: Policy Loss value/action/dist: 0.044/-0.020/0.958,
INFO:root:Time: 00d 03h 58m 53s, num timesteps 599280, FPS 41,
	Rewards: per step mean/med/min/max, rew: 0.0048/0.0015/0.0000/0.0638,
	Losses: Policy Loss value/action/dist: 0.044/-0.020/0.958,
INFO:root:Time: 00d 03h 58m 59s, num timesteps 599520, FPS 41,
	Rewards: per step mean/med/min/max, rew: 0.0047/0.0014/0.0000/0.0638,
	Losses: Policy Loss value/action/dist: 0.044/-0.020/0.958,
INFO:root:Time: 00d 03h 59m 06s, num timesteps 599760, FPS 41,
	Rewards: per step mean/med/min/max, rew: 0.0047/0.0014/0.0000/0.0638,
	Losses: Policy Loss value/action/dist: 0.044/-0.020/0.958,
INFO:root:Time: 00d 03h 59m 15s, num timesteps 600000, FPS 41,
	Rewards: per step mean/med/min/max, rew: 0.0047/0.0014/0.0000/0.0638,
	Losses: Policy Loss value/action/dist: 0.044/-0.020/0.958,
INFO:root:Time: 00d 03h 59m 21s, num timesteps 600240, FPS 41,
	Rewards: per step mean/med/min/max, rew: 0.0046/0.0014/0.0000/0.0638,
	Losses: Policy Loss value/action/dist: 0.044/-0.020/0.958,
INFO:root:Time: 00d 03h 59m 28s, num timesteps 600480, FPS 41,
	Rewards: per step mean/med/min/max, rew: 0.0045/0.0014/0.0000/0.0693,
	Losses: Policy Loss value/action/dist: 0.044/-0.020/0.958,
INFO:root:Time: 00d 03h 59m 34s, num timesteps 600720, FPS 41,
	Rewards: per step mean/med/min/max, rew: 0.0046/0.0014/0.0000/0.0693,
	Losses: Policy Loss value/action/dist: 0.044/-0.020/0.958,
INFO:root:Time: 00d 03h 59m 40s, num timesteps 600960, FPS 41,
	Rewards: per step mean/med/min/max, rew: 0.0046/0.0014/0.0000/0.0693,
	Losses: Policy Loss value/action/dist: 0.044/-0.020/0.958,
INFO:root:Time: 00d 03h 59m 47s, num timesteps 601200, FPS 41,
	Rewards: per step mean/med/min/max, rew: 0.0045/0.0013/0.0000/0.0693,
	Losses: Policy Loss value/action/dist: 0.044/-0.020/0.958,
INFO:root:Time: 00d 03h 59m 53s, num timesteps 601440, FPS 41,
	Rewards: per step mean/med/min/max, rew: 0.0045/0.0013/0.0000/0.0693,
	Losses: Policy Loss value/action/dist: 0.044/-0.020/0.958,
INFO:root:Time: 00d 04h 00m 00s, num timesteps 601680, FPS 41,
	Rewards: per step mean/med/min/max, rew: 0.0045/0.0013/0.0000/0.0693,
	Losses: Policy Loss value/action/dist: 0.044/-0.020/0.958,
INFO:root:Time: 00d 04h 00m 06s, num timesteps 601920, FPS 41,
	Rewards: per step mean/med/min/max, rew: 0.0046/0.0014/0.0000/0.0693,
	Losses: Policy Loss value/action/dist: 0.044/-0.020/0.958,
INFO:root:Time: 00d 04h 00m 12s, num timesteps 602160, FPS 41,
	Rewards: per step mean/med/min/max, rew: 0.0045/0.0013/0.0000/0.0693,
	Losses: Policy Loss value/action/dist: 0.044/-0.020/0.958,
INFO:root:Time: 00d 04h 00m 21s, num timesteps 602400, FPS 41,
	Rewards: per step mean/med/min/max, rew: 0.0045/0.0013/0.0000/0.0693,
	Losses: Policy Loss value/action/dist: 0.044/-0.020/0.958,
INFO:root:Time: 00d 04h 00m 27s, num timesteps 602640, FPS 41,
	Rewards: per step mean/med/min/max, rew: 0.0044/0.0013/0.0000/0.0693,
	Losses: Policy Loss value/action/dist: 0.044/-0.020/0.958,
INFO:root:Time: 00d 04h 00m 34s, num timesteps 602880, FPS 41,
	Rewards: per step mean/med/min/max, rew: 0.0044/0.0014/0.0000/0.0693,
	Losses: Policy Loss value/action/dist: 0.044/-0.020/0.958,
INFO:root:Time: 00d 04h 00m 40s, num timesteps 603120, FPS 41,
	Rewards: per step mean/med/min/max, rew: 0.0045/0.0014/0.0000/0.0693,
	Losses: Policy Loss value/action/dist: 0.044/-0.020/0.958,
INFO:root:Time: 00d 04h 00m 46s, num timesteps 603360, FPS 41,
	Rewards: per step mean/med/min/max, rew: 0.0045/0.0014/0.0000/0.0693,
	Losses: Policy Loss value/action/dist: 0.044/-0.020/0.958,
INFO:root:Time: 00d 04h 00m 53s, num timesteps 603600, FPS 41,
	Rewards: per step mean/med/min/max, rew: 0.0045/0.0014/0.0000/0.0693,
	Losses: Policy Loss value/action/dist: 0.044/-0.020/0.958,
INFO:root:Time: 00d 04h 00m 59s, num timesteps 603840, FPS 41,
	Rewards: per step mean/med/min/max, rew: 0.0045/0.0014/0.0000/0.0693,
	Losses: Policy Loss value/action/dist: 0.044/-0.020/0.958,
INFO:root:Time: 00d 04h 01m 06s, num timesteps 604080, FPS 41,
	Rewards: per step mean/med/min/max, rew: 0.0045/0.0014/0.0000/0.0693,
	Losses: Policy Loss value/action/dist: 0.044/-0.020/0.958,
INFO:root:Time: 00d 04h 01m 12s, num timesteps 604320, FPS 41,
	Rewards: per step mean/med/min/max, rew: 0.0045/0.0014/0.0000/0.0693,
	Losses: Policy Loss value/action/dist: 0.044/-0.020/0.958,
INFO:root:Time: 00d 04h 01m 19s, num timesteps 604560, FPS 41,
	Rewards: per step mean/med/min/max, rew: 0.0046/0.0015/0.0000/0.0693,
	Losses: Policy Loss value/action/dist: 0.044/-0.020/0.958,
INFO:root:Time: 00d 04h 01m 29s, num timesteps 604800, FPS 41,
	Rewards: per step mean/med/min/max, rew: 0.0046/0.0015/0.0000/0.0693,
	Losses: Policy Loss value/action/dist: 0.044/-0.020/0.958,
INFO:root:Time: 00d 04h 01m 35s, num timesteps 605040, FPS 41,
	Rewards: per step mean/med/min/max, rew: 0.0046/0.0015/0.0000/0.0693,
	Losses: Policy Loss value/action/dist: 0.044/-0.020/0.958,
INFO:root:Time: 00d 04h 01m 42s, num timesteps 605280, FPS 41,
	Rewards: per step mean/med/min/max, rew: 0.0046/0.0015/0.0000/0.0693,
	Losses: Policy Loss value/action/dist: 0.044/-0.020/0.958,
INFO:root:Time: 00d 04h 01m 48s, num timesteps 605520, FPS 41,
	Rewards: per step mean/med/min/max, rew: 0.0046/0.0015/0.0000/0.0693,
	Losses: Policy Loss value/action/dist: 0.044/-0.020/0.958,
INFO:root:Time: 00d 04h 01m 55s, num timesteps 605760, FPS 41,
	Rewards: per step mean/med/min/max, rew: 0.0046/0.0015/0.0000/0.0693,
	Losses: Policy Loss value/action/dist: 0.044/-0.020/0.958,
INFO:root:Time: 00d 04h 02m 02s, num timesteps 606000, FPS 41,
	Rewards: per step mean/med/min/max, rew: 0.0047/0.0015/0.0000/0.0693,
	Losses: Policy Loss value/action/dist: 0.044/-0.020/0.958,
INFO:root:Time: 00d 04h 02m 08s, num timesteps 606240, FPS 41,
	Rewards: per step mean/med/min/max, rew: 0.0047/0.0015/0.0000/0.0693,
	Losses: Policy Loss value/action/dist: 0.044/-0.020/0.958,
INFO:root:Time: 00d 04h 02m 15s, num timesteps 606480, FPS 41,
	Rewards: per step mean/med/min/max, rew: 0.0047/0.0016/0.0000/0.0693,
	Losses: Policy Loss value/action/dist: 0.044/-0.020/0.958,
INFO:root:Time: 00d 04h 02m 21s, num timesteps 606720, FPS 41,
	Rewards: per step mean/med/min/max, rew: 0.0047/0.0016/0.0000/0.0693,
	Losses: Policy Loss value/action/dist: 0.044/-0.020/0.958,
INFO:root:Time: 00d 04h 02m 28s, num timesteps 606960, FPS 41,
	Rewards: per step mean/med/min/max, rew: 0.0048/0.0017/0.0000/0.0693,
	Losses: Policy Loss value/action/dist: 0.044/-0.020/0.958,
INFO:root:Time: 00d 04h 02m 37s, num timesteps 607200, FPS 41,
	Rewards: per step mean/med/min/max, rew: 0.0048/0.0017/0.0000/0.0693,
	Losses: Policy Loss value/action/dist: 0.044/-0.020/0.957,
INFO:root:Time: 00d 04h 02m 43s, num timesteps 607440, FPS 41,
	Rewards: per step mean/med/min/max, rew: 0.0048/0.0017/0.0000/0.0693,
	Losses: Policy Loss value/action/dist: 0.044/-0.020/0.957,
INFO:root:Time: 00d 04h 02m 50s, num timesteps 607680, FPS 41,
	Rewards: per step mean/med/min/max, rew: 0.0048/0.0017/0.0000/0.0693,
	Losses: Policy Loss value/action/dist: 0.044/-0.020/0.957,
INFO:root:Time: 00d 04h 02m 57s, num timesteps 607920, FPS 41,
	Rewards: per step mean/med/min/max, rew: 0.0048/0.0018/0.0000/0.0693,
	Losses: Policy Loss value/action/dist: 0.044/-0.020/0.957,
INFO:root:Time: 00d 04h 03m 03s, num timesteps 608160, FPS 41,
	Rewards: per step mean/med/min/max, rew: 0.0048/0.0018/0.0000/0.0693,
	Losses: Policy Loss value/action/dist: 0.044/-0.020/0.957,
INFO:root:Time: 00d 04h 03m 10s, num timesteps 608400, FPS 41,
	Rewards: per step mean/med/min/max, rew: 0.0047/0.0017/0.0000/0.0693,
	Losses: Policy Loss value/action/dist: 0.044/-0.020/0.957,
INFO:root:Time: 00d 04h 03m 17s, num timesteps 608640, FPS 41,
	Rewards: per step mean/med/min/max, rew: 0.0046/0.0017/0.0000/0.0693,
	Losses: Policy Loss value/action/dist: 0.044/-0.020/0.957,
INFO:root:Time: 00d 04h 03m 23s, num timesteps 608880, FPS 41,
	Rewards: per step mean/med/min/max, rew: 0.0046/0.0017/0.0000/0.0693,
	Losses: Policy Loss value/action/dist: 0.044/-0.020/0.957,
INFO:root:Time: 00d 04h 03m 30s, num timesteps 609120, FPS 41,
	Rewards: per step mean/med/min/max, rew: 0.0046/0.0017/0.0000/0.0693,
	Losses: Policy Loss value/action/dist: 0.044/-0.020/0.957,
INFO:root:Time: 00d 04h 03m 37s, num timesteps 609360, FPS 41,
	Rewards: per step mean/med/min/max, rew: 0.0046/0.0016/0.0000/0.0693,
	Losses: Policy Loss value/action/dist: 0.044/-0.020/0.957,
INFO:root:Time: 00d 04h 03m 46s, num timesteps 609600, FPS 41,
	Rewards: per step mean/med/min/max, rew: 0.0047/0.0017/0.0000/0.0693,
	Losses: Policy Loss value/action/dist: 0.044/-0.020/0.957,
INFO:root:Time: 00d 04h 03m 53s, num timesteps 609840, FPS 41,
	Rewards: per step mean/med/min/max, rew: 0.0047/0.0017/0.0000/0.0693,
	Losses: Policy Loss value/action/dist: 0.044/-0.020/0.957,
INFO:root:Time: 00d 04h 04m 00s, num timesteps 610080, FPS 41,
	Rewards: per step mean/med/min/max, rew: 0.0047/0.0017/0.0000/0.0693,
	Losses: Policy Loss value/action/dist: 0.044/-0.020/0.957,
INFO:root:Time: 00d 04h 04m 06s, num timesteps 610320, FPS 41,
	Rewards: per step mean/med/min/max, rew: 0.0047/0.0017/0.0000/0.0693,
	Losses: Policy Loss value/action/dist: 0.044/-0.020/0.957,
INFO:root:Time: 00d 04h 04m 13s, num timesteps 610560, FPS 41,
	Rewards: per step mean/med/min/max, rew: 0.0047/0.0017/0.0000/0.0693,
	Losses: Policy Loss value/action/dist: 0.044/-0.020/0.957,
INFO:root:Time: 00d 04h 04m 20s, num timesteps 610800, FPS 41,
	Rewards: per step mean/med/min/max, rew: 0.0047/0.0017/0.0000/0.0693,
	Losses: Policy Loss value/action/dist: 0.044/-0.020/0.957,
INFO:root:Time: 00d 04h 04m 27s, num timesteps 611040, FPS 41,
	Rewards: per step mean/med/min/max, rew: 0.0047/0.0017/0.0000/0.0693,
	Losses: Policy Loss value/action/dist: 0.044/-0.020/0.957,
INFO:root:Time: 00d 04h 04m 33s, num timesteps 611280, FPS 41,
	Rewards: per step mean/med/min/max, rew: 0.0047/0.0017/0.0000/0.0693,
	Losses: Policy Loss value/action/dist: 0.044/-0.020/0.957,
INFO:root:Time: 00d 04h 04m 40s, num timesteps 611520, FPS 41,
	Rewards: per step mean/med/min/max, rew: 0.0047/0.0017/0.0000/0.0693,
	Losses: Policy Loss value/action/dist: 0.044/-0.020/0.957,
INFO:root:Time: 00d 04h 04m 47s, num timesteps 611760, FPS 41,
	Rewards: per step mean/med/min/max, rew: 0.0047/0.0017/0.0000/0.0693,
	Losses: Policy Loss value/action/dist: 0.044/-0.020/0.957,
INFO:root:Time: 00d 04h 04m 56s, num timesteps 612000, FPS 41,
	Rewards: per step mean/med/min/max, rew: 0.0047/0.0017/0.0000/0.0693,
	Losses: Policy Loss value/action/dist: 0.044/-0.020/0.957,
INFO:root:Time: 00d 04h 05m 03s, num timesteps 612240, FPS 41,
	Rewards: per step mean/med/min/max, rew: 0.0048/0.0017/0.0000/0.0693,
	Losses: Policy Loss value/action/dist: 0.044/-0.020/0.957,
INFO:root:Time: 00d 04h 05m 10s, num timesteps 612480, FPS 41,
	Rewards: per step mean/med/min/max, rew: 0.0048/0.0017/0.0000/0.0693,
	Losses: Policy Loss value/action/dist: 0.044/-0.020/0.957,
INFO:root:Time: 00d 04h 05m 17s, num timesteps 612720, FPS 41,
	Rewards: per step mean/med/min/max, rew: 0.0048/0.0017/0.0000/0.0693,
	Losses: Policy Loss value/action/dist: 0.044/-0.020/0.957,
INFO:root:Time: 00d 04h 05m 23s, num timesteps 612960, FPS 41,
	Rewards: per step mean/med/min/max, rew: 0.0049/0.0017/0.0000/0.0693,
	Losses: Policy Loss value/action/dist: 0.044/-0.020/0.957,
INFO:root:Time: 00d 04h 05m 29s, num timesteps 613200, FPS 41,
	Rewards: per step mean/med/min/max, rew: 0.0048/0.0017/0.0000/0.0693,
	Losses: Policy Loss value/action/dist: 0.044/-0.020/0.957,
INFO:root:Time: 00d 04h 05m 36s, num timesteps 613440, FPS 41,
	Rewards: per step mean/med/min/max, rew: 0.0048/0.0017/0.0000/0.0693,
	Losses: Policy Loss value/action/dist: 0.044/-0.020/0.957,
INFO:root:Time: 00d 04h 05m 42s, num timesteps 613680, FPS 41,
	Rewards: per step mean/med/min/max, rew: 0.0049/0.0017/0.0000/0.0693,
	Losses: Policy Loss value/action/dist: 0.044/-0.020/0.957,
INFO:root:Time: 00d 04h 05m 49s, num timesteps 613920, FPS 41,
	Rewards: per step mean/med/min/max, rew: 0.0049/0.0017/0.0000/0.0693,
	Losses: Policy Loss value/action/dist: 0.044/-0.020/0.957,
INFO:root:Time: 00d 04h 05m 56s, num timesteps 614160, FPS 41,
	Rewards: per step mean/med/min/max, rew: 0.0049/0.0017/0.0000/0.0693,
	Losses: Policy Loss value/action/dist: 0.044/-0.020/0.957,
INFO:root:Time: 00d 04h 06m 04s, num timesteps 614400, FPS 41,
	Rewards: per step mean/med/min/max, rew: 0.0048/0.0017/0.0000/0.0693,
	Losses: Policy Loss value/action/dist: 0.044/-0.020/0.957,
INFO:root:Time: 00d 04h 06m 11s, num timesteps 614640, FPS 41,
	Rewards: per step mean/med/min/max, rew: 0.0050/0.0018/0.0000/0.0693,
	Losses: Policy Loss value/action/dist: 0.044/-0.020/0.957,
INFO:root:Time: 00d 04h 06m 17s, num timesteps 614880, FPS 41,
	Rewards: per step mean/med/min/max, rew: 0.0050/0.0018/0.0000/0.0693,
	Losses: Policy Loss value/action/dist: 0.044/-0.020/0.957,
INFO:root:Time: 00d 04h 06m 24s, num timesteps 615120, FPS 41,
	Rewards: per step mean/med/min/max, rew: 0.0050/0.0018/0.0000/0.0693,
	Losses: Policy Loss value/action/dist: 0.044/-0.020/0.957,
INFO:root:Time: 00d 04h 06m 30s, num timesteps 615360, FPS 41,
	Rewards: per step mean/med/min/max, rew: 0.0050/0.0018/0.0000/0.0693,
	Losses: Policy Loss value/action/dist: 0.044/-0.020/0.957,
INFO:root:Time: 00d 04h 06m 36s, num timesteps 615600, FPS 41,
	Rewards: per step mean/med/min/max, rew: 0.0050/0.0019/0.0000/0.0693,
	Losses: Policy Loss value/action/dist: 0.044/-0.020/0.957,
INFO:root:Time: 00d 04h 06m 43s, num timesteps 615840, FPS 41,
	Rewards: per step mean/med/min/max, rew: 0.0051/0.0019/0.0000/0.0693,
	Losses: Policy Loss value/action/dist: 0.044/-0.020/0.957,
INFO:root:Time: 00d 04h 06m 50s, num timesteps 616080, FPS 41,
	Rewards: per step mean/med/min/max, rew: 0.0051/0.0018/0.0000/0.0693,
	Losses: Policy Loss value/action/dist: 0.044/-0.020/0.957,
INFO:root:Time: 00d 04h 06m 56s, num timesteps 616320, FPS 41,
	Rewards: per step mean/med/min/max, rew: 0.0051/0.0019/0.0000/0.0693,
	Losses: Policy Loss value/action/dist: 0.044/-0.020/0.957,
INFO:root:Time: 00d 04h 07m 03s, num timesteps 616560, FPS 41,
	Rewards: per step mean/med/min/max, rew: 0.0051/0.0019/0.0000/0.0693,
	Losses: Policy Loss value/action/dist: 0.044/-0.020/0.957,
INFO:root:Time: 00d 04h 07m 12s, num timesteps 616800, FPS 41,
	Rewards: per step mean/med/min/max, rew: 0.0050/0.0018/0.0000/0.0693,
	Losses: Policy Loss value/action/dist: 0.044/-0.020/0.957,
INFO:root:Time: 00d 04h 07m 19s, num timesteps 617040, FPS 41,
	Rewards: per step mean/med/min/max, rew: 0.0050/0.0018/0.0000/0.0693,
	Losses: Policy Loss value/action/dist: 0.044/-0.020/0.957,
INFO:root:Time: 00d 04h 07m 25s, num timesteps 617280, FPS 41,
	Rewards: per step mean/med/min/max, rew: 0.0050/0.0017/0.0000/0.0693,
	Losses: Policy Loss value/action/dist: 0.044/-0.020/0.957,
INFO:root:Time: 00d 04h 07m 32s, num timesteps 617520, FPS 41,
	Rewards: per step mean/med/min/max, rew: 0.0049/0.0017/0.0000/0.0693,
	Losses: Policy Loss value/action/dist: 0.044/-0.020/0.957,
INFO:root:Time: 00d 04h 07m 39s, num timesteps 617760, FPS 41,
	Rewards: per step mean/med/min/max, rew: 0.0048/0.0016/0.0000/0.0693,
	Losses: Policy Loss value/action/dist: 0.044/-0.020/0.957,
INFO:root:Time: 00d 04h 07m 45s, num timesteps 618000, FPS 41,
	Rewards: per step mean/med/min/max, rew: 0.0048/0.0016/0.0000/0.0693,
	Losses: Policy Loss value/action/dist: 0.044/-0.020/0.957,
INFO:root:Time: 00d 04h 07m 52s, num timesteps 618240, FPS 41,
	Rewards: per step mean/med/min/max, rew: 0.0048/0.0016/0.0000/0.0693,
	Losses: Policy Loss value/action/dist: 0.044/-0.020/0.957,
INFO:root:Time: 00d 04h 07m 58s, num timesteps 618480, FPS 41,
	Rewards: per step mean/med/min/max, rew: 0.0048/0.0016/0.0000/0.0693,
	Losses: Policy Loss value/action/dist: 0.044/-0.020/0.957,
INFO:root:Time: 00d 04h 08m 05s, num timesteps 618720, FPS 41,
	Rewards: per step mean/med/min/max, rew: 0.0048/0.0016/0.0000/0.0693,
	Losses: Policy Loss value/action/dist: 0.044/-0.020/0.957,
INFO:root:Time: 00d 04h 08m 11s, num timesteps 618960, FPS 41,
	Rewards: per step mean/med/min/max, rew: 0.0048/0.0016/0.0000/0.0693,
	Losses: Policy Loss value/action/dist: 0.044/-0.020/0.957,
INFO:root:Time: 00d 04h 08m 21s, num timesteps 619200, FPS 41,
	Rewards: per step mean/med/min/max, rew: 0.0047/0.0016/0.0000/0.0693,
	Losses: Policy Loss value/action/dist: 0.044/-0.020/0.956,
INFO:root:Time: 00d 04h 08m 27s, num timesteps 619440, FPS 41,
	Rewards: per step mean/med/min/max, rew: 0.0048/0.0016/0.0000/0.0693,
	Losses: Policy Loss value/action/dist: 0.044/-0.020/0.956,
INFO:root:Time: 00d 04h 08m 33s, num timesteps 619680, FPS 41,
	Rewards: per step mean/med/min/max, rew: 0.0047/0.0016/0.0000/0.0693,
	Losses: Policy Loss value/action/dist: 0.044/-0.020/0.956,
INFO:root:Time: 00d 04h 08m 40s, num timesteps 619920, FPS 41,
	Rewards: per step mean/med/min/max, rew: 0.0047/0.0016/0.0000/0.0693,
	Losses: Policy Loss value/action/dist: 0.044/-0.020/0.956,
INFO:root:Time: 00d 04h 08m 46s, num timesteps 620160, FPS 41,
	Rewards: per step mean/med/min/max, rew: 0.0047/0.0016/0.0000/0.0693,
	Losses: Policy Loss value/action/dist: 0.044/-0.020/0.956,
INFO:root:Time: 00d 04h 08m 53s, num timesteps 620400, FPS 41,
	Rewards: per step mean/med/min/max, rew: 0.0048/0.0016/0.0000/0.0693,
	Losses: Policy Loss value/action/dist: 0.044/-0.020/0.956,
INFO:root:Time: 00d 04h 08m 59s, num timesteps 620640, FPS 41,
	Rewards: per step mean/med/min/max, rew: 0.0049/0.0017/0.0000/0.0693,
	Losses: Policy Loss value/action/dist: 0.044/-0.020/0.956,
INFO:root:Time: 00d 04h 09m 05s, num timesteps 620880, FPS 41,
	Rewards: per step mean/med/min/max, rew: 0.0049/0.0017/0.0000/0.0693,
	Losses: Policy Loss value/action/dist: 0.044/-0.020/0.956,
INFO:root:Time: 00d 04h 09m 11s, num timesteps 621120, FPS 41,
	Rewards: per step mean/med/min/max, rew: 0.0049/0.0017/0.0000/0.0693,
	Losses: Policy Loss value/action/dist: 0.044/-0.020/0.956,
INFO:root:Time: 00d 04h 09m 18s, num timesteps 621360, FPS 41,
	Rewards: per step mean/med/min/max, rew: 0.0049/0.0017/0.0000/0.0693,
	Losses: Policy Loss value/action/dist: 0.044/-0.020/0.956,
INFO:root:Time: 00d 04h 09m 27s, num timesteps 621600, FPS 41,
	Rewards: per step mean/med/min/max, rew: 0.0049/0.0017/0.0000/0.0693,
	Losses: Policy Loss value/action/dist: 0.044/-0.020/0.956,
INFO:root:Time: 00d 04h 09m 33s, num timesteps 621840, FPS 41,
	Rewards: per step mean/med/min/max, rew: 0.0048/0.0017/0.0000/0.0693,
	Losses: Policy Loss value/action/dist: 0.044/-0.020/0.956,
INFO:root:Time: 00d 04h 09m 40s, num timesteps 622080, FPS 41,
	Rewards: per step mean/med/min/max, rew: 0.0049/0.0017/0.0000/0.0693,
	Losses: Policy Loss value/action/dist: 0.044/-0.020/0.956,
INFO:root:Time: 00d 04h 09m 46s, num timesteps 622320, FPS 41,
	Rewards: per step mean/med/min/max, rew: 0.0048/0.0017/0.0000/0.0693,
	Losses: Policy Loss value/action/dist: 0.044/-0.020/0.956,
INFO:root:Time: 00d 04h 09m 52s, num timesteps 622560, FPS 41,
	Rewards: per step mean/med/min/max, rew: 0.0049/0.0018/0.0000/0.0693,
	Losses: Policy Loss value/action/dist: 0.044/-0.020/0.956,
INFO:root:Time: 00d 04h 09m 59s, num timesteps 622800, FPS 41,
	Rewards: per step mean/med/min/max, rew: 0.0049/0.0018/0.0000/0.0693,
	Losses: Policy Loss value/action/dist: 0.044/-0.020/0.956,
INFO:root:Time: 00d 04h 10m 06s, num timesteps 623040, FPS 41,
	Rewards: per step mean/med/min/max, rew: 0.0049/0.0018/0.0000/0.0693,
	Losses: Policy Loss value/action/dist: 0.044/-0.020/0.956,
INFO:root:Time: 00d 04h 10m 12s, num timesteps 623280, FPS 41,
	Rewards: per step mean/med/min/max, rew: 0.0049/0.0018/0.0000/0.0693,
	Losses: Policy Loss value/action/dist: 0.044/-0.020/0.956,
INFO:root:Time: 00d 04h 10m 18s, num timesteps 623520, FPS 41,
	Rewards: per step mean/med/min/max, rew: 0.0049/0.0019/0.0000/0.0693,
	Losses: Policy Loss value/action/dist: 0.044/-0.020/0.956,
INFO:root:Time: 00d 04h 10m 25s, num timesteps 623760, FPS 41,
	Rewards: per step mean/med/min/max, rew: 0.0049/0.0019/0.0000/0.0693,
	Losses: Policy Loss value/action/dist: 0.044/-0.020/0.956,
INFO:root:Time: 00d 04h 10m 35s, num timesteps 624000, FPS 41,
	Rewards: per step mean/med/min/max, rew: 0.0049/0.0019/0.0000/0.0693,
	Losses: Policy Loss value/action/dist: 0.044/-0.020/0.956,
INFO:root:Time: 00d 04h 10m 41s, num timesteps 624240, FPS 41,
	Rewards: per step mean/med/min/max, rew: 0.0050/0.0019/0.0000/0.0693,
	Losses: Policy Loss value/action/dist: 0.044/-0.020/0.956,
INFO:root:Time: 00d 04h 10m 48s, num timesteps 624480, FPS 41,
	Rewards: per step mean/med/min/max, rew: 0.0050/0.0019/0.0000/0.0617,
	Losses: Policy Loss value/action/dist: 0.044/-0.020/0.956,
INFO:root:Time: 00d 04h 10m 54s, num timesteps 624720, FPS 41,
	Rewards: per step mean/med/min/max, rew: 0.0051/0.0019/0.0000/0.0617,
	Losses: Policy Loss value/action/dist: 0.044/-0.020/0.956,
INFO:root:Time: 00d 04h 11m 00s, num timesteps 624960, FPS 41,
	Rewards: per step mean/med/min/max, rew: 0.0051/0.0019/0.0000/0.0617,
	Losses: Policy Loss value/action/dist: 0.044/-0.020/0.956,
INFO:root:Time: 00d 04h 11m 07s, num timesteps 625200, FPS 41,
	Rewards: per step mean/med/min/max, rew: 0.0052/0.0019/0.0000/0.0617,
	Losses: Policy Loss value/action/dist: 0.044/-0.020/0.956,
INFO:root:Time: 00d 04h 11m 13s, num timesteps 625440, FPS 41,
	Rewards: per step mean/med/min/max, rew: 0.0052/0.0020/0.0000/0.0617,
	Losses: Policy Loss value/action/dist: 0.044/-0.020/0.956,
INFO:root:Time: 00d 04h 11m 19s, num timesteps 625680, FPS 41,
	Rewards: per step mean/med/min/max, rew: 0.0052/0.0020/0.0000/0.0617,
	Losses: Policy Loss value/action/dist: 0.044/-0.020/0.956,
INFO:root:Time: 00d 04h 11m 26s, num timesteps 625920, FPS 41,
	Rewards: per step mean/med/min/max, rew: 0.0052/0.0020/0.0000/0.0617,
	Losses: Policy Loss value/action/dist: 0.044/-0.020/0.956,
INFO:root:Time: 00d 04h 11m 32s, num timesteps 626160, FPS 41,
	Rewards: per step mean/med/min/max, rew: 0.0052/0.0020/0.0000/0.0617,
	Losses: Policy Loss value/action/dist: 0.044/-0.020/0.956,
INFO:root:Time: 00d 04h 11m 41s, num timesteps 626400, FPS 41,
	Rewards: per step mean/med/min/max, rew: 0.0052/0.0019/0.0000/0.0617,
	Losses: Policy Loss value/action/dist: 0.044/-0.020/0.955,
INFO:root:Time: 00d 04h 11m 48s, num timesteps 626640, FPS 41,
	Rewards: per step mean/med/min/max, rew: 0.0052/0.0020/0.0000/0.0617,
	Losses: Policy Loss value/action/dist: 0.044/-0.020/0.955,
INFO:root:Time: 00d 04h 11m 55s, num timesteps 626880, FPS 41,
	Rewards: per step mean/med/min/max, rew: 0.0052/0.0019/0.0000/0.0617,
	Losses: Policy Loss value/action/dist: 0.044/-0.020/0.955,
INFO:root:Time: 00d 04h 12m 01s, num timesteps 627120, FPS 41,
	Rewards: per step mean/med/min/max, rew: 0.0052/0.0020/0.0000/0.0617,
	Losses: Policy Loss value/action/dist: 0.044/-0.020/0.955,
INFO:root:Time: 00d 04h 12m 08s, num timesteps 627360, FPS 41,
	Rewards: per step mean/med/min/max, rew: 0.0052/0.0020/0.0000/0.0617,
	Losses: Policy Loss value/action/dist: 0.044/-0.020/0.955,
INFO:root:Time: 00d 04h 12m 14s, num timesteps 627600, FPS 41,
	Rewards: per step mean/med/min/max, rew: 0.0053/0.0020/0.0000/0.0617,
	Losses: Policy Loss value/action/dist: 0.044/-0.020/0.955,
INFO:root:Time: 00d 04h 12m 21s, num timesteps 627840, FPS 41,
	Rewards: per step mean/med/min/max, rew: 0.0053/0.0021/0.0000/0.0617,
	Losses: Policy Loss value/action/dist: 0.044/-0.020/0.955,
INFO:root:Time: 00d 04h 12m 28s, num timesteps 628080, FPS 41,
	Rewards: per step mean/med/min/max, rew: 0.0053/0.0020/0.0000/0.0617,
	Losses: Policy Loss value/action/dist: 0.044/-0.020/0.955,
INFO:root:Time: 00d 04h 12m 34s, num timesteps 628320, FPS 41,
	Rewards: per step mean/med/min/max, rew: 0.0053/0.0020/0.0000/0.0617,
	Losses: Policy Loss value/action/dist: 0.044/-0.020/0.955,
INFO:root:Time: 00d 04h 12m 41s, num timesteps 628560, FPS 41,
	Rewards: per step mean/med/min/max, rew: 0.0053/0.0020/0.0000/0.0617,
	Losses: Policy Loss value/action/dist: 0.044/-0.020/0.955,
INFO:root:Time: 00d 04h 12m 50s, num timesteps 628800, FPS 41,
	Rewards: per step mean/med/min/max, rew: 0.0053/0.0020/0.0000/0.0617,
	Losses: Policy Loss value/action/dist: 0.044/-0.021/0.955,
INFO:root:Time: 00d 04h 12m 57s, num timesteps 629040, FPS 41,
	Rewards: per step mean/med/min/max, rew: 0.0054/0.0021/0.0000/0.0617,
	Losses: Policy Loss value/action/dist: 0.044/-0.021/0.955,
INFO:root:Time: 00d 04h 13m 04s, num timesteps 629280, FPS 41,
	Rewards: per step mean/med/min/max, rew: 0.0053/0.0021/0.0000/0.0617,
	Losses: Policy Loss value/action/dist: 0.044/-0.021/0.955,
INFO:root:Time: 00d 04h 13m 10s, num timesteps 629520, FPS 41,
	Rewards: per step mean/med/min/max, rew: 0.0054/0.0021/0.0000/0.0617,
	Losses: Policy Loss value/action/dist: 0.044/-0.021/0.955,
INFO:root:Time: 00d 04h 13m 17s, num timesteps 629760, FPS 41,
	Rewards: per step mean/med/min/max, rew: 0.0054/0.0021/0.0000/0.0617,
	Losses: Policy Loss value/action/dist: 0.044/-0.021/0.955,
INFO:root:Time: 00d 04h 13m 23s, num timesteps 630000, FPS 41,
	Rewards: per step mean/med/min/max, rew: 0.0053/0.0021/0.0000/0.0617,
	Losses: Policy Loss value/action/dist: 0.044/-0.021/0.955,
INFO:root:Time: 00d 04h 13m 30s, num timesteps 630240, FPS 41,
	Rewards: per step mean/med/min/max, rew: 0.0053/0.0021/0.0000/0.0617,
	Losses: Policy Loss value/action/dist: 0.044/-0.021/0.955,
INFO:root:Time: 00d 04h 13m 37s, num timesteps 630480, FPS 41,
	Rewards: per step mean/med/min/max, rew: 0.0053/0.0021/0.0000/0.0617,
	Losses: Policy Loss value/action/dist: 0.044/-0.021/0.955,
INFO:root:Time: 00d 04h 13m 43s, num timesteps 630720, FPS 41,
	Rewards: per step mean/med/min/max, rew: 0.0053/0.0022/0.0000/0.0617,
	Losses: Policy Loss value/action/dist: 0.044/-0.021/0.955,
INFO:root:Time: 00d 04h 13m 50s, num timesteps 630960, FPS 41,
	Rewards: per step mean/med/min/max, rew: 0.0053/0.0021/0.0000/0.0617,
	Losses: Policy Loss value/action/dist: 0.044/-0.021/0.955,
INFO:root:Time: 00d 04h 13m 59s, num timesteps 631200, FPS 41,
	Rewards: per step mean/med/min/max, rew: 0.0053/0.0021/0.0000/0.0617,
	Losses: Policy Loss value/action/dist: 0.044/-0.021/0.955,
INFO:root:Time: 00d 04h 14m 05s, num timesteps 631440, FPS 41,
	Rewards: per step mean/med/min/max, rew: 0.0052/0.0020/0.0000/0.0617,
	Losses: Policy Loss value/action/dist: 0.044/-0.021/0.955,
INFO:root:Time: 00d 04h 14m 12s, num timesteps 631680, FPS 41,
	Rewards: per step mean/med/min/max, rew: 0.0052/0.0019/0.0000/0.0617,
	Losses: Policy Loss value/action/dist: 0.044/-0.021/0.955,
INFO:root:Time: 00d 04h 14m 18s, num timesteps 631920, FPS 41,
	Rewards: per step mean/med/min/max, rew: 0.0052/0.0019/0.0000/0.0617,
	Losses: Policy Loss value/action/dist: 0.044/-0.021/0.955,
INFO:root:Time: 00d 04h 14m 25s, num timesteps 632160, FPS 41,
	Rewards: per step mean/med/min/max, rew: 0.0052/0.0019/0.0000/0.0617,
	Losses: Policy Loss value/action/dist: 0.044/-0.021/0.955,
INFO:root:Time: 00d 04h 14m 32s, num timesteps 632400, FPS 41,
	Rewards: per step mean/med/min/max, rew: 0.0052/0.0020/0.0000/0.0617,
	Losses: Policy Loss value/action/dist: 0.044/-0.021/0.955,
INFO:root:Time: 00d 04h 14m 39s, num timesteps 632640, FPS 41,
	Rewards: per step mean/med/min/max, rew: 0.0052/0.0020/0.0000/0.0617,
	Losses: Policy Loss value/action/dist: 0.044/-0.021/0.955,
INFO:root:Time: 00d 04h 14m 45s, num timesteps 632880, FPS 41,
	Rewards: per step mean/med/min/max, rew: 0.0052/0.0020/0.0000/0.0617,
	Losses: Policy Loss value/action/dist: 0.044/-0.021/0.955,
INFO:root:Time: 00d 04h 14m 52s, num timesteps 633120, FPS 41,
	Rewards: per step mean/med/min/max, rew: 0.0053/0.0020/0.0000/0.0617,
	Losses: Policy Loss value/action/dist: 0.044/-0.021/0.955,
INFO:root:Time: 00d 04h 14m 59s, num timesteps 633360, FPS 41,
	Rewards: per step mean/med/min/max, rew: 0.0053/0.0021/0.0000/0.0617,
	Losses: Policy Loss value/action/dist: 0.044/-0.021/0.955,
INFO:root:Time: 00d 04h 15m 08s, num timesteps 633600, FPS 41,
	Rewards: per step mean/med/min/max, rew: 0.0052/0.0020/0.0000/0.0617,
	Losses: Policy Loss value/action/dist: 0.044/-0.021/0.955,
INFO:root:Time: 00d 04h 15m 15s, num timesteps 633840, FPS 41,
	Rewards: per step mean/med/min/max, rew: 0.0052/0.0020/0.0000/0.0617,
	Losses: Policy Loss value/action/dist: 0.044/-0.021/0.955,
INFO:root:Time: 00d 04h 15m 21s, num timesteps 634080, FPS 41,
	Rewards: per step mean/med/min/max, rew: 0.0052/0.0019/0.0000/0.0617,
	Losses: Policy Loss value/action/dist: 0.044/-0.021/0.955,
INFO:root:Time: 00d 04h 15m 28s, num timesteps 634320, FPS 41,
	Rewards: per step mean/med/min/max, rew: 0.0051/0.0019/0.0000/0.0617,
	Losses: Policy Loss value/action/dist: 0.044/-0.021/0.955,
INFO:root:Time: 00d 04h 15m 35s, num timesteps 634560, FPS 41,
	Rewards: per step mean/med/min/max, rew: 0.0051/0.0019/0.0000/0.0617,
	Losses: Policy Loss value/action/dist: 0.044/-0.021/0.955,
INFO:root:Time: 00d 04h 15m 42s, num timesteps 634800, FPS 41,
	Rewards: per step mean/med/min/max, rew: 0.0051/0.0019/0.0000/0.0617,
	Losses: Policy Loss value/action/dist: 0.044/-0.021/0.955,
INFO:root:Time: 00d 04h 15m 48s, num timesteps 635040, FPS 41,
	Rewards: per step mean/med/min/max, rew: 0.0051/0.0019/0.0000/0.0617,
	Losses: Policy Loss value/action/dist: 0.044/-0.021/0.955,
INFO:root:Time: 00d 04h 15m 55s, num timesteps 635280, FPS 41,
	Rewards: per step mean/med/min/max, rew: 0.0051/0.0019/0.0000/0.0617,
	Losses: Policy Loss value/action/dist: 0.044/-0.021/0.955,
INFO:root:Time: 00d 04h 16m 02s, num timesteps 635520, FPS 41,
	Rewards: per step mean/med/min/max, rew: 0.0051/0.0019/0.0000/0.0617,
	Losses: Policy Loss value/action/dist: 0.044/-0.021/0.955,
INFO:root:Time: 00d 04h 16m 08s, num timesteps 635760, FPS 41,
	Rewards: per step mean/med/min/max, rew: 0.0052/0.0019/0.0000/0.0617,
	Losses: Policy Loss value/action/dist: 0.044/-0.021/0.955,
INFO:root:Time: 00d 04h 16m 18s, num timesteps 636000, FPS 41,
	Rewards: per step mean/med/min/max, rew: 0.0052/0.0019/0.0000/0.0617,
	Losses: Policy Loss value/action/dist: 0.044/-0.021/0.954,
INFO:root:Time: 00d 04h 16m 24s, num timesteps 636240, FPS 41,
	Rewards: per step mean/med/min/max, rew: 0.0052/0.0019/0.0000/0.0617,
	Losses: Policy Loss value/action/dist: 0.044/-0.021/0.954,
INFO:root:Time: 00d 04h 16m 31s, num timesteps 636480, FPS 41,
	Rewards: per step mean/med/min/max, rew: 0.0051/0.0019/0.0000/0.0617,
	Losses: Policy Loss value/action/dist: 0.044/-0.021/0.954,
INFO:root:Time: 00d 04h 16m 38s, num timesteps 636720, FPS 41,
	Rewards: per step mean/med/min/max, rew: 0.0051/0.0019/0.0000/0.0617,
	Losses: Policy Loss value/action/dist: 0.044/-0.021/0.954,
INFO:root:Time: 00d 04h 16m 44s, num timesteps 636960, FPS 41,
	Rewards: per step mean/med/min/max, rew: 0.0052/0.0019/0.0000/0.0617,
	Losses: Policy Loss value/action/dist: 0.044/-0.021/0.954,
INFO:root:Time: 00d 04h 16m 51s, num timesteps 637200, FPS 41,
	Rewards: per step mean/med/min/max, rew: 0.0052/0.0019/0.0000/0.0617,
	Losses: Policy Loss value/action/dist: 0.044/-0.021/0.954,
INFO:root:Time: 00d 04h 16m 58s, num timesteps 637440, FPS 41,
	Rewards: per step mean/med/min/max, rew: 0.0052/0.0019/0.0000/0.0617,
	Losses: Policy Loss value/action/dist: 0.044/-0.021/0.954,
INFO:root:Time: 00d 04h 17m 05s, num timesteps 637680, FPS 41,
	Rewards: per step mean/med/min/max, rew: 0.0051/0.0019/0.0000/0.0617,
	Losses: Policy Loss value/action/dist: 0.044/-0.021/0.954,
INFO:root:Time: 00d 04h 17m 11s, num timesteps 637920, FPS 41,
	Rewards: per step mean/med/min/max, rew: 0.0050/0.0019/0.0000/0.0617,
	Losses: Policy Loss value/action/dist: 0.044/-0.021/0.954,
INFO:root:Time: 00d 04h 17m 18s, num timesteps 638160, FPS 41,
	Rewards: per step mean/med/min/max, rew: 0.0050/0.0019/0.0000/0.0617,
	Losses: Policy Loss value/action/dist: 0.044/-0.021/0.954,
INFO:root:Time: 00d 04h 17m 27s, num timesteps 638400, FPS 41,
	Rewards: per step mean/med/min/max, rew: 0.0050/0.0019/0.0000/0.0617,
	Losses: Policy Loss value/action/dist: 0.044/-0.021/0.954,
INFO:root:Time: 00d 04h 17m 34s, num timesteps 638640, FPS 41,
	Rewards: per step mean/med/min/max, rew: 0.0049/0.0019/0.0000/0.0617,
	Losses: Policy Loss value/action/dist: 0.044/-0.021/0.954,
INFO:root:Time: 00d 04h 17m 40s, num timesteps 638880, FPS 41,
	Rewards: per step mean/med/min/max, rew: 0.0049/0.0019/0.0000/0.0617,
	Losses: Policy Loss value/action/dist: 0.044/-0.021/0.954,
INFO:root:Time: 00d 04h 17m 46s, num timesteps 639120, FPS 41,
	Rewards: per step mean/med/min/max, rew: 0.0049/0.0019/0.0000/0.0617,
	Losses: Policy Loss value/action/dist: 0.044/-0.021/0.954,
INFO:root:Time: 00d 04h 17m 53s, num timesteps 639360, FPS 41,
	Rewards: per step mean/med/min/max, rew: 0.0049/0.0019/0.0000/0.0617,
	Losses: Policy Loss value/action/dist: 0.044/-0.021/0.954,
INFO:root:Time: 00d 04h 17m 59s, num timesteps 639600, FPS 41,
	Rewards: per step mean/med/min/max, rew: 0.0049/0.0019/0.0000/0.0617,
	Losses: Policy Loss value/action/dist: 0.044/-0.021/0.954,
INFO:root:Time: 00d 04h 18m 06s, num timesteps 639840, FPS 41,
	Rewards: per step mean/med/min/max, rew: 0.0048/0.0019/0.0000/0.0535,
	Losses: Policy Loss value/action/dist: 0.044/-0.021/0.954,
INFO:root:Time: 00d 04h 18m 12s, num timesteps 640080, FPS 41,
	Rewards: per step mean/med/min/max, rew: 0.0048/0.0019/0.0000/0.0535,
	Losses: Policy Loss value/action/dist: 0.044/-0.021/0.954,
INFO:root:Time: 00d 04h 18m 19s, num timesteps 640320, FPS 41,
	Rewards: per step mean/med/min/max, rew: 0.0048/0.0018/0.0000/0.0535,
	Losses: Policy Loss value/action/dist: 0.044/-0.021/0.954,
INFO:root:Time: 00d 04h 18m 25s, num timesteps 640560, FPS 41,
	Rewards: per step mean/med/min/max, rew: 0.0048/0.0019/0.0000/0.0535,
	Losses: Policy Loss value/action/dist: 0.044/-0.021/0.954,
INFO:root:Time: 00d 04h 18m 34s, num timesteps 640800, FPS 41,
	Rewards: per step mean/med/min/max, rew: 0.0049/0.0019/0.0000/0.0535,
	Losses: Policy Loss value/action/dist: 0.044/-0.021/0.954,
INFO:root:Time: 00d 04h 18m 41s, num timesteps 641040, FPS 41,
	Rewards: per step mean/med/min/max, rew: 0.0049/0.0019/0.0000/0.0535,
	Losses: Policy Loss value/action/dist: 0.044/-0.021/0.954,
INFO:root:Time: 00d 04h 18m 47s, num timesteps 641280, FPS 41,
	Rewards: per step mean/med/min/max, rew: 0.0050/0.0019/0.0000/0.0535,
	Losses: Policy Loss value/action/dist: 0.044/-0.021/0.954,
INFO:root:Time: 00d 04h 18m 54s, num timesteps 641520, FPS 41,
	Rewards: per step mean/med/min/max, rew: 0.0051/0.0020/0.0000/0.0676,
	Losses: Policy Loss value/action/dist: 0.044/-0.021/0.954,
INFO:root:Time: 00d 04h 19m 00s, num timesteps 641760, FPS 41,
	Rewards: per step mean/med/min/max, rew: 0.0051/0.0020/0.0000/0.0676,
	Losses: Policy Loss value/action/dist: 0.044/-0.021/0.954,
INFO:root:Time: 00d 04h 19m 07s, num timesteps 642000, FPS 41,
	Rewards: per step mean/med/min/max, rew: 0.0052/0.0021/0.0000/0.0676,
	Losses: Policy Loss value/action/dist: 0.044/-0.021/0.954,
INFO:root:Time: 00d 04h 19m 13s, num timesteps 642240, FPS 41,
	Rewards: per step mean/med/min/max, rew: 0.0052/0.0021/0.0000/0.0676,
	Losses: Policy Loss value/action/dist: 0.044/-0.021/0.954,
INFO:root:Time: 00d 04h 19m 20s, num timesteps 642480, FPS 41,
	Rewards: per step mean/med/min/max, rew: 0.0052/0.0021/0.0000/0.0676,
	Losses: Policy Loss value/action/dist: 0.044/-0.021/0.954,
INFO:root:Time: 00d 04h 19m 27s, num timesteps 642720, FPS 41,
	Rewards: per step mean/med/min/max, rew: 0.0052/0.0021/0.0000/0.0676,
	Losses: Policy Loss value/action/dist: 0.044/-0.021/0.954,
INFO:root:Time: 00d 04h 19m 33s, num timesteps 642960, FPS 41,
	Rewards: per step mean/med/min/max, rew: 0.0053/0.0021/0.0000/0.0676,
	Losses: Policy Loss value/action/dist: 0.044/-0.021/0.954,
INFO:root:Time: 00d 04h 19m 42s, num timesteps 643200, FPS 41,
	Rewards: per step mean/med/min/max, rew: 0.0053/0.0021/0.0000/0.0676,
	Losses: Policy Loss value/action/dist: 0.044/-0.021/0.953,
INFO:root:Time: 00d 04h 19m 48s, num timesteps 643440, FPS 41,
	Rewards: per step mean/med/min/max, rew: 0.0053/0.0021/0.0000/0.0676,
	Losses: Policy Loss value/action/dist: 0.044/-0.021/0.953,
INFO:root:Time: 00d 04h 19m 55s, num timesteps 643680, FPS 41,
	Rewards: per step mean/med/min/max, rew: 0.0052/0.0020/0.0000/0.0676,
	Losses: Policy Loss value/action/dist: 0.044/-0.021/0.953,
INFO:root:Time: 00d 04h 20m 02s, num timesteps 643920, FPS 41,
	Rewards: per step mean/med/min/max, rew: 0.0053/0.0021/0.0000/0.0676,
	Losses: Policy Loss value/action/dist: 0.044/-0.021/0.953,
INFO:root:Time: 00d 04h 20m 08s, num timesteps 644160, FPS 41,
	Rewards: per step mean/med/min/max, rew: 0.0053/0.0021/0.0000/0.0676,
	Losses: Policy Loss value/action/dist: 0.044/-0.021/0.953,
INFO:root:Time: 00d 04h 20m 15s, num timesteps 644400, FPS 41,
	Rewards: per step mean/med/min/max, rew: 0.0053/0.0021/0.0000/0.0676,
	Losses: Policy Loss value/action/dist: 0.044/-0.021/0.953,
INFO:root:Time: 00d 04h 20m 21s, num timesteps 644640, FPS 41,
	Rewards: per step mean/med/min/max, rew: 0.0052/0.0021/0.0000/0.0676,
	Losses: Policy Loss value/action/dist: 0.044/-0.021/0.953,
INFO:root:Time: 00d 04h 20m 28s, num timesteps 644880, FPS 41,
	Rewards: per step mean/med/min/max, rew: 0.0052/0.0021/0.0000/0.0676,
	Losses: Policy Loss value/action/dist: 0.044/-0.021/0.953,
INFO:root:Time: 00d 04h 20m 34s, num timesteps 645120, FPS 41,
	Rewards: per step mean/med/min/max, rew: 0.0052/0.0021/0.0000/0.0676,
	Losses: Policy Loss value/action/dist: 0.044/-0.021/0.953,
INFO:root:Time: 00d 04h 20m 41s, num timesteps 645360, FPS 41,
	Rewards: per step mean/med/min/max, rew: 0.0052/0.0021/0.0000/0.0676,
	Losses: Policy Loss value/action/dist: 0.044/-0.021/0.953,
INFO:root:Time: 00d 04h 20m 50s, num timesteps 645600, FPS 41,
	Rewards: per step mean/med/min/max, rew: 0.0052/0.0021/0.0000/0.0676,
	Losses: Policy Loss value/action/dist: 0.044/-0.021/0.953,
INFO:root:Time: 00d 04h 20m 56s, num timesteps 645840, FPS 41,
	Rewards: per step mean/med/min/max, rew: 0.0052/0.0021/0.0000/0.0676,
	Losses: Policy Loss value/action/dist: 0.044/-0.021/0.953,
INFO:root:Time: 00d 04h 21m 03s, num timesteps 646080, FPS 41,
	Rewards: per step mean/med/min/max, rew: 0.0052/0.0021/0.0000/0.0676,
	Losses: Policy Loss value/action/dist: 0.044/-0.021/0.953,
INFO:root:Time: 00d 04h 21m 09s, num timesteps 646320, FPS 41,
	Rewards: per step mean/med/min/max, rew: 0.0053/0.0021/0.0000/0.0676,
	Losses: Policy Loss value/action/dist: 0.044/-0.021/0.953,
INFO:root:Time: 00d 04h 21m 16s, num timesteps 646560, FPS 41,
	Rewards: per step mean/med/min/max, rew: 0.0053/0.0021/0.0000/0.0676,
	Losses: Policy Loss value/action/dist: 0.044/-0.021/0.953,
INFO:root:Time: 00d 04h 21m 23s, num timesteps 646800, FPS 41,
	Rewards: per step mean/med/min/max, rew: 0.0052/0.0021/0.0000/0.0676,
	Losses: Policy Loss value/action/dist: 0.044/-0.021/0.953,
INFO:root:Time: 00d 04h 21m 29s, num timesteps 647040, FPS 41,
	Rewards: per step mean/med/min/max, rew: 0.0052/0.0021/0.0000/0.0676,
	Losses: Policy Loss value/action/dist: 0.044/-0.021/0.953,
INFO:root:Time: 00d 04h 21m 36s, num timesteps 647280, FPS 41,
	Rewards: per step mean/med/min/max, rew: 0.0052/0.0021/0.0000/0.0676,
	Losses: Policy Loss value/action/dist: 0.044/-0.021/0.953,
INFO:root:Time: 00d 04h 21m 43s, num timesteps 647520, FPS 41,
	Rewards: per step mean/med/min/max, rew: 0.0053/0.0021/0.0000/0.0676,
	Losses: Policy Loss value/action/dist: 0.044/-0.021/0.953,
INFO:root:Time: 00d 04h 21m 49s, num timesteps 647760, FPS 41,
	Rewards: per step mean/med/min/max, rew: 0.0052/0.0021/0.0000/0.0676,
	Losses: Policy Loss value/action/dist: 0.044/-0.021/0.953,
INFO:root:Time: 00d 04h 21m 58s, num timesteps 648000, FPS 41,
	Rewards: per step mean/med/min/max, rew: 0.0053/0.0021/0.0000/0.0676,
	Losses: Policy Loss value/action/dist: 0.044/-0.021/0.953,
INFO:root:Time: 00d 04h 22m 05s, num timesteps 648240, FPS 41,
	Rewards: per step mean/med/min/max, rew: 0.0053/0.0021/0.0000/0.0676,
	Losses: Policy Loss value/action/dist: 0.044/-0.021/0.953,
INFO:root:Time: 00d 04h 22m 11s, num timesteps 648480, FPS 41,
	Rewards: per step mean/med/min/max, rew: 0.0053/0.0021/0.0000/0.0676,
	Losses: Policy Loss value/action/dist: 0.044/-0.021/0.953,
INFO:root:Time: 00d 04h 22m 18s, num timesteps 648720, FPS 41,
	Rewards: per step mean/med/min/max, rew: 0.0052/0.0021/0.0000/0.0676,
	Losses: Policy Loss value/action/dist: 0.044/-0.021/0.953,
INFO:root:Time: 00d 04h 22m 24s, num timesteps 648960, FPS 41,
	Rewards: per step mean/med/min/max, rew: 0.0053/0.0021/0.0000/0.0676,
	Losses: Policy Loss value/action/dist: 0.044/-0.021/0.953,
INFO:root:Time: 00d 04h 22m 30s, num timesteps 649200, FPS 41,
	Rewards: per step mean/med/min/max, rew: 0.0052/0.0021/0.0000/0.0676,
	Losses: Policy Loss value/action/dist: 0.044/-0.021/0.953,
INFO:root:Time: 00d 04h 22m 37s, num timesteps 649440, FPS 41,
	Rewards: per step mean/med/min/max, rew: 0.0053/0.0021/0.0000/0.0676,
	Losses: Policy Loss value/action/dist: 0.044/-0.021/0.953,
INFO:root:Time: 00d 04h 22m 43s, num timesteps 649680, FPS 41,
	Rewards: per step mean/med/min/max, rew: 0.0052/0.0021/0.0000/0.0676,
	Losses: Policy Loss value/action/dist: 0.044/-0.021/0.953,
INFO:root:Time: 00d 04h 22m 49s, num timesteps 649920, FPS 41,
	Rewards: per step mean/med/min/max, rew: 0.0051/0.0021/0.0000/0.0676,
	Losses: Policy Loss value/action/dist: 0.044/-0.021/0.953,
INFO:root:Time: 00d 04h 22m 56s, num timesteps 650160, FPS 41,
	Rewards: per step mean/med/min/max, rew: 0.0051/0.0021/0.0000/0.0676,
	Losses: Policy Loss value/action/dist: 0.044/-0.021/0.953,
INFO:root:Time: 00d 04h 23m 05s, num timesteps 650400, FPS 41,
	Rewards: per step mean/med/min/max, rew: 0.0051/0.0020/0.0000/0.0676,
	Losses: Policy Loss value/action/dist: 0.044/-0.021/0.953,
INFO:root:Time: 00d 04h 23m 11s, num timesteps 650640, FPS 41,
	Rewards: per step mean/med/min/max, rew: 0.0050/0.0019/0.0000/0.0676,
	Losses: Policy Loss value/action/dist: 0.044/-0.021/0.953,
INFO:root:Time: 00d 04h 23m 18s, num timesteps 650880, FPS 41,
	Rewards: per step mean/med/min/max, rew: 0.0051/0.0020/0.0000/0.0676,
	Losses: Policy Loss value/action/dist: 0.044/-0.021/0.953,
INFO:root:Time: 00d 04h 23m 24s, num timesteps 651120, FPS 41,
	Rewards: per step mean/med/min/max, rew: 0.0051/0.0020/0.0000/0.0676,
	Losses: Policy Loss value/action/dist: 0.044/-0.021/0.953,
INFO:root:Time: 00d 04h 23m 30s, num timesteps 651360, FPS 41,
	Rewards: per step mean/med/min/max, rew: 0.0052/0.0020/0.0000/0.0676,
	Losses: Policy Loss value/action/dist: 0.044/-0.021/0.953,
INFO:root:Time: 00d 04h 23m 37s, num timesteps 651600, FPS 41,
	Rewards: per step mean/med/min/max, rew: 0.0051/0.0020/0.0000/0.0676,
	Losses: Policy Loss value/action/dist: 0.044/-0.021/0.953,
INFO:root:Time: 00d 04h 23m 43s, num timesteps 651840, FPS 41,
	Rewards: per step mean/med/min/max, rew: 0.0051/0.0019/0.0000/0.0676,
	Losses: Policy Loss value/action/dist: 0.044/-0.021/0.953,
INFO:root:Time: 00d 04h 23m 49s, num timesteps 652080, FPS 41,
	Rewards: per step mean/med/min/max, rew: 0.0051/0.0020/0.0000/0.0676,
	Losses: Policy Loss value/action/dist: 0.044/-0.021/0.953,
INFO:root:Time: 00d 04h 23m 55s, num timesteps 652320, FPS 41,
	Rewards: per step mean/med/min/max, rew: 0.0051/0.0020/0.0000/0.0676,
	Losses: Policy Loss value/action/dist: 0.044/-0.021/0.953,
INFO:root:Time: 00d 04h 24m 02s, num timesteps 652560, FPS 41,
	Rewards: per step mean/med/min/max, rew: 0.0052/0.0021/0.0000/0.0676,
	Losses: Policy Loss value/action/dist: 0.044/-0.021/0.953,
INFO:root:Time: 00d 04h 24m 10s, num timesteps 652800, FPS 41,
	Rewards: per step mean/med/min/max, rew: 0.0052/0.0021/0.0000/0.0676,
	Losses: Policy Loss value/action/dist: 0.044/-0.021/0.952,
INFO:root:Time: 00d 04h 24m 17s, num timesteps 653040, FPS 41,
	Rewards: per step mean/med/min/max, rew: 0.0052/0.0021/0.0000/0.0676,
	Losses: Policy Loss value/action/dist: 0.044/-0.021/0.952,
INFO:root:Time: 00d 04h 24m 23s, num timesteps 653280, FPS 41,
	Rewards: per step mean/med/min/max, rew: 0.0052/0.0021/0.0000/0.0676,
	Losses: Policy Loss value/action/dist: 0.044/-0.021/0.952,
INFO:root:Time: 00d 04h 24m 30s, num timesteps 653520, FPS 41,
	Rewards: per step mean/med/min/max, rew: 0.0052/0.0021/0.0000/0.0676,
	Losses: Policy Loss value/action/dist: 0.044/-0.021/0.952,
INFO:root:Time: 00d 04h 24m 36s, num timesteps 653760, FPS 41,
	Rewards: per step mean/med/min/max, rew: 0.0051/0.0020/0.0000/0.0676,
	Losses: Policy Loss value/action/dist: 0.044/-0.021/0.952,
INFO:root:Time: 00d 04h 24m 42s, num timesteps 654000, FPS 41,
	Rewards: per step mean/med/min/max, rew: 0.0051/0.0020/0.0000/0.0676,
	Losses: Policy Loss value/action/dist: 0.044/-0.021/0.952,
INFO:root:Time: 00d 04h 24m 49s, num timesteps 654240, FPS 41,
	Rewards: per step mean/med/min/max, rew: 0.0051/0.0019/0.0000/0.0676,
	Losses: Policy Loss value/action/dist: 0.044/-0.021/0.952,
INFO:root:Time: 00d 04h 24m 55s, num timesteps 654480, FPS 41,
	Rewards: per step mean/med/min/max, rew: 0.0050/0.0019/0.0000/0.0676,
	Losses: Policy Loss value/action/dist: 0.044/-0.021/0.952,
INFO:root:Time: 00d 04h 25m 02s, num timesteps 654720, FPS 41,
	Rewards: per step mean/med/min/max, rew: 0.0050/0.0018/0.0000/0.0676,
	Losses: Policy Loss value/action/dist: 0.044/-0.021/0.952,
INFO:root:Time: 00d 04h 25m 08s, num timesteps 654960, FPS 41,
	Rewards: per step mean/med/min/max, rew: 0.0050/0.0019/0.0000/0.0676,
	Losses: Policy Loss value/action/dist: 0.044/-0.021/0.952,
INFO:root:Time: 00d 04h 25m 17s, num timesteps 655200, FPS 41,
	Rewards: per step mean/med/min/max, rew: 0.0050/0.0019/0.0000/0.0676,
	Losses: Policy Loss value/action/dist: 0.044/-0.021/0.952,
INFO:root:Time: 00d 04h 25m 23s, num timesteps 655440, FPS 41,
	Rewards: per step mean/med/min/max, rew: 0.0050/0.0019/0.0000/0.0676,
	Losses: Policy Loss value/action/dist: 0.044/-0.021/0.952,
INFO:root:Time: 00d 04h 25m 29s, num timesteps 655680, FPS 41,
	Rewards: per step mean/med/min/max, rew: 0.0051/0.0019/0.0000/0.0676,
	Losses: Policy Loss value/action/dist: 0.044/-0.021/0.952,
INFO:root:Time: 00d 04h 25m 36s, num timesteps 655920, FPS 41,
	Rewards: per step mean/med/min/max, rew: 0.0051/0.0019/0.0000/0.0676,
	Losses: Policy Loss value/action/dist: 0.044/-0.021/0.952,
INFO:root:Time: 00d 04h 25m 43s, num timesteps 656160, FPS 41,
	Rewards: per step mean/med/min/max, rew: 0.0051/0.0019/0.0000/0.0676,
	Losses: Policy Loss value/action/dist: 0.044/-0.021/0.952,
INFO:root:Time: 00d 04h 25m 49s, num timesteps 656400, FPS 41,
	Rewards: per step mean/med/min/max, rew: 0.0051/0.0019/0.0000/0.0676,
	Losses: Policy Loss value/action/dist: 0.044/-0.021/0.952,
INFO:root:Time: 00d 04h 25m 56s, num timesteps 656640, FPS 41,
	Rewards: per step mean/med/min/max, rew: 0.0051/0.0019/0.0000/0.0676,
	Losses: Policy Loss value/action/dist: 0.044/-0.021/0.952,
INFO:root:Time: 00d 04h 26m 02s, num timesteps 656880, FPS 41,
	Rewards: per step mean/med/min/max, rew: 0.0051/0.0019/0.0000/0.0676,
	Losses: Policy Loss value/action/dist: 0.044/-0.021/0.952,
INFO:root:Time: 00d 04h 26m 09s, num timesteps 657120, FPS 41,
	Rewards: per step mean/med/min/max, rew: 0.0051/0.0019/0.0000/0.0676,
	Losses: Policy Loss value/action/dist: 0.044/-0.021/0.952,
INFO:root:Time: 00d 04h 26m 15s, num timesteps 657360, FPS 41,
	Rewards: per step mean/med/min/max, rew: 0.0051/0.0019/0.0000/0.0676,
	Losses: Policy Loss value/action/dist: 0.044/-0.021/0.952,
INFO:root:Time: 00d 04h 26m 25s, num timesteps 657600, FPS 41,
	Rewards: per step mean/med/min/max, rew: 0.0051/0.0019/0.0000/0.0676,
	Losses: Policy Loss value/action/dist: 0.044/-0.021/0.952,
INFO:root:Time: 00d 04h 26m 31s, num timesteps 657840, FPS 41,
	Rewards: per step mean/med/min/max, rew: 0.0051/0.0019/0.0000/0.0676,
	Losses: Policy Loss value/action/dist: 0.044/-0.021/0.952,
INFO:root:Time: 00d 04h 26m 37s, num timesteps 658080, FPS 41,
	Rewards: per step mean/med/min/max, rew: 0.0051/0.0019/0.0000/0.0676,
	Losses: Policy Loss value/action/dist: 0.044/-0.021/0.952,
INFO:root:Time: 00d 04h 26m 44s, num timesteps 658320, FPS 41,
	Rewards: per step mean/med/min/max, rew: 0.0051/0.0019/0.0000/0.0676,
	Losses: Policy Loss value/action/dist: 0.044/-0.021/0.952,
INFO:root:Time: 00d 04h 26m 50s, num timesteps 658560, FPS 41,
	Rewards: per step mean/med/min/max, rew: 0.0051/0.0019/0.0000/0.0676,
	Losses: Policy Loss value/action/dist: 0.044/-0.021/0.952,
INFO:root:Time: 00d 04h 26m 57s, num timesteps 658800, FPS 41,
	Rewards: per step mean/med/min/max, rew: 0.0051/0.0019/0.0000/0.0676,
	Losses: Policy Loss value/action/dist: 0.044/-0.021/0.952,
INFO:root:Time: 00d 04h 27m 04s, num timesteps 659040, FPS 41,
	Rewards: per step mean/med/min/max, rew: 0.0051/0.0019/0.0000/0.0676,
	Losses: Policy Loss value/action/dist: 0.044/-0.021/0.952,
INFO:root:Time: 00d 04h 27m 10s, num timesteps 659280, FPS 41,
	Rewards: per step mean/med/min/max, rew: 0.0051/0.0019/0.0000/0.0676,
	Losses: Policy Loss value/action/dist: 0.044/-0.021/0.952,
INFO:root:Time: 00d 04h 27m 17s, num timesteps 659520, FPS 41,
	Rewards: per step mean/med/min/max, rew: 0.0051/0.0019/0.0000/0.0676,
	Losses: Policy Loss value/action/dist: 0.044/-0.021/0.952,
INFO:root:Time: 00d 04h 27m 23s, num timesteps 659760, FPS 41,
	Rewards: per step mean/med/min/max, rew: 0.0050/0.0018/0.0000/0.0676,
	Losses: Policy Loss value/action/dist: 0.044/-0.021/0.952,
INFO:root:Time: 00d 04h 27m 33s, num timesteps 660000, FPS 41,
	Rewards: per step mean/med/min/max, rew: 0.0050/0.0018/0.0000/0.0676,
	Losses: Policy Loss value/action/dist: 0.044/-0.021/0.952,
INFO:root:Time: 00d 04h 27m 39s, num timesteps 660240, FPS 41,
	Rewards: per step mean/med/min/max, rew: 0.0050/0.0018/0.0000/0.0676,
	Losses: Policy Loss value/action/dist: 0.044/-0.021/0.952,
INFO:root:Time: 00d 04h 27m 45s, num timesteps 660480, FPS 41,
	Rewards: per step mean/med/min/max, rew: 0.0050/0.0018/0.0000/0.0676,
	Losses: Policy Loss value/action/dist: 0.044/-0.021/0.952,
INFO:root:Time: 00d 04h 27m 52s, num timesteps 660720, FPS 41,
	Rewards: per step mean/med/min/max, rew: 0.0049/0.0018/0.0000/0.0676,
	Losses: Policy Loss value/action/dist: 0.044/-0.021/0.952,
INFO:root:Time: 00d 04h 27m 58s, num timesteps 660960, FPS 41,
	Rewards: per step mean/med/min/max, rew: 0.0048/0.0018/0.0000/0.0676,
	Losses: Policy Loss value/action/dist: 0.044/-0.021/0.952,
INFO:root:Time: 00d 04h 28m 05s, num timesteps 661200, FPS 41,
	Rewards: per step mean/med/min/max, rew: 0.0048/0.0018/0.0000/0.0676,
	Losses: Policy Loss value/action/dist: 0.044/-0.021/0.952,
INFO:root:Time: 00d 04h 28m 11s, num timesteps 661440, FPS 41,
	Rewards: per step mean/med/min/max, rew: 0.0048/0.0018/0.0000/0.0676,
	Losses: Policy Loss value/action/dist: 0.044/-0.021/0.952,
INFO:root:Time: 00d 04h 28m 17s, num timesteps 661680, FPS 41,
	Rewards: per step mean/med/min/max, rew: 0.0049/0.0018/0.0000/0.0676,
	Losses: Policy Loss value/action/dist: 0.044/-0.021/0.952,
INFO:root:Time: 00d 04h 28m 23s, num timesteps 661920, FPS 41,
	Rewards: per step mean/med/min/max, rew: 0.0048/0.0018/0.0000/0.0676,
	Losses: Policy Loss value/action/dist: 0.044/-0.021/0.952,
INFO:root:Time: 00d 04h 28m 30s, num timesteps 662160, FPS 41,
	Rewards: per step mean/med/min/max, rew: 0.0048/0.0018/0.0000/0.0676,
	Losses: Policy Loss value/action/dist: 0.044/-0.021/0.952,
INFO:root:Time: 00d 04h 28m 39s, num timesteps 662400, FPS 41,
	Rewards: per step mean/med/min/max, rew: 0.0048/0.0018/0.0000/0.0676,
	Losses: Policy Loss value/action/dist: 0.044/-0.021/0.951,
INFO:root:Time: 00d 04h 28m 45s, num timesteps 662640, FPS 41,
	Rewards: per step mean/med/min/max, rew: 0.0049/0.0018/0.0000/0.0676,
	Losses: Policy Loss value/action/dist: 0.044/-0.021/0.951,
INFO:root:Time: 00d 04h 28m 52s, num timesteps 662880, FPS 41,
	Rewards: per step mean/med/min/max, rew: 0.0049/0.0018/0.0000/0.0676,
	Losses: Policy Loss value/action/dist: 0.044/-0.021/0.951,
INFO:root:Time: 00d 04h 28m 58s, num timesteps 663120, FPS 41,
	Rewards: per step mean/med/min/max, rew: 0.0049/0.0018/0.0000/0.0676,
	Losses: Policy Loss value/action/dist: 0.044/-0.021/0.951,
INFO:root:Time: 00d 04h 29m 04s, num timesteps 663360, FPS 41,
	Rewards: per step mean/med/min/max, rew: 0.0049/0.0018/0.0000/0.0676,
	Losses: Policy Loss value/action/dist: 0.044/-0.021/0.951,
INFO:root:Time: 00d 04h 29m 11s, num timesteps 663600, FPS 41,
	Rewards: per step mean/med/min/max, rew: 0.0049/0.0018/0.0000/0.0676,
	Losses: Policy Loss value/action/dist: 0.044/-0.021/0.951,
INFO:root:Time: 00d 04h 29m 18s, num timesteps 663840, FPS 41,
	Rewards: per step mean/med/min/max, rew: 0.0049/0.0018/0.0000/0.0676,
	Losses: Policy Loss value/action/dist: 0.044/-0.021/0.951,
INFO:root:Time: 00d 04h 29m 24s, num timesteps 664080, FPS 41,
	Rewards: per step mean/med/min/max, rew: 0.0050/0.0019/0.0000/0.0676,
	Losses: Policy Loss value/action/dist: 0.044/-0.021/0.951,
INFO:root:Time: 00d 04h 29m 30s, num timesteps 664320, FPS 41,
	Rewards: per step mean/med/min/max, rew: 0.0049/0.0019/0.0000/0.0676,
	Losses: Policy Loss value/action/dist: 0.044/-0.021/0.951,
INFO:root:Time: 00d 04h 29m 37s, num timesteps 664560, FPS 41,
	Rewards: per step mean/med/min/max, rew: 0.0049/0.0018/0.0000/0.0676,
	Losses: Policy Loss value/action/dist: 0.044/-0.021/0.951,
INFO:root:Time: 00d 04h 29m 46s, num timesteps 664800, FPS 41,
	Rewards: per step mean/med/min/max, rew: 0.0050/0.0019/0.0000/0.0676,
	Losses: Policy Loss value/action/dist: 0.044/-0.021/0.951,
INFO:root:Time: 00d 04h 29m 52s, num timesteps 665040, FPS 41,
	Rewards: per step mean/med/min/max, rew: 0.0050/0.0019/0.0000/0.0676,
	Losses: Policy Loss value/action/dist: 0.044/-0.021/0.951,
INFO:root:Time: 00d 04h 29m 59s, num timesteps 665280, FPS 41,
	Rewards: per step mean/med/min/max, rew: 0.0050/0.0019/0.0000/0.0676,
	Losses: Policy Loss value/action/dist: 0.044/-0.021/0.951,
INFO:root:Time: 00d 04h 30m 05s, num timesteps 665520, FPS 41,
	Rewards: per step mean/med/min/max, rew: 0.0049/0.0018/0.0000/0.0626,
	Losses: Policy Loss value/action/dist: 0.044/-0.021/0.951,
INFO:root:Time: 00d 04h 30m 12s, num timesteps 665760, FPS 41,
	Rewards: per step mean/med/min/max, rew: 0.0049/0.0018/0.0000/0.0626,
	Losses: Policy Loss value/action/dist: 0.044/-0.021/0.951,
INFO:root:Time: 00d 04h 30m 18s, num timesteps 666000, FPS 41,
	Rewards: per step mean/med/min/max, rew: 0.0048/0.0018/0.0000/0.0626,
	Losses: Policy Loss value/action/dist: 0.044/-0.021/0.951,
INFO:root:Time: 00d 04h 30m 25s, num timesteps 666240, FPS 41,
	Rewards: per step mean/med/min/max, rew: 0.0049/0.0018/0.0000/0.0626,
	Losses: Policy Loss value/action/dist: 0.044/-0.021/0.951,
INFO:root:Time: 00d 04h 30m 31s, num timesteps 666480, FPS 41,
	Rewards: per step mean/med/min/max, rew: 0.0049/0.0018/0.0000/0.0626,
	Losses: Policy Loss value/action/dist: 0.044/-0.021/0.951,
INFO:root:Time: 00d 04h 30m 37s, num timesteps 666720, FPS 41,
	Rewards: per step mean/med/min/max, rew: 0.0049/0.0018/0.0000/0.0626,
	Losses: Policy Loss value/action/dist: 0.044/-0.021/0.951,
INFO:root:Time: 00d 04h 30m 44s, num timesteps 666960, FPS 41,
	Rewards: per step mean/med/min/max, rew: 0.0048/0.0018/0.0000/0.0626,
	Losses: Policy Loss value/action/dist: 0.044/-0.021/0.951,
INFO:root:Time: 00d 04h 30m 53s, num timesteps 667200, FPS 41,
	Rewards: per step mean/med/min/max, rew: 0.0048/0.0018/0.0000/0.0626,
	Losses: Policy Loss value/action/dist: 0.044/-0.021/0.951,
INFO:root:Time: 00d 04h 31m 00s, num timesteps 667440, FPS 41,
	Rewards: per step mean/med/min/max, rew: 0.0048/0.0018/0.0000/0.0626,
	Losses: Policy Loss value/action/dist: 0.044/-0.021/0.951,
INFO:root:Time: 00d 04h 31m 06s, num timesteps 667680, FPS 41,
	Rewards: per step mean/med/min/max, rew: 0.0048/0.0018/0.0000/0.0626,
	Losses: Policy Loss value/action/dist: 0.044/-0.021/0.951,
INFO:root:Time: 00d 04h 31m 13s, num timesteps 667920, FPS 41,
	Rewards: per step mean/med/min/max, rew: 0.0048/0.0018/0.0000/0.0626,
	Losses: Policy Loss value/action/dist: 0.044/-0.021/0.951,
INFO:root:Time: 00d 04h 31m 19s, num timesteps 668160, FPS 41,
	Rewards: per step mean/med/min/max, rew: 0.0048/0.0018/0.0000/0.0626,
	Losses: Policy Loss value/action/dist: 0.044/-0.021/0.951,
INFO:root:Time: 00d 04h 31m 26s, num timesteps 668400, FPS 41,
	Rewards: per step mean/med/min/max, rew: 0.0048/0.0018/0.0000/0.0626,
	Losses: Policy Loss value/action/dist: 0.044/-0.021/0.951,
INFO:root:Time: 00d 04h 31m 32s, num timesteps 668640, FPS 41,
	Rewards: per step mean/med/min/max, rew: 0.0048/0.0018/0.0000/0.0626,
	Losses: Policy Loss value/action/dist: 0.044/-0.021/0.951,
INFO:root:Time: 00d 04h 31m 39s, num timesteps 668880, FPS 41,
	Rewards: per step mean/med/min/max, rew: 0.0048/0.0017/0.0000/0.0626,
	Losses: Policy Loss value/action/dist: 0.044/-0.021/0.951,
INFO:root:Time: 00d 04h 31m 45s, num timesteps 669120, FPS 41,
	Rewards: per step mean/med/min/max, rew: 0.0048/0.0018/0.0000/0.0626,
	Losses: Policy Loss value/action/dist: 0.044/-0.021/0.951,
INFO:root:Time: 00d 04h 31m 52s, num timesteps 669360, FPS 41,
	Rewards: per step mean/med/min/max, rew: 0.0048/0.0018/0.0000/0.0626,
	Losses: Policy Loss value/action/dist: 0.044/-0.021/0.951,
INFO:root:Time: 00d 04h 32m 01s, num timesteps 669600, FPS 41,
	Rewards: per step mean/med/min/max, rew: 0.0048/0.0018/0.0000/0.0626,
	Losses: Policy Loss value/action/dist: 0.044/-0.021/0.951,
INFO:root:Time: 00d 04h 32m 07s, num timesteps 669840, FPS 41,
	Rewards: per step mean/med/min/max, rew: 0.0048/0.0018/0.0000/0.0626,
	Losses: Policy Loss value/action/dist: 0.044/-0.021/0.951,
INFO:root:Time: 00d 04h 32m 13s, num timesteps 670080, FPS 41,
	Rewards: per step mean/med/min/max, rew: 0.0048/0.0018/0.0000/0.0626,
	Losses: Policy Loss value/action/dist: 0.044/-0.021/0.951,
INFO:root:Time: 00d 04h 32m 20s, num timesteps 670320, FPS 41,
	Rewards: per step mean/med/min/max, rew: 0.0048/0.0017/0.0000/0.0626,
	Losses: Policy Loss value/action/dist: 0.044/-0.021/0.951,
INFO:root:Time: 00d 04h 32m 26s, num timesteps 670560, FPS 41,
	Rewards: per step mean/med/min/max, rew: 0.0048/0.0018/0.0000/0.0626,
	Losses: Policy Loss value/action/dist: 0.044/-0.021/0.951,
INFO:root:Time: 00d 04h 32m 33s, num timesteps 670800, FPS 41,
	Rewards: per step mean/med/min/max, rew: 0.0049/0.0018/0.0000/0.0626,
	Losses: Policy Loss value/action/dist: 0.044/-0.021/0.951,
INFO:root:Time: 00d 04h 32m 40s, num timesteps 671040, FPS 41,
	Rewards: per step mean/med/min/max, rew: 0.0049/0.0018/0.0000/0.0626,
	Losses: Policy Loss value/action/dist: 0.044/-0.021/0.951,
INFO:root:Time: 00d 04h 32m 46s, num timesteps 671280, FPS 41,
	Rewards: per step mean/med/min/max, rew: 0.0049/0.0018/0.0000/0.0626,
	Losses: Policy Loss value/action/dist: 0.044/-0.021/0.951,
INFO:root:Time: 00d 04h 32m 53s, num timesteps 671520, FPS 41,
	Rewards: per step mean/med/min/max, rew: 0.0049/0.0018/0.0000/0.0626,
	Losses: Policy Loss value/action/dist: 0.044/-0.021/0.951,
INFO:root:Time: 00d 04h 32m 59s, num timesteps 671760, FPS 41,
	Rewards: per step mean/med/min/max, rew: 0.0049/0.0018/0.0000/0.0626,
	Losses: Policy Loss value/action/dist: 0.044/-0.021/0.951,
INFO:root:Time: 00d 04h 33m 08s, num timesteps 672000, FPS 41,
	Rewards: per step mean/med/min/max, rew: 0.0048/0.0018/0.0000/0.0626,
	Losses: Policy Loss value/action/dist: 0.044/-0.021/0.951,
INFO:root:Time: 00d 04h 33m 15s, num timesteps 672240, FPS 41,
	Rewards: per step mean/med/min/max, rew: 0.0049/0.0018/0.0000/0.0626,
	Losses: Policy Loss value/action/dist: 0.044/-0.021/0.951,
INFO:root:Time: 00d 04h 33m 21s, num timesteps 672480, FPS 41,
	Rewards: per step mean/med/min/max, rew: 0.0047/0.0018/0.0000/0.0500,
	Losses: Policy Loss value/action/dist: 0.044/-0.021/0.951,
INFO:root:Time: 00d 04h 33m 28s, num timesteps 672720, FPS 40,
	Rewards: per step mean/med/min/max, rew: 0.0048/0.0018/0.0000/0.0500,
	Losses: Policy Loss value/action/dist: 0.044/-0.021/0.951,
INFO:root:Time: 00d 04h 33m 34s, num timesteps 672960, FPS 40,
	Rewards: per step mean/med/min/max, rew: 0.0047/0.0018/0.0000/0.0500,
	Losses: Policy Loss value/action/dist: 0.044/-0.021/0.951,
INFO:root:Time: 00d 04h 33m 41s, num timesteps 673200, FPS 40,
	Rewards: per step mean/med/min/max, rew: 0.0046/0.0017/0.0000/0.0500,
	Losses: Policy Loss value/action/dist: 0.044/-0.021/0.951,
INFO:root:Time: 00d 04h 33m 48s, num timesteps 673440, FPS 40,
	Rewards: per step mean/med/min/max, rew: 0.0047/0.0017/0.0000/0.0500,
	Losses: Policy Loss value/action/dist: 0.044/-0.021/0.951,
INFO:root:Time: 00d 04h 33m 54s, num timesteps 673680, FPS 40,
	Rewards: per step mean/med/min/max, rew: 0.0048/0.0018/0.0000/0.0626,
	Losses: Policy Loss value/action/dist: 0.044/-0.021/0.951,
INFO:root:Time: 00d 04h 34m 00s, num timesteps 673920, FPS 40,
	Rewards: per step mean/med/min/max, rew: 0.0048/0.0017/0.0000/0.0626,
	Losses: Policy Loss value/action/dist: 0.044/-0.021/0.951,
INFO:root:Time: 00d 04h 34m 07s, num timesteps 674160, FPS 40,
	Rewards: per step mean/med/min/max, rew: 0.0048/0.0017/0.0000/0.0626,
	Losses: Policy Loss value/action/dist: 0.044/-0.021/0.951,
INFO:root:Time: 00d 04h 34m 16s, num timesteps 674400, FPS 40,
	Rewards: per step mean/med/min/max, rew: 0.0048/0.0018/0.0000/0.0626,
	Losses: Policy Loss value/action/dist: 0.044/-0.021/0.950,
INFO:root:Time: 00d 04h 34m 22s, num timesteps 674640, FPS 40,
	Rewards: per step mean/med/min/max, rew: 0.0049/0.0018/0.0000/0.0626,
	Losses: Policy Loss value/action/dist: 0.044/-0.021/0.950,
INFO:root:Time: 00d 04h 34m 29s, num timesteps 674880, FPS 40,
	Rewards: per step mean/med/min/max, rew: 0.0047/0.0018/0.0000/0.0626,
	Losses: Policy Loss value/action/dist: 0.044/-0.021/0.950,
INFO:root:Time: 00d 04h 34m 35s, num timesteps 675120, FPS 40,
	Rewards: per step mean/med/min/max, rew: 0.0048/0.0018/0.0000/0.0626,
	Losses: Policy Loss value/action/dist: 0.044/-0.021/0.950,
INFO:root:Time: 00d 04h 34m 42s, num timesteps 675360, FPS 40,
	Rewards: per step mean/med/min/max, rew: 0.0047/0.0018/0.0000/0.0626,
	Losses: Policy Loss value/action/dist: 0.044/-0.021/0.950,
INFO:root:Time: 00d 04h 34m 48s, num timesteps 675600, FPS 40,
	Rewards: per step mean/med/min/max, rew: 0.0047/0.0017/0.0000/0.0626,
	Losses: Policy Loss value/action/dist: 0.044/-0.021/0.950,
INFO:root:Time: 00d 04h 34m 55s, num timesteps 675840, FPS 40,
	Rewards: per step mean/med/min/max, rew: 0.0047/0.0018/0.0000/0.0626,
	Losses: Policy Loss value/action/dist: 0.044/-0.021/0.950,
INFO:root:Time: 00d 04h 35m 02s, num timesteps 676080, FPS 40,
	Rewards: per step mean/med/min/max, rew: 0.0047/0.0018/0.0000/0.0626,
	Losses: Policy Loss value/action/dist: 0.044/-0.021/0.950,
INFO:root:Time: 00d 04h 35m 08s, num timesteps 676320, FPS 40,
	Rewards: per step mean/med/min/max, rew: 0.0047/0.0018/0.0000/0.0626,
	Losses: Policy Loss value/action/dist: 0.044/-0.021/0.950,
INFO:root:Time: 00d 04h 35m 15s, num timesteps 676560, FPS 40,
	Rewards: per step mean/med/min/max, rew: 0.0047/0.0017/0.0000/0.0626,
	Losses: Policy Loss value/action/dist: 0.044/-0.021/0.950,
INFO:root:Time: 00d 04h 35m 23s, num timesteps 676800, FPS 40,
	Rewards: per step mean/med/min/max, rew: 0.0047/0.0017/0.0000/0.0626,
	Losses: Policy Loss value/action/dist: 0.044/-0.021/0.950,
INFO:root:Time: 00d 04h 35m 30s, num timesteps 677040, FPS 40,
	Rewards: per step mean/med/min/max, rew: 0.0047/0.0017/0.0000/0.0626,
	Losses: Policy Loss value/action/dist: 0.044/-0.021/0.950,
INFO:root:Time: 00d 04h 35m 36s, num timesteps 677280, FPS 40,
	Rewards: per step mean/med/min/max, rew: 0.0048/0.0017/0.0000/0.0626,
	Losses: Policy Loss value/action/dist: 0.044/-0.021/0.950,
INFO:root:Time: 00d 04h 35m 43s, num timesteps 677520, FPS 40,
	Rewards: per step mean/med/min/max, rew: 0.0048/0.0017/0.0000/0.0626,
	Losses: Policy Loss value/action/dist: 0.044/-0.021/0.950,
INFO:root:Time: 00d 04h 35m 49s, num timesteps 677760, FPS 40,
	Rewards: per step mean/med/min/max, rew: 0.0049/0.0018/0.0000/0.0626,
	Losses: Policy Loss value/action/dist: 0.044/-0.021/0.950,
INFO:root:Time: 00d 04h 35m 55s, num timesteps 678000, FPS 40,
	Rewards: per step mean/med/min/max, rew: 0.0049/0.0018/0.0000/0.0626,
	Losses: Policy Loss value/action/dist: 0.044/-0.021/0.950,
INFO:root:Time: 00d 04h 36m 01s, num timesteps 678240, FPS 40,
	Rewards: per step mean/med/min/max, rew: 0.0050/0.0018/0.0000/0.0626,
	Losses: Policy Loss value/action/dist: 0.044/-0.021/0.950,
INFO:root:Time: 00d 04h 36m 08s, num timesteps 678480, FPS 40,
	Rewards: per step mean/med/min/max, rew: 0.0050/0.0019/0.0000/0.0626,
	Losses: Policy Loss value/action/dist: 0.044/-0.021/0.950,
INFO:root:Time: 00d 04h 36m 14s, num timesteps 678720, FPS 40,
	Rewards: per step mean/med/min/max, rew: 0.0050/0.0019/0.0000/0.0626,
	Losses: Policy Loss value/action/dist: 0.044/-0.021/0.950,
INFO:root:Time: 00d 04h 36m 20s, num timesteps 678960, FPS 40,
	Rewards: per step mean/med/min/max, rew: 0.0050/0.0018/0.0000/0.0626,
	Losses: Policy Loss value/action/dist: 0.044/-0.021/0.950,
INFO:root:Time: 00d 04h 36m 29s, num timesteps 679200, FPS 40,
	Rewards: per step mean/med/min/max, rew: 0.0050/0.0018/0.0000/0.0626,
	Losses: Policy Loss value/action/dist: 0.044/-0.021/0.950,
INFO:root:Time: 00d 04h 36m 36s, num timesteps 679440, FPS 40,
	Rewards: per step mean/med/min/max, rew: 0.0050/0.0019/0.0000/0.0626,
	Losses: Policy Loss value/action/dist: 0.044/-0.021/0.950,
INFO:root:Time: 00d 04h 36m 42s, num timesteps 679680, FPS 40,
	Rewards: per step mean/med/min/max, rew: 0.0050/0.0019/0.0000/0.0626,
	Losses: Policy Loss value/action/dist: 0.044/-0.021/0.950,
INFO:root:Time: 00d 04h 36m 48s, num timesteps 679920, FPS 40,
	Rewards: per step mean/med/min/max, rew: 0.0050/0.0019/0.0000/0.0626,
	Losses: Policy Loss value/action/dist: 0.044/-0.021/0.950,
INFO:root:Time: 00d 04h 36m 55s, num timesteps 680160, FPS 40,
	Rewards: per step mean/med/min/max, rew: 0.0050/0.0019/0.0000/0.0626,
	Losses: Policy Loss value/action/dist: 0.044/-0.021/0.950,
INFO:root:Time: 00d 04h 37m 01s, num timesteps 680400, FPS 40,
	Rewards: per step mean/med/min/max, rew: 0.0051/0.0019/0.0000/0.0626,
	Losses: Policy Loss value/action/dist: 0.044/-0.021/0.950,
INFO:root:Time: 00d 04h 37m 08s, num timesteps 680640, FPS 40,
	Rewards: per step mean/med/min/max, rew: 0.0051/0.0019/0.0000/0.0626,
	Losses: Policy Loss value/action/dist: 0.044/-0.021/0.950,
INFO:root:Time: 00d 04h 37m 14s, num timesteps 680880, FPS 40,
	Rewards: per step mean/med/min/max, rew: 0.0051/0.0019/0.0000/0.0626,
	Losses: Policy Loss value/action/dist: 0.044/-0.021/0.950,
INFO:root:Time: 00d 04h 37m 21s, num timesteps 681120, FPS 40,
	Rewards: per step mean/med/min/max, rew: 0.0051/0.0019/0.0000/0.0626,
	Losses: Policy Loss value/action/dist: 0.044/-0.021/0.950,
INFO:root:Time: 00d 04h 37m 27s, num timesteps 681360, FPS 40,
	Rewards: per step mean/med/min/max, rew: 0.0050/0.0019/0.0000/0.0626,
	Losses: Policy Loss value/action/dist: 0.044/-0.021/0.950,
INFO:root:Time: 00d 04h 37m 37s, num timesteps 681600, FPS 40,
	Rewards: per step mean/med/min/max, rew: 0.0050/0.0019/0.0000/0.0626,
	Losses: Policy Loss value/action/dist: 0.044/-0.021/0.950,
INFO:root:Time: 00d 04h 37m 43s, num timesteps 681840, FPS 40,
	Rewards: per step mean/med/min/max, rew: 0.0051/0.0019/0.0000/0.0626,
	Losses: Policy Loss value/action/dist: 0.044/-0.021/0.950,
INFO:root:Time: 00d 04h 37m 50s, num timesteps 682080, FPS 40,
	Rewards: per step mean/med/min/max, rew: 0.0051/0.0020/0.0000/0.0626,
	Losses: Policy Loss value/action/dist: 0.044/-0.021/0.950,
INFO:root:Time: 00d 04h 37m 57s, num timesteps 682320, FPS 40,
	Rewards: per step mean/med/min/max, rew: 0.0051/0.0019/0.0000/0.0626,
	Losses: Policy Loss value/action/dist: 0.044/-0.021/0.950,
INFO:root:Time: 00d 04h 38m 04s, num timesteps 682560, FPS 40,
	Rewards: per step mean/med/min/max, rew: 0.0051/0.0019/0.0000/0.0626,
	Losses: Policy Loss value/action/dist: 0.044/-0.021/0.950,
INFO:root:Time: 00d 04h 38m 10s, num timesteps 682800, FPS 40,
	Rewards: per step mean/med/min/max, rew: 0.0051/0.0020/0.0000/0.0626,
	Losses: Policy Loss value/action/dist: 0.044/-0.021/0.950,
INFO:root:Time: 00d 04h 38m 17s, num timesteps 683040, FPS 40,
	Rewards: per step mean/med/min/max, rew: 0.0051/0.0020/0.0000/0.0626,
	Losses: Policy Loss value/action/dist: 0.044/-0.021/0.950,
INFO:root:Time: 00d 04h 38m 23s, num timesteps 683280, FPS 40,
	Rewards: per step mean/med/min/max, rew: 0.0051/0.0020/0.0000/0.0626,
	Losses: Policy Loss value/action/dist: 0.044/-0.021/0.950,
INFO:root:Time: 00d 04h 38m 30s, num timesteps 683520, FPS 40,
	Rewards: per step mean/med/min/max, rew: 0.0051/0.0021/0.0000/0.0626,
	Losses: Policy Loss value/action/dist: 0.044/-0.021/0.950,
INFO:root:Time: 00d 04h 38m 36s, num timesteps 683760, FPS 40,
	Rewards: per step mean/med/min/max, rew: 0.0051/0.0021/0.0000/0.0626,
	Losses: Policy Loss value/action/dist: 0.044/-0.021/0.950,
INFO:root:Time: 00d 04h 38m 46s, num timesteps 684000, FPS 40,
	Rewards: per step mean/med/min/max, rew: 0.0051/0.0022/0.0000/0.0626,
	Losses: Policy Loss value/action/dist: 0.044/-0.021/0.950,
INFO:root:Time: 00d 04h 38m 52s, num timesteps 684240, FPS 40,
	Rewards: per step mean/med/min/max, rew: 0.0052/0.0022/0.0000/0.0626,
	Losses: Policy Loss value/action/dist: 0.044/-0.021/0.950,
INFO:root:Time: 00d 04h 38m 58s, num timesteps 684480, FPS 40,
	Rewards: per step mean/med/min/max, rew: 0.0052/0.0022/0.0000/0.0626,
	Losses: Policy Loss value/action/dist: 0.044/-0.021/0.950,
INFO:root:Time: 00d 04h 39m 05s, num timesteps 684720, FPS 40,
	Rewards: per step mean/med/min/max, rew: 0.0053/0.0022/0.0000/0.0626,
	Losses: Policy Loss value/action/dist: 0.044/-0.021/0.950,
INFO:root:Time: 00d 04h 39m 12s, num timesteps 684960, FPS 40,
	Rewards: per step mean/med/min/max, rew: 0.0053/0.0022/0.0000/0.0626,
	Losses: Policy Loss value/action/dist: 0.044/-0.021/0.950,
INFO:root:Time: 00d 04h 39m 18s, num timesteps 685200, FPS 40,
	Rewards: per step mean/med/min/max, rew: 0.0052/0.0022/0.0000/0.0626,
	Losses: Policy Loss value/action/dist: 0.044/-0.021/0.950,
INFO:root:Time: 00d 04h 39m 25s, num timesteps 685440, FPS 40,
	Rewards: per step mean/med/min/max, rew: 0.0052/0.0021/0.0000/0.0626,
	Losses: Policy Loss value/action/dist: 0.044/-0.021/0.950,
INFO:root:Time: 00d 04h 39m 31s, num timesteps 685680, FPS 40,
	Rewards: per step mean/med/min/max, rew: 0.0052/0.0021/0.0000/0.0626,
	Losses: Policy Loss value/action/dist: 0.044/-0.021/0.950,
INFO:root:Time: 00d 04h 39m 37s, num timesteps 685920, FPS 40,
	Rewards: per step mean/med/min/max, rew: 0.0053/0.0022/0.0000/0.0626,
	Losses: Policy Loss value/action/dist: 0.044/-0.021/0.950,
INFO:root:Time: 00d 04h 39m 44s, num timesteps 686160, FPS 40,
	Rewards: per step mean/med/min/max, rew: 0.0053/0.0021/0.0000/0.0626,
	Losses: Policy Loss value/action/dist: 0.044/-0.021/0.950,
INFO:root:Time: 00d 04h 39m 53s, num timesteps 686400, FPS 40,
	Rewards: per step mean/med/min/max, rew: 0.0054/0.0021/0.0000/0.0626,
	Losses: Policy Loss value/action/dist: 0.044/-0.021/0.949,
INFO:root:Time: 00d 04h 39m 59s, num timesteps 686640, FPS 40,
	Rewards: per step mean/med/min/max, rew: 0.0053/0.0021/0.0000/0.0626,
	Losses: Policy Loss value/action/dist: 0.044/-0.021/0.949,
INFO:root:Time: 00d 04h 40m 06s, num timesteps 686880, FPS 40,
	Rewards: per step mean/med/min/max, rew: 0.0053/0.0021/0.0000/0.0626,
	Losses: Policy Loss value/action/dist: 0.044/-0.021/0.949,
INFO:root:Time: 00d 04h 40m 12s, num timesteps 687120, FPS 40,
	Rewards: per step mean/med/min/max, rew: 0.0052/0.0021/0.0000/0.0626,
	Losses: Policy Loss value/action/dist: 0.044/-0.021/0.949,
INFO:root:Time: 00d 04h 40m 19s, num timesteps 687360, FPS 40,
	Rewards: per step mean/med/min/max, rew: 0.0052/0.0020/0.0000/0.0626,
	Losses: Policy Loss value/action/dist: 0.044/-0.021/0.949,
INFO:root:Time: 00d 04h 40m 26s, num timesteps 687600, FPS 40,
	Rewards: per step mean/med/min/max, rew: 0.0052/0.0020/0.0000/0.0626,
	Losses: Policy Loss value/action/dist: 0.044/-0.021/0.949,
INFO:root:Time: 00d 04h 40m 32s, num timesteps 687840, FPS 40,
	Rewards: per step mean/med/min/max, rew: 0.0052/0.0020/0.0000/0.0626,
	Losses: Policy Loss value/action/dist: 0.044/-0.021/0.949,
INFO:root:Time: 00d 04h 40m 38s, num timesteps 688080, FPS 40,
	Rewards: per step mean/med/min/max, rew: 0.0052/0.0019/0.0000/0.0626,
	Losses: Policy Loss value/action/dist: 0.044/-0.021/0.949,
INFO:root:Time: 00d 04h 40m 45s, num timesteps 688320, FPS 40,
	Rewards: per step mean/med/min/max, rew: 0.0053/0.0020/0.0000/0.0626,
	Losses: Policy Loss value/action/dist: 0.044/-0.021/0.949,
INFO:root:Time: 00d 04h 40m 51s, num timesteps 688560, FPS 40,
	Rewards: per step mean/med/min/max, rew: 0.0054/0.0021/0.0000/0.0626,
	Losses: Policy Loss value/action/dist: 0.044/-0.021/0.949,
INFO:root:Time: 00d 04h 41m 00s, num timesteps 688800, FPS 40,
	Rewards: per step mean/med/min/max, rew: 0.0052/0.0020/0.0000/0.0626,
	Losses: Policy Loss value/action/dist: 0.044/-0.021/0.949,
INFO:root:Time: 00d 04h 41m 06s, num timesteps 689040, FPS 40,
	Rewards: per step mean/med/min/max, rew: 0.0051/0.0020/0.0000/0.0626,
	Losses: Policy Loss value/action/dist: 0.044/-0.021/0.949,
INFO:root:Time: 00d 04h 41m 13s, num timesteps 689280, FPS 40,
	Rewards: per step mean/med/min/max, rew: 0.0051/0.0020/0.0000/0.0626,
	Losses: Policy Loss value/action/dist: 0.044/-0.021/0.949,
INFO:root:Time: 00d 04h 41m 19s, num timesteps 689520, FPS 40,
	Rewards: per step mean/med/min/max, rew: 0.0052/0.0020/0.0000/0.0626,
	Losses: Policy Loss value/action/dist: 0.044/-0.021/0.949,
INFO:root:Time: 00d 04h 41m 25s, num timesteps 689760, FPS 40,
	Rewards: per step mean/med/min/max, rew: 0.0052/0.0020/0.0000/0.0626,
	Losses: Policy Loss value/action/dist: 0.044/-0.021/0.949,
INFO:root:Time: 00d 04h 41m 32s, num timesteps 690000, FPS 40,
	Rewards: per step mean/med/min/max, rew: 0.0052/0.0021/0.0000/0.0626,
	Losses: Policy Loss value/action/dist: 0.044/-0.021/0.949,
INFO:root:Time: 00d 04h 41m 38s, num timesteps 690240, FPS 40,
	Rewards: per step mean/med/min/max, rew: 0.0052/0.0021/0.0000/0.0626,
	Losses: Policy Loss value/action/dist: 0.044/-0.021/0.949,
INFO:root:Time: 00d 04h 41m 44s, num timesteps 690480, FPS 40,
	Rewards: per step mean/med/min/max, rew: 0.0053/0.0022/0.0000/0.0626,
	Losses: Policy Loss value/action/dist: 0.044/-0.021/0.949,
INFO:root:Time: 00d 04h 41m 51s, num timesteps 690720, FPS 40,
	Rewards: per step mean/med/min/max, rew: 0.0053/0.0022/0.0000/0.0626,
	Losses: Policy Loss value/action/dist: 0.044/-0.021/0.949,
INFO:root:Time: 00d 04h 41m 57s, num timesteps 690960, FPS 40,
	Rewards: per step mean/med/min/max, rew: 0.0053/0.0023/0.0000/0.0626,
	Losses: Policy Loss value/action/dist: 0.044/-0.021/0.949,
INFO:root:Time: 00d 04h 42m 06s, num timesteps 691200, FPS 40,
	Rewards: per step mean/med/min/max, rew: 0.0054/0.0023/0.0000/0.0626,
	Losses: Policy Loss value/action/dist: 0.044/-0.021/0.949,
INFO:root:Time: 00d 04h 42m 13s, num timesteps 691440, FPS 40,
	Rewards: per step mean/med/min/max, rew: 0.0053/0.0023/0.0000/0.0626,
	Losses: Policy Loss value/action/dist: 0.044/-0.021/0.949,
INFO:root:Time: 00d 04h 42m 19s, num timesteps 691680, FPS 40,
	Rewards: per step mean/med/min/max, rew: 0.0054/0.0023/0.0000/0.0626,
	Losses: Policy Loss value/action/dist: 0.044/-0.021/0.949,
INFO:root:Time: 00d 04h 42m 25s, num timesteps 691920, FPS 40,
	Rewards: per step mean/med/min/max, rew: 0.0054/0.0023/0.0000/0.0626,
	Losses: Policy Loss value/action/dist: 0.044/-0.021/0.949,
INFO:root:Time: 00d 04h 42m 32s, num timesteps 692160, FPS 40,
	Rewards: per step mean/med/min/max, rew: 0.0054/0.0024/0.0000/0.0626,
	Losses: Policy Loss value/action/dist: 0.044/-0.021/0.949,
INFO:root:Time: 00d 04h 42m 38s, num timesteps 692400, FPS 40,
	Rewards: per step mean/med/min/max, rew: 0.0055/0.0024/0.0000/0.0626,
	Losses: Policy Loss value/action/dist: 0.044/-0.021/0.949,
INFO:root:Time: 00d 04h 42m 45s, num timesteps 692640, FPS 40,
	Rewards: per step mean/med/min/max, rew: 0.0054/0.0024/0.0000/0.0626,
	Losses: Policy Loss value/action/dist: 0.044/-0.021/0.949,
INFO:root:Time: 00d 04h 42m 51s, num timesteps 692880, FPS 40,
	Rewards: per step mean/med/min/max, rew: 0.0055/0.0024/0.0000/0.0626,
	Losses: Policy Loss value/action/dist: 0.044/-0.021/0.949,
INFO:root:Time: 00d 04h 42m 58s, num timesteps 693120, FPS 40,
	Rewards: per step mean/med/min/max, rew: 0.0055/0.0024/0.0000/0.0626,
	Losses: Policy Loss value/action/dist: 0.044/-0.021/0.949,
INFO:root:Time: 00d 04h 43m 05s, num timesteps 693360, FPS 40,
	Rewards: per step mean/med/min/max, rew: 0.0054/0.0024/0.0000/0.0626,
	Losses: Policy Loss value/action/dist: 0.044/-0.021/0.949,
INFO:root:Time: 00d 04h 43m 14s, num timesteps 693600, FPS 40,
	Rewards: per step mean/med/min/max, rew: 0.0055/0.0024/0.0000/0.0626,
	Losses: Policy Loss value/action/dist: 0.044/-0.021/0.949,
INFO:root:Time: 00d 04h 43m 21s, num timesteps 693840, FPS 40,
	Rewards: per step mean/med/min/max, rew: 0.0054/0.0024/0.0000/0.0626,
	Losses: Policy Loss value/action/dist: 0.044/-0.021/0.949,
INFO:root:Time: 00d 04h 43m 28s, num timesteps 694080, FPS 40,
	Rewards: per step mean/med/min/max, rew: 0.0054/0.0024/0.0000/0.0626,
	Losses: Policy Loss value/action/dist: 0.044/-0.021/0.949,
INFO:root:Time: 00d 04h 43m 34s, num timesteps 694320, FPS 40,
	Rewards: per step mean/med/min/max, rew: 0.0054/0.0024/0.0000/0.0626,
	Losses: Policy Loss value/action/dist: 0.044/-0.021/0.949,
INFO:root:Time: 00d 04h 43m 41s, num timesteps 694560, FPS 40,
	Rewards: per step mean/med/min/max, rew: 0.0054/0.0024/0.0000/0.0626,
	Losses: Policy Loss value/action/dist: 0.044/-0.021/0.949,
INFO:root:Time: 00d 04h 43m 47s, num timesteps 694800, FPS 40,
	Rewards: per step mean/med/min/max, rew: 0.0054/0.0024/0.0000/0.0626,
	Losses: Policy Loss value/action/dist: 0.044/-0.021/0.949,
INFO:root:Time: 00d 04h 43m 54s, num timesteps 695040, FPS 40,
	Rewards: per step mean/med/min/max, rew: 0.0054/0.0024/0.0000/0.0626,
	Losses: Policy Loss value/action/dist: 0.044/-0.021/0.949,
INFO:root:Time: 00d 04h 44m 00s, num timesteps 695280, FPS 40,
	Rewards: per step mean/med/min/max, rew: 0.0054/0.0023/0.0000/0.0626,
	Losses: Policy Loss value/action/dist: 0.044/-0.021/0.949,
INFO:root:Time: 00d 04h 44m 07s, num timesteps 695520, FPS 40,
	Rewards: per step mean/med/min/max, rew: 0.0053/0.0023/0.0000/0.0626,
	Losses: Policy Loss value/action/dist: 0.044/-0.021/0.949,
INFO:root:Time: 00d 04h 44m 14s, num timesteps 695760, FPS 40,
	Rewards: per step mean/med/min/max, rew: 0.0053/0.0023/0.0000/0.0626,
	Losses: Policy Loss value/action/dist: 0.044/-0.021/0.949,
INFO:root:Time: 00d 04h 44m 23s, num timesteps 696000, FPS 40,
	Rewards: per step mean/med/min/max, rew: 0.0053/0.0023/0.0000/0.0626,
	Losses: Policy Loss value/action/dist: 0.044/-0.021/0.949,
INFO:root:Time: 00d 04h 44m 30s, num timesteps 696240, FPS 40,
	Rewards: per step mean/med/min/max, rew: 0.0053/0.0023/0.0000/0.0626,
	Losses: Policy Loss value/action/dist: 0.044/-0.021/0.949,
INFO:root:Time: 00d 04h 44m 36s, num timesteps 696480, FPS 40,
	Rewards: per step mean/med/min/max, rew: 0.0055/0.0023/0.0000/0.0626,
	Losses: Policy Loss value/action/dist: 0.044/-0.021/0.949,
INFO:root:Time: 00d 04h 44m 43s, num timesteps 696720, FPS 40,
	Rewards: per step mean/med/min/max, rew: 0.0054/0.0023/0.0000/0.0626,
	Losses: Policy Loss value/action/dist: 0.044/-0.021/0.949,
INFO:root:Time: 00d 04h 44m 49s, num timesteps 696960, FPS 40,
	Rewards: per step mean/med/min/max, rew: 0.0054/0.0023/0.0000/0.0626,
	Losses: Policy Loss value/action/dist: 0.044/-0.021/0.949,
INFO:root:Time: 00d 04h 44m 56s, num timesteps 697200, FPS 40,
	Rewards: per step mean/med/min/max, rew: 0.0054/0.0023/0.0000/0.0626,
	Losses: Policy Loss value/action/dist: 0.044/-0.021/0.949,
INFO:root:Time: 00d 04h 45m 03s, num timesteps 697440, FPS 40,
	Rewards: per step mean/med/min/max, rew: 0.0053/0.0023/0.0000/0.0626,
	Losses: Policy Loss value/action/dist: 0.044/-0.021/0.949,
INFO:root:Time: 00d 04h 45m 10s, num timesteps 697680, FPS 40,
	Rewards: per step mean/med/min/max, rew: 0.0052/0.0022/0.0000/0.0600,
	Losses: Policy Loss value/action/dist: 0.044/-0.021/0.949,
INFO:root:Time: 00d 04h 45m 16s, num timesteps 697920, FPS 40,
	Rewards: per step mean/med/min/max, rew: 0.0052/0.0022/0.0000/0.0600,
	Losses: Policy Loss value/action/dist: 0.044/-0.021/0.949,
INFO:root:Time: 00d 04h 45m 23s, num timesteps 698160, FPS 40,
	Rewards: per step mean/med/min/max, rew: 0.0052/0.0022/0.0000/0.0600,
	Losses: Policy Loss value/action/dist: 0.044/-0.021/0.949,
INFO:root:Time: 00d 04h 45m 32s, num timesteps 698400, FPS 40,
	Rewards: per step mean/med/min/max, rew: 0.0052/0.0022/0.0000/0.0662,
	Losses: Policy Loss value/action/dist: 0.044/-0.021/0.949,
INFO:root:Time: 00d 04h 45m 39s, num timesteps 698640, FPS 40,
	Rewards: per step mean/med/min/max, rew: 0.0052/0.0022/0.0000/0.0662,
	Losses: Policy Loss value/action/dist: 0.044/-0.021/0.949,
INFO:root:Time: 00d 04h 45m 46s, num timesteps 698880, FPS 40,
	Rewards: per step mean/med/min/max, rew: 0.0052/0.0022/0.0000/0.0662,
	Losses: Policy Loss value/action/dist: 0.044/-0.021/0.949,
INFO:root:Time: 00d 04h 45m 53s, num timesteps 699120, FPS 40,
	Rewards: per step mean/med/min/max, rew: 0.0052/0.0022/0.0000/0.0662,
	Losses: Policy Loss value/action/dist: 0.044/-0.021/0.949,
INFO:root:Time: 00d 04h 46m 00s, num timesteps 699360, FPS 40,
	Rewards: per step mean/med/min/max, rew: 0.0053/0.0022/0.0000/0.0662,
	Losses: Policy Loss value/action/dist: 0.044/-0.021/0.949,
INFO:root:Time: 00d 04h 46m 07s, num timesteps 699600, FPS 40,
	Rewards: per step mean/med/min/max, rew: 0.0053/0.0022/0.0000/0.0662,
	Losses: Policy Loss value/action/dist: 0.044/-0.021/0.949,
INFO:root:Time: 00d 04h 46m 13s, num timesteps 699840, FPS 40,
	Rewards: per step mean/med/min/max, rew: 0.0053/0.0022/0.0000/0.0662,
	Losses: Policy Loss value/action/dist: 0.044/-0.021/0.949,
INFO:root:Time: 00d 04h 46m 20s, num timesteps 700080, FPS 40,
	Rewards: per step mean/med/min/max, rew: 0.0053/0.0022/0.0000/0.0662,
	Losses: Policy Loss value/action/dist: 0.044/-0.021/0.949,
INFO:root:Time: 00d 04h 46m 27s, num timesteps 700320, FPS 40,
	Rewards: per step mean/med/min/max, rew: 0.0053/0.0022/0.0000/0.0662,
	Losses: Policy Loss value/action/dist: 0.044/-0.021/0.949,
INFO:root:Time: 00d 04h 46m 34s, num timesteps 700560, FPS 40,
	Rewards: per step mean/med/min/max, rew: 0.0052/0.0022/0.0000/0.0662,
	Losses: Policy Loss value/action/dist: 0.044/-0.021/0.949,
INFO:root:Time: 00d 04h 46m 43s, num timesteps 700800, FPS 40,
	Rewards: per step mean/med/min/max, rew: 0.0053/0.0022/0.0000/0.0662,
	Losses: Policy Loss value/action/dist: 0.044/-0.021/0.949,
INFO:root:Time: 00d 04h 46m 49s, num timesteps 701040, FPS 40,
	Rewards: per step mean/med/min/max, rew: 0.0053/0.0022/0.0000/0.0662,
	Losses: Policy Loss value/action/dist: 0.044/-0.021/0.949,
INFO:root:Time: 00d 04h 46m 56s, num timesteps 701280, FPS 40,
	Rewards: per step mean/med/min/max, rew: 0.0053/0.0022/0.0000/0.0662,
	Losses: Policy Loss value/action/dist: 0.044/-0.021/0.949,
INFO:root:Time: 00d 04h 47m 03s, num timesteps 701520, FPS 40,
	Rewards: per step mean/med/min/max, rew: 0.0053/0.0022/0.0000/0.0662,
	Losses: Policy Loss value/action/dist: 0.044/-0.021/0.949,
INFO:root:Time: 00d 04h 47m 10s, num timesteps 701760, FPS 40,
	Rewards: per step mean/med/min/max, rew: 0.0053/0.0022/0.0000/0.0662,
	Losses: Policy Loss value/action/dist: 0.044/-0.021/0.949,
INFO:root:Time: 00d 04h 47m 17s, num timesteps 702000, FPS 40,
	Rewards: per step mean/med/min/max, rew: 0.0053/0.0022/0.0000/0.0662,
	Losses: Policy Loss value/action/dist: 0.044/-0.021/0.949,
INFO:root:Time: 00d 04h 47m 23s, num timesteps 702240, FPS 40,
	Rewards: per step mean/med/min/max, rew: 0.0053/0.0022/0.0000/0.0662,
	Losses: Policy Loss value/action/dist: 0.044/-0.021/0.949,
INFO:root:Time: 00d 04h 47m 30s, num timesteps 702480, FPS 40,
	Rewards: per step mean/med/min/max, rew: 0.0053/0.0022/0.0000/0.0662,
	Losses: Policy Loss value/action/dist: 0.044/-0.021/0.949,
INFO:root:Time: 00d 04h 47m 37s, num timesteps 702720, FPS 40,
	Rewards: per step mean/med/min/max, rew: 0.0053/0.0022/0.0000/0.0662,
	Losses: Policy Loss value/action/dist: 0.044/-0.021/0.949,
INFO:root:Time: 00d 04h 47m 44s, num timesteps 702960, FPS 40,
	Rewards: per step mean/med/min/max, rew: 0.0052/0.0022/0.0000/0.0662,
	Losses: Policy Loss value/action/dist: 0.044/-0.021/0.949,
INFO:root:Time: 00d 04h 47m 53s, num timesteps 703200, FPS 40,
	Rewards: per step mean/med/min/max, rew: 0.0053/0.0022/0.0000/0.0662,
	Losses: Policy Loss value/action/dist: 0.044/-0.021/0.949,
INFO:root:Time: 00d 04h 47m 59s, num timesteps 703440, FPS 40,
	Rewards: per step mean/med/min/max, rew: 0.0053/0.0022/0.0000/0.0662,
	Losses: Policy Loss value/action/dist: 0.044/-0.021/0.949,
INFO:root:Time: 00d 04h 48m 06s, num timesteps 703680, FPS 40,
	Rewards: per step mean/med/min/max, rew: 0.0052/0.0022/0.0000/0.0662,
	Losses: Policy Loss value/action/dist: 0.044/-0.021/0.949,
INFO:root:Time: 00d 04h 48m 13s, num timesteps 703920, FPS 40,
	Rewards: per step mean/med/min/max, rew: 0.0052/0.0021/0.0000/0.0662,
	Losses: Policy Loss value/action/dist: 0.044/-0.021/0.949,
INFO:root:Time: 00d 04h 48m 20s, num timesteps 704160, FPS 40,
	Rewards: per step mean/med/min/max, rew: 0.0052/0.0021/0.0000/0.0662,
	Losses: Policy Loss value/action/dist: 0.044/-0.021/0.949,
INFO:root:Time: 00d 04h 48m 26s, num timesteps 704400, FPS 40,
	Rewards: per step mean/med/min/max, rew: 0.0051/0.0020/0.0000/0.0662,
	Losses: Policy Loss value/action/dist: 0.044/-0.021/0.949,
INFO:root:Time: 00d 04h 48m 33s, num timesteps 704640, FPS 40,
	Rewards: per step mean/med/min/max, rew: 0.0052/0.0021/0.0000/0.0662,
	Losses: Policy Loss value/action/dist: 0.044/-0.021/0.949,
INFO:root:Time: 00d 04h 48m 40s, num timesteps 704880, FPS 40,
	Rewards: per step mean/med/min/max, rew: 0.0052/0.0021/0.0000/0.0662,
	Losses: Policy Loss value/action/dist: 0.044/-0.021/0.949,
INFO:root:Time: 00d 04h 48m 47s, num timesteps 705120, FPS 40,
	Rewards: per step mean/med/min/max, rew: 0.0052/0.0021/0.0000/0.0662,
	Losses: Policy Loss value/action/dist: 0.044/-0.021/0.949,
INFO:root:Time: 00d 04h 48m 53s, num timesteps 705360, FPS 40,
	Rewards: per step mean/med/min/max, rew: 0.0052/0.0021/0.0000/0.0662,
	Losses: Policy Loss value/action/dist: 0.044/-0.021/0.949,
INFO:root:Time: 00d 04h 49m 03s, num timesteps 705600, FPS 40,
	Rewards: per step mean/med/min/max, rew: 0.0052/0.0021/0.0000/0.0662,
	Losses: Policy Loss value/action/dist: 0.044/-0.021/0.949,
INFO:root:Time: 00d 04h 49m 10s, num timesteps 705840, FPS 40,
	Rewards: per step mean/med/min/max, rew: 0.0052/0.0021/0.0000/0.0662,
	Losses: Policy Loss value/action/dist: 0.044/-0.021/0.949,
INFO:root:Time: 00d 04h 49m 16s, num timesteps 706080, FPS 40,
	Rewards: per step mean/med/min/max, rew: 0.0053/0.0021/0.0000/0.0662,
	Losses: Policy Loss value/action/dist: 0.044/-0.021/0.949,
INFO:root:Time: 00d 04h 49m 23s, num timesteps 706320, FPS 40,
	Rewards: per step mean/med/min/max, rew: 0.0053/0.0021/0.0000/0.0662,
	Losses: Policy Loss value/action/dist: 0.044/-0.021/0.949,
INFO:root:Time: 00d 04h 49m 29s, num timesteps 706560, FPS 40,
	Rewards: per step mean/med/min/max, rew: 0.0053/0.0021/0.0000/0.0662,
	Losses: Policy Loss value/action/dist: 0.044/-0.021/0.949,
INFO:root:Time: 00d 04h 49m 36s, num timesteps 706800, FPS 40,
	Rewards: per step mean/med/min/max, rew: 0.0053/0.0021/0.0000/0.0662,
	Losses: Policy Loss value/action/dist: 0.044/-0.021/0.949,
INFO:root:Time: 00d 04h 49m 43s, num timesteps 707040, FPS 40,
	Rewards: per step mean/med/min/max, rew: 0.0053/0.0021/0.0000/0.0662,
	Losses: Policy Loss value/action/dist: 0.044/-0.021/0.949,
INFO:root:Time: 00d 04h 49m 49s, num timesteps 707280, FPS 40,
	Rewards: per step mean/med/min/max, rew: 0.0053/0.0021/0.0000/0.0662,
	Losses: Policy Loss value/action/dist: 0.044/-0.021/0.949,
INFO:root:Time: 00d 04h 49m 56s, num timesteps 707520, FPS 40,
	Rewards: per step mean/med/min/max, rew: 0.0053/0.0021/0.0000/0.0662,
	Losses: Policy Loss value/action/dist: 0.044/-0.021/0.949,
INFO:root:Time: 00d 04h 50m 03s, num timesteps 707760, FPS 40,
	Rewards: per step mean/med/min/max, rew: 0.0053/0.0021/0.0000/0.0662,
	Losses: Policy Loss value/action/dist: 0.044/-0.021/0.949,
INFO:root:Time: 00d 04h 50m 12s, num timesteps 708000, FPS 40,
	Rewards: per step mean/med/min/max, rew: 0.0053/0.0021/0.0000/0.0662,
	Losses: Policy Loss value/action/dist: 0.044/-0.021/0.949,
INFO:root:Time: 00d 04h 50m 19s, num timesteps 708240, FPS 40,
	Rewards: per step mean/med/min/max, rew: 0.0052/0.0022/0.0000/0.0662,
	Losses: Policy Loss value/action/dist: 0.044/-0.021/0.949,
INFO:root:Time: 00d 04h 50m 26s, num timesteps 708480, FPS 40,
	Rewards: per step mean/med/min/max, rew: 0.0053/0.0022/0.0000/0.0662,
	Losses: Policy Loss value/action/dist: 0.044/-0.021/0.949,
INFO:root:Time: 00d 04h 50m 33s, num timesteps 708720, FPS 40,
	Rewards: per step mean/med/min/max, rew: 0.0052/0.0021/0.0000/0.0662,
	Losses: Policy Loss value/action/dist: 0.044/-0.021/0.949,
INFO:root:Time: 00d 04h 50m 39s, num timesteps 708960, FPS 40,
	Rewards: per step mean/med/min/max, rew: 0.0053/0.0022/0.0000/0.0662,
	Losses: Policy Loss value/action/dist: 0.044/-0.021/0.949,
INFO:root:Time: 00d 04h 50m 46s, num timesteps 709200, FPS 40,
	Rewards: per step mean/med/min/max, rew: 0.0054/0.0022/0.0000/0.0662,
	Losses: Policy Loss value/action/dist: 0.044/-0.021/0.949,
INFO:root:Time: 00d 04h 50m 53s, num timesteps 709440, FPS 40,
	Rewards: per step mean/med/min/max, rew: 0.0055/0.0022/0.0000/0.0662,
	Losses: Policy Loss value/action/dist: 0.044/-0.021/0.949,
INFO:root:Time: 00d 04h 50m 59s, num timesteps 709680, FPS 40,
	Rewards: per step mean/med/min/max, rew: 0.0055/0.0022/0.0000/0.0662,
	Losses: Policy Loss value/action/dist: 0.044/-0.021/0.949,
INFO:root:Time: 00d 04h 51m 06s, num timesteps 709920, FPS 40,
	Rewards: per step mean/med/min/max, rew: 0.0054/0.0022/0.0000/0.0662,
	Losses: Policy Loss value/action/dist: 0.044/-0.021/0.949,
INFO:root:Time: 00d 04h 51m 13s, num timesteps 710160, FPS 40,
	Rewards: per step mean/med/min/max, rew: 0.0053/0.0022/0.0000/0.0662,
	Losses: Policy Loss value/action/dist: 0.044/-0.021/0.949,
INFO:root:Time: 00d 04h 51m 22s, num timesteps 710400, FPS 40,
	Rewards: per step mean/med/min/max, rew: 0.0053/0.0021/0.0000/0.0662,
	Losses: Policy Loss value/action/dist: 0.044/-0.021/0.949,
INFO:root:Time: 00d 04h 51m 29s, num timesteps 710640, FPS 40,
	Rewards: per step mean/med/min/max, rew: 0.0053/0.0021/0.0000/0.0662,
	Losses: Policy Loss value/action/dist: 0.044/-0.021/0.949,
INFO:root:Time: 00d 04h 51m 36s, num timesteps 710880, FPS 40,
	Rewards: per step mean/med/min/max, rew: 0.0054/0.0021/0.0000/0.0662,
	Losses: Policy Loss value/action/dist: 0.044/-0.021/0.949,
INFO:root:Time: 00d 04h 51m 43s, num timesteps 711120, FPS 40,
	Rewards: per step mean/med/min/max, rew: 0.0054/0.0021/0.0000/0.0662,
	Losses: Policy Loss value/action/dist: 0.044/-0.021/0.949,
INFO:root:Time: 00d 04h 51m 49s, num timesteps 711360, FPS 40,
	Rewards: per step mean/med/min/max, rew: 0.0055/0.0022/0.0000/0.0662,
	Losses: Policy Loss value/action/dist: 0.044/-0.021/0.949,
INFO:root:Time: 00d 04h 51m 56s, num timesteps 711600, FPS 40,
	Rewards: per step mean/med/min/max, rew: 0.0054/0.0022/0.0000/0.0662,
	Losses: Policy Loss value/action/dist: 0.044/-0.021/0.949,
INFO:root:Time: 00d 04h 52m 03s, num timesteps 711840, FPS 40,
	Rewards: per step mean/med/min/max, rew: 0.0054/0.0022/0.0000/0.0662,
	Losses: Policy Loss value/action/dist: 0.044/-0.021/0.949,
INFO:root:Time: 00d 04h 52m 10s, num timesteps 712080, FPS 40,
	Rewards: per step mean/med/min/max, rew: 0.0054/0.0022/0.0000/0.0662,
	Losses: Policy Loss value/action/dist: 0.044/-0.021/0.949,
INFO:root:Time: 00d 04h 52m 16s, num timesteps 712320, FPS 40,
	Rewards: per step mean/med/min/max, rew: 0.0054/0.0022/0.0000/0.0662,
	Losses: Policy Loss value/action/dist: 0.044/-0.021/0.949,
INFO:root:Time: 00d 04h 52m 23s, num timesteps 712560, FPS 40,
	Rewards: per step mean/med/min/max, rew: 0.0053/0.0022/0.0000/0.0662,
	Losses: Policy Loss value/action/dist: 0.044/-0.021/0.949,
INFO:root:Time: 00d 04h 52m 32s, num timesteps 712800, FPS 40,
	Rewards: per step mean/med/min/max, rew: 0.0054/0.0022/0.0000/0.0662,
	Losses: Policy Loss value/action/dist: 0.044/-0.021/0.949,
INFO:root:Time: 00d 04h 52m 39s, num timesteps 713040, FPS 40,
	Rewards: per step mean/med/min/max, rew: 0.0053/0.0022/0.0000/0.0662,
	Losses: Policy Loss value/action/dist: 0.044/-0.021/0.949,
INFO:root:Time: 00d 04h 52m 45s, num timesteps 713280, FPS 40,
	Rewards: per step mean/med/min/max, rew: 0.0054/0.0022/0.0000/0.0662,
	Losses: Policy Loss value/action/dist: 0.044/-0.021/0.949,
INFO:root:Time: 00d 04h 52m 52s, num timesteps 713520, FPS 40,
	Rewards: per step mean/med/min/max, rew: 0.0054/0.0022/0.0000/0.0662,
	Losses: Policy Loss value/action/dist: 0.044/-0.021/0.949,
INFO:root:Time: 00d 04h 52m 59s, num timesteps 713760, FPS 40,
	Rewards: per step mean/med/min/max, rew: 0.0054/0.0022/0.0000/0.0662,
	Losses: Policy Loss value/action/dist: 0.044/-0.021/0.949,
INFO:root:Time: 00d 04h 53m 06s, num timesteps 714000, FPS 40,
	Rewards: per step mean/med/min/max, rew: 0.0053/0.0022/0.0000/0.0662,
	Losses: Policy Loss value/action/dist: 0.044/-0.021/0.949,
INFO:root:Time: 00d 04h 53m 12s, num timesteps 714240, FPS 40,
	Rewards: per step mean/med/min/max, rew: 0.0053/0.0022/0.0000/0.0662,
	Losses: Policy Loss value/action/dist: 0.044/-0.021/0.949,
INFO:root:Time: 00d 04h 53m 19s, num timesteps 714480, FPS 40,
	Rewards: per step mean/med/min/max, rew: 0.0053/0.0021/0.0000/0.0662,
	Losses: Policy Loss value/action/dist: 0.044/-0.021/0.949,
INFO:root:Time: 00d 04h 53m 26s, num timesteps 714720, FPS 40,
	Rewards: per step mean/med/min/max, rew: 0.0052/0.0021/0.0000/0.0662,
	Losses: Policy Loss value/action/dist: 0.044/-0.021/0.949,
INFO:root:Time: 00d 04h 53m 33s, num timesteps 714960, FPS 40,
	Rewards: per step mean/med/min/max, rew: 0.0052/0.0021/0.0000/0.0662,
	Losses: Policy Loss value/action/dist: 0.044/-0.021/0.949,
INFO:root:Time: 00d 04h 53m 42s, num timesteps 715200, FPS 40,
	Rewards: per step mean/med/min/max, rew: 0.0052/0.0020/0.0000/0.0662,
	Losses: Policy Loss value/action/dist: 0.044/-0.021/0.949,
INFO:root:Time: 00d 04h 53m 49s, num timesteps 715440, FPS 40,
	Rewards: per step mean/med/min/max, rew: 0.0052/0.0021/0.0000/0.0662,
	Losses: Policy Loss value/action/dist: 0.044/-0.021/0.949,
INFO:root:Time: 00d 04h 53m 56s, num timesteps 715680, FPS 40,
	Rewards: per step mean/med/min/max, rew: 0.0052/0.0021/0.0000/0.0662,
	Losses: Policy Loss value/action/dist: 0.044/-0.021/0.949,
INFO:root:Time: 00d 04h 54m 03s, num timesteps 715920, FPS 40,
	Rewards: per step mean/med/min/max, rew: 0.0052/0.0020/0.0000/0.0662,
	Losses: Policy Loss value/action/dist: 0.044/-0.021/0.949,
INFO:root:Time: 00d 04h 54m 10s, num timesteps 716160, FPS 40,
	Rewards: per step mean/med/min/max, rew: 0.0051/0.0020/0.0000/0.0662,
	Losses: Policy Loss value/action/dist: 0.044/-0.021/0.949,
INFO:root:Time: 00d 04h 54m 17s, num timesteps 716400, FPS 40,
	Rewards: per step mean/med/min/max, rew: 0.0050/0.0019/0.0000/0.0662,
	Losses: Policy Loss value/action/dist: 0.044/-0.021/0.949,
INFO:root:Time: 00d 04h 54m 23s, num timesteps 716640, FPS 40,
	Rewards: per step mean/med/min/max, rew: 0.0050/0.0019/0.0000/0.0662,
	Losses: Policy Loss value/action/dist: 0.044/-0.021/0.949,
INFO:root:Time: 00d 04h 54m 30s, num timesteps 716880, FPS 40,
	Rewards: per step mean/med/min/max, rew: 0.0050/0.0019/0.0000/0.0662,
	Losses: Policy Loss value/action/dist: 0.044/-0.021/0.949,
INFO:root:Time: 00d 04h 54m 37s, num timesteps 717120, FPS 40,
	Rewards: per step mean/med/min/max, rew: 0.0050/0.0019/0.0000/0.0662,
	Losses: Policy Loss value/action/dist: 0.044/-0.021/0.949,
INFO:root:Time: 00d 04h 54m 43s, num timesteps 717360, FPS 40,
	Rewards: per step mean/med/min/max, rew: 0.0050/0.0019/0.0000/0.0662,
	Losses: Policy Loss value/action/dist: 0.044/-0.021/0.949,
INFO:root:Time: 00d 04h 54m 53s, num timesteps 717600, FPS 40,
	Rewards: per step mean/med/min/max, rew: 0.0050/0.0018/0.0000/0.0662,
	Losses: Policy Loss value/action/dist: 0.044/-0.021/0.949,
INFO:root:Time: 00d 04h 55m 00s, num timesteps 717840, FPS 40,
	Rewards: per step mean/med/min/max, rew: 0.0049/0.0018/0.0000/0.0662,
	Losses: Policy Loss value/action/dist: 0.044/-0.021/0.949,
INFO:root:Time: 00d 04h 55m 07s, num timesteps 718080, FPS 40,
	Rewards: per step mean/med/min/max, rew: 0.0049/0.0018/0.0000/0.0662,
	Losses: Policy Loss value/action/dist: 0.044/-0.021/0.949,
INFO:root:Time: 00d 04h 55m 13s, num timesteps 718320, FPS 40,
	Rewards: per step mean/med/min/max, rew: 0.0049/0.0018/0.0000/0.0662,
	Losses: Policy Loss value/action/dist: 0.044/-0.021/0.949,
INFO:root:Time: 00d 04h 55m 20s, num timesteps 718560, FPS 40,
	Rewards: per step mean/med/min/max, rew: 0.0049/0.0017/0.0000/0.0662,
	Losses: Policy Loss value/action/dist: 0.044/-0.021/0.949,
INFO:root:Time: 00d 04h 55m 27s, num timesteps 718800, FPS 40,
	Rewards: per step mean/med/min/max, rew: 0.0049/0.0017/0.0000/0.0662,
	Losses: Policy Loss value/action/dist: 0.044/-0.021/0.949,
INFO:root:Time: 00d 04h 55m 34s, num timesteps 719040, FPS 40,
	Rewards: per step mean/med/min/max, rew: 0.0049/0.0018/0.0000/0.0662,
	Losses: Policy Loss value/action/dist: 0.044/-0.021/0.949,
INFO:root:Time: 00d 04h 55m 41s, num timesteps 719280, FPS 40,
	Rewards: per step mean/med/min/max, rew: 0.0049/0.0017/0.0000/0.0662,
	Losses: Policy Loss value/action/dist: 0.044/-0.021/0.949,
INFO:root:Time: 00d 04h 55m 47s, num timesteps 719520, FPS 40,
	Rewards: per step mean/med/min/max, rew: 0.0049/0.0017/0.0000/0.0662,
	Losses: Policy Loss value/action/dist: 0.044/-0.021/0.949,
INFO:root:Time: 00d 04h 55m 54s, num timesteps 719760, FPS 40,
	Rewards: per step mean/med/min/max, rew: 0.0049/0.0017/0.0000/0.0662,
	Losses: Policy Loss value/action/dist: 0.044/-0.021/0.949,
INFO:root:Time: 00d 04h 56m 03s, num timesteps 720000, FPS 40,
	Rewards: per step mean/med/min/max, rew: 0.0049/0.0017/0.0000/0.0662,
	Losses: Policy Loss value/action/dist: 0.044/-0.021/0.949,
INFO:root:Time: 00d 04h 56m 09s, num timesteps 720240, FPS 40,
	Rewards: per step mean/med/min/max, rew: 0.0049/0.0017/0.0000/0.0662,
	Losses: Policy Loss value/action/dist: 0.044/-0.021/0.949,
INFO:root:Time: 00d 04h 56m 16s, num timesteps 720480, FPS 40,
	Rewards: per step mean/med/min/max, rew: 0.0050/0.0017/0.0000/0.0662,
	Losses: Policy Loss value/action/dist: 0.044/-0.021/0.949,
INFO:root:Time: 00d 04h 56m 23s, num timesteps 720720, FPS 40,
	Rewards: per step mean/med/min/max, rew: 0.0050/0.0017/0.0000/0.0662,
	Losses: Policy Loss value/action/dist: 0.044/-0.021/0.949,
INFO:root:Time: 00d 04h 56m 30s, num timesteps 720960, FPS 40,
	Rewards: per step mean/med/min/max, rew: 0.0049/0.0017/0.0000/0.0662,
	Losses: Policy Loss value/action/dist: 0.044/-0.021/0.949,
INFO:root:Time: 00d 04h 56m 36s, num timesteps 721200, FPS 40,
	Rewards: per step mean/med/min/max, rew: 0.0050/0.0018/0.0000/0.0662,
	Losses: Policy Loss value/action/dist: 0.044/-0.021/0.949,
INFO:root:Time: 00d 04h 56m 43s, num timesteps 721440, FPS 40,
	Rewards: per step mean/med/min/max, rew: 0.0050/0.0018/0.0000/0.0662,
	Losses: Policy Loss value/action/dist: 0.044/-0.021/0.949,
INFO:root:Time: 00d 04h 56m 50s, num timesteps 721680, FPS 40,
	Rewards: per step mean/med/min/max, rew: 0.0052/0.0019/0.0000/0.0662,
	Losses: Policy Loss value/action/dist: 0.044/-0.021/0.949,
INFO:root:Time: 00d 04h 56m 57s, num timesteps 721920, FPS 40,
	Rewards: per step mean/med/min/max, rew: 0.0052/0.0020/0.0000/0.0662,
	Losses: Policy Loss value/action/dist: 0.044/-0.021/0.949,
INFO:root:Time: 00d 04h 57m 03s, num timesteps 722160, FPS 40,
	Rewards: per step mean/med/min/max, rew: 0.0052/0.0020/0.0000/0.0662,
	Losses: Policy Loss value/action/dist: 0.044/-0.021/0.949,
INFO:root:Time: 00d 04h 57m 13s, num timesteps 722400, FPS 40,
	Rewards: per step mean/med/min/max, rew: 0.0052/0.0020/0.0000/0.0561,
	Losses: Policy Loss value/action/dist: 0.044/-0.021/0.948,
INFO:root:Time: 00d 04h 57m 20s, num timesteps 722640, FPS 40,
	Rewards: per step mean/med/min/max, rew: 0.0052/0.0020/0.0000/0.0561,
	Losses: Policy Loss value/action/dist: 0.044/-0.021/0.948,
INFO:root:Time: 00d 04h 57m 26s, num timesteps 722880, FPS 40,
	Rewards: per step mean/med/min/max, rew: 0.0052/0.0020/0.0000/0.0561,
	Losses: Policy Loss value/action/dist: 0.044/-0.021/0.948,
INFO:root:Time: 00d 04h 57m 33s, num timesteps 723120, FPS 40,
	Rewards: per step mean/med/min/max, rew: 0.0052/0.0019/0.0000/0.0561,
	Losses: Policy Loss value/action/dist: 0.044/-0.021/0.948,
INFO:root:Time: 00d 04h 57m 40s, num timesteps 723360, FPS 40,
	Rewards: per step mean/med/min/max, rew: 0.0051/0.0019/0.0000/0.0561,
	Losses: Policy Loss value/action/dist: 0.044/-0.021/0.948,
INFO:root:Time: 00d 04h 57m 46s, num timesteps 723600, FPS 40,
	Rewards: per step mean/med/min/max, rew: 0.0051/0.0018/0.0000/0.0561,
	Losses: Policy Loss value/action/dist: 0.044/-0.021/0.948,
INFO:root:Time: 00d 04h 57m 53s, num timesteps 723840, FPS 40,
	Rewards: per step mean/med/min/max, rew: 0.0051/0.0018/0.0000/0.0561,
	Losses: Policy Loss value/action/dist: 0.044/-0.021/0.948,
INFO:root:Time: 00d 04h 57m 59s, num timesteps 724080, FPS 40,
	Rewards: per step mean/med/min/max, rew: 0.0051/0.0019/0.0000/0.0561,
	Losses: Policy Loss value/action/dist: 0.044/-0.021/0.948,
INFO:root:Time: 00d 04h 58m 06s, num timesteps 724320, FPS 40,
	Rewards: per step mean/med/min/max, rew: 0.0050/0.0018/0.0000/0.0561,
	Losses: Policy Loss value/action/dist: 0.044/-0.021/0.948,
INFO:root:Time: 00d 04h 58m 13s, num timesteps 724560, FPS 40,
	Rewards: per step mean/med/min/max, rew: 0.0050/0.0017/0.0000/0.0561,
	Losses: Policy Loss value/action/dist: 0.044/-0.021/0.948,
INFO:root:Time: 00d 04h 58m 21s, num timesteps 724800, FPS 40,
	Rewards: per step mean/med/min/max, rew: 0.0050/0.0017/0.0000/0.0561,
	Losses: Policy Loss value/action/dist: 0.044/-0.021/0.948,
INFO:root:Time: 00d 04h 58m 28s, num timesteps 725040, FPS 40,
	Rewards: per step mean/med/min/max, rew: 0.0050/0.0017/0.0000/0.0561,
	Losses: Policy Loss value/action/dist: 0.044/-0.021/0.948,
INFO:root:Time: 00d 04h 58m 35s, num timesteps 725280, FPS 40,
	Rewards: per step mean/med/min/max, rew: 0.0049/0.0016/0.0000/0.0561,
	Losses: Policy Loss value/action/dist: 0.044/-0.021/0.948,
INFO:root:Time: 00d 04h 58m 42s, num timesteps 725520, FPS 40,
	Rewards: per step mean/med/min/max, rew: 0.0048/0.0016/0.0000/0.0561,
	Losses: Policy Loss value/action/dist: 0.044/-0.021/0.948,
INFO:root:Time: 00d 04h 58m 49s, num timesteps 725760, FPS 40,
	Rewards: per step mean/med/min/max, rew: 0.0049/0.0016/0.0000/0.0561,
	Losses: Policy Loss value/action/dist: 0.044/-0.021/0.948,
INFO:root:Time: 00d 04h 58m 56s, num timesteps 726000, FPS 40,
	Rewards: per step mean/med/min/max, rew: 0.0049/0.0017/0.0000/0.0561,
	Losses: Policy Loss value/action/dist: 0.044/-0.021/0.948,
INFO:root:Time: 00d 04h 59m 02s, num timesteps 726240, FPS 40,
	Rewards: per step mean/med/min/max, rew: 0.0048/0.0016/0.0000/0.0561,
	Losses: Policy Loss value/action/dist: 0.044/-0.021/0.948,
INFO:root:Time: 00d 04h 59m 09s, num timesteps 726480, FPS 40,
	Rewards: per step mean/med/min/max, rew: 0.0049/0.0016/0.0000/0.0561,
	Losses: Policy Loss value/action/dist: 0.044/-0.021/0.948,
INFO:root:Time: 00d 04h 59m 16s, num timesteps 726720, FPS 40,
	Rewards: per step mean/med/min/max, rew: 0.0049/0.0017/0.0000/0.0561,
	Losses: Policy Loss value/action/dist: 0.044/-0.021/0.948,
INFO:root:Time: 00d 04h 59m 22s, num timesteps 726960, FPS 40,
	Rewards: per step mean/med/min/max, rew: 0.0050/0.0017/0.0000/0.0561,
	Losses: Policy Loss value/action/dist: 0.044/-0.021/0.948,
INFO:root:Time: 00d 04h 59m 32s, num timesteps 727200, FPS 40,
	Rewards: per step mean/med/min/max, rew: 0.0049/0.0016/0.0000/0.0561,
	Losses: Policy Loss value/action/dist: 0.044/-0.021/0.948,
INFO:root:Time: 00d 04h 59m 39s, num timesteps 727440, FPS 40,
	Rewards: per step mean/med/min/max, rew: 0.0049/0.0017/0.0000/0.0561,
	Losses: Policy Loss value/action/dist: 0.044/-0.021/0.948,
INFO:root:Time: 00d 04h 59m 45s, num timesteps 727680, FPS 40,
	Rewards: per step mean/med/min/max, rew: 0.0050/0.0017/0.0000/0.0561,
	Losses: Policy Loss value/action/dist: 0.044/-0.021/0.948,
INFO:root:Time: 00d 04h 59m 52s, num timesteps 727920, FPS 40,
	Rewards: per step mean/med/min/max, rew: 0.0050/0.0017/0.0000/0.0561,
	Losses: Policy Loss value/action/dist: 0.044/-0.021/0.948,
INFO:root:Time: 00d 04h 59m 59s, num timesteps 728160, FPS 40,
	Rewards: per step mean/med/min/max, rew: 0.0050/0.0017/0.0000/0.0561,
	Losses: Policy Loss value/action/dist: 0.044/-0.021/0.948,
INFO:root:Time: 00d 05h 00m 05s, num timesteps 728400, FPS 40,
	Rewards: per step mean/med/min/max, rew: 0.0050/0.0017/0.0000/0.0561,
	Losses: Policy Loss value/action/dist: 0.044/-0.021/0.948,
INFO:root:Time: 00d 05h 00m 11s, num timesteps 728640, FPS 40,
	Rewards: per step mean/med/min/max, rew: 0.0050/0.0017/0.0000/0.0561,
	Losses: Policy Loss value/action/dist: 0.044/-0.021/0.948,
INFO:root:Time: 00d 05h 00m 17s, num timesteps 728880, FPS 40,
	Rewards: per step mean/med/min/max, rew: 0.0049/0.0017/0.0000/0.0561,
	Losses: Policy Loss value/action/dist: 0.044/-0.021/0.948,
INFO:root:Time: 00d 05h 00m 23s, num timesteps 729120, FPS 40,
	Rewards: per step mean/med/min/max, rew: 0.0050/0.0017/0.0000/0.0561,
	Losses: Policy Loss value/action/dist: 0.044/-0.021/0.948,
INFO:root:Time: 00d 05h 00m 30s, num timesteps 729360, FPS 40,
	Rewards: per step mean/med/min/max, rew: 0.0049/0.0018/0.0000/0.0561,
	Losses: Policy Loss value/action/dist: 0.044/-0.021/0.948,
INFO:root:Time: 00d 05h 00m 39s, num timesteps 729600, FPS 40,
	Rewards: per step mean/med/min/max, rew: 0.0050/0.0018/0.0000/0.0561,
	Losses: Policy Loss value/action/dist: 0.044/-0.021/0.948,
INFO:root:Time: 00d 05h 00m 45s, num timesteps 729840, FPS 40,
	Rewards: per step mean/med/min/max, rew: 0.0049/0.0018/0.0000/0.0561,
	Losses: Policy Loss value/action/dist: 0.044/-0.021/0.948,
INFO:root:Time: 00d 05h 00m 51s, num timesteps 730080, FPS 40,
	Rewards: per step mean/med/min/max, rew: 0.0050/0.0018/0.0000/0.0561,
	Losses: Policy Loss value/action/dist: 0.044/-0.021/0.948,
INFO:root:Time: 00d 05h 00m 57s, num timesteps 730320, FPS 40,
	Rewards: per step mean/med/min/max, rew: 0.0050/0.0018/0.0000/0.0561,
	Losses: Policy Loss value/action/dist: 0.044/-0.021/0.948,
INFO:root:Time: 00d 05h 01m 04s, num timesteps 730560, FPS 40,
	Rewards: per step mean/med/min/max, rew: 0.0049/0.0018/0.0000/0.0561,
	Losses: Policy Loss value/action/dist: 0.044/-0.021/0.948,
INFO:root:Time: 00d 05h 01m 10s, num timesteps 730800, FPS 40,
	Rewards: per step mean/med/min/max, rew: 0.0049/0.0019/0.0000/0.0561,
	Losses: Policy Loss value/action/dist: 0.044/-0.021/0.948,
INFO:root:Time: 00d 05h 01m 16s, num timesteps 731040, FPS 40,
	Rewards: per step mean/med/min/max, rew: 0.0050/0.0020/0.0000/0.0561,
	Losses: Policy Loss value/action/dist: 0.044/-0.021/0.948,
INFO:root:Time: 00d 05h 01m 23s, num timesteps 731280, FPS 40,
	Rewards: per step mean/med/min/max, rew: 0.0050/0.0019/0.0000/0.0561,
	Losses: Policy Loss value/action/dist: 0.044/-0.021/0.948,
INFO:root:Time: 00d 05h 01m 30s, num timesteps 731520, FPS 40,
	Rewards: per step mean/med/min/max, rew: 0.0050/0.0019/0.0000/0.0561,
	Losses: Policy Loss value/action/dist: 0.044/-0.021/0.948,
INFO:root:Time: 00d 05h 01m 36s, num timesteps 731760, FPS 40,
	Rewards: per step mean/med/min/max, rew: 0.0050/0.0019/0.0000/0.0561,
	Losses: Policy Loss value/action/dist: 0.044/-0.021/0.948,
INFO:root:Time: 00d 05h 01m 45s, num timesteps 732000, FPS 40,
	Rewards: per step mean/med/min/max, rew: 0.0050/0.0019/0.0000/0.0561,
	Losses: Policy Loss value/action/dist: 0.044/-0.021/0.948,
INFO:root:Time: 00d 05h 01m 52s, num timesteps 732240, FPS 40,
	Rewards: per step mean/med/min/max, rew: 0.0050/0.0018/0.0000/0.0561,
	Losses: Policy Loss value/action/dist: 0.044/-0.021/0.948,
INFO:root:Time: 00d 05h 01m 58s, num timesteps 732480, FPS 40,
	Rewards: per step mean/med/min/max, rew: 0.0051/0.0019/0.0000/0.0561,
	Losses: Policy Loss value/action/dist: 0.044/-0.021/0.948,
INFO:root:Time: 00d 05h 02m 04s, num timesteps 732720, FPS 40,
	Rewards: per step mean/med/min/max, rew: 0.0052/0.0019/0.0000/0.0561,
	Losses: Policy Loss value/action/dist: 0.044/-0.021/0.948,
INFO:root:Time: 00d 05h 02m 11s, num timesteps 732960, FPS 40,
	Rewards: per step mean/med/min/max, rew: 0.0052/0.0019/0.0000/0.0561,
	Losses: Policy Loss value/action/dist: 0.044/-0.021/0.948,
INFO:root:Time: 00d 05h 02m 17s, num timesteps 733200, FPS 40,
	Rewards: per step mean/med/min/max, rew: 0.0051/0.0019/0.0000/0.0561,
	Losses: Policy Loss value/action/dist: 0.044/-0.021/0.948,
INFO:root:Time: 00d 05h 02m 23s, num timesteps 733440, FPS 40,
	Rewards: per step mean/med/min/max, rew: 0.0050/0.0018/0.0000/0.0561,
	Losses: Policy Loss value/action/dist: 0.044/-0.021/0.948,
INFO:root:Time: 00d 05h 02m 30s, num timesteps 733680, FPS 40,
	Rewards: per step mean/med/min/max, rew: 0.0050/0.0018/0.0000/0.0561,
	Losses: Policy Loss value/action/dist: 0.044/-0.021/0.948,
INFO:root:Time: 00d 05h 02m 36s, num timesteps 733920, FPS 40,
	Rewards: per step mean/med/min/max, rew: 0.0050/0.0018/0.0000/0.0561,
	Losses: Policy Loss value/action/dist: 0.044/-0.021/0.948,
INFO:root:Time: 00d 05h 02m 42s, num timesteps 734160, FPS 40,
	Rewards: per step mean/med/min/max, rew: 0.0050/0.0018/0.0000/0.0561,
	Losses: Policy Loss value/action/dist: 0.044/-0.021/0.948,
INFO:root:Time: 00d 05h 02m 51s, num timesteps 734400, FPS 40,
	Rewards: per step mean/med/min/max, rew: 0.0050/0.0018/0.0000/0.0561,
	Losses: Policy Loss value/action/dist: 0.044/-0.021/0.948,
INFO:root:Time: 00d 05h 02m 58s, num timesteps 734640, FPS 40,
	Rewards: per step mean/med/min/max, rew: 0.0050/0.0018/0.0000/0.0561,
	Losses: Policy Loss value/action/dist: 0.044/-0.021/0.948,
INFO:root:Time: 00d 05h 03m 05s, num timesteps 734880, FPS 40,
	Rewards: per step mean/med/min/max, rew: 0.0049/0.0018/0.0000/0.0561,
	Losses: Policy Loss value/action/dist: 0.044/-0.021/0.948,
INFO:root:Time: 00d 05h 03m 11s, num timesteps 735120, FPS 40,
	Rewards: per step mean/med/min/max, rew: 0.0049/0.0018/0.0000/0.0561,
	Losses: Policy Loss value/action/dist: 0.044/-0.021/0.948,
INFO:root:Time: 00d 05h 03m 17s, num timesteps 735360, FPS 40,
	Rewards: per step mean/med/min/max, rew: 0.0049/0.0018/0.0000/0.0561,
	Losses: Policy Loss value/action/dist: 0.044/-0.021/0.948,
INFO:root:Time: 00d 05h 03m 24s, num timesteps 735600, FPS 40,
	Rewards: per step mean/med/min/max, rew: 0.0049/0.0018/0.0000/0.0561,
	Losses: Policy Loss value/action/dist: 0.044/-0.021/0.948,
INFO:root:Time: 00d 05h 03m 30s, num timesteps 735840, FPS 40,
	Rewards: per step mean/med/min/max, rew: 0.0049/0.0018/0.0000/0.0561,
	Losses: Policy Loss value/action/dist: 0.044/-0.021/0.948,
INFO:root:Time: 00d 05h 03m 36s, num timesteps 736080, FPS 40,
	Rewards: per step mean/med/min/max, rew: 0.0050/0.0018/0.0000/0.0561,
	Losses: Policy Loss value/action/dist: 0.044/-0.021/0.948,
INFO:root:Time: 00d 05h 03m 43s, num timesteps 736320, FPS 40,
	Rewards: per step mean/med/min/max, rew: 0.0049/0.0018/0.0000/0.0561,
	Losses: Policy Loss value/action/dist: 0.044/-0.021/0.948,
INFO:root:Time: 00d 05h 03m 49s, num timesteps 736560, FPS 40,
	Rewards: per step mean/med/min/max, rew: 0.0049/0.0019/0.0000/0.0561,
	Losses: Policy Loss value/action/dist: 0.044/-0.021/0.948,
INFO:root:Time: 00d 05h 03m 58s, num timesteps 736800, FPS 40,
	Rewards: per step mean/med/min/max, rew: 0.0050/0.0018/0.0000/0.0561,
	Losses: Policy Loss value/action/dist: 0.044/-0.021/0.948,
INFO:root:Time: 00d 05h 04m 04s, num timesteps 737040, FPS 40,
	Rewards: per step mean/med/min/max, rew: 0.0052/0.0019/0.0000/0.0633,
	Losses: Policy Loss value/action/dist: 0.044/-0.021/0.948,
INFO:root:Time: 00d 05h 04m 11s, num timesteps 737280, FPS 40,
	Rewards: per step mean/med/min/max, rew: 0.0052/0.0019/0.0000/0.0633,
	Losses: Policy Loss value/action/dist: 0.044/-0.021/0.948,
INFO:root:Time: 00d 05h 04m 17s, num timesteps 737520, FPS 40,
	Rewards: per step mean/med/min/max, rew: 0.0052/0.0019/0.0000/0.0633,
	Losses: Policy Loss value/action/dist: 0.044/-0.021/0.948,
INFO:root:Time: 00d 05h 04m 24s, num timesteps 737760, FPS 40,
	Rewards: per step mean/med/min/max, rew: 0.0052/0.0020/0.0000/0.0633,
	Losses: Policy Loss value/action/dist: 0.044/-0.021/0.948,
INFO:root:Time: 00d 05h 04m 30s, num timesteps 738000, FPS 40,
	Rewards: per step mean/med/min/max, rew: 0.0053/0.0020/0.0000/0.0633,
	Losses: Policy Loss value/action/dist: 0.044/-0.021/0.948,
INFO:root:Time: 00d 05h 04m 36s, num timesteps 738240, FPS 40,
	Rewards: per step mean/med/min/max, rew: 0.0054/0.0020/0.0000/0.0633,
	Losses: Policy Loss value/action/dist: 0.044/-0.021/0.948,
INFO:root:Time: 00d 05h 04m 43s, num timesteps 738480, FPS 40,
	Rewards: per step mean/med/min/max, rew: 0.0054/0.0020/0.0000/0.0633,
	Losses: Policy Loss value/action/dist: 0.044/-0.021/0.948,
INFO:root:Time: 00d 05h 04m 49s, num timesteps 738720, FPS 40,
	Rewards: per step mean/med/min/max, rew: 0.0054/0.0020/0.0000/0.0633,
	Losses: Policy Loss value/action/dist: 0.044/-0.021/0.948,
INFO:root:Time: 00d 05h 04m 56s, num timesteps 738960, FPS 40,
	Rewards: per step mean/med/min/max, rew: 0.0054/0.0020/0.0000/0.0633,
	Losses: Policy Loss value/action/dist: 0.044/-0.021/0.948,
INFO:root:Time: 00d 05h 05m 05s, num timesteps 739200, FPS 40,
	Rewards: per step mean/med/min/max, rew: 0.0054/0.0021/0.0000/0.0633,
	Losses: Policy Loss value/action/dist: 0.044/-0.021/0.948,
INFO:root:Time: 00d 05h 05m 11s, num timesteps 739440, FPS 40,
	Rewards: per step mean/med/min/max, rew: 0.0055/0.0020/0.0000/0.0633,
	Losses: Policy Loss value/action/dist: 0.044/-0.021/0.948,
INFO:root:Time: 00d 05h 05m 17s, num timesteps 739680, FPS 40,
	Rewards: per step mean/med/min/max, rew: 0.0054/0.0020/0.0000/0.0633,
	Losses: Policy Loss value/action/dist: 0.044/-0.021/0.948,
INFO:root:Time: 00d 05h 05m 23s, num timesteps 739920, FPS 40,
	Rewards: per step mean/med/min/max, rew: 0.0055/0.0021/0.0000/0.0633,
	Losses: Policy Loss value/action/dist: 0.044/-0.021/0.948,
INFO:root:Time: 00d 05h 05m 30s, num timesteps 740160, FPS 40,
	Rewards: per step mean/med/min/max, rew: 0.0055/0.0021/0.0000/0.0633,
	Losses: Policy Loss value/action/dist: 0.044/-0.021/0.948,
INFO:root:Time: 00d 05h 05m 36s, num timesteps 740400, FPS 40,
	Rewards: per step mean/med/min/max, rew: 0.0055/0.0021/0.0000/0.0633,
	Losses: Policy Loss value/action/dist: 0.044/-0.021/0.948,
INFO:root:Time: 00d 05h 05m 42s, num timesteps 740640, FPS 40,
	Rewards: per step mean/med/min/max, rew: 0.0056/0.0021/0.0000/0.0633,
	Losses: Policy Loss value/action/dist: 0.044/-0.021/0.948,
INFO:root:Time: 00d 05h 05m 49s, num timesteps 740880, FPS 40,
	Rewards: per step mean/med/min/max, rew: 0.0055/0.0021/0.0000/0.0633,
	Losses: Policy Loss value/action/dist: 0.044/-0.021/0.948,
INFO:root:Time: 00d 05h 05m 55s, num timesteps 741120, FPS 40,
	Rewards: per step mean/med/min/max, rew: 0.0056/0.0021/0.0000/0.0633,
	Losses: Policy Loss value/action/dist: 0.044/-0.021/0.948,
INFO:root:Time: 00d 05h 06m 01s, num timesteps 741360, FPS 40,
	Rewards: per step mean/med/min/max, rew: 0.0056/0.0022/0.0000/0.0633,
	Losses: Policy Loss value/action/dist: 0.044/-0.021/0.948,
INFO:root:Time: 00d 05h 06m 10s, num timesteps 741600, FPS 40,
	Rewards: per step mean/med/min/max, rew: 0.0056/0.0023/0.0000/0.0633,
	Losses: Policy Loss value/action/dist: 0.044/-0.021/0.948,
INFO:root:Time: 00d 05h 06m 16s, num timesteps 741840, FPS 40,
	Rewards: per step mean/med/min/max, rew: 0.0057/0.0023/0.0000/0.0633,
	Losses: Policy Loss value/action/dist: 0.044/-0.021/0.948,
INFO:root:Time: 00d 05h 06m 23s, num timesteps 742080, FPS 40,
	Rewards: per step mean/med/min/max, rew: 0.0057/0.0023/0.0000/0.0633,
	Losses: Policy Loss value/action/dist: 0.044/-0.021/0.948,
INFO:root:Time: 00d 05h 06m 29s, num timesteps 742320, FPS 40,
	Rewards: per step mean/med/min/max, rew: 0.0057/0.0023/0.0000/0.0633,
	Losses: Policy Loss value/action/dist: 0.044/-0.021/0.948,
INFO:root:Time: 00d 05h 06m 35s, num timesteps 742560, FPS 40,
	Rewards: per step mean/med/min/max, rew: 0.0057/0.0024/0.0000/0.0633,
	Losses: Policy Loss value/action/dist: 0.044/-0.021/0.948,
INFO:root:Time: 00d 05h 06m 42s, num timesteps 742800, FPS 40,
	Rewards: per step mean/med/min/max, rew: 0.0057/0.0024/0.0000/0.0633,
	Losses: Policy Loss value/action/dist: 0.044/-0.021/0.948,
INFO:root:Time: 00d 05h 06m 49s, num timesteps 743040, FPS 40,
	Rewards: per step mean/med/min/max, rew: 0.0057/0.0023/0.0000/0.0633,
	Losses: Policy Loss value/action/dist: 0.044/-0.021/0.948,
INFO:root:Time: 00d 05h 06m 55s, num timesteps 743280, FPS 40,
	Rewards: per step mean/med/min/max, rew: 0.0057/0.0023/0.0000/0.0633,
	Losses: Policy Loss value/action/dist: 0.044/-0.021/0.948,
INFO:root:Time: 00d 05h 07m 02s, num timesteps 743520, FPS 40,
	Rewards: per step mean/med/min/max, rew: 0.0058/0.0023/0.0000/0.0633,
	Losses: Policy Loss value/action/dist: 0.044/-0.021/0.948,
INFO:root:Time: 00d 05h 07m 08s, num timesteps 743760, FPS 40,
	Rewards: per step mean/med/min/max, rew: 0.0057/0.0023/0.0000/0.0633,
	Losses: Policy Loss value/action/dist: 0.044/-0.021/0.948,
INFO:root:Time: 00d 05h 07m 18s, num timesteps 744000, FPS 40,
	Rewards: per step mean/med/min/max, rew: 0.0057/0.0023/0.0000/0.0633,
	Losses: Policy Loss value/action/dist: 0.044/-0.021/0.948,
INFO:root:Time: 00d 05h 07m 24s, num timesteps 744240, FPS 40,
	Rewards: per step mean/med/min/max, rew: 0.0058/0.0023/0.0000/0.0633,
	Losses: Policy Loss value/action/dist: 0.044/-0.021/0.948,
INFO:root:Time: 00d 05h 07m 30s, num timesteps 744480, FPS 40,
	Rewards: per step mean/med/min/max, rew: 0.0057/0.0023/0.0000/0.0633,
	Losses: Policy Loss value/action/dist: 0.044/-0.021/0.948,
INFO:root:Time: 00d 05h 07m 37s, num timesteps 744720, FPS 40,
	Rewards: per step mean/med/min/max, rew: 0.0057/0.0023/0.0000/0.0633,
	Losses: Policy Loss value/action/dist: 0.044/-0.021/0.948,
INFO:root:Time: 00d 05h 07m 43s, num timesteps 744960, FPS 40,
	Rewards: per step mean/med/min/max, rew: 0.0058/0.0023/0.0000/0.0633,
	Losses: Policy Loss value/action/dist: 0.044/-0.021/0.948,
INFO:root:Time: 00d 05h 07m 49s, num timesteps 745200, FPS 40,
	Rewards: per step mean/med/min/max, rew: 0.0059/0.0023/0.0000/0.0633,
	Losses: Policy Loss value/action/dist: 0.044/-0.021/0.948,
INFO:root:Time: 00d 05h 07m 56s, num timesteps 745440, FPS 40,
	Rewards: per step mean/med/min/max, rew: 0.0058/0.0023/0.0000/0.0633,
	Losses: Policy Loss value/action/dist: 0.044/-0.021/0.948,
INFO:root:Time: 00d 05h 08m 02s, num timesteps 745680, FPS 40,
	Rewards: per step mean/med/min/max, rew: 0.0057/0.0022/0.0000/0.0633,
	Losses: Policy Loss value/action/dist: 0.044/-0.021/0.948,
INFO:root:Time: 00d 05h 08m 08s, num timesteps 745920, FPS 40,
	Rewards: per step mean/med/min/max, rew: 0.0057/0.0022/0.0000/0.0633,
	Losses: Policy Loss value/action/dist: 0.044/-0.021/0.948,
INFO:root:Time: 00d 05h 08m 14s, num timesteps 746160, FPS 40,
	Rewards: per step mean/med/min/max, rew: 0.0058/0.0023/0.0000/0.0633,
	Losses: Policy Loss value/action/dist: 0.044/-0.021/0.948,
INFO:root:Time: 00d 05h 08m 23s, num timesteps 746400, FPS 40,
	Rewards: per step mean/med/min/max, rew: 0.0057/0.0023/0.0000/0.0633,
	Losses: Policy Loss value/action/dist: 0.044/-0.022/0.948,
INFO:root:Time: 00d 05h 08m 29s, num timesteps 746640, FPS 40,
	Rewards: per step mean/med/min/max, rew: 0.0057/0.0023/0.0000/0.0633,
	Losses: Policy Loss value/action/dist: 0.044/-0.022/0.948,
INFO:root:Time: 00d 05h 08m 35s, num timesteps 746880, FPS 40,
	Rewards: per step mean/med/min/max, rew: 0.0057/0.0023/0.0000/0.0633,
	Losses: Policy Loss value/action/dist: 0.044/-0.022/0.948,
INFO:root:Time: 00d 05h 08m 42s, num timesteps 747120, FPS 40,
	Rewards: per step mean/med/min/max, rew: 0.0057/0.0023/0.0000/0.0633,
	Losses: Policy Loss value/action/dist: 0.044/-0.022/0.948,
INFO:root:Time: 00d 05h 08m 48s, num timesteps 747360, FPS 40,
	Rewards: per step mean/med/min/max, rew: 0.0058/0.0023/0.0000/0.0654,
	Losses: Policy Loss value/action/dist: 0.044/-0.022/0.948,
INFO:root:Time: 00d 05h 08m 55s, num timesteps 747600, FPS 40,
	Rewards: per step mean/med/min/max, rew: 0.0058/0.0023/0.0000/0.0654,
	Losses: Policy Loss value/action/dist: 0.044/-0.022/0.948,
INFO:root:Time: 00d 05h 09m 01s, num timesteps 747840, FPS 40,
	Rewards: per step mean/med/min/max, rew: 0.0058/0.0023/0.0000/0.0654,
	Losses: Policy Loss value/action/dist: 0.044/-0.022/0.948,
INFO:root:Time: 00d 05h 09m 07s, num timesteps 748080, FPS 40,
	Rewards: per step mean/med/min/max, rew: 0.0058/0.0023/0.0000/0.0654,
	Losses: Policy Loss value/action/dist: 0.044/-0.022/0.948,
INFO:root:Time: 00d 05h 09m 14s, num timesteps 748320, FPS 40,
	Rewards: per step mean/med/min/max, rew: 0.0059/0.0024/0.0000/0.0654,
	Losses: Policy Loss value/action/dist: 0.044/-0.022/0.948,
INFO:root:Time: 00d 05h 09m 20s, num timesteps 748560, FPS 40,
	Rewards: per step mean/med/min/max, rew: 0.0059/0.0024/0.0000/0.0654,
	Losses: Policy Loss value/action/dist: 0.044/-0.022/0.948,
INFO:root:Time: 00d 05h 09m 29s, num timesteps 748800, FPS 40,
	Rewards: per step mean/med/min/max, rew: 0.0058/0.0024/0.0000/0.0654,
	Losses: Policy Loss value/action/dist: 0.044/-0.022/0.947,
INFO:root:Time: 00d 05h 09m 35s, num timesteps 749040, FPS 40,
	Rewards: per step mean/med/min/max, rew: 0.0058/0.0024/0.0000/0.0654,
	Losses: Policy Loss value/action/dist: 0.044/-0.022/0.947,
INFO:root:Time: 00d 05h 09m 42s, num timesteps 749280, FPS 40,
	Rewards: per step mean/med/min/max, rew: 0.0058/0.0024/0.0000/0.0654,
	Losses: Policy Loss value/action/dist: 0.044/-0.022/0.947,
INFO:root:Time: 00d 05h 09m 48s, num timesteps 749520, FPS 40,
	Rewards: per step mean/med/min/max, rew: 0.0059/0.0024/0.0000/0.0654,
	Losses: Policy Loss value/action/dist: 0.044/-0.022/0.947,
INFO:root:Time: 00d 05h 09m 54s, num timesteps 749760, FPS 40,
	Rewards: per step mean/med/min/max, rew: 0.0058/0.0024/0.0000/0.0654,
	Losses: Policy Loss value/action/dist: 0.044/-0.022/0.947,
INFO:root:Time: 00d 05h 10m 01s, num timesteps 750000, FPS 40,
	Rewards: per step mean/med/min/max, rew: 0.0058/0.0024/0.0000/0.0654,
	Losses: Policy Loss value/action/dist: 0.044/-0.022/0.947,
INFO:root:Time: 00d 05h 10m 08s, num timesteps 750240, FPS 40,
	Rewards: per step mean/med/min/max, rew: 0.0058/0.0024/0.0000/0.0654,
	Losses: Policy Loss value/action/dist: 0.044/-0.022/0.947,
INFO:root:Time: 00d 05h 10m 14s, num timesteps 750480, FPS 40,
	Rewards: per step mean/med/min/max, rew: 0.0058/0.0024/0.0000/0.0654,
	Losses: Policy Loss value/action/dist: 0.044/-0.022/0.947,
INFO:root:Time: 00d 05h 10m 21s, num timesteps 750720, FPS 40,
	Rewards: per step mean/med/min/max, rew: 0.0058/0.0024/0.0000/0.0654,
	Losses: Policy Loss value/action/dist: 0.044/-0.022/0.947,
INFO:root:Time: 00d 05h 10m 27s, num timesteps 750960, FPS 40,
	Rewards: per step mean/med/min/max, rew: 0.0058/0.0024/0.0000/0.0654,
	Losses: Policy Loss value/action/dist: 0.044/-0.022/0.947,
INFO:root:Time: 00d 05h 10m 36s, num timesteps 751200, FPS 40,
	Rewards: per step mean/med/min/max, rew: 0.0059/0.0024/0.0000/0.0654,
	Losses: Policy Loss value/action/dist: 0.044/-0.022/0.947,
INFO:root:Time: 00d 05h 10m 42s, num timesteps 751440, FPS 40,
	Rewards: per step mean/med/min/max, rew: 0.0060/0.0025/0.0000/0.0654,
	Losses: Policy Loss value/action/dist: 0.044/-0.022/0.947,
INFO:root:Time: 00d 05h 10m 49s, num timesteps 751680, FPS 40,
	Rewards: per step mean/med/min/max, rew: 0.0060/0.0025/0.0000/0.0654,
	Losses: Policy Loss value/action/dist: 0.044/-0.022/0.947,
INFO:root:Time: 00d 05h 10m 55s, num timesteps 751920, FPS 40,
	Rewards: per step mean/med/min/max, rew: 0.0061/0.0025/0.0000/0.0654,
	Losses: Policy Loss value/action/dist: 0.044/-0.022/0.947,
INFO:root:Time: 00d 05h 11m 02s, num timesteps 752160, FPS 40,
	Rewards: per step mean/med/min/max, rew: 0.0060/0.0025/0.0000/0.0654,
	Losses: Policy Loss value/action/dist: 0.044/-0.022/0.947,
INFO:root:Time: 00d 05h 11m 09s, num timesteps 752400, FPS 40,
	Rewards: per step mean/med/min/max, rew: 0.0060/0.0025/0.0000/0.0654,
	Losses: Policy Loss value/action/dist: 0.044/-0.022/0.947,
INFO:root:Time: 00d 05h 11m 15s, num timesteps 752640, FPS 40,
	Rewards: per step mean/med/min/max, rew: 0.0060/0.0025/0.0000/0.0654,
	Losses: Policy Loss value/action/dist: 0.044/-0.022/0.947,
INFO:root:Time: 00d 05h 11m 22s, num timesteps 752880, FPS 40,
	Rewards: per step mean/med/min/max, rew: 0.0060/0.0025/0.0000/0.0654,
	Losses: Policy Loss value/action/dist: 0.044/-0.022/0.947,
INFO:root:Time: 00d 05h 11m 28s, num timesteps 753120, FPS 40,
	Rewards: per step mean/med/min/max, rew: 0.0060/0.0025/0.0000/0.0654,
	Losses: Policy Loss value/action/dist: 0.044/-0.022/0.947,
INFO:root:Time: 00d 05h 11m 34s, num timesteps 753360, FPS 40,
	Rewards: per step mean/med/min/max, rew: 0.0060/0.0025/0.0000/0.0654,
	Losses: Policy Loss value/action/dist: 0.044/-0.022/0.947,
INFO:root:Time: 00d 05h 11m 44s, num timesteps 753600, FPS 40,
	Rewards: per step mean/med/min/max, rew: 0.0060/0.0024/0.0000/0.0654,
	Losses: Policy Loss value/action/dist: 0.044/-0.022/0.947,
INFO:root:Time: 00d 05h 11m 50s, num timesteps 753840, FPS 40,
	Rewards: per step mean/med/min/max, rew: 0.0060/0.0025/0.0000/0.0654,
	Losses: Policy Loss value/action/dist: 0.044/-0.022/0.947,
INFO:root:Time: 00d 05h 11m 57s, num timesteps 754080, FPS 40,
	Rewards: per step mean/med/min/max, rew: 0.0060/0.0024/0.0000/0.0654,
	Losses: Policy Loss value/action/dist: 0.044/-0.022/0.947,
INFO:root:Time: 00d 05h 12m 03s, num timesteps 754320, FPS 40,
	Rewards: per step mean/med/min/max, rew: 0.0059/0.0024/0.0000/0.0654,
	Losses: Policy Loss value/action/dist: 0.044/-0.022/0.947,
INFO:root:Time: 00d 05h 12m 10s, num timesteps 754560, FPS 40,
	Rewards: per step mean/med/min/max, rew: 0.0059/0.0024/0.0000/0.0654,
	Losses: Policy Loss value/action/dist: 0.044/-0.022/0.947,
INFO:root:Time: 00d 05h 12m 16s, num timesteps 754800, FPS 40,
	Rewards: per step mean/med/min/max, rew: 0.0059/0.0024/0.0000/0.0654,
	Losses: Policy Loss value/action/dist: 0.044/-0.022/0.947,
INFO:root:Time: 00d 05h 12m 22s, num timesteps 755040, FPS 40,
	Rewards: per step mean/med/min/max, rew: 0.0059/0.0024/0.0000/0.0654,
	Losses: Policy Loss value/action/dist: 0.044/-0.022/0.947,
INFO:root:Time: 00d 05h 12m 29s, num timesteps 755280, FPS 40,
	Rewards: per step mean/med/min/max, rew: 0.0060/0.0024/0.0000/0.0654,
	Losses: Policy Loss value/action/dist: 0.044/-0.022/0.947,
INFO:root:Time: 00d 05h 12m 35s, num timesteps 755520, FPS 40,
	Rewards: per step mean/med/min/max, rew: 0.0060/0.0024/0.0000/0.0654,
	Losses: Policy Loss value/action/dist: 0.044/-0.022/0.947,
INFO:root:Time: 00d 05h 12m 42s, num timesteps 755760, FPS 40,
	Rewards: per step mean/med/min/max, rew: 0.0060/0.0025/0.0000/0.0654,
	Losses: Policy Loss value/action/dist: 0.044/-0.022/0.947,
INFO:root:Time: 00d 05h 12m 51s, num timesteps 756000, FPS 40,
	Rewards: per step mean/med/min/max, rew: 0.0060/0.0025/0.0000/0.0654,
	Losses: Policy Loss value/action/dist: 0.044/-0.022/0.947,
INFO:root:Time: 00d 05h 12m 57s, num timesteps 756240, FPS 40,
	Rewards: per step mean/med/min/max, rew: 0.0061/0.0025/0.0000/0.0654,
	Losses: Policy Loss value/action/dist: 0.044/-0.022/0.947,
INFO:root:Time: 00d 05h 13m 03s, num timesteps 756480, FPS 40,
	Rewards: per step mean/med/min/max, rew: 0.0061/0.0025/0.0000/0.0654,
	Losses: Policy Loss value/action/dist: 0.044/-0.022/0.947,
INFO:root:Time: 00d 05h 13m 10s, num timesteps 756720, FPS 40,
	Rewards: per step mean/med/min/max, rew: 0.0060/0.0025/0.0000/0.0654,
	Losses: Policy Loss value/action/dist: 0.044/-0.022/0.947,
INFO:root:Time: 00d 05h 13m 17s, num timesteps 756960, FPS 40,
	Rewards: per step mean/med/min/max, rew: 0.0061/0.0025/0.0000/0.0654,
	Losses: Policy Loss value/action/dist: 0.044/-0.022/0.947,
INFO:root:Time: 00d 05h 13m 23s, num timesteps 757200, FPS 40,
	Rewards: per step mean/med/min/max, rew: 0.0060/0.0024/0.0000/0.0654,
	Losses: Policy Loss value/action/dist: 0.044/-0.022/0.947,
INFO:root:Time: 00d 05h 13m 30s, num timesteps 757440, FPS 40,
	Rewards: per step mean/med/min/max, rew: 0.0060/0.0025/0.0000/0.0654,
	Losses: Policy Loss value/action/dist: 0.044/-0.022/0.947,
INFO:root:Time: 00d 05h 13m 36s, num timesteps 757680, FPS 40,
	Rewards: per step mean/med/min/max, rew: 0.0061/0.0025/0.0000/0.0654,
	Losses: Policy Loss value/action/dist: 0.044/-0.022/0.947,
INFO:root:Time: 00d 05h 13m 42s, num timesteps 757920, FPS 40,
	Rewards: per step mean/med/min/max, rew: 0.0061/0.0025/0.0000/0.0654,
	Losses: Policy Loss value/action/dist: 0.044/-0.022/0.947,
INFO:root:Time: 00d 05h 13m 49s, num timesteps 758160, FPS 40,
	Rewards: per step mean/med/min/max, rew: 0.0062/0.0025/0.0000/0.0654,
	Losses: Policy Loss value/action/dist: 0.044/-0.022/0.947,
INFO:root:Time: 00d 05h 13m 57s, num timesteps 758400, FPS 40,
	Rewards: per step mean/med/min/max, rew: 0.0062/0.0026/0.0000/0.0654,
	Losses: Policy Loss value/action/dist: 0.044/-0.022/0.947,
INFO:root:Time: 00d 05h 14m 03s, num timesteps 758640, FPS 40,
	Rewards: per step mean/med/min/max, rew: 0.0062/0.0026/0.0000/0.0743,
	Losses: Policy Loss value/action/dist: 0.044/-0.022/0.947,
INFO:root:Time: 00d 05h 14m 10s, num timesteps 758880, FPS 40,
	Rewards: per step mean/med/min/max, rew: 0.0063/0.0027/0.0000/0.0743,
	Losses: Policy Loss value/action/dist: 0.044/-0.022/0.947,
INFO:root:Time: 00d 05h 14m 17s, num timesteps 759120, FPS 40,
	Rewards: per step mean/med/min/max, rew: 0.0063/0.0027/0.0000/0.0743,
	Losses: Policy Loss value/action/dist: 0.044/-0.022/0.947,
INFO:root:Time: 00d 05h 14m 23s, num timesteps 759360, FPS 40,
	Rewards: per step mean/med/min/max, rew: 0.0063/0.0027/0.0000/0.0743,
	Losses: Policy Loss value/action/dist: 0.044/-0.022/0.947,
INFO:root:Time: 00d 05h 14m 29s, num timesteps 759600, FPS 40,
	Rewards: per step mean/med/min/max, rew: 0.0063/0.0028/0.0000/0.0743,
	Losses: Policy Loss value/action/dist: 0.044/-0.022/0.947,
INFO:root:Time: 00d 05h 14m 35s, num timesteps 759840, FPS 40,
	Rewards: per step mean/med/min/max, rew: 0.0063/0.0028/0.0000/0.0743,
	Losses: Policy Loss value/action/dist: 0.044/-0.022/0.947,
INFO:root:Time: 00d 05h 14m 42s, num timesteps 760080, FPS 40,
	Rewards: per step mean/med/min/max, rew: 0.0063/0.0028/0.0000/0.0743,
	Losses: Policy Loss value/action/dist: 0.044/-0.022/0.947,
INFO:root:Time: 00d 05h 14m 48s, num timesteps 760320, FPS 40,
	Rewards: per step mean/med/min/max, rew: 0.0063/0.0028/0.0000/0.0743,
	Losses: Policy Loss value/action/dist: 0.044/-0.022/0.947,
INFO:root:Time: 00d 05h 14m 55s, num timesteps 760560, FPS 40,
	Rewards: per step mean/med/min/max, rew: 0.0063/0.0028/0.0000/0.0743,
	Losses: Policy Loss value/action/dist: 0.044/-0.022/0.947,
INFO:root:Time: 00d 05h 15m 03s, num timesteps 760800, FPS 40,
	Rewards: per step mean/med/min/max, rew: 0.0062/0.0028/0.0000/0.0743,
	Losses: Policy Loss value/action/dist: 0.044/-0.022/0.947,
INFO:root:Time: 00d 05h 15m 10s, num timesteps 761040, FPS 40,
	Rewards: per step mean/med/min/max, rew: 0.0061/0.0027/0.0000/0.0743,
	Losses: Policy Loss value/action/dist: 0.044/-0.022/0.947,
INFO:root:Time: 00d 05h 15m 17s, num timesteps 761280, FPS 40,
	Rewards: per step mean/med/min/max, rew: 0.0060/0.0026/0.0000/0.0743,
	Losses: Policy Loss value/action/dist: 0.044/-0.022/0.947,
INFO:root:Time: 00d 05h 15m 23s, num timesteps 761520, FPS 40,
	Rewards: per step mean/med/min/max, rew: 0.0060/0.0027/0.0000/0.0743,
	Losses: Policy Loss value/action/dist: 0.044/-0.022/0.947,
INFO:root:Time: 00d 05h 15m 30s, num timesteps 761760, FPS 40,
	Rewards: per step mean/med/min/max, rew: 0.0060/0.0027/0.0000/0.0743,
	Losses: Policy Loss value/action/dist: 0.044/-0.022/0.947,
INFO:root:Time: 00d 05h 15m 37s, num timesteps 762000, FPS 40,
	Rewards: per step mean/med/min/max, rew: 0.0060/0.0026/0.0000/0.0743,
	Losses: Policy Loss value/action/dist: 0.044/-0.022/0.947,
INFO:root:Time: 00d 05h 15m 43s, num timesteps 762240, FPS 40,
	Rewards: per step mean/med/min/max, rew: 0.0059/0.0026/0.0000/0.0743,
	Losses: Policy Loss value/action/dist: 0.044/-0.022/0.947,
INFO:root:Time: 00d 05h 15m 50s, num timesteps 762480, FPS 40,
	Rewards: per step mean/med/min/max, rew: 0.0059/0.0026/0.0000/0.0743,
	Losses: Policy Loss value/action/dist: 0.044/-0.022/0.947,
INFO:root:Time: 00d 05h 15m 57s, num timesteps 762720, FPS 40,
	Rewards: per step mean/med/min/max, rew: 0.0059/0.0025/0.0000/0.0743,
	Losses: Policy Loss value/action/dist: 0.044/-0.022/0.947,
INFO:root:Time: 00d 05h 16m 03s, num timesteps 762960, FPS 40,
	Rewards: per step mean/med/min/max, rew: 0.0059/0.0025/0.0000/0.0743,
	Losses: Policy Loss value/action/dist: 0.044/-0.022/0.947,
INFO:root:Time: 00d 05h 16m 13s, num timesteps 763200, FPS 40,
	Rewards: per step mean/med/min/max, rew: 0.0058/0.0025/0.0000/0.0743,
	Losses: Policy Loss value/action/dist: 0.044/-0.022/0.947,
INFO:root:Time: 00d 05h 16m 19s, num timesteps 763440, FPS 40,
	Rewards: per step mean/med/min/max, rew: 0.0058/0.0025/0.0000/0.0743,
	Losses: Policy Loss value/action/dist: 0.044/-0.022/0.947,
INFO:root:Time: 00d 05h 16m 26s, num timesteps 763680, FPS 40,
	Rewards: per step mean/med/min/max, rew: 0.0058/0.0026/0.0000/0.0743,
	Losses: Policy Loss value/action/dist: 0.044/-0.022/0.947,
INFO:root:Time: 00d 05h 16m 32s, num timesteps 763920, FPS 40,
	Rewards: per step mean/med/min/max, rew: 0.0058/0.0025/0.0000/0.0743,
	Losses: Policy Loss value/action/dist: 0.044/-0.022/0.947,
INFO:root:Time: 00d 05h 16m 39s, num timesteps 764160, FPS 40,
	Rewards: per step mean/med/min/max, rew: 0.0057/0.0025/0.0000/0.0743,
	Losses: Policy Loss value/action/dist: 0.044/-0.022/0.947,
INFO:root:Time: 00d 05h 16m 45s, num timesteps 764400, FPS 40,
	Rewards: per step mean/med/min/max, rew: 0.0057/0.0025/0.0000/0.0743,
	Losses: Policy Loss value/action/dist: 0.044/-0.022/0.947,
INFO:root:Time: 00d 05h 16m 52s, num timesteps 764640, FPS 40,
	Rewards: per step mean/med/min/max, rew: 0.0057/0.0025/0.0000/0.0743,
	Losses: Policy Loss value/action/dist: 0.044/-0.022/0.947,
INFO:root:Time: 00d 05h 16m 59s, num timesteps 764880, FPS 40,
	Rewards: per step mean/med/min/max, rew: 0.0057/0.0025/0.0000/0.0743,
	Losses: Policy Loss value/action/dist: 0.044/-0.022/0.947,
INFO:root:Time: 00d 05h 17m 05s, num timesteps 765120, FPS 40,
	Rewards: per step mean/med/min/max, rew: 0.0057/0.0025/0.0000/0.0743,
	Losses: Policy Loss value/action/dist: 0.044/-0.022/0.947,
INFO:root:Time: 00d 05h 17m 12s, num timesteps 765360, FPS 40,
	Rewards: per step mean/med/min/max, rew: 0.0057/0.0024/0.0000/0.0743,
	Losses: Policy Loss value/action/dist: 0.044/-0.022/0.947,
INFO:root:Time: 00d 05h 17m 21s, num timesteps 765600, FPS 40,
	Rewards: per step mean/med/min/max, rew: 0.0057/0.0024/0.0000/0.0743,
	Losses: Policy Loss value/action/dist: 0.044/-0.022/0.946,
INFO:root:Time: 00d 05h 17m 27s, num timesteps 765840, FPS 40,
	Rewards: per step mean/med/min/max, rew: 0.0056/0.0024/0.0000/0.0743,
	Losses: Policy Loss value/action/dist: 0.044/-0.022/0.946,
INFO:root:Time: 00d 05h 17m 34s, num timesteps 766080, FPS 40,
	Rewards: per step mean/med/min/max, rew: 0.0056/0.0024/0.0000/0.0743,
	Losses: Policy Loss value/action/dist: 0.044/-0.022/0.946,
INFO:root:Time: 00d 05h 17m 41s, num timesteps 766320, FPS 40,
	Rewards: per step mean/med/min/max, rew: 0.0056/0.0024/0.0000/0.0743,
	Losses: Policy Loss value/action/dist: 0.044/-0.022/0.946,
INFO:root:Time: 00d 05h 17m 48s, num timesteps 766560, FPS 40,
	Rewards: per step mean/med/min/max, rew: 0.0056/0.0023/0.0000/0.0743,
	Losses: Policy Loss value/action/dist: 0.044/-0.022/0.946,
INFO:root:Time: 00d 05h 17m 55s, num timesteps 766800, FPS 40,
	Rewards: per step mean/med/min/max, rew: 0.0055/0.0023/0.0000/0.0743,
	Losses: Policy Loss value/action/dist: 0.044/-0.022/0.946,
INFO:root:Time: 00d 05h 18m 01s, num timesteps 767040, FPS 40,
	Rewards: per step mean/med/min/max, rew: 0.0055/0.0023/0.0000/0.0743,
	Losses: Policy Loss value/action/dist: 0.044/-0.022/0.946,
INFO:root:Time: 00d 05h 18m 09s, num timesteps 767280, FPS 40,
	Rewards: per step mean/med/min/max, rew: 0.0055/0.0023/0.0000/0.0743,
	Losses: Policy Loss value/action/dist: 0.044/-0.022/0.946,
INFO:root:Time: 00d 05h 18m 15s, num timesteps 767520, FPS 40,
	Rewards: per step mean/med/min/max, rew: 0.0055/0.0023/0.0000/0.0743,
	Losses: Policy Loss value/action/dist: 0.044/-0.022/0.946,
INFO:root:Time: 00d 05h 18m 22s, num timesteps 767760, FPS 40,
	Rewards: per step mean/med/min/max, rew: 0.0056/0.0023/0.0000/0.0743,
	Losses: Policy Loss value/action/dist: 0.044/-0.022/0.946,
INFO:root:Time: 00d 05h 18m 31s, num timesteps 768000, FPS 40,
	Rewards: per step mean/med/min/max, rew: 0.0056/0.0024/0.0000/0.0743,
	Losses: Policy Loss value/action/dist: 0.044/-0.022/0.946,
INFO:root:Time: 00d 05h 18m 37s, num timesteps 768240, FPS 40,
	Rewards: per step mean/med/min/max, rew: 0.0057/0.0024/0.0000/0.0816,
	Losses: Policy Loss value/action/dist: 0.044/-0.022/0.946,
INFO:root:Time: 00d 05h 18m 44s, num timesteps 768480, FPS 40,
	Rewards: per step mean/med/min/max, rew: 0.0057/0.0024/0.0000/0.0816,
	Losses: Policy Loss value/action/dist: 0.044/-0.022/0.946,
INFO:root:Time: 00d 05h 18m 51s, num timesteps 768720, FPS 40,
	Rewards: per step mean/med/min/max, rew: 0.0058/0.0024/0.0000/0.0816,
	Losses: Policy Loss value/action/dist: 0.044/-0.022/0.946,
INFO:root:Time: 00d 05h 18m 58s, num timesteps 768960, FPS 40,
	Rewards: per step mean/med/min/max, rew: 0.0057/0.0024/0.0000/0.0816,
	Losses: Policy Loss value/action/dist: 0.044/-0.022/0.946,
INFO:root:Time: 00d 05h 19m 04s, num timesteps 769200, FPS 40,
	Rewards: per step mean/med/min/max, rew: 0.0057/0.0024/0.0000/0.0816,
	Losses: Policy Loss value/action/dist: 0.044/-0.022/0.946,
INFO:root:Time: 00d 05h 19m 11s, num timesteps 769440, FPS 40,
	Rewards: per step mean/med/min/max, rew: 0.0057/0.0024/0.0000/0.0816,
	Losses: Policy Loss value/action/dist: 0.044/-0.022/0.946,
INFO:root:Time: 00d 05h 19m 17s, num timesteps 769680, FPS 40,
	Rewards: per step mean/med/min/max, rew: 0.0058/0.0024/0.0000/0.0816,
	Losses: Policy Loss value/action/dist: 0.044/-0.022/0.946,
INFO:root:Time: 00d 05h 19m 24s, num timesteps 769920, FPS 40,
	Rewards: per step mean/med/min/max, rew: 0.0058/0.0023/0.0000/0.0816,
	Losses: Policy Loss value/action/dist: 0.044/-0.022/0.946,
INFO:root:Time: 00d 05h 19m 31s, num timesteps 770160, FPS 40,
	Rewards: per step mean/med/min/max, rew: 0.0057/0.0023/0.0000/0.0816,
	Losses: Policy Loss value/action/dist: 0.044/-0.022/0.946,
INFO:root:Time: 00d 05h 19m 40s, num timesteps 770400, FPS 40,
	Rewards: per step mean/med/min/max, rew: 0.0057/0.0023/0.0000/0.0816,
	Losses: Policy Loss value/action/dist: 0.044/-0.022/0.946,
INFO:root:Time: 00d 05h 19m 47s, num timesteps 770640, FPS 40,
	Rewards: per step mean/med/min/max, rew: 0.0056/0.0023/0.0000/0.0816,
	Losses: Policy Loss value/action/dist: 0.044/-0.022/0.946,
INFO:root:Time: 00d 05h 19m 54s, num timesteps 770880, FPS 40,
	Rewards: per step mean/med/min/max, rew: 0.0056/0.0023/0.0000/0.0816,
	Losses: Policy Loss value/action/dist: 0.044/-0.022/0.946,
INFO:root:Time: 00d 05h 20m 01s, num timesteps 771120, FPS 40,
	Rewards: per step mean/med/min/max, rew: 0.0056/0.0022/0.0000/0.0816,
	Losses: Policy Loss value/action/dist: 0.044/-0.022/0.946,
INFO:root:Time: 00d 05h 20m 07s, num timesteps 771360, FPS 40,
	Rewards: per step mean/med/min/max, rew: 0.0055/0.0022/0.0000/0.0816,
	Losses: Policy Loss value/action/dist: 0.044/-0.022/0.946,
INFO:root:Time: 00d 05h 20m 14s, num timesteps 771600, FPS 40,
	Rewards: per step mean/med/min/max, rew: 0.0056/0.0022/0.0000/0.0816,
	Losses: Policy Loss value/action/dist: 0.044/-0.022/0.946,
INFO:root:Time: 00d 05h 20m 21s, num timesteps 771840, FPS 40,
	Rewards: per step mean/med/min/max, rew: 0.0056/0.0023/0.0000/0.0816,
	Losses: Policy Loss value/action/dist: 0.044/-0.022/0.946,
INFO:root:Time: 00d 05h 20m 27s, num timesteps 772080, FPS 40,
	Rewards: per step mean/med/min/max, rew: 0.0057/0.0023/0.0000/0.0816,
	Losses: Policy Loss value/action/dist: 0.044/-0.022/0.946,
INFO:root:Time: 00d 05h 20m 34s, num timesteps 772320, FPS 40,
	Rewards: per step mean/med/min/max, rew: 0.0057/0.0023/0.0000/0.0816,
	Losses: Policy Loss value/action/dist: 0.044/-0.022/0.946,
INFO:root:Time: 00d 05h 20m 41s, num timesteps 772560, FPS 40,
	Rewards: per step mean/med/min/max, rew: 0.0056/0.0022/0.0000/0.0816,
	Losses: Policy Loss value/action/dist: 0.044/-0.022/0.946,
INFO:root:Time: 00d 05h 20m 50s, num timesteps 772800, FPS 40,
	Rewards: per step mean/med/min/max, rew: 0.0056/0.0023/0.0000/0.0816,
	Losses: Policy Loss value/action/dist: 0.044/-0.022/0.946,
INFO:root:Time: 00d 05h 20m 56s, num timesteps 773040, FPS 40,
	Rewards: per step mean/med/min/max, rew: 0.0057/0.0023/0.0000/0.0816,
	Losses: Policy Loss value/action/dist: 0.044/-0.022/0.946,
INFO:root:Time: 00d 05h 21m 03s, num timesteps 773280, FPS 40,
	Rewards: per step mean/med/min/max, rew: 0.0057/0.0023/0.0000/0.0816,
	Losses: Policy Loss value/action/dist: 0.044/-0.022/0.946,
INFO:root:Time: 00d 05h 21m 10s, num timesteps 773520, FPS 40,
	Rewards: per step mean/med/min/max, rew: 0.0056/0.0022/0.0000/0.0816,
	Losses: Policy Loss value/action/dist: 0.044/-0.022/0.946,
INFO:root:Time: 00d 05h 21m 16s, num timesteps 773760, FPS 40,
	Rewards: per step mean/med/min/max, rew: 0.0056/0.0022/0.0000/0.0816,
	Losses: Policy Loss value/action/dist: 0.044/-0.022/0.946,
INFO:root:Time: 00d 05h 21m 23s, num timesteps 774000, FPS 40,
	Rewards: per step mean/med/min/max, rew: 0.0057/0.0023/0.0000/0.0816,
	Losses: Policy Loss value/action/dist: 0.044/-0.022/0.946,
INFO:root:Time: 00d 05h 21m 30s, num timesteps 774240, FPS 40,
	Rewards: per step mean/med/min/max, rew: 0.0057/0.0023/0.0000/0.0816,
	Losses: Policy Loss value/action/dist: 0.044/-0.022/0.946,
INFO:root:Time: 00d 05h 21m 37s, num timesteps 774480, FPS 40,
	Rewards: per step mean/med/min/max, rew: 0.0057/0.0023/0.0000/0.0816,
	Losses: Policy Loss value/action/dist: 0.044/-0.022/0.946,
INFO:root:Time: 00d 05h 21m 43s, num timesteps 774720, FPS 40,
	Rewards: per step mean/med/min/max, rew: 0.0057/0.0023/0.0000/0.0816,
	Losses: Policy Loss value/action/dist: 0.044/-0.022/0.946,
INFO:root:Time: 00d 05h 21m 50s, num timesteps 774960, FPS 40,
	Rewards: per step mean/med/min/max, rew: 0.0056/0.0024/0.0000/0.0816,
	Losses: Policy Loss value/action/dist: 0.044/-0.022/0.946,
INFO:root:Time: 00d 05h 21m 59s, num timesteps 775200, FPS 40,
	Rewards: per step mean/med/min/max, rew: 0.0056/0.0023/0.0000/0.0816,
	Losses: Policy Loss value/action/dist: 0.044/-0.022/0.946,
INFO:root:Time: 00d 05h 22m 06s, num timesteps 775440, FPS 40,
	Rewards: per step mean/med/min/max, rew: 0.0055/0.0023/0.0000/0.0816,
	Losses: Policy Loss value/action/dist: 0.044/-0.022/0.946,
INFO:root:Time: 00d 05h 22m 13s, num timesteps 775680, FPS 40,
	Rewards: per step mean/med/min/max, rew: 0.0054/0.0022/0.0000/0.0816,
	Losses: Policy Loss value/action/dist: 0.044/-0.022/0.946,
INFO:root:Time: 00d 05h 22m 19s, num timesteps 775920, FPS 40,
	Rewards: per step mean/med/min/max, rew: 0.0054/0.0022/0.0000/0.0816,
	Losses: Policy Loss value/action/dist: 0.044/-0.022/0.946,
INFO:root:Time: 00d 05h 22m 26s, num timesteps 776160, FPS 40,
	Rewards: per step mean/med/min/max, rew: 0.0054/0.0022/0.0000/0.0816,
	Losses: Policy Loss value/action/dist: 0.044/-0.022/0.946,
INFO:root:Time: 00d 05h 22m 33s, num timesteps 776400, FPS 40,
	Rewards: per step mean/med/min/max, rew: 0.0054/0.0022/0.0000/0.0816,
	Losses: Policy Loss value/action/dist: 0.044/-0.022/0.946,
INFO:root:Time: 00d 05h 22m 40s, num timesteps 776640, FPS 40,
	Rewards: per step mean/med/min/max, rew: 0.0054/0.0021/0.0000/0.0816,
	Losses: Policy Loss value/action/dist: 0.044/-0.022/0.946,
INFO:root:Time: 00d 05h 22m 47s, num timesteps 776880, FPS 40,
	Rewards: per step mean/med/min/max, rew: 0.0054/0.0021/0.0000/0.0816,
	Losses: Policy Loss value/action/dist: 0.044/-0.022/0.946,
INFO:root:Time: 00d 05h 22m 54s, num timesteps 777120, FPS 40,
	Rewards: per step mean/med/min/max, rew: 0.0054/0.0021/0.0000/0.0816,
	Losses: Policy Loss value/action/dist: 0.044/-0.022/0.946,
INFO:root:Time: 00d 05h 23m 01s, num timesteps 777360, FPS 40,
	Rewards: per step mean/med/min/max, rew: 0.0055/0.0022/0.0000/0.0816,
	Losses: Policy Loss value/action/dist: 0.044/-0.022/0.946,
INFO:root:Time: 00d 05h 23m 10s, num timesteps 777600, FPS 40,
	Rewards: per step mean/med/min/max, rew: 0.0055/0.0023/0.0000/0.0816,
	Losses: Policy Loss value/action/dist: 0.044/-0.022/0.946,
INFO:root:Time: 00d 05h 23m 17s, num timesteps 777840, FPS 40,
	Rewards: per step mean/med/min/max, rew: 0.0055/0.0023/0.0000/0.0816,
	Losses: Policy Loss value/action/dist: 0.044/-0.022/0.946,
INFO:root:Time: 00d 05h 23m 23s, num timesteps 778080, FPS 40,
	Rewards: per step mean/med/min/max, rew: 0.0056/0.0023/0.0000/0.0816,
	Losses: Policy Loss value/action/dist: 0.044/-0.022/0.946,
INFO:root:Time: 00d 05h 23m 30s, num timesteps 778320, FPS 40,
	Rewards: per step mean/med/min/max, rew: 0.0056/0.0023/0.0000/0.0816,
	Losses: Policy Loss value/action/dist: 0.044/-0.022/0.946,
INFO:root:Time: 00d 05h 23m 36s, num timesteps 778560, FPS 40,
	Rewards: per step mean/med/min/max, rew: 0.0056/0.0023/0.0000/0.0816,
	Losses: Policy Loss value/action/dist: 0.044/-0.022/0.946,
INFO:root:Time: 00d 05h 23m 43s, num timesteps 778800, FPS 40,
	Rewards: per step mean/med/min/max, rew: 0.0056/0.0023/0.0000/0.0816,
	Losses: Policy Loss value/action/dist: 0.044/-0.022/0.946,
INFO:root:Time: 00d 05h 23m 49s, num timesteps 779040, FPS 40,
	Rewards: per step mean/med/min/max, rew: 0.0056/0.0024/0.0000/0.0816,
	Losses: Policy Loss value/action/dist: 0.044/-0.022/0.946,
INFO:root:Time: 00d 05h 23m 55s, num timesteps 779280, FPS 40,
	Rewards: per step mean/med/min/max, rew: 0.0056/0.0024/0.0000/0.0816,
	Losses: Policy Loss value/action/dist: 0.044/-0.022/0.946,
INFO:root:Time: 00d 05h 24m 01s, num timesteps 779520, FPS 40,
	Rewards: per step mean/med/min/max, rew: 0.0056/0.0023/0.0000/0.0816,
	Losses: Policy Loss value/action/dist: 0.044/-0.022/0.946,
INFO:root:Time: 00d 05h 24m 08s, num timesteps 779760, FPS 40,
	Rewards: per step mean/med/min/max, rew: 0.0055/0.0023/0.0000/0.0816,
	Losses: Policy Loss value/action/dist: 0.044/-0.022/0.946,
INFO:root:Time: 00d 05h 24m 17s, num timesteps 780000, FPS 40,
	Rewards: per step mean/med/min/max, rew: 0.0055/0.0023/0.0000/0.0816,
	Losses: Policy Loss value/action/dist: 0.044/-0.022/0.945,
INFO:root:Time: 00d 05h 24m 24s, num timesteps 780240, FPS 40,
	Rewards: per step mean/med/min/max, rew: 0.0055/0.0023/0.0000/0.0816,
	Losses: Policy Loss value/action/dist: 0.044/-0.022/0.945,
INFO:root:Time: 00d 05h 24m 31s, num timesteps 780480, FPS 40,
	Rewards: per step mean/med/min/max, rew: 0.0055/0.0023/0.0000/0.0816,
	Losses: Policy Loss value/action/dist: 0.044/-0.022/0.945,
INFO:root:Time: 00d 05h 24m 37s, num timesteps 780720, FPS 40,
	Rewards: per step mean/med/min/max, rew: 0.0056/0.0023/0.0000/0.0816,
	Losses: Policy Loss value/action/dist: 0.044/-0.022/0.945,
INFO:root:Time: 00d 05h 24m 44s, num timesteps 780960, FPS 40,
	Rewards: per step mean/med/min/max, rew: 0.0056/0.0023/0.0000/0.0816,
	Losses: Policy Loss value/action/dist: 0.044/-0.022/0.945,
INFO:root:Time: 00d 05h 24m 50s, num timesteps 781200, FPS 40,
	Rewards: per step mean/med/min/max, rew: 0.0056/0.0023/0.0000/0.0816,
	Losses: Policy Loss value/action/dist: 0.044/-0.022/0.945,
INFO:root:Time: 00d 05h 24m 56s, num timesteps 781440, FPS 40,
	Rewards: per step mean/med/min/max, rew: 0.0056/0.0023/0.0000/0.0816,
	Losses: Policy Loss value/action/dist: 0.044/-0.022/0.945,
INFO:root:Time: 00d 05h 25m 02s, num timesteps 781680, FPS 40,
	Rewards: per step mean/med/min/max, rew: 0.0056/0.0023/0.0000/0.0816,
	Losses: Policy Loss value/action/dist: 0.044/-0.022/0.945,
INFO:root:Time: 00d 05h 25m 08s, num timesteps 781920, FPS 40,
	Rewards: per step mean/med/min/max, rew: 0.0055/0.0022/0.0000/0.0816,
	Losses: Policy Loss value/action/dist: 0.044/-0.022/0.945,
INFO:root:Time: 00d 05h 25m 15s, num timesteps 782160, FPS 40,
	Rewards: per step mean/med/min/max, rew: 0.0055/0.0022/0.0000/0.0816,
	Losses: Policy Loss value/action/dist: 0.044/-0.022/0.945,
INFO:root:Time: 00d 05h 25m 24s, num timesteps 782400, FPS 40,
	Rewards: per step mean/med/min/max, rew: 0.0054/0.0022/0.0000/0.0816,
	Losses: Policy Loss value/action/dist: 0.045/-0.022/0.945,
INFO:root:Time: 00d 05h 25m 31s, num timesteps 782640, FPS 40,
	Rewards: per step mean/med/min/max, rew: 0.0054/0.0022/0.0000/0.0816,
	Losses: Policy Loss value/action/dist: 0.045/-0.022/0.945,
INFO:root:Time: 00d 05h 25m 37s, num timesteps 782880, FPS 40,
	Rewards: per step mean/med/min/max, rew: 0.0054/0.0022/0.0000/0.0816,
	Losses: Policy Loss value/action/dist: 0.045/-0.022/0.945,
INFO:root:Time: 00d 05h 25m 43s, num timesteps 783120, FPS 40,
	Rewards: per step mean/med/min/max, rew: 0.0054/0.0022/0.0000/0.0816,
	Losses: Policy Loss value/action/dist: 0.045/-0.022/0.945,
INFO:root:Time: 00d 05h 25m 50s, num timesteps 783360, FPS 40,
	Rewards: per step mean/med/min/max, rew: 0.0054/0.0022/0.0000/0.0816,
	Losses: Policy Loss value/action/dist: 0.045/-0.022/0.945,
INFO:root:Time: 00d 05h 25m 57s, num timesteps 783600, FPS 40,
	Rewards: per step mean/med/min/max, rew: 0.0054/0.0022/0.0000/0.0816,
	Losses: Policy Loss value/action/dist: 0.045/-0.022/0.945,
INFO:root:Time: 00d 05h 26m 03s, num timesteps 783840, FPS 40,
	Rewards: per step mean/med/min/max, rew: 0.0054/0.0022/0.0000/0.0816,
	Losses: Policy Loss value/action/dist: 0.045/-0.022/0.945,
INFO:root:Time: 00d 05h 26m 10s, num timesteps 784080, FPS 40,
	Rewards: per step mean/med/min/max, rew: 0.0054/0.0022/0.0000/0.0816,
	Losses: Policy Loss value/action/dist: 0.045/-0.022/0.945,
INFO:root:Time: 00d 05h 26m 16s, num timesteps 784320, FPS 40,
	Rewards: per step mean/med/min/max, rew: 0.0053/0.0021/0.0000/0.0816,
	Losses: Policy Loss value/action/dist: 0.045/-0.022/0.945,
INFO:root:Time: 00d 05h 26m 23s, num timesteps 784560, FPS 40,
	Rewards: per step mean/med/min/max, rew: 0.0053/0.0020/0.0000/0.0816,
	Losses: Policy Loss value/action/dist: 0.045/-0.022/0.945,
INFO:root:Time: 00d 05h 26m 32s, num timesteps 784800, FPS 40,
	Rewards: per step mean/med/min/max, rew: 0.0053/0.0020/0.0000/0.0816,
	Losses: Policy Loss value/action/dist: 0.044/-0.022/0.945,
INFO:root:Time: 00d 05h 26m 39s, num timesteps 785040, FPS 40,
	Rewards: per step mean/med/min/max, rew: 0.0054/0.0021/0.0000/0.0816,
	Losses: Policy Loss value/action/dist: 0.044/-0.022/0.945,
INFO:root:Time: 00d 05h 26m 45s, num timesteps 785280, FPS 40,
	Rewards: per step mean/med/min/max, rew: 0.0055/0.0021/0.0000/0.0816,
	Losses: Policy Loss value/action/dist: 0.044/-0.022/0.945,
INFO:root:Time: 00d 05h 26m 52s, num timesteps 785520, FPS 40,
	Rewards: per step mean/med/min/max, rew: 0.0055/0.0021/0.0000/0.0816,
	Losses: Policy Loss value/action/dist: 0.044/-0.022/0.945,
INFO:root:Time: 00d 05h 26m 59s, num timesteps 785760, FPS 40,
	Rewards: per step mean/med/min/max, rew: 0.0056/0.0021/0.0000/0.0816,
	Losses: Policy Loss value/action/dist: 0.044/-0.022/0.945,
INFO:root:Time: 00d 05h 27m 05s, num timesteps 786000, FPS 40,
	Rewards: per step mean/med/min/max, rew: 0.0057/0.0022/0.0000/0.0816,
	Losses: Policy Loss value/action/dist: 0.044/-0.022/0.945,
INFO:root:Time: 00d 05h 27m 12s, num timesteps 786240, FPS 40,
	Rewards: per step mean/med/min/max, rew: 0.0056/0.0021/0.0000/0.0816,
	Losses: Policy Loss value/action/dist: 0.044/-0.022/0.945,
INFO:root:Time: 00d 05h 27m 18s, num timesteps 786480, FPS 40,
	Rewards: per step mean/med/min/max, rew: 0.0056/0.0021/0.0000/0.0816,
	Losses: Policy Loss value/action/dist: 0.044/-0.022/0.945,
INFO:root:Time: 00d 05h 27m 25s, num timesteps 786720, FPS 40,
	Rewards: per step mean/med/min/max, rew: 0.0057/0.0022/0.0000/0.0816,
	Losses: Policy Loss value/action/dist: 0.044/-0.022/0.945,
INFO:root:Time: 00d 05h 27m 31s, num timesteps 786960, FPS 40,
	Rewards: per step mean/med/min/max, rew: 0.0057/0.0022/0.0000/0.0816,
	Losses: Policy Loss value/action/dist: 0.044/-0.022/0.945,
INFO:root:Time: 00d 05h 27m 40s, num timesteps 787200, FPS 40,
	Rewards: per step mean/med/min/max, rew: 0.0057/0.0022/0.0000/0.0816,
	Losses: Policy Loss value/action/dist: 0.045/-0.022/0.945,
INFO:root:Time: 00d 05h 27m 46s, num timesteps 787440, FPS 40,
	Rewards: per step mean/med/min/max, rew: 0.0057/0.0022/0.0000/0.0816,
	Losses: Policy Loss value/action/dist: 0.045/-0.022/0.945,
INFO:root:Time: 00d 05h 27m 53s, num timesteps 787680, FPS 40,
	Rewards: per step mean/med/min/max, rew: 0.0057/0.0022/0.0000/0.0816,
	Losses: Policy Loss value/action/dist: 0.045/-0.022/0.945,
INFO:root:Time: 00d 05h 27m 59s, num timesteps 787920, FPS 40,
	Rewards: per step mean/med/min/max, rew: 0.0058/0.0023/0.0000/0.0816,
	Losses: Policy Loss value/action/dist: 0.045/-0.022/0.945,
INFO:root:Time: 00d 05h 28m 05s, num timesteps 788160, FPS 40,
	Rewards: per step mean/med/min/max, rew: 0.0058/0.0023/0.0000/0.0816,
	Losses: Policy Loss value/action/dist: 0.045/-0.022/0.945,
INFO:root:Time: 00d 05h 28m 12s, num timesteps 788400, FPS 40,
	Rewards: per step mean/med/min/max, rew: 0.0058/0.0023/0.0000/0.0816,
	Losses: Policy Loss value/action/dist: 0.045/-0.022/0.945,
INFO:root:Time: 00d 05h 28m 18s, num timesteps 788640, FPS 40,
	Rewards: per step mean/med/min/max, rew: 0.0057/0.0022/0.0000/0.0816,
	Losses: Policy Loss value/action/dist: 0.045/-0.022/0.945,
INFO:root:Time: 00d 05h 28m 24s, num timesteps 788880, FPS 40,
	Rewards: per step mean/med/min/max, rew: 0.0057/0.0022/0.0000/0.0816,
	Losses: Policy Loss value/action/dist: 0.045/-0.022/0.945,
INFO:root:Time: 00d 05h 28m 30s, num timesteps 789120, FPS 40,
	Rewards: per step mean/med/min/max, rew: 0.0058/0.0022/0.0000/0.0816,
	Losses: Policy Loss value/action/dist: 0.045/-0.022/0.945,
INFO:root:Time: 00d 05h 28m 37s, num timesteps 789360, FPS 40,
	Rewards: per step mean/med/min/max, rew: 0.0058/0.0022/0.0000/0.0816,
	Losses: Policy Loss value/action/dist: 0.045/-0.022/0.945,
INFO:root:Time: 00d 05h 28m 46s, num timesteps 789600, FPS 40,
	Rewards: per step mean/med/min/max, rew: 0.0058/0.0023/0.0000/0.0816,
	Losses: Policy Loss value/action/dist: 0.044/-0.022/0.945,
INFO:root:Time: 00d 05h 28m 53s, num timesteps 789840, FPS 40,
	Rewards: per step mean/med/min/max, rew: 0.0057/0.0022/0.0000/0.0816,
	Losses: Policy Loss value/action/dist: 0.044/-0.022/0.945,
INFO:root:Time: 00d 05h 28m 59s, num timesteps 790080, FPS 40,
	Rewards: per step mean/med/min/max, rew: 0.0058/0.0023/0.0000/0.0816,
	Losses: Policy Loss value/action/dist: 0.044/-0.022/0.945,
INFO:root:Time: 00d 05h 29m 06s, num timesteps 790320, FPS 40,
	Rewards: per step mean/med/min/max, rew: 0.0058/0.0023/0.0000/0.0816,
	Losses: Policy Loss value/action/dist: 0.044/-0.022/0.945,
INFO:root:Time: 00d 05h 29m 12s, num timesteps 790560, FPS 40,
	Rewards: per step mean/med/min/max, rew: 0.0058/0.0024/0.0000/0.0816,
	Losses: Policy Loss value/action/dist: 0.044/-0.022/0.945,
INFO:root:Time: 00d 05h 29m 19s, num timesteps 790800, FPS 40,
	Rewards: per step mean/med/min/max, rew: 0.0058/0.0024/0.0000/0.0816,
	Losses: Policy Loss value/action/dist: 0.044/-0.022/0.945,
INFO:root:Time: 00d 05h 29m 25s, num timesteps 791040, FPS 40,
	Rewards: per step mean/med/min/max, rew: 0.0057/0.0024/0.0000/0.0816,
	Losses: Policy Loss value/action/dist: 0.044/-0.022/0.945,
INFO:root:Time: 00d 05h 29m 32s, num timesteps 791280, FPS 40,
	Rewards: per step mean/med/min/max, rew: 0.0058/0.0024/0.0000/0.0816,
	Losses: Policy Loss value/action/dist: 0.044/-0.022/0.945,
INFO:root:Time: 00d 05h 29m 38s, num timesteps 791520, FPS 40,
	Rewards: per step mean/med/min/max, rew: 0.0057/0.0024/0.0000/0.0816,
	Losses: Policy Loss value/action/dist: 0.044/-0.022/0.945,
INFO:root:Time: 00d 05h 29m 45s, num timesteps 791760, FPS 40,
	Rewards: per step mean/med/min/max, rew: 0.0057/0.0023/0.0000/0.0816,
	Losses: Policy Loss value/action/dist: 0.044/-0.022/0.945,
INFO:root:Time: 00d 05h 29m 54s, num timesteps 792000, FPS 40,
	Rewards: per step mean/med/min/max, rew: 0.0057/0.0023/0.0000/0.0816,
	Losses: Policy Loss value/action/dist: 0.044/-0.022/0.945,
INFO:root:Time: 00d 05h 30m 00s, num timesteps 792240, FPS 40,
	Rewards: per step mean/med/min/max, rew: 0.0057/0.0023/0.0000/0.0635,
	Losses: Policy Loss value/action/dist: 0.044/-0.022/0.945,
INFO:root:Time: 00d 05h 30m 06s, num timesteps 792480, FPS 40,
	Rewards: per step mean/med/min/max, rew: 0.0057/0.0023/0.0000/0.0635,
	Losses: Policy Loss value/action/dist: 0.044/-0.022/0.945,
INFO:root:Time: 00d 05h 30m 13s, num timesteps 792720, FPS 40,
	Rewards: per step mean/med/min/max, rew: 0.0056/0.0023/0.0000/0.0635,
	Losses: Policy Loss value/action/dist: 0.044/-0.022/0.945,
INFO:root:Time: 00d 05h 30m 19s, num timesteps 792960, FPS 40,
	Rewards: per step mean/med/min/max, rew: 0.0057/0.0023/0.0000/0.0635,
	Losses: Policy Loss value/action/dist: 0.044/-0.022/0.945,
INFO:root:Time: 00d 05h 30m 25s, num timesteps 793200, FPS 40,
	Rewards: per step mean/med/min/max, rew: 0.0057/0.0023/0.0000/0.0635,
	Losses: Policy Loss value/action/dist: 0.044/-0.022/0.945,
INFO:root:Time: 00d 05h 30m 31s, num timesteps 793440, FPS 40,
	Rewards: per step mean/med/min/max, rew: 0.0057/0.0023/0.0000/0.0635,
	Losses: Policy Loss value/action/dist: 0.044/-0.022/0.945,
INFO:root:Time: 00d 05h 30m 38s, num timesteps 793680, FPS 40,
	Rewards: per step mean/med/min/max, rew: 0.0056/0.0023/0.0000/0.0635,
	Losses: Policy Loss value/action/dist: 0.044/-0.022/0.945,
INFO:root:Time: 00d 05h 30m 44s, num timesteps 793920, FPS 40,
	Rewards: per step mean/med/min/max, rew: 0.0056/0.0023/0.0000/0.0635,
	Losses: Policy Loss value/action/dist: 0.044/-0.022/0.945,
INFO:root:Time: 00d 05h 30m 50s, num timesteps 794160, FPS 40,
	Rewards: per step mean/med/min/max, rew: 0.0057/0.0023/0.0000/0.0635,
	Losses: Policy Loss value/action/dist: 0.044/-0.022/0.945,
INFO:root:Time: 00d 05h 30m 59s, num timesteps 794400, FPS 40,
	Rewards: per step mean/med/min/max, rew: 0.0058/0.0023/0.0000/0.0635,
	Losses: Policy Loss value/action/dist: 0.045/-0.022/0.944,
INFO:root:Time: 00d 05h 31m 06s, num timesteps 794640, FPS 39,
	Rewards: per step mean/med/min/max, rew: 0.0058/0.0023/0.0000/0.0635,
	Losses: Policy Loss value/action/dist: 0.045/-0.022/0.944,
INFO:root:Time: 00d 05h 31m 12s, num timesteps 794880, FPS 39,
	Rewards: per step mean/med/min/max, rew: 0.0058/0.0024/0.0000/0.0635,
	Losses: Policy Loss value/action/dist: 0.045/-0.022/0.944,
INFO:root:Time: 00d 05h 31m 18s, num timesteps 795120, FPS 39,
	Rewards: per step mean/med/min/max, rew: 0.0058/0.0024/0.0000/0.0635,
	Losses: Policy Loss value/action/dist: 0.045/-0.022/0.944,
INFO:root:Time: 00d 05h 31m 25s, num timesteps 795360, FPS 39,
	Rewards: per step mean/med/min/max, rew: 0.0059/0.0024/0.0000/0.0706,
	Losses: Policy Loss value/action/dist: 0.045/-0.022/0.944,
INFO:root:Time: 00d 05h 31m 31s, num timesteps 795600, FPS 39,
	Rewards: per step mean/med/min/max, rew: 0.0059/0.0024/0.0000/0.0706,
	Losses: Policy Loss value/action/dist: 0.045/-0.022/0.944,
INFO:root:Time: 00d 05h 31m 37s, num timesteps 795840, FPS 39,
	Rewards: per step mean/med/min/max, rew: 0.0059/0.0023/0.0000/0.0706,
	Losses: Policy Loss value/action/dist: 0.045/-0.022/0.944,
INFO:root:Time: 00d 05h 31m 43s, num timesteps 796080, FPS 39,
	Rewards: per step mean/med/min/max, rew: 0.0059/0.0023/0.0000/0.0706,
	Losses: Policy Loss value/action/dist: 0.045/-0.022/0.944,
INFO:root:Time: 00d 05h 31m 50s, num timesteps 796320, FPS 39,
	Rewards: per step mean/med/min/max, rew: 0.0059/0.0023/0.0000/0.0706,
	Losses: Policy Loss value/action/dist: 0.045/-0.022/0.944,
INFO:root:Time: 00d 05h 31m 56s, num timesteps 796560, FPS 39,
	Rewards: per step mean/med/min/max, rew: 0.0059/0.0024/0.0000/0.0706,
	Losses: Policy Loss value/action/dist: 0.045/-0.022/0.944,
INFO:root:Time: 00d 05h 32m 05s, num timesteps 796800, FPS 39,
	Rewards: per step mean/med/min/max, rew: 0.0060/0.0024/0.0000/0.0706,
	Losses: Policy Loss value/action/dist: 0.045/-0.022/0.944,
INFO:root:Time: 00d 05h 32m 12s, num timesteps 797040, FPS 39,
	Rewards: per step mean/med/min/max, rew: 0.0060/0.0024/0.0000/0.0706,
	Losses: Policy Loss value/action/dist: 0.045/-0.022/0.944,
INFO:root:Time: 00d 05h 32m 18s, num timesteps 797280, FPS 39,
	Rewards: per step mean/med/min/max, rew: 0.0060/0.0023/0.0000/0.0706,
	Losses: Policy Loss value/action/dist: 0.045/-0.022/0.944,
INFO:root:Time: 00d 05h 32m 24s, num timesteps 797520, FPS 39,
	Rewards: per step mean/med/min/max, rew: 0.0059/0.0023/0.0000/0.0706,
	Losses: Policy Loss value/action/dist: 0.045/-0.022/0.944,
INFO:root:Time: 00d 05h 32m 30s, num timesteps 797760, FPS 39,
	Rewards: per step mean/med/min/max, rew: 0.0060/0.0023/0.0000/0.0706,
	Losses: Policy Loss value/action/dist: 0.045/-0.022/0.944,
INFO:root:Time: 00d 05h 32m 37s, num timesteps 798000, FPS 39,
	Rewards: per step mean/med/min/max, rew: 0.0060/0.0023/0.0000/0.0706,
	Losses: Policy Loss value/action/dist: 0.045/-0.022/0.944,
INFO:root:Time: 00d 05h 32m 43s, num timesteps 798240, FPS 39,
	Rewards: per step mean/med/min/max, rew: 0.0059/0.0023/0.0000/0.0706,
	Losses: Policy Loss value/action/dist: 0.045/-0.022/0.944,
INFO:root:Time: 00d 05h 32m 50s, num timesteps 798480, FPS 39,
	Rewards: per step mean/med/min/max, rew: 0.0060/0.0023/0.0000/0.0706,
	Losses: Policy Loss value/action/dist: 0.045/-0.022/0.944,
INFO:root:Time: 00d 05h 32m 56s, num timesteps 798720, FPS 39,
	Rewards: per step mean/med/min/max, rew: 0.0060/0.0023/0.0000/0.0706,
	Losses: Policy Loss value/action/dist: 0.045/-0.022/0.944,
INFO:root:Time: 00d 05h 33m 03s, num timesteps 798960, FPS 39,
	Rewards: per step mean/med/min/max, rew: 0.0060/0.0022/0.0000/0.0706,
	Losses: Policy Loss value/action/dist: 0.045/-0.022/0.944,
INFO:root:Time: 00d 05h 33m 12s, num timesteps 799200, FPS 39,
	Rewards: per step mean/med/min/max, rew: 0.0059/0.0022/0.0000/0.0706,
	Losses: Policy Loss value/action/dist: 0.045/-0.022/0.944,
INFO:root:Time: 00d 05h 33m 18s, num timesteps 799440, FPS 39,
	Rewards: per step mean/med/min/max, rew: 0.0059/0.0022/0.0000/0.0706,
	Losses: Policy Loss value/action/dist: 0.045/-0.022/0.944,
INFO:root:Time: 00d 05h 33m 25s, num timesteps 799680, FPS 39,
	Rewards: per step mean/med/min/max, rew: 0.0059/0.0022/0.0000/0.0706,
	Losses: Policy Loss value/action/dist: 0.045/-0.022/0.944,
INFO:root:Time: 00d 05h 33m 32s, num timesteps 799920, FPS 39,
	Rewards: per step mean/med/min/max, rew: 0.0059/0.0022/0.0000/0.0706,
	Losses: Policy Loss value/action/dist: 0.045/-0.022/0.944,
INFO:root:Time: 00d 05h 33m 38s, num timesteps 800160, FPS 39,
	Rewards: per step mean/med/min/max, rew: 0.0059/0.0021/0.0000/0.0706,
	Losses: Policy Loss value/action/dist: 0.045/-0.022/0.944,
INFO:root:Time: 00d 05h 33m 44s, num timesteps 800400, FPS 39,
	Rewards: per step mean/med/min/max, rew: 0.0059/0.0021/0.0000/0.0706,
	Losses: Policy Loss value/action/dist: 0.045/-0.022/0.944,
INFO:root:Time: 00d 05h 33m 51s, num timesteps 800640, FPS 39,
	Rewards: per step mean/med/min/max, rew: 0.0059/0.0022/0.0000/0.0706,
	Losses: Policy Loss value/action/dist: 0.045/-0.022/0.944,
INFO:root:Time: 00d 05h 33m 57s, num timesteps 800880, FPS 39,
	Rewards: per step mean/med/min/max, rew: 0.0059/0.0022/0.0000/0.0706,
	Losses: Policy Loss value/action/dist: 0.045/-0.022/0.944,
INFO:root:Time: 00d 05h 34m 03s, num timesteps 801120, FPS 39,
	Rewards: per step mean/med/min/max, rew: 0.0059/0.0022/0.0000/0.0706,
	Losses: Policy Loss value/action/dist: 0.045/-0.022/0.944,
INFO:root:Time: 00d 05h 34m 10s, num timesteps 801360, FPS 39,
	Rewards: per step mean/med/min/max, rew: 0.0058/0.0021/0.0000/0.0706,
	Losses: Policy Loss value/action/dist: 0.045/-0.022/0.944,
INFO:root:Time: 00d 05h 34m 19s, num timesteps 801600, FPS 39,
	Rewards: per step mean/med/min/max, rew: 0.0057/0.0021/0.0000/0.0706,
	Losses: Policy Loss value/action/dist: 0.045/-0.022/0.944,
INFO:root:Time: 00d 05h 34m 25s, num timesteps 801840, FPS 39,
	Rewards: per step mean/med/min/max, rew: 0.0057/0.0021/0.0000/0.0706,
	Losses: Policy Loss value/action/dist: 0.045/-0.022/0.944,
INFO:root:Time: 00d 05h 34m 31s, num timesteps 802080, FPS 39,
	Rewards: per step mean/med/min/max, rew: 0.0056/0.0020/0.0000/0.0706,
	Losses: Policy Loss value/action/dist: 0.045/-0.022/0.944,
INFO:root:Time: 00d 05h 34m 38s, num timesteps 802320, FPS 39,
	Rewards: per step mean/med/min/max, rew: 0.0057/0.0020/0.0000/0.0706,
	Losses: Policy Loss value/action/dist: 0.045/-0.022/0.944,
INFO:root:Time: 00d 05h 34m 44s, num timesteps 802560, FPS 39,
	Rewards: per step mean/med/min/max, rew: 0.0057/0.0020/0.0000/0.0706,
	Losses: Policy Loss value/action/dist: 0.045/-0.022/0.944,
INFO:root:Time: 00d 05h 34m 50s, num timesteps 802800, FPS 39,
	Rewards: per step mean/med/min/max, rew: 0.0057/0.0020/0.0000/0.0706,
	Losses: Policy Loss value/action/dist: 0.045/-0.022/0.944,
INFO:root:Time: 00d 05h 34m 57s, num timesteps 803040, FPS 39,
	Rewards: per step mean/med/min/max, rew: 0.0056/0.0020/0.0000/0.0706,
	Losses: Policy Loss value/action/dist: 0.045/-0.022/0.944,
INFO:root:Time: 00d 05h 35m 04s, num timesteps 803280, FPS 39,
	Rewards: per step mean/med/min/max, rew: 0.0056/0.0019/0.0000/0.0706,
	Losses: Policy Loss value/action/dist: 0.045/-0.022/0.944,
INFO:root:Time: 00d 05h 35m 10s, num timesteps 803520, FPS 39,
	Rewards: per step mean/med/min/max, rew: 0.0056/0.0019/0.0000/0.0706,
	Losses: Policy Loss value/action/dist: 0.045/-0.022/0.944,
INFO:root:Time: 00d 05h 35m 16s, num timesteps 803760, FPS 39,
	Rewards: per step mean/med/min/max, rew: 0.0057/0.0020/0.0000/0.0706,
	Losses: Policy Loss value/action/dist: 0.045/-0.022/0.944,
INFO:root:Time: 00d 05h 35m 26s, num timesteps 804000, FPS 39,
	Rewards: per step mean/med/min/max, rew: 0.0057/0.0020/0.0000/0.0706,
	Losses: Policy Loss value/action/dist: 0.044/-0.022/0.943,
INFO:root:Time: 00d 05h 35m 32s, num timesteps 804240, FPS 39,
	Rewards: per step mean/med/min/max, rew: 0.0056/0.0020/0.0000/0.0706,
	Losses: Policy Loss value/action/dist: 0.044/-0.022/0.943,
INFO:root:Time: 00d 05h 35m 39s, num timesteps 804480, FPS 39,
	Rewards: per step mean/med/min/max, rew: 0.0056/0.0020/0.0000/0.0706,
	Losses: Policy Loss value/action/dist: 0.044/-0.022/0.943,
INFO:root:Time: 00d 05h 35m 45s, num timesteps 804720, FPS 39,
	Rewards: per step mean/med/min/max, rew: 0.0056/0.0020/0.0000/0.0706,
	Losses: Policy Loss value/action/dist: 0.044/-0.022/0.943,
INFO:root:Time: 00d 05h 35m 51s, num timesteps 804960, FPS 39,
	Rewards: per step mean/med/min/max, rew: 0.0055/0.0020/0.0000/0.0706,
	Losses: Policy Loss value/action/dist: 0.044/-0.022/0.943,
INFO:root:Time: 00d 05h 35m 58s, num timesteps 805200, FPS 39,
	Rewards: per step mean/med/min/max, rew: 0.0055/0.0020/0.0000/0.0706,
	Losses: Policy Loss value/action/dist: 0.044/-0.022/0.943,
INFO:root:Time: 00d 05h 36m 04s, num timesteps 805440, FPS 39,
	Rewards: per step mean/med/min/max, rew: 0.0054/0.0019/0.0000/0.0706,
	Losses: Policy Loss value/action/dist: 0.044/-0.022/0.943,
INFO:root:Time: 00d 05h 36m 10s, num timesteps 805680, FPS 39,
	Rewards: per step mean/med/min/max, rew: 0.0055/0.0020/0.0000/0.0706,
	Losses: Policy Loss value/action/dist: 0.044/-0.022/0.943,
INFO:root:Time: 00d 05h 36m 17s, num timesteps 805920, FPS 39,
	Rewards: per step mean/med/min/max, rew: 0.0055/0.0020/0.0000/0.0706,
	Losses: Policy Loss value/action/dist: 0.044/-0.022/0.943,
INFO:root:Time: 00d 05h 36m 23s, num timesteps 806160, FPS 39,
	Rewards: per step mean/med/min/max, rew: 0.0055/0.0020/0.0000/0.0706,
	Losses: Policy Loss value/action/dist: 0.044/-0.022/0.943,
INFO:root:Time: 00d 05h 36m 31s, num timesteps 806400, FPS 39,
	Rewards: per step mean/med/min/max, rew: 0.0056/0.0020/0.0000/0.0706,
	Losses: Policy Loss value/action/dist: 0.045/-0.022/0.943,
INFO:root:Time: 00d 05h 36m 38s, num timesteps 806640, FPS 39,
	Rewards: per step mean/med/min/max, rew: 0.0056/0.0020/0.0000/0.0706,
	Losses: Policy Loss value/action/dist: 0.045/-0.022/0.943,
INFO:root:Time: 00d 05h 36m 44s, num timesteps 806880, FPS 39,
	Rewards: per step mean/med/min/max, rew: 0.0055/0.0018/0.0000/0.0706,
	Losses: Policy Loss value/action/dist: 0.045/-0.022/0.943,
INFO:root:Time: 00d 05h 36m 50s, num timesteps 807120, FPS 39,
	Rewards: per step mean/med/min/max, rew: 0.0055/0.0018/0.0000/0.0706,
	Losses: Policy Loss value/action/dist: 0.045/-0.022/0.943,
INFO:root:Time: 00d 05h 36m 56s, num timesteps 807360, FPS 39,
	Rewards: per step mean/med/min/max, rew: 0.0055/0.0018/0.0000/0.0706,
	Losses: Policy Loss value/action/dist: 0.045/-0.022/0.943,
INFO:root:Time: 00d 05h 37m 03s, num timesteps 807600, FPS 39,
	Rewards: per step mean/med/min/max, rew: 0.0056/0.0019/0.0000/0.0706,
	Losses: Policy Loss value/action/dist: 0.045/-0.022/0.943,
INFO:root:Time: 00d 05h 37m 09s, num timesteps 807840, FPS 39,
	Rewards: per step mean/med/min/max, rew: 0.0056/0.0019/0.0000/0.0706,
	Losses: Policy Loss value/action/dist: 0.045/-0.022/0.943,
INFO:root:Time: 00d 05h 37m 16s, num timesteps 808080, FPS 39,
	Rewards: per step mean/med/min/max, rew: 0.0057/0.0019/0.0000/0.0706,
	Losses: Policy Loss value/action/dist: 0.045/-0.022/0.943,
INFO:root:Time: 00d 05h 37m 22s, num timesteps 808320, FPS 39,
	Rewards: per step mean/med/min/max, rew: 0.0057/0.0020/0.0000/0.0706,
	Losses: Policy Loss value/action/dist: 0.045/-0.022/0.943,
INFO:root:Time: 00d 05h 37m 29s, num timesteps 808560, FPS 39,
	Rewards: per step mean/med/min/max, rew: 0.0057/0.0020/0.0000/0.0706,
	Losses: Policy Loss value/action/dist: 0.045/-0.022/0.943,
INFO:root:Time: 00d 05h 37m 38s, num timesteps 808800, FPS 39,
	Rewards: per step mean/med/min/max, rew: 0.0057/0.0020/0.0000/0.0706,
	Losses: Policy Loss value/action/dist: 0.045/-0.022/0.943,
INFO:root:Time: 00d 05h 37m 44s, num timesteps 809040, FPS 39,
	Rewards: per step mean/med/min/max, rew: 0.0056/0.0020/0.0000/0.0706,
	Losses: Policy Loss value/action/dist: 0.045/-0.022/0.943,
INFO:root:Time: 00d 05h 37m 51s, num timesteps 809280, FPS 39,
	Rewards: per step mean/med/min/max, rew: 0.0056/0.0020/0.0000/0.0706,
	Losses: Policy Loss value/action/dist: 0.045/-0.022/0.943,
INFO:root:Time: 00d 05h 37m 57s, num timesteps 809520, FPS 39,
	Rewards: per step mean/med/min/max, rew: 0.0055/0.0020/0.0000/0.0706,
	Losses: Policy Loss value/action/dist: 0.045/-0.022/0.943,
INFO:root:Time: 00d 05h 38m 03s, num timesteps 809760, FPS 39,
	Rewards: per step mean/med/min/max, rew: 0.0054/0.0019/0.0000/0.0706,
	Losses: Policy Loss value/action/dist: 0.045/-0.022/0.943,
INFO:root:Time: 00d 05h 38m 10s, num timesteps 810000, FPS 39,
	Rewards: per step mean/med/min/max, rew: 0.0053/0.0018/0.0000/0.0706,
	Losses: Policy Loss value/action/dist: 0.045/-0.022/0.943,
INFO:root:Time: 00d 05h 38m 16s, num timesteps 810240, FPS 39,
	Rewards: per step mean/med/min/max, rew: 0.0053/0.0018/0.0000/0.0706,
	Losses: Policy Loss value/action/dist: 0.045/-0.022/0.943,
INFO:root:Time: 00d 05h 38m 23s, num timesteps 810480, FPS 39,
	Rewards: per step mean/med/min/max, rew: 0.0053/0.0018/0.0000/0.0706,
	Losses: Policy Loss value/action/dist: 0.045/-0.022/0.943,
INFO:root:Time: 00d 05h 38m 29s, num timesteps 810720, FPS 39,
	Rewards: per step mean/med/min/max, rew: 0.0053/0.0018/0.0000/0.0706,
	Losses: Policy Loss value/action/dist: 0.045/-0.022/0.943,
INFO:root:Time: 00d 05h 38m 36s, num timesteps 810960, FPS 39,
	Rewards: per step mean/med/min/max, rew: 0.0053/0.0017/0.0000/0.0706,
	Losses: Policy Loss value/action/dist: 0.045/-0.022/0.943,
INFO:root:Time: 00d 05h 38m 44s, num timesteps 811200, FPS 39,
	Rewards: per step mean/med/min/max, rew: 0.0053/0.0017/0.0000/0.0706,
	Losses: Policy Loss value/action/dist: 0.045/-0.022/0.943,
INFO:root:Time: 00d 05h 38m 51s, num timesteps 811440, FPS 39,
	Rewards: per step mean/med/min/max, rew: 0.0053/0.0017/0.0000/0.0706,
	Losses: Policy Loss value/action/dist: 0.045/-0.022/0.943,
INFO:root:Time: 00d 05h 38m 57s, num timesteps 811680, FPS 39,
	Rewards: per step mean/med/min/max, rew: 0.0053/0.0017/0.0000/0.0706,
	Losses: Policy Loss value/action/dist: 0.045/-0.022/0.943,
INFO:root:Time: 00d 05h 39m 03s, num timesteps 811920, FPS 39,
	Rewards: per step mean/med/min/max, rew: 0.0053/0.0017/0.0000/0.0706,
	Losses: Policy Loss value/action/dist: 0.045/-0.022/0.943,
INFO:root:Time: 00d 05h 39m 10s, num timesteps 812160, FPS 39,
	Rewards: per step mean/med/min/max, rew: 0.0053/0.0016/0.0000/0.0706,
	Losses: Policy Loss value/action/dist: 0.045/-0.022/0.943,
INFO:root:Time: 00d 05h 39m 16s, num timesteps 812400, FPS 39,
	Rewards: per step mean/med/min/max, rew: 0.0054/0.0017/0.0000/0.0706,
	Losses: Policy Loss value/action/dist: 0.045/-0.022/0.943,
INFO:root:Time: 00d 05h 39m 22s, num timesteps 812640, FPS 39,
	Rewards: per step mean/med/min/max, rew: 0.0055/0.0017/0.0000/0.0706,
	Losses: Policy Loss value/action/dist: 0.045/-0.022/0.943,
INFO:root:Time: 00d 05h 39m 29s, num timesteps 812880, FPS 39,
	Rewards: per step mean/med/min/max, rew: 0.0055/0.0018/0.0000/0.0706,
	Losses: Policy Loss value/action/dist: 0.045/-0.022/0.943,
INFO:root:Time: 00d 05h 39m 35s, num timesteps 813120, FPS 39,
	Rewards: per step mean/med/min/max, rew: 0.0055/0.0018/0.0000/0.0706,
	Losses: Policy Loss value/action/dist: 0.045/-0.022/0.943,
INFO:root:Time: 00d 05h 39m 42s, num timesteps 813360, FPS 39,
	Rewards: per step mean/med/min/max, rew: 0.0055/0.0018/0.0000/0.0706,
	Losses: Policy Loss value/action/dist: 0.045/-0.022/0.943,
INFO:root:Time: 00d 05h 39m 51s, num timesteps 813600, FPS 39,
	Rewards: per step mean/med/min/max, rew: 0.0055/0.0018/0.0000/0.0706,
	Losses: Policy Loss value/action/dist: 0.045/-0.022/0.943,
INFO:root:Time: 00d 05h 39m 57s, num timesteps 813840, FPS 39,
	Rewards: per step mean/med/min/max, rew: 0.0055/0.0018/0.0000/0.0706,
	Losses: Policy Loss value/action/dist: 0.045/-0.022/0.943,
INFO:root:Time: 00d 05h 40m 04s, num timesteps 814080, FPS 39,
	Rewards: per step mean/med/min/max, rew: 0.0055/0.0017/0.0000/0.0706,
	Losses: Policy Loss value/action/dist: 0.045/-0.022/0.943,
INFO:root:Time: 00d 05h 40m 10s, num timesteps 814320, FPS 39,
	Rewards: per step mean/med/min/max, rew: 0.0055/0.0017/0.0000/0.0706,
	Losses: Policy Loss value/action/dist: 0.045/-0.022/0.943,
INFO:root:Time: 00d 05h 40m 17s, num timesteps 814560, FPS 39,
	Rewards: per step mean/med/min/max, rew: 0.0055/0.0017/0.0000/0.0706,
	Losses: Policy Loss value/action/dist: 0.045/-0.022/0.943,
INFO:root:Time: 00d 05h 40m 23s, num timesteps 814800, FPS 39,
	Rewards: per step mean/med/min/max, rew: 0.0055/0.0017/0.0000/0.0706,
	Losses: Policy Loss value/action/dist: 0.045/-0.022/0.943,
INFO:root:Time: 00d 05h 40m 30s, num timesteps 815040, FPS 39,
	Rewards: per step mean/med/min/max, rew: 0.0056/0.0017/0.0000/0.0706,
	Losses: Policy Loss value/action/dist: 0.045/-0.022/0.943,
INFO:root:Time: 00d 05h 40m 36s, num timesteps 815280, FPS 39,
	Rewards: per step mean/med/min/max, rew: 0.0056/0.0017/0.0000/0.0706,
	Losses: Policy Loss value/action/dist: 0.045/-0.022/0.943,
INFO:root:Time: 00d 05h 40m 42s, num timesteps 815520, FPS 39,
	Rewards: per step mean/med/min/max, rew: 0.0056/0.0017/0.0000/0.0706,
	Losses: Policy Loss value/action/dist: 0.045/-0.022/0.943,
INFO:root:Time: 00d 05h 40m 49s, num timesteps 815760, FPS 39,
	Rewards: per step mean/med/min/max, rew: 0.0055/0.0017/0.0000/0.0706,
	Losses: Policy Loss value/action/dist: 0.045/-0.022/0.943,
INFO:root:Time: 00d 05h 40m 58s, num timesteps 816000, FPS 39,
	Rewards: per step mean/med/min/max, rew: 0.0056/0.0017/0.0000/0.0706,
	Losses: Policy Loss value/action/dist: 0.045/-0.022/0.942,
INFO:root:Time: 00d 05h 41m 04s, num timesteps 816240, FPS 39,
	Rewards: per step mean/med/min/max, rew: 0.0056/0.0017/0.0000/0.0706,
	Losses: Policy Loss value/action/dist: 0.045/-0.022/0.942,
INFO:root:Time: 00d 05h 41m 10s, num timesteps 816480, FPS 39,
	Rewards: per step mean/med/min/max, rew: 0.0056/0.0017/0.0000/0.0706,
	Losses: Policy Loss value/action/dist: 0.045/-0.022/0.942,
INFO:root:Time: 00d 05h 41m 17s, num timesteps 816720, FPS 39,
	Rewards: per step mean/med/min/max, rew: 0.0056/0.0017/0.0000/0.0706,
	Losses: Policy Loss value/action/dist: 0.045/-0.022/0.942,
INFO:root:Time: 00d 05h 41m 23s, num timesteps 816960, FPS 39,
	Rewards: per step mean/med/min/max, rew: 0.0056/0.0017/0.0000/0.0706,
	Losses: Policy Loss value/action/dist: 0.045/-0.022/0.942,
INFO:root:Time: 00d 05h 41m 29s, num timesteps 817200, FPS 39,
	Rewards: per step mean/med/min/max, rew: 0.0057/0.0017/0.0000/0.0706,
	Losses: Policy Loss value/action/dist: 0.045/-0.022/0.942,
INFO:root:Time: 00d 05h 41m 36s, num timesteps 817440, FPS 39,
	Rewards: per step mean/med/min/max, rew: 0.0058/0.0018/0.0000/0.0706,
	Losses: Policy Loss value/action/dist: 0.045/-0.022/0.942,
INFO:root:Time: 00d 05h 41m 42s, num timesteps 817680, FPS 39,
	Rewards: per step mean/med/min/max, rew: 0.0058/0.0018/0.0000/0.0706,
	Losses: Policy Loss value/action/dist: 0.045/-0.022/0.942,
INFO:root:Time: 00d 05h 41m 49s, num timesteps 817920, FPS 39,
	Rewards: per step mean/med/min/max, rew: 0.0058/0.0018/0.0000/0.0706,
	Losses: Policy Loss value/action/dist: 0.045/-0.022/0.942,
INFO:root:Time: 00d 05h 41m 56s, num timesteps 818160, FPS 39,
	Rewards: per step mean/med/min/max, rew: 0.0058/0.0019/0.0000/0.0706,
	Losses: Policy Loss value/action/dist: 0.045/-0.022/0.942,
INFO:root:Time: 00d 05h 42m 05s, num timesteps 818400, FPS 39,
	Rewards: per step mean/med/min/max, rew: 0.0057/0.0019/0.0000/0.0706,
	Losses: Policy Loss value/action/dist: 0.045/-0.022/0.942,
INFO:root:Time: 00d 05h 42m 11s, num timesteps 818640, FPS 39,
	Rewards: per step mean/med/min/max, rew: 0.0058/0.0019/0.0000/0.0706,
	Losses: Policy Loss value/action/dist: 0.045/-0.022/0.942,
INFO:root:Time: 00d 05h 42m 18s, num timesteps 818880, FPS 39,
	Rewards: per step mean/med/min/max, rew: 0.0058/0.0019/0.0000/0.0706,
	Losses: Policy Loss value/action/dist: 0.045/-0.022/0.942,
INFO:root:Time: 00d 05h 42m 24s, num timesteps 819120, FPS 39,
	Rewards: per step mean/med/min/max, rew: 0.0058/0.0019/0.0000/0.0706,
	Losses: Policy Loss value/action/dist: 0.045/-0.022/0.942,
INFO:root:Time: 00d 05h 42m 31s, num timesteps 819360, FPS 39,
	Rewards: per step mean/med/min/max, rew: 0.0057/0.0019/0.0000/0.0683,
	Losses: Policy Loss value/action/dist: 0.045/-0.022/0.942,
INFO:root:Time: 00d 05h 42m 37s, num timesteps 819600, FPS 39,
	Rewards: per step mean/med/min/max, rew: 0.0056/0.0019/0.0000/0.0683,
	Losses: Policy Loss value/action/dist: 0.045/-0.022/0.942,
INFO:root:Time: 00d 05h 42m 44s, num timesteps 819840, FPS 39,
	Rewards: per step mean/med/min/max, rew: 0.0056/0.0019/0.0000/0.0683,
	Losses: Policy Loss value/action/dist: 0.045/-0.022/0.942,
INFO:root:Time: 00d 05h 42m 50s, num timesteps 820080, FPS 39,
	Rewards: per step mean/med/min/max, rew: 0.0055/0.0019/0.0000/0.0683,
	Losses: Policy Loss value/action/dist: 0.045/-0.022/0.942,
INFO:root:Time: 00d 05h 42m 57s, num timesteps 820320, FPS 39,
	Rewards: per step mean/med/min/max, rew: 0.0056/0.0019/0.0000/0.0683,
	Losses: Policy Loss value/action/dist: 0.045/-0.022/0.942,
INFO:root:Time: 00d 05h 43m 04s, num timesteps 820560, FPS 39,
	Rewards: per step mean/med/min/max, rew: 0.0057/0.0019/0.0000/0.0683,
	Losses: Policy Loss value/action/dist: 0.045/-0.022/0.942,
INFO:root:Time: 00d 05h 43m 13s, num timesteps 820800, FPS 39,
	Rewards: per step mean/med/min/max, rew: 0.0057/0.0019/0.0000/0.0683,
	Losses: Policy Loss value/action/dist: 0.045/-0.022/0.942,
INFO:root:Time: 00d 05h 43m 20s, num timesteps 821040, FPS 39,
	Rewards: per step mean/med/min/max, rew: 0.0057/0.0019/0.0000/0.0683,
	Losses: Policy Loss value/action/dist: 0.045/-0.022/0.942,
INFO:root:Time: 00d 05h 43m 26s, num timesteps 821280, FPS 39,
	Rewards: per step mean/med/min/max, rew: 0.0057/0.0020/0.0000/0.0683,
	Losses: Policy Loss value/action/dist: 0.045/-0.022/0.942,
INFO:root:Time: 00d 05h 43m 33s, num timesteps 821520, FPS 39,
	Rewards: per step mean/med/min/max, rew: 0.0057/0.0020/0.0000/0.0683,
	Losses: Policy Loss value/action/dist: 0.045/-0.022/0.942,
INFO:root:Time: 00d 05h 43m 40s, num timesteps 821760, FPS 39,
	Rewards: per step mean/med/min/max, rew: 0.0057/0.0019/0.0000/0.0683,
	Losses: Policy Loss value/action/dist: 0.045/-0.022/0.942,
INFO:root:Time: 00d 05h 43m 46s, num timesteps 822000, FPS 39,
	Rewards: per step mean/med/min/max, rew: 0.0056/0.0019/0.0000/0.0683,
	Losses: Policy Loss value/action/dist: 0.045/-0.022/0.942,
INFO:root:Time: 00d 05h 43m 53s, num timesteps 822240, FPS 39,
	Rewards: per step mean/med/min/max, rew: 0.0057/0.0019/0.0000/0.0683,
	Losses: Policy Loss value/action/dist: 0.045/-0.022/0.942,
INFO:root:Time: 00d 05h 43m 59s, num timesteps 822480, FPS 39,
	Rewards: per step mean/med/min/max, rew: 0.0056/0.0019/0.0000/0.0683,
	Losses: Policy Loss value/action/dist: 0.045/-0.022/0.942,
INFO:root:Time: 00d 05h 44m 06s, num timesteps 822720, FPS 39,
	Rewards: per step mean/med/min/max, rew: 0.0056/0.0019/0.0000/0.0683,
	Losses: Policy Loss value/action/dist: 0.045/-0.022/0.942,
INFO:root:Time: 00d 05h 44m 13s, num timesteps 822960, FPS 39,
	Rewards: per step mean/med/min/max, rew: 0.0056/0.0019/0.0000/0.0683,
	Losses: Policy Loss value/action/dist: 0.045/-0.022/0.942,
INFO:root:Time: 00d 05h 44m 23s, num timesteps 823200, FPS 39,
	Rewards: per step mean/med/min/max, rew: 0.0057/0.0019/0.0000/0.0683,
	Losses: Policy Loss value/action/dist: 0.045/-0.022/0.942,
INFO:root:Time: 00d 05h 44m 29s, num timesteps 823440, FPS 39,
	Rewards: per step mean/med/min/max, rew: 0.0056/0.0019/0.0000/0.0683,
	Losses: Policy Loss value/action/dist: 0.045/-0.022/0.942,
INFO:root:Time: 00d 05h 44m 36s, num timesteps 823680, FPS 39,
	Rewards: per step mean/med/min/max, rew: 0.0056/0.0019/0.0000/0.0683,
	Losses: Policy Loss value/action/dist: 0.045/-0.022/0.942,
INFO:root:Time: 00d 05h 44m 42s, num timesteps 823920, FPS 39,
	Rewards: per step mean/med/min/max, rew: 0.0056/0.0019/0.0000/0.0683,
	Losses: Policy Loss value/action/dist: 0.045/-0.022/0.942,
INFO:root:Time: 00d 05h 44m 49s, num timesteps 824160, FPS 39,
	Rewards: per step mean/med/min/max, rew: 0.0057/0.0019/0.0000/0.0683,
	Losses: Policy Loss value/action/dist: 0.045/-0.022/0.942,
INFO:root:Time: 00d 05h 44m 55s, num timesteps 824400, FPS 39,
	Rewards: per step mean/med/min/max, rew: 0.0057/0.0019/0.0000/0.0683,
	Losses: Policy Loss value/action/dist: 0.045/-0.022/0.942,
INFO:root:Time: 00d 05h 45m 02s, num timesteps 824640, FPS 39,
	Rewards: per step mean/med/min/max, rew: 0.0056/0.0019/0.0000/0.0683,
	Losses: Policy Loss value/action/dist: 0.045/-0.022/0.942,
INFO:root:Time: 00d 05h 45m 09s, num timesteps 824880, FPS 39,
	Rewards: per step mean/med/min/max, rew: 0.0056/0.0019/0.0000/0.0683,
	Losses: Policy Loss value/action/dist: 0.045/-0.022/0.942,
INFO:root:Time: 00d 05h 45m 16s, num timesteps 825120, FPS 39,
	Rewards: per step mean/med/min/max, rew: 0.0056/0.0019/0.0000/0.0683,
	Losses: Policy Loss value/action/dist: 0.045/-0.022/0.942,
INFO:root:Time: 00d 05h 45m 23s, num timesteps 825360, FPS 39,
	Rewards: per step mean/med/min/max, rew: 0.0057/0.0019/0.0000/0.0683,
	Losses: Policy Loss value/action/dist: 0.045/-0.022/0.942,
INFO:root:Time: 00d 05h 45m 32s, num timesteps 825600, FPS 39,
	Rewards: per step mean/med/min/max, rew: 0.0057/0.0019/0.0000/0.0683,
	Losses: Policy Loss value/action/dist: 0.045/-0.022/0.942,
INFO:root:Time: 00d 05h 45m 38s, num timesteps 825840, FPS 39,
	Rewards: per step mean/med/min/max, rew: 0.0057/0.0020/0.0000/0.0683,
	Losses: Policy Loss value/action/dist: 0.045/-0.022/0.942,
INFO:root:Time: 00d 05h 45m 45s, num timesteps 826080, FPS 39,
	Rewards: per step mean/med/min/max, rew: 0.0057/0.0020/0.0000/0.0683,
	Losses: Policy Loss value/action/dist: 0.045/-0.022/0.942,
INFO:root:Time: 00d 05h 45m 51s, num timesteps 826320, FPS 39,
	Rewards: per step mean/med/min/max, rew: 0.0057/0.0019/0.0000/0.0683,
	Losses: Policy Loss value/action/dist: 0.045/-0.022/0.942,
INFO:root:Time: 00d 05h 45m 57s, num timesteps 826560, FPS 39,
	Rewards: per step mean/med/min/max, rew: 0.0056/0.0019/0.0000/0.0683,
	Losses: Policy Loss value/action/dist: 0.045/-0.022/0.942,
INFO:root:Time: 00d 05h 46m 04s, num timesteps 826800, FPS 39,
	Rewards: per step mean/med/min/max, rew: 0.0056/0.0019/0.0000/0.0683,
	Losses: Policy Loss value/action/dist: 0.045/-0.022/0.942,
INFO:root:Time: 00d 05h 46m 10s, num timesteps 827040, FPS 39,
	Rewards: per step mean/med/min/max, rew: 0.0057/0.0019/0.0000/0.0683,
	Losses: Policy Loss value/action/dist: 0.045/-0.022/0.942,
INFO:root:Time: 00d 05h 46m 17s, num timesteps 827280, FPS 39,
	Rewards: per step mean/med/min/max, rew: 0.0057/0.0019/0.0000/0.0683,
	Losses: Policy Loss value/action/dist: 0.045/-0.022/0.942,
INFO:root:Time: 00d 05h 46m 24s, num timesteps 827520, FPS 39,
	Rewards: per step mean/med/min/max, rew: 0.0057/0.0019/0.0000/0.0683,
	Losses: Policy Loss value/action/dist: 0.045/-0.022/0.942,
INFO:root:Time: 00d 05h 46m 30s, num timesteps 827760, FPS 39,
	Rewards: per step mean/med/min/max, rew: 0.0056/0.0019/0.0000/0.0683,
	Losses: Policy Loss value/action/dist: 0.045/-0.022/0.942,
INFO:root:Time: 00d 05h 46m 39s, num timesteps 828000, FPS 39,
	Rewards: per step mean/med/min/max, rew: 0.0056/0.0019/0.0000/0.0683,
	Losses: Policy Loss value/action/dist: 0.045/-0.022/0.942,
INFO:root:Time: 00d 05h 46m 46s, num timesteps 828240, FPS 39,
	Rewards: per step mean/med/min/max, rew: 0.0056/0.0019/0.0000/0.0683,
	Losses: Policy Loss value/action/dist: 0.045/-0.022/0.942,
INFO:root:Time: 00d 05h 46m 52s, num timesteps 828480, FPS 39,
	Rewards: per step mean/med/min/max, rew: 0.0056/0.0018/0.0000/0.0708,
	Losses: Policy Loss value/action/dist: 0.045/-0.022/0.942,
INFO:root:Time: 00d 05h 46m 58s, num timesteps 828720, FPS 39,
	Rewards: per step mean/med/min/max, rew: 0.0056/0.0018/0.0000/0.0708,
	Losses: Policy Loss value/action/dist: 0.045/-0.022/0.942,
INFO:root:Time: 00d 05h 47m 05s, num timesteps 828960, FPS 39,
	Rewards: per step mean/med/min/max, rew: 0.0057/0.0019/0.0000/0.0708,
	Losses: Policy Loss value/action/dist: 0.045/-0.022/0.942,
INFO:root:Time: 00d 05h 47m 11s, num timesteps 829200, FPS 39,
	Rewards: per step mean/med/min/max, rew: 0.0057/0.0019/0.0000/0.0708,
	Losses: Policy Loss value/action/dist: 0.045/-0.022/0.942,
INFO:root:Time: 00d 05h 47m 17s, num timesteps 829440, FPS 39,
	Rewards: per step mean/med/min/max, rew: 0.0057/0.0019/0.0000/0.0708,
	Losses: Policy Loss value/action/dist: 0.045/-0.022/0.942,
INFO:root:Time: 00d 05h 47m 24s, num timesteps 829680, FPS 39,
	Rewards: per step mean/med/min/max, rew: 0.0057/0.0019/0.0000/0.0708,
	Losses: Policy Loss value/action/dist: 0.045/-0.022/0.942,
INFO:root:Time: 00d 05h 47m 30s, num timesteps 829920, FPS 39,
	Rewards: per step mean/med/min/max, rew: 0.0057/0.0019/0.0000/0.0708,
	Losses: Policy Loss value/action/dist: 0.045/-0.022/0.942,
INFO:root:Time: 00d 05h 47m 36s, num timesteps 830160, FPS 39,
	Rewards: per step mean/med/min/max, rew: 0.0057/0.0019/0.0000/0.0708,
	Losses: Policy Loss value/action/dist: 0.045/-0.022/0.942,
INFO:root:Time: 00d 05h 47m 46s, num timesteps 830400, FPS 39,
	Rewards: per step mean/med/min/max, rew: 0.0058/0.0019/0.0000/0.0708,
	Losses: Policy Loss value/action/dist: 0.045/-0.022/0.941,
INFO:root:Time: 00d 05h 47m 52s, num timesteps 830640, FPS 39,
	Rewards: per step mean/med/min/max, rew: 0.0057/0.0019/0.0000/0.0708,
	Losses: Policy Loss value/action/dist: 0.045/-0.022/0.941,
INFO:root:Time: 00d 05h 47m 59s, num timesteps 830880, FPS 39,
	Rewards: per step mean/med/min/max, rew: 0.0058/0.0020/0.0000/0.0708,
	Losses: Policy Loss value/action/dist: 0.045/-0.022/0.941,
INFO:root:Time: 00d 05h 48m 05s, num timesteps 831120, FPS 39,
	Rewards: per step mean/med/min/max, rew: 0.0058/0.0021/0.0000/0.0708,
	Losses: Policy Loss value/action/dist: 0.045/-0.022/0.941,
INFO:root:Time: 00d 05h 48m 12s, num timesteps 831360, FPS 39,
	Rewards: per step mean/med/min/max, rew: 0.0057/0.0020/0.0000/0.0708,
	Losses: Policy Loss value/action/dist: 0.045/-0.022/0.941,
INFO:root:Time: 00d 05h 48m 18s, num timesteps 831600, FPS 39,
	Rewards: per step mean/med/min/max, rew: 0.0056/0.0020/0.0000/0.0708,
	Losses: Policy Loss value/action/dist: 0.045/-0.022/0.941,
INFO:root:Time: 00d 05h 48m 24s, num timesteps 831840, FPS 39,
	Rewards: per step mean/med/min/max, rew: 0.0056/0.0020/0.0000/0.0708,
	Losses: Policy Loss value/action/dist: 0.045/-0.022/0.941,
INFO:root:Time: 00d 05h 48m 31s, num timesteps 832080, FPS 39,
	Rewards: per step mean/med/min/max, rew: 0.0055/0.0020/0.0000/0.0708,
	Losses: Policy Loss value/action/dist: 0.045/-0.022/0.941,
INFO:root:Time: 00d 05h 48m 37s, num timesteps 832320, FPS 39,
	Rewards: per step mean/med/min/max, rew: 0.0055/0.0019/0.0000/0.0708,
	Losses: Policy Loss value/action/dist: 0.045/-0.022/0.941,
INFO:root:Time: 00d 05h 48m 44s, num timesteps 832560, FPS 39,
	Rewards: per step mean/med/min/max, rew: 0.0056/0.0020/0.0000/0.0708,
	Losses: Policy Loss value/action/dist: 0.045/-0.022/0.941,
INFO:root:Time: 00d 05h 48m 53s, num timesteps 832800, FPS 39,
	Rewards: per step mean/med/min/max, rew: 0.0056/0.0019/0.0000/0.0708,
	Losses: Policy Loss value/action/dist: 0.045/-0.022/0.941,
INFO:root:Time: 00d 05h 49m 00s, num timesteps 833040, FPS 39,
	Rewards: per step mean/med/min/max, rew: 0.0056/0.0019/0.0000/0.0708,
	Losses: Policy Loss value/action/dist: 0.045/-0.022/0.941,
INFO:root:Time: 00d 05h 49m 06s, num timesteps 833280, FPS 39,
	Rewards: per step mean/med/min/max, rew: 0.0055/0.0019/0.0000/0.0708,
	Losses: Policy Loss value/action/dist: 0.045/-0.022/0.941,
INFO:root:Time: 00d 05h 49m 13s, num timesteps 833520, FPS 39,
	Rewards: per step mean/med/min/max, rew: 0.0055/0.0019/0.0000/0.0708,
	Losses: Policy Loss value/action/dist: 0.045/-0.022/0.941,
INFO:root:Time: 00d 05h 49m 20s, num timesteps 833760, FPS 39,
	Rewards: per step mean/med/min/max, rew: 0.0055/0.0019/0.0000/0.0708,
	Losses: Policy Loss value/action/dist: 0.045/-0.022/0.941,
INFO:root:Time: 00d 05h 49m 26s, num timesteps 834000, FPS 39,
	Rewards: per step mean/med/min/max, rew: 0.0056/0.0019/0.0000/0.0708,
	Losses: Policy Loss value/action/dist: 0.045/-0.022/0.941,
INFO:root:Time: 00d 05h 49m 33s, num timesteps 834240, FPS 39,
	Rewards: per step mean/med/min/max, rew: 0.0056/0.0019/0.0000/0.0708,
	Losses: Policy Loss value/action/dist: 0.045/-0.022/0.941,
INFO:root:Time: 00d 05h 49m 39s, num timesteps 834480, FPS 39,
	Rewards: per step mean/med/min/max, rew: 0.0056/0.0020/0.0000/0.0708,
	Losses: Policy Loss value/action/dist: 0.045/-0.022/0.941,
INFO:root:Time: 00d 05h 49m 46s, num timesteps 834720, FPS 39,
	Rewards: per step mean/med/min/max, rew: 0.0056/0.0020/0.0000/0.0708,
	Losses: Policy Loss value/action/dist: 0.045/-0.022/0.941,
INFO:root:Time: 00d 05h 49m 52s, num timesteps 834960, FPS 39,
	Rewards: per step mean/med/min/max, rew: 0.0056/0.0020/0.0000/0.0708,
	Losses: Policy Loss value/action/dist: 0.045/-0.022/0.941,
INFO:root:Time: 00d 05h 50m 02s, num timesteps 835200, FPS 39,
	Rewards: per step mean/med/min/max, rew: 0.0056/0.0020/0.0000/0.0708,
	Losses: Policy Loss value/action/dist: 0.045/-0.022/0.941,
INFO:root:Time: 00d 05h 50m 08s, num timesteps 835440, FPS 39,
	Rewards: per step mean/med/min/max, rew: 0.0055/0.0019/0.0000/0.0708,
	Losses: Policy Loss value/action/dist: 0.045/-0.022/0.941,
INFO:root:Time: 00d 05h 50m 15s, num timesteps 835680, FPS 39,
	Rewards: per step mean/med/min/max, rew: 0.0056/0.0020/0.0000/0.0708,
	Losses: Policy Loss value/action/dist: 0.045/-0.022/0.941,
INFO:root:Time: 00d 05h 50m 21s, num timesteps 835920, FPS 39,
	Rewards: per step mean/med/min/max, rew: 0.0056/0.0020/0.0000/0.0708,
	Losses: Policy Loss value/action/dist: 0.045/-0.022/0.941,
INFO:root:Time: 00d 05h 50m 27s, num timesteps 836160, FPS 39,
	Rewards: per step mean/med/min/max, rew: 0.0055/0.0020/0.0000/0.0708,
	Losses: Policy Loss value/action/dist: 0.045/-0.022/0.941,
INFO:root:Time: 00d 05h 50m 33s, num timesteps 836400, FPS 39,
	Rewards: per step mean/med/min/max, rew: 0.0054/0.0019/0.0000/0.0708,
	Losses: Policy Loss value/action/dist: 0.045/-0.022/0.941,
INFO:root:Time: 00d 05h 50m 39s, num timesteps 836640, FPS 39,
	Rewards: per step mean/med/min/max, rew: 0.0054/0.0019/0.0000/0.0708,
	Losses: Policy Loss value/action/dist: 0.045/-0.022/0.941,
INFO:root:Time: 00d 05h 50m 46s, num timesteps 836880, FPS 39,
	Rewards: per step mean/med/min/max, rew: 0.0054/0.0019/0.0000/0.0708,
	Losses: Policy Loss value/action/dist: 0.045/-0.022/0.941,
INFO:root:Time: 00d 05h 50m 52s, num timesteps 837120, FPS 39,
	Rewards: per step mean/med/min/max, rew: 0.0055/0.0019/0.0000/0.0708,
	Losses: Policy Loss value/action/dist: 0.045/-0.022/0.941,
INFO:root:Time: 00d 05h 50m 58s, num timesteps 837360, FPS 39,
	Rewards: per step mean/med/min/max, rew: 0.0054/0.0019/0.0000/0.0708,
	Losses: Policy Loss value/action/dist: 0.045/-0.022/0.941,
INFO:root:Time: 00d 05h 51m 07s, num timesteps 837600, FPS 39,
	Rewards: per step mean/med/min/max, rew: 0.0055/0.0019/0.0000/0.0708,
	Losses: Policy Loss value/action/dist: 0.045/-0.022/0.941,
INFO:root:Time: 00d 05h 51m 14s, num timesteps 837840, FPS 39,
	Rewards: per step mean/med/min/max, rew: 0.0056/0.0020/0.0000/0.0708,
	Losses: Policy Loss value/action/dist: 0.045/-0.022/0.941,
INFO:root:Time: 00d 05h 51m 20s, num timesteps 838080, FPS 39,
	Rewards: per step mean/med/min/max, rew: 0.0057/0.0020/0.0000/0.0708,
	Losses: Policy Loss value/action/dist: 0.045/-0.022/0.941,
INFO:root:Time: 00d 05h 51m 26s, num timesteps 838320, FPS 39,
	Rewards: per step mean/med/min/max, rew: 0.0056/0.0020/0.0000/0.0708,
	Losses: Policy Loss value/action/dist: 0.045/-0.022/0.941,
INFO:root:Time: 00d 05h 51m 33s, num timesteps 838560, FPS 39,
	Rewards: per step mean/med/min/max, rew: 0.0056/0.0020/0.0000/0.0708,
	Losses: Policy Loss value/action/dist: 0.045/-0.022/0.941,
INFO:root:Time: 00d 05h 51m 39s, num timesteps 838800, FPS 39,
	Rewards: per step mean/med/min/max, rew: 0.0057/0.0020/0.0000/0.0708,
	Losses: Policy Loss value/action/dist: 0.045/-0.022/0.941,
INFO:root:Time: 00d 05h 51m 46s, num timesteps 839040, FPS 39,
	Rewards: per step mean/med/min/max, rew: 0.0057/0.0021/0.0000/0.0708,
	Losses: Policy Loss value/action/dist: 0.045/-0.022/0.941,
INFO:root:Time: 00d 05h 51m 52s, num timesteps 839280, FPS 39,
	Rewards: per step mean/med/min/max, rew: 0.0057/0.0021/0.0000/0.0708,
	Losses: Policy Loss value/action/dist: 0.045/-0.022/0.941,
INFO:root:Time: 00d 05h 51m 58s, num timesteps 839520, FPS 39,
	Rewards: per step mean/med/min/max, rew: 0.0057/0.0021/0.0000/0.0708,
	Losses: Policy Loss value/action/dist: 0.045/-0.022/0.941,
INFO:root:Time: 00d 05h 52m 04s, num timesteps 839760, FPS 39,
	Rewards: per step mean/med/min/max, rew: 0.0058/0.0021/0.0000/0.0708,
	Losses: Policy Loss value/action/dist: 0.045/-0.022/0.941,
INFO:root:Time: 00d 05h 52m 13s, num timesteps 840000, FPS 39,
	Rewards: per step mean/med/min/max, rew: 0.0058/0.0021/0.0000/0.0708,
	Losses: Policy Loss value/action/dist: 0.045/-0.022/0.941,
INFO:root:Time: 00d 05h 52m 20s, num timesteps 840240, FPS 39,
	Rewards: per step mean/med/min/max, rew: 0.0057/0.0021/0.0000/0.0708,
	Losses: Policy Loss value/action/dist: 0.045/-0.022/0.941,
INFO:root:Time: 00d 05h 52m 26s, num timesteps 840480, FPS 39,
	Rewards: per step mean/med/min/max, rew: 0.0056/0.0021/0.0000/0.0708,
	Losses: Policy Loss value/action/dist: 0.045/-0.022/0.941,
INFO:root:Time: 00d 05h 52m 32s, num timesteps 840720, FPS 39,
	Rewards: per step mean/med/min/max, rew: 0.0056/0.0021/0.0000/0.0708,
	Losses: Policy Loss value/action/dist: 0.045/-0.022/0.941,
INFO:root:Time: 00d 05h 52m 38s, num timesteps 840960, FPS 39,
	Rewards: per step mean/med/min/max, rew: 0.0055/0.0021/0.0000/0.0708,
	Losses: Policy Loss value/action/dist: 0.045/-0.022/0.941,
INFO:root:Time: 00d 05h 52m 45s, num timesteps 841200, FPS 39,
	Rewards: per step mean/med/min/max, rew: 0.0055/0.0021/0.0000/0.0708,
	Losses: Policy Loss value/action/dist: 0.045/-0.022/0.941,
INFO:root:Time: 00d 05h 52m 51s, num timesteps 841440, FPS 39,
	Rewards: per step mean/med/min/max, rew: 0.0054/0.0021/0.0000/0.0708,
	Losses: Policy Loss value/action/dist: 0.045/-0.022/0.941,
INFO:root:Time: 00d 05h 52m 57s, num timesteps 841680, FPS 39,
	Rewards: per step mean/med/min/max, rew: 0.0054/0.0021/0.0000/0.0708,
	Losses: Policy Loss value/action/dist: 0.045/-0.022/0.941,
INFO:root:Time: 00d 05h 53m 04s, num timesteps 841920, FPS 39,
	Rewards: per step mean/med/min/max, rew: 0.0055/0.0021/0.0000/0.0708,
	Losses: Policy Loss value/action/dist: 0.045/-0.022/0.941,
INFO:root:Time: 00d 05h 53m 10s, num timesteps 842160, FPS 39,
	Rewards: per step mean/med/min/max, rew: 0.0055/0.0021/0.0000/0.0708,
	Losses: Policy Loss value/action/dist: 0.045/-0.022/0.941,
INFO:root:Time: 00d 05h 53m 19s, num timesteps 842400, FPS 39,
	Rewards: per step mean/med/min/max, rew: 0.0055/0.0021/0.0000/0.0708,
	Losses: Policy Loss value/action/dist: 0.045/-0.022/0.941,
INFO:root:Time: 00d 05h 53m 25s, num timesteps 842640, FPS 39,
	Rewards: per step mean/med/min/max, rew: 0.0057/0.0021/0.0000/0.0708,
	Losses: Policy Loss value/action/dist: 0.045/-0.022/0.941,
INFO:root:Time: 00d 05h 53m 31s, num timesteps 842880, FPS 39,
	Rewards: per step mean/med/min/max, rew: 0.0057/0.0021/0.0000/0.0708,
	Losses: Policy Loss value/action/dist: 0.045/-0.022/0.941,
INFO:root:Time: 00d 05h 53m 38s, num timesteps 843120, FPS 39,
	Rewards: per step mean/med/min/max, rew: 0.0057/0.0021/0.0000/0.0708,
	Losses: Policy Loss value/action/dist: 0.045/-0.022/0.941,
INFO:root:Time: 00d 05h 53m 44s, num timesteps 843360, FPS 39,
	Rewards: per step mean/med/min/max, rew: 0.0057/0.0021/0.0000/0.0708,
	Losses: Policy Loss value/action/dist: 0.045/-0.022/0.941,
INFO:root:Time: 00d 05h 53m 51s, num timesteps 843600, FPS 39,
	Rewards: per step mean/med/min/max, rew: 0.0058/0.0021/0.0000/0.0708,
	Losses: Policy Loss value/action/dist: 0.045/-0.022/0.941,
INFO:root:Time: 00d 05h 53m 57s, num timesteps 843840, FPS 39,
	Rewards: per step mean/med/min/max, rew: 0.0058/0.0021/0.0000/0.0708,
	Losses: Policy Loss value/action/dist: 0.045/-0.022/0.941,
INFO:root:Time: 00d 05h 54m 04s, num timesteps 844080, FPS 39,
	Rewards: per step mean/med/min/max, rew: 0.0058/0.0021/0.0000/0.0708,
	Losses: Policy Loss value/action/dist: 0.045/-0.022/0.941,
INFO:root:Time: 00d 05h 54m 10s, num timesteps 844320, FPS 39,
	Rewards: per step mean/med/min/max, rew: 0.0059/0.0021/0.0000/0.0708,
	Losses: Policy Loss value/action/dist: 0.045/-0.022/0.941,
INFO:root:Time: 00d 05h 54m 17s, num timesteps 844560, FPS 39,
	Rewards: per step mean/med/min/max, rew: 0.0058/0.0021/0.0000/0.0708,
	Losses: Policy Loss value/action/dist: 0.045/-0.022/0.941,
INFO:root:Time: 00d 05h 54m 26s, num timesteps 844800, FPS 39,
	Rewards: per step mean/med/min/max, rew: 0.0058/0.0021/0.0000/0.0708,
	Losses: Policy Loss value/action/dist: 0.045/-0.022/0.941,
INFO:root:Time: 00d 05h 54m 32s, num timesteps 845040, FPS 39,
	Rewards: per step mean/med/min/max, rew: 0.0058/0.0021/0.0000/0.0708,
	Losses: Policy Loss value/action/dist: 0.045/-0.022/0.941,
INFO:root:Time: 00d 05h 54m 39s, num timesteps 845280, FPS 39,
	Rewards: per step mean/med/min/max, rew: 0.0059/0.0021/0.0000/0.0708,
	Losses: Policy Loss value/action/dist: 0.045/-0.022/0.941,
INFO:root:Time: 00d 05h 54m 45s, num timesteps 845520, FPS 39,
	Rewards: per step mean/med/min/max, rew: 0.0059/0.0021/0.0000/0.0708,
	Losses: Policy Loss value/action/dist: 0.045/-0.022/0.941,
INFO:root:Time: 00d 05h 54m 52s, num timesteps 845760, FPS 39,
	Rewards: per step mean/med/min/max, rew: 0.0059/0.0021/0.0000/0.0708,
	Losses: Policy Loss value/action/dist: 0.045/-0.022/0.941,
INFO:root:Time: 00d 05h 54m 58s, num timesteps 846000, FPS 39,
	Rewards: per step mean/med/min/max, rew: 0.0059/0.0021/0.0000/0.0708,
	Losses: Policy Loss value/action/dist: 0.045/-0.022/0.941,
INFO:root:Time: 00d 05h 55m 04s, num timesteps 846240, FPS 39,
	Rewards: per step mean/med/min/max, rew: 0.0059/0.0021/0.0000/0.0708,
	Losses: Policy Loss value/action/dist: 0.045/-0.022/0.941,
INFO:root:Time: 00d 05h 55m 10s, num timesteps 846480, FPS 39,
	Rewards: per step mean/med/min/max, rew: 0.0059/0.0021/0.0000/0.0708,
	Losses: Policy Loss value/action/dist: 0.045/-0.022/0.941,
INFO:root:Time: 00d 05h 55m 17s, num timesteps 846720, FPS 39,
	Rewards: per step mean/med/min/max, rew: 0.0059/0.0021/0.0000/0.0708,
	Losses: Policy Loss value/action/dist: 0.045/-0.022/0.941,
INFO:root:Time: 00d 05h 55m 23s, num timesteps 846960, FPS 39,
	Rewards: per step mean/med/min/max, rew: 0.0059/0.0021/0.0000/0.0708,
	Losses: Policy Loss value/action/dist: 0.045/-0.022/0.941,
INFO:root:Time: 00d 05h 55m 32s, num timesteps 847200, FPS 39,
	Rewards: per step mean/med/min/max, rew: 0.0058/0.0021/0.0000/0.0708,
	Losses: Policy Loss value/action/dist: 0.045/-0.022/0.941,
INFO:root:Time: 00d 05h 55m 38s, num timesteps 847440, FPS 39,
	Rewards: per step mean/med/min/max, rew: 0.0058/0.0021/0.0000/0.0708,
	Losses: Policy Loss value/action/dist: 0.045/-0.022/0.941,
INFO:root:Time: 00d 05h 55m 44s, num timesteps 847680, FPS 39,
	Rewards: per step mean/med/min/max, rew: 0.0058/0.0021/0.0000/0.0708,
	Losses: Policy Loss value/action/dist: 0.045/-0.022/0.941,
INFO:root:Time: 00d 05h 55m 51s, num timesteps 847920, FPS 39,
	Rewards: per step mean/med/min/max, rew: 0.0058/0.0021/0.0000/0.0708,
	Losses: Policy Loss value/action/dist: 0.045/-0.022/0.941,
INFO:root:Time: 00d 05h 55m 57s, num timesteps 848160, FPS 39,
	Rewards: per step mean/med/min/max, rew: 0.0058/0.0021/0.0000/0.0708,
	Losses: Policy Loss value/action/dist: 0.045/-0.022/0.941,
INFO:root:Time: 00d 05h 56m 04s, num timesteps 848400, FPS 39,
	Rewards: per step mean/med/min/max, rew: 0.0058/0.0021/0.0000/0.0708,
	Losses: Policy Loss value/action/dist: 0.045/-0.022/0.941,
INFO:root:Time: 00d 05h 56m 10s, num timesteps 848640, FPS 39,
	Rewards: per step mean/med/min/max, rew: 0.0058/0.0021/0.0000/0.0708,
	Losses: Policy Loss value/action/dist: 0.045/-0.022/0.941,
INFO:root:Time: 00d 05h 56m 17s, num timesteps 848880, FPS 39,
	Rewards: per step mean/med/min/max, rew: 0.0058/0.0021/0.0000/0.0708,
	Losses: Policy Loss value/action/dist: 0.045/-0.022/0.941,
INFO:root:Time: 00d 05h 56m 23s, num timesteps 849120, FPS 39,
	Rewards: per step mean/med/min/max, rew: 0.0058/0.0021/0.0000/0.0708,
	Losses: Policy Loss value/action/dist: 0.045/-0.022/0.941,
INFO:root:Time: 00d 05h 56m 29s, num timesteps 849360, FPS 39,
	Rewards: per step mean/med/min/max, rew: 0.0058/0.0021/0.0000/0.0708,
	Losses: Policy Loss value/action/dist: 0.045/-0.022/0.941,
INFO:root:Time: 00d 05h 56m 38s, num timesteps 849600, FPS 39,
	Rewards: per step mean/med/min/max, rew: 0.0058/0.0021/0.0000/0.0708,
	Losses: Policy Loss value/action/dist: 0.045/-0.022/0.941,
INFO:root:Time: 00d 05h 56m 44s, num timesteps 849840, FPS 39,
	Rewards: per step mean/med/min/max, rew: 0.0058/0.0021/0.0000/0.0708,
	Losses: Policy Loss value/action/dist: 0.045/-0.022/0.941,
INFO:root:Time: 00d 05h 56m 51s, num timesteps 850080, FPS 39,
	Rewards: per step mean/med/min/max, rew: 0.0058/0.0021/0.0000/0.0708,
	Losses: Policy Loss value/action/dist: 0.045/-0.022/0.941,
INFO:root:Time: 00d 05h 56m 57s, num timesteps 850320, FPS 39,
	Rewards: per step mean/med/min/max, rew: 0.0059/0.0021/0.0000/0.0708,
	Losses: Policy Loss value/action/dist: 0.045/-0.022/0.941,
INFO:root:Time: 00d 05h 57m 04s, num timesteps 850560, FPS 39,
	Rewards: per step mean/med/min/max, rew: 0.0059/0.0022/0.0000/0.0708,
	Losses: Policy Loss value/action/dist: 0.045/-0.022/0.941,
INFO:root:Time: 00d 05h 57m 10s, num timesteps 850800, FPS 39,
	Rewards: per step mean/med/min/max, rew: 0.0059/0.0022/0.0000/0.0708,
	Losses: Policy Loss value/action/dist: 0.045/-0.022/0.941,
INFO:root:Time: 00d 05h 57m 17s, num timesteps 851040, FPS 39,
	Rewards: per step mean/med/min/max, rew: 0.0058/0.0022/0.0000/0.0708,
	Losses: Policy Loss value/action/dist: 0.045/-0.022/0.941,
INFO:root:Time: 00d 05h 57m 23s, num timesteps 851280, FPS 39,
	Rewards: per step mean/med/min/max, rew: 0.0059/0.0022/0.0000/0.0708,
	Losses: Policy Loss value/action/dist: 0.045/-0.022/0.941,
INFO:root:Time: 00d 05h 57m 29s, num timesteps 851520, FPS 39,
	Rewards: per step mean/med/min/max, rew: 0.0059/0.0022/0.0000/0.0708,
	Losses: Policy Loss value/action/dist: 0.045/-0.022/0.941,
INFO:root:Time: 00d 05h 57m 36s, num timesteps 851760, FPS 39,
	Rewards: per step mean/med/min/max, rew: 0.0059/0.0022/0.0000/0.0708,
	Losses: Policy Loss value/action/dist: 0.045/-0.022/0.941,
INFO:root:Time: 00d 05h 57m 45s, num timesteps 852000, FPS 39,
	Rewards: per step mean/med/min/max, rew: 0.0059/0.0022/0.0000/0.0708,
	Losses: Policy Loss value/action/dist: 0.045/-0.022/0.940,
INFO:root:Time: 00d 05h 57m 51s, num timesteps 852240, FPS 39,
	Rewards: per step mean/med/min/max, rew: 0.0060/0.0022/0.0000/0.0708,
	Losses: Policy Loss value/action/dist: 0.045/-0.022/0.940,
INFO:root:Time: 00d 05h 57m 58s, num timesteps 852480, FPS 39,
	Rewards: per step mean/med/min/max, rew: 0.0059/0.0022/0.0000/0.0658,
	Losses: Policy Loss value/action/dist: 0.045/-0.022/0.940,
INFO:root:Time: 00d 05h 58m 04s, num timesteps 852720, FPS 39,
	Rewards: per step mean/med/min/max, rew: 0.0059/0.0023/0.0000/0.0658,
	Losses: Policy Loss value/action/dist: 0.045/-0.022/0.940,
INFO:root:Time: 00d 05h 58m 11s, num timesteps 852960, FPS 39,
	Rewards: per step mean/med/min/max, rew: 0.0059/0.0022/0.0000/0.0670,
	Losses: Policy Loss value/action/dist: 0.045/-0.022/0.940,
INFO:root:Time: 00d 05h 58m 17s, num timesteps 853200, FPS 39,
	Rewards: per step mean/med/min/max, rew: 0.0059/0.0022/0.0000/0.0670,
	Losses: Policy Loss value/action/dist: 0.045/-0.022/0.940,
INFO:root:Time: 00d 05h 58m 23s, num timesteps 853440, FPS 39,
	Rewards: per step mean/med/min/max, rew: 0.0059/0.0022/0.0000/0.0670,
	Losses: Policy Loss value/action/dist: 0.045/-0.022/0.940,
INFO:root:Time: 00d 05h 58m 30s, num timesteps 853680, FPS 39,
	Rewards: per step mean/med/min/max, rew: 0.0060/0.0022/0.0000/0.0683,
	Losses: Policy Loss value/action/dist: 0.045/-0.022/0.940,
INFO:root:Time: 00d 05h 58m 36s, num timesteps 853920, FPS 39,
	Rewards: per step mean/med/min/max, rew: 0.0060/0.0022/0.0000/0.0683,
	Losses: Policy Loss value/action/dist: 0.045/-0.022/0.940,
INFO:root:Time: 00d 05h 58m 42s, num timesteps 854160, FPS 39,
	Rewards: per step mean/med/min/max, rew: 0.0059/0.0022/0.0000/0.0683,
	Losses: Policy Loss value/action/dist: 0.045/-0.022/0.940,
INFO:root:Time: 00d 05h 58m 51s, num timesteps 854400, FPS 39,
	Rewards: per step mean/med/min/max, rew: 0.0060/0.0022/0.0000/0.0683,
	Losses: Policy Loss value/action/dist: 0.045/-0.022/0.940,
INFO:root:Time: 00d 05h 58m 58s, num timesteps 854640, FPS 39,
	Rewards: per step mean/med/min/max, rew: 0.0060/0.0021/0.0000/0.0683,
	Losses: Policy Loss value/action/dist: 0.045/-0.022/0.940,
INFO:root:Time: 00d 05h 59m 04s, num timesteps 854880, FPS 39,
	Rewards: per step mean/med/min/max, rew: 0.0060/0.0021/0.0000/0.0683,
	Losses: Policy Loss value/action/dist: 0.045/-0.022/0.940,
INFO:root:Time: 00d 05h 59m 10s, num timesteps 855120, FPS 39,
	Rewards: per step mean/med/min/max, rew: 0.0060/0.0021/0.0000/0.0683,
	Losses: Policy Loss value/action/dist: 0.045/-0.022/0.940,
INFO:root:Time: 00d 05h 59m 16s, num timesteps 855360, FPS 39,
	Rewards: per step mean/med/min/max, rew: 0.0060/0.0022/0.0000/0.0683,
	Losses: Policy Loss value/action/dist: 0.045/-0.022/0.940,
INFO:root:Time: 00d 05h 59m 23s, num timesteps 855600, FPS 39,
	Rewards: per step mean/med/min/max, rew: 0.0061/0.0022/0.0000/0.0683,
	Losses: Policy Loss value/action/dist: 0.045/-0.022/0.940,
INFO:root:Time: 00d 05h 59m 29s, num timesteps 855840, FPS 39,
	Rewards: per step mean/med/min/max, rew: 0.0061/0.0021/0.0000/0.0683,
	Losses: Policy Loss value/action/dist: 0.045/-0.022/0.940,
INFO:root:Time: 00d 05h 59m 36s, num timesteps 856080, FPS 39,
	Rewards: per step mean/med/min/max, rew: 0.0061/0.0022/0.0000/0.0683,
	Losses: Policy Loss value/action/dist: 0.045/-0.022/0.940,
INFO:root:Time: 00d 05h 59m 42s, num timesteps 856320, FPS 39,
	Rewards: per step mean/med/min/max, rew: 0.0062/0.0022/0.0000/0.0683,
	Losses: Policy Loss value/action/dist: 0.045/-0.022/0.940,
INFO:root:Time: 00d 05h 59m 49s, num timesteps 856560, FPS 39,
	Rewards: per step mean/med/min/max, rew: 0.0061/0.0022/0.0000/0.0683,
	Losses: Policy Loss value/action/dist: 0.045/-0.022/0.940,
INFO:root:Time: 00d 05h 59m 58s, num timesteps 856800, FPS 39,
	Rewards: per step mean/med/min/max, rew: 0.0061/0.0022/0.0000/0.0683,
	Losses: Policy Loss value/action/dist: 0.045/-0.022/0.940,
INFO:root:Time: 00d 06h 00m 04s, num timesteps 857040, FPS 39,
	Rewards: per step mean/med/min/max, rew: 0.0061/0.0023/0.0000/0.0683,
	Losses: Policy Loss value/action/dist: 0.045/-0.022/0.940,
INFO:root:Time: 00d 06h 00m 10s, num timesteps 857280, FPS 39,
	Rewards: per step mean/med/min/max, rew: 0.0062/0.0023/0.0000/0.0683,
	Losses: Policy Loss value/action/dist: 0.045/-0.022/0.940,
INFO:root:Time: 00d 06h 00m 17s, num timesteps 857520, FPS 39,
	Rewards: per step mean/med/min/max, rew: 0.0062/0.0023/0.0000/0.0683,
	Losses: Policy Loss value/action/dist: 0.045/-0.022/0.940,
INFO:root:Time: 00d 06h 00m 23s, num timesteps 857760, FPS 39,
	Rewards: per step mean/med/min/max, rew: 0.0062/0.0023/0.0000/0.0683,
	Losses: Policy Loss value/action/dist: 0.045/-0.022/0.940,
INFO:root:Time: 00d 06h 00m 30s, num timesteps 858000, FPS 39,
	Rewards: per step mean/med/min/max, rew: 0.0061/0.0023/0.0000/0.0683,
	Losses: Policy Loss value/action/dist: 0.045/-0.022/0.940,
INFO:root:Time: 00d 06h 00m 36s, num timesteps 858240, FPS 39,
	Rewards: per step mean/med/min/max, rew: 0.0061/0.0022/0.0000/0.0683,
	Losses: Policy Loss value/action/dist: 0.045/-0.022/0.940,
INFO:root:Time: 00d 06h 00m 42s, num timesteps 858480, FPS 39,
	Rewards: per step mean/med/min/max, rew: 0.0061/0.0022/0.0000/0.0683,
	Losses: Policy Loss value/action/dist: 0.045/-0.022/0.940,
INFO:root:Time: 00d 06h 00m 48s, num timesteps 858720, FPS 39,
	Rewards: per step mean/med/min/max, rew: 0.0061/0.0022/0.0000/0.0683,
	Losses: Policy Loss value/action/dist: 0.045/-0.022/0.940,
INFO:root:Time: 00d 06h 00m 55s, num timesteps 858960, FPS 39,
	Rewards: per step mean/med/min/max, rew: 0.0062/0.0023/0.0000/0.0683,
	Losses: Policy Loss value/action/dist: 0.045/-0.022/0.940,
INFO:root:Time: 00d 06h 01m 03s, num timesteps 859200, FPS 39,
	Rewards: per step mean/med/min/max, rew: 0.0062/0.0023/0.0000/0.0683,
	Losses: Policy Loss value/action/dist: 0.045/-0.022/0.940,
INFO:root:Time: 00d 06h 01m 10s, num timesteps 859440, FPS 39,
	Rewards: per step mean/med/min/max, rew: 0.0063/0.0024/0.0000/0.0683,
	Losses: Policy Loss value/action/dist: 0.045/-0.022/0.940,
INFO:root:Time: 00d 06h 01m 16s, num timesteps 859680, FPS 39,
	Rewards: per step mean/med/min/max, rew: 0.0062/0.0023/0.0000/0.0683,
	Losses: Policy Loss value/action/dist: 0.045/-0.022/0.940,
INFO:root:Time: 00d 06h 01m 22s, num timesteps 859920, FPS 39,
	Rewards: per step mean/med/min/max, rew: 0.0062/0.0022/0.0000/0.0683,
	Losses: Policy Loss value/action/dist: 0.045/-0.022/0.940,
INFO:root:Time: 00d 06h 01m 29s, num timesteps 860160, FPS 39,
	Rewards: per step mean/med/min/max, rew: 0.0062/0.0022/0.0000/0.0683,
	Losses: Policy Loss value/action/dist: 0.045/-0.022/0.940,
INFO:root:Time: 00d 06h 01m 35s, num timesteps 860400, FPS 39,
	Rewards: per step mean/med/min/max, rew: 0.0062/0.0023/0.0000/0.0683,
	Losses: Policy Loss value/action/dist: 0.045/-0.022/0.940,
INFO:root:Time: 00d 06h 01m 41s, num timesteps 860640, FPS 39,
	Rewards: per step mean/med/min/max, rew: 0.0062/0.0023/0.0000/0.0683,
	Losses: Policy Loss value/action/dist: 0.045/-0.022/0.940,
INFO:root:Time: 00d 06h 01m 48s, num timesteps 860880, FPS 39,
	Rewards: per step mean/med/min/max, rew: 0.0063/0.0023/0.0000/0.0683,
	Losses: Policy Loss value/action/dist: 0.045/-0.022/0.940,
INFO:root:Time: 00d 06h 01m 54s, num timesteps 861120, FPS 39,
	Rewards: per step mean/med/min/max, rew: 0.0062/0.0023/0.0000/0.0683,
	Losses: Policy Loss value/action/dist: 0.045/-0.022/0.940,
INFO:root:Time: 00d 06h 02m 01s, num timesteps 861360, FPS 39,
	Rewards: per step mean/med/min/max, rew: 0.0062/0.0023/0.0000/0.0683,
	Losses: Policy Loss value/action/dist: 0.045/-0.022/0.940,
INFO:root:Time: 00d 06h 02m 09s, num timesteps 861600, FPS 39,
	Rewards: per step mean/med/min/max, rew: 0.0061/0.0022/0.0000/0.0683,
	Losses: Policy Loss value/action/dist: 0.045/-0.022/0.940,
INFO:root:Time: 00d 06h 02m 16s, num timesteps 861840, FPS 39,
	Rewards: per step mean/med/min/max, rew: 0.0060/0.0022/0.0000/0.0683,
	Losses: Policy Loss value/action/dist: 0.045/-0.022/0.940,
INFO:root:Time: 00d 06h 02m 22s, num timesteps 862080, FPS 39,
	Rewards: per step mean/med/min/max, rew: 0.0060/0.0022/0.0000/0.0683,
	Losses: Policy Loss value/action/dist: 0.045/-0.022/0.940,
INFO:root:Time: 00d 06h 02m 28s, num timesteps 862320, FPS 39,
	Rewards: per step mean/med/min/max, rew: 0.0060/0.0022/0.0000/0.0683,
	Losses: Policy Loss value/action/dist: 0.045/-0.022/0.940,
INFO:root:Time: 00d 06h 02m 35s, num timesteps 862560, FPS 39,
	Rewards: per step mean/med/min/max, rew: 0.0060/0.0022/0.0000/0.0683,
	Losses: Policy Loss value/action/dist: 0.045/-0.022/0.940,
INFO:root:Time: 00d 06h 02m 41s, num timesteps 862800, FPS 39,
	Rewards: per step mean/med/min/max, rew: 0.0060/0.0022/0.0000/0.0683,
	Losses: Policy Loss value/action/dist: 0.045/-0.022/0.940,
INFO:root:Time: 00d 06h 02m 47s, num timesteps 863040, FPS 39,
	Rewards: per step mean/med/min/max, rew: 0.0060/0.0022/0.0000/0.0683,
	Losses: Policy Loss value/action/dist: 0.045/-0.022/0.940,
INFO:root:Time: 00d 06h 02m 54s, num timesteps 863280, FPS 39,
	Rewards: per step mean/med/min/max, rew: 0.0060/0.0021/0.0000/0.0683,
	Losses: Policy Loss value/action/dist: 0.045/-0.022/0.940,
INFO:root:Time: 00d 06h 03m 00s, num timesteps 863520, FPS 39,
	Rewards: per step mean/med/min/max, rew: 0.0060/0.0022/0.0000/0.0683,
	Losses: Policy Loss value/action/dist: 0.045/-0.022/0.940,
INFO:root:Time: 00d 06h 03m 07s, num timesteps 863760, FPS 39,
	Rewards: per step mean/med/min/max, rew: 0.0059/0.0021/0.0000/0.0683,
	Losses: Policy Loss value/action/dist: 0.045/-0.022/0.940,
INFO:root:Time: 00d 06h 03m 16s, num timesteps 864000, FPS 39,
	Rewards: per step mean/med/min/max, rew: 0.0059/0.0021/0.0000/0.0683,
	Losses: Policy Loss value/action/dist: 0.045/-0.022/0.940,
INFO:root:Time: 00d 06h 03m 22s, num timesteps 864240, FPS 39,
	Rewards: per step mean/med/min/max, rew: 0.0059/0.0021/0.0000/0.0683,
	Losses: Policy Loss value/action/dist: 0.045/-0.022/0.940,
INFO:root:Time: 00d 06h 03m 28s, num timesteps 864480, FPS 39,
	Rewards: per step mean/med/min/max, rew: 0.0058/0.0021/0.0000/0.0683,
	Losses: Policy Loss value/action/dist: 0.045/-0.022/0.940,
INFO:root:Time: 00d 06h 03m 34s, num timesteps 864720, FPS 39,
	Rewards: per step mean/med/min/max, rew: 0.0058/0.0021/0.0000/0.0683,
	Losses: Policy Loss value/action/dist: 0.045/-0.022/0.940,
INFO:root:Time: 00d 06h 03m 41s, num timesteps 864960, FPS 39,
	Rewards: per step mean/med/min/max, rew: 0.0059/0.0021/0.0000/0.0683,
	Losses: Policy Loss value/action/dist: 0.045/-0.022/0.940,
INFO:root:Time: 00d 06h 03m 47s, num timesteps 865200, FPS 39,
	Rewards: per step mean/med/min/max, rew: 0.0059/0.0021/0.0000/0.0683,
	Losses: Policy Loss value/action/dist: 0.045/-0.022/0.940,
INFO:root:Time: 00d 06h 03m 53s, num timesteps 865440, FPS 39,
	Rewards: per step mean/med/min/max, rew: 0.0059/0.0021/0.0000/0.0683,
	Losses: Policy Loss value/action/dist: 0.045/-0.022/0.940,
INFO:root:Time: 00d 06h 04m 00s, num timesteps 865680, FPS 39,
	Rewards: per step mean/med/min/max, rew: 0.0059/0.0021/0.0000/0.0683,
	Losses: Policy Loss value/action/dist: 0.045/-0.022/0.940,
INFO:root:Time: 00d 06h 04m 06s, num timesteps 865920, FPS 39,
	Rewards: per step mean/med/min/max, rew: 0.0059/0.0021/0.0000/0.0683,
	Losses: Policy Loss value/action/dist: 0.045/-0.022/0.940,
INFO:root:Time: 00d 06h 04m 13s, num timesteps 866160, FPS 39,
	Rewards: per step mean/med/min/max, rew: 0.0059/0.0021/0.0000/0.0683,
	Losses: Policy Loss value/action/dist: 0.045/-0.022/0.940,
INFO:root:Time: 00d 06h 04m 21s, num timesteps 866400, FPS 39,
	Rewards: per step mean/med/min/max, rew: 0.0058/0.0021/0.0000/0.0683,
	Losses: Policy Loss value/action/dist: 0.045/-0.022/0.940,
INFO:root:Time: 00d 06h 04m 28s, num timesteps 866640, FPS 39,
	Rewards: per step mean/med/min/max, rew: 0.0057/0.0021/0.0000/0.0683,
	Losses: Policy Loss value/action/dist: 0.045/-0.022/0.940,
INFO:root:Time: 00d 06h 04m 34s, num timesteps 866880, FPS 39,
	Rewards: per step mean/med/min/max, rew: 0.0056/0.0021/0.0000/0.0683,
	Losses: Policy Loss value/action/dist: 0.045/-0.022/0.940,
INFO:root:Time: 00d 06h 04m 41s, num timesteps 867120, FPS 39,
	Rewards: per step mean/med/min/max, rew: 0.0056/0.0020/0.0000/0.0683,
	Losses: Policy Loss value/action/dist: 0.045/-0.022/0.940,
INFO:root:Time: 00d 06h 04m 47s, num timesteps 867360, FPS 39,
	Rewards: per step mean/med/min/max, rew: 0.0056/0.0020/0.0000/0.0683,
	Losses: Policy Loss value/action/dist: 0.045/-0.022/0.940,
INFO:root:Time: 00d 06h 04m 53s, num timesteps 867600, FPS 39,
	Rewards: per step mean/med/min/max, rew: 0.0056/0.0020/0.0000/0.0683,
	Losses: Policy Loss value/action/dist: 0.045/-0.022/0.940,
INFO:root:Time: 00d 06h 05m 00s, num timesteps 867840, FPS 39,
	Rewards: per step mean/med/min/max, rew: 0.0056/0.0020/0.0000/0.0683,
	Losses: Policy Loss value/action/dist: 0.045/-0.022/0.940,
INFO:root:Time: 00d 06h 05m 06s, num timesteps 868080, FPS 39,
	Rewards: per step mean/med/min/max, rew: 0.0056/0.0020/0.0000/0.0683,
	Losses: Policy Loss value/action/dist: 0.045/-0.022/0.940,
INFO:root:Time: 00d 06h 05m 12s, num timesteps 868320, FPS 39,
	Rewards: per step mean/med/min/max, rew: 0.0054/0.0019/0.0000/0.0683,
	Losses: Policy Loss value/action/dist: 0.045/-0.022/0.940,
INFO:root:Time: 00d 06h 05m 19s, num timesteps 868560, FPS 39,
	Rewards: per step mean/med/min/max, rew: 0.0055/0.0019/0.0000/0.0683,
	Losses: Policy Loss value/action/dist: 0.045/-0.022/0.940,
INFO:root:Time: 00d 06h 05m 28s, num timesteps 868800, FPS 39,
	Rewards: per step mean/med/min/max, rew: 0.0054/0.0019/0.0000/0.0683,
	Losses: Policy Loss value/action/dist: 0.045/-0.022/0.940,
INFO:root:Time: 00d 06h 05m 34s, num timesteps 869040, FPS 39,
	Rewards: per step mean/med/min/max, rew: 0.0054/0.0019/0.0000/0.0683,
	Losses: Policy Loss value/action/dist: 0.045/-0.022/0.940,
INFO:root:Time: 00d 06h 05m 40s, num timesteps 869280, FPS 39,
	Rewards: per step mean/med/min/max, rew: 0.0053/0.0019/0.0000/0.0683,
	Losses: Policy Loss value/action/dist: 0.045/-0.022/0.940,
INFO:root:Time: 00d 06h 05m 47s, num timesteps 869520, FPS 39,
	Rewards: per step mean/med/min/max, rew: 0.0053/0.0019/0.0000/0.0683,
	Losses: Policy Loss value/action/dist: 0.045/-0.022/0.940,
INFO:root:Time: 00d 06h 05m 53s, num timesteps 869760, FPS 39,
	Rewards: per step mean/med/min/max, rew: 0.0053/0.0019/0.0000/0.0683,
	Losses: Policy Loss value/action/dist: 0.045/-0.022/0.940,
INFO:root:Time: 00d 06h 05m 59s, num timesteps 870000, FPS 39,
	Rewards: per step mean/med/min/max, rew: 0.0053/0.0019/0.0000/0.0683,
	Losses: Policy Loss value/action/dist: 0.045/-0.022/0.940,
INFO:root:Time: 00d 06h 06m 06s, num timesteps 870240, FPS 39,
	Rewards: per step mean/med/min/max, rew: 0.0053/0.0019/0.0000/0.0683,
	Losses: Policy Loss value/action/dist: 0.045/-0.022/0.940,
INFO:root:Time: 00d 06h 06m 12s, num timesteps 870480, FPS 39,
	Rewards: per step mean/med/min/max, rew: 0.0054/0.0019/0.0000/0.0683,
	Losses: Policy Loss value/action/dist: 0.045/-0.022/0.940,
INFO:root:Time: 00d 06h 06m 19s, num timesteps 870720, FPS 39,
	Rewards: per step mean/med/min/max, rew: 0.0054/0.0019/0.0000/0.0683,
	Losses: Policy Loss value/action/dist: 0.045/-0.022/0.940,
INFO:root:Time: 00d 06h 06m 25s, num timesteps 870960, FPS 39,
	Rewards: per step mean/med/min/max, rew: 0.0054/0.0019/0.0000/0.0683,
	Losses: Policy Loss value/action/dist: 0.045/-0.022/0.940,
INFO:root:Time: 00d 06h 06m 34s, num timesteps 871200, FPS 39,
	Rewards: per step mean/med/min/max, rew: 0.0054/0.0019/0.0000/0.0683,
	Losses: Policy Loss value/action/dist: 0.045/-0.022/0.940,
INFO:root:Time: 00d 06h 06m 41s, num timesteps 871440, FPS 39,
	Rewards: per step mean/med/min/max, rew: 0.0054/0.0019/0.0000/0.0683,
	Losses: Policy Loss value/action/dist: 0.045/-0.022/0.940,
INFO:root:Time: 00d 06h 06m 47s, num timesteps 871680, FPS 39,
	Rewards: per step mean/med/min/max, rew: 0.0054/0.0019/0.0000/0.0683,
	Losses: Policy Loss value/action/dist: 0.045/-0.022/0.940,
INFO:root:Time: 00d 06h 06m 53s, num timesteps 871920, FPS 39,
	Rewards: per step mean/med/min/max, rew: 0.0054/0.0019/0.0000/0.0683,
	Losses: Policy Loss value/action/dist: 0.045/-0.022/0.940,
INFO:root:Time: 00d 06h 07m 00s, num timesteps 872160, FPS 39,
	Rewards: per step mean/med/min/max, rew: 0.0054/0.0020/0.0000/0.0683,
	Losses: Policy Loss value/action/dist: 0.045/-0.022/0.940,
INFO:root:Time: 00d 06h 07m 06s, num timesteps 872400, FPS 39,
	Rewards: per step mean/med/min/max, rew: 0.0054/0.0020/0.0000/0.0683,
	Losses: Policy Loss value/action/dist: 0.045/-0.022/0.940,
INFO:root:Time: 00d 06h 07m 12s, num timesteps 872640, FPS 39,
	Rewards: per step mean/med/min/max, rew: 0.0054/0.0020/0.0000/0.0683,
	Losses: Policy Loss value/action/dist: 0.045/-0.022/0.940,
INFO:root:Time: 00d 06h 07m 19s, num timesteps 872880, FPS 39,
	Rewards: per step mean/med/min/max, rew: 0.0054/0.0021/0.0000/0.0683,
	Losses: Policy Loss value/action/dist: 0.045/-0.022/0.940,
INFO:root:Time: 00d 06h 07m 25s, num timesteps 873120, FPS 39,
	Rewards: per step mean/med/min/max, rew: 0.0055/0.0022/0.0000/0.0683,
	Losses: Policy Loss value/action/dist: 0.045/-0.022/0.940,
INFO:root:Time: 00d 06h 07m 32s, num timesteps 873360, FPS 39,
	Rewards: per step mean/med/min/max, rew: 0.0055/0.0022/0.0000/0.0683,
	Losses: Policy Loss value/action/dist: 0.045/-0.022/0.940,
INFO:root:Time: 00d 06h 07m 41s, num timesteps 873600, FPS 39,
	Rewards: per step mean/med/min/max, rew: 0.0054/0.0021/0.0000/0.0683,
	Losses: Policy Loss value/action/dist: 0.045/-0.022/0.939,
INFO:root:Time: 00d 06h 07m 47s, num timesteps 873840, FPS 39,
	Rewards: per step mean/med/min/max, rew: 0.0054/0.0022/0.0000/0.0683,
	Losses: Policy Loss value/action/dist: 0.045/-0.022/0.939,
INFO:root:Time: 00d 06h 07m 53s, num timesteps 874080, FPS 39,
	Rewards: per step mean/med/min/max, rew: 0.0054/0.0021/0.0000/0.0683,
	Losses: Policy Loss value/action/dist: 0.045/-0.022/0.939,
INFO:root:Time: 00d 06h 08m 00s, num timesteps 874320, FPS 39,
	Rewards: per step mean/med/min/max, rew: 0.0054/0.0022/0.0000/0.0683,
	Losses: Policy Loss value/action/dist: 0.045/-0.022/0.939,
INFO:root:Time: 00d 06h 08m 06s, num timesteps 874560, FPS 39,
	Rewards: per step mean/med/min/max, rew: 0.0054/0.0021/0.0000/0.0683,
	Losses: Policy Loss value/action/dist: 0.045/-0.022/0.939,
INFO:root:Time: 00d 06h 08m 13s, num timesteps 874800, FPS 39,
	Rewards: per step mean/med/min/max, rew: 0.0054/0.0022/0.0000/0.0683,
	Losses: Policy Loss value/action/dist: 0.045/-0.022/0.939,
INFO:root:Time: 00d 06h 08m 19s, num timesteps 875040, FPS 39,
	Rewards: per step mean/med/min/max, rew: 0.0054/0.0021/0.0000/0.0683,
	Losses: Policy Loss value/action/dist: 0.045/-0.022/0.939,
INFO:root:Time: 00d 06h 08m 26s, num timesteps 875280, FPS 39,
	Rewards: per step mean/med/min/max, rew: 0.0054/0.0020/0.0000/0.0683,
	Losses: Policy Loss value/action/dist: 0.045/-0.022/0.939,
INFO:root:Time: 00d 06h 08m 32s, num timesteps 875520, FPS 39,
	Rewards: per step mean/med/min/max, rew: 0.0053/0.0020/0.0000/0.0683,
	Losses: Policy Loss value/action/dist: 0.045/-0.022/0.939,
INFO:root:Time: 00d 06h 08m 38s, num timesteps 875760, FPS 39,
	Rewards: per step mean/med/min/max, rew: 0.0053/0.0020/0.0000/0.0683,
	Losses: Policy Loss value/action/dist: 0.045/-0.022/0.939,
INFO:root:Time: 00d 06h 08m 48s, num timesteps 876000, FPS 39,
	Rewards: per step mean/med/min/max, rew: 0.0053/0.0020/0.0000/0.0683,
	Losses: Policy Loss value/action/dist: 0.045/-0.022/0.939,
INFO:root:Time: 00d 06h 08m 54s, num timesteps 876240, FPS 39,
	Rewards: per step mean/med/min/max, rew: 0.0052/0.0020/0.0000/0.0683,
	Losses: Policy Loss value/action/dist: 0.045/-0.022/0.939,
INFO:root:Time: 00d 06h 09m 00s, num timesteps 876480, FPS 39,
	Rewards: per step mean/med/min/max, rew: 0.0053/0.0020/0.0000/0.0683,
	Losses: Policy Loss value/action/dist: 0.045/-0.022/0.939,
INFO:root:Time: 00d 06h 09m 07s, num timesteps 876720, FPS 39,
	Rewards: per step mean/med/min/max, rew: 0.0052/0.0020/0.0000/0.0683,
	Losses: Policy Loss value/action/dist: 0.045/-0.022/0.939,
INFO:root:Time: 00d 06h 09m 13s, num timesteps 876960, FPS 39,
	Rewards: per step mean/med/min/max, rew: 0.0052/0.0020/0.0000/0.0683,
	Losses: Policy Loss value/action/dist: 0.045/-0.022/0.939,
INFO:root:Time: 00d 06h 09m 20s, num timesteps 877200, FPS 39,
	Rewards: per step mean/med/min/max, rew: 0.0052/0.0020/0.0000/0.0683,
	Losses: Policy Loss value/action/dist: 0.045/-0.022/0.939,
INFO:root:Time: 00d 06h 09m 26s, num timesteps 877440, FPS 39,
	Rewards: per step mean/med/min/max, rew: 0.0052/0.0020/0.0000/0.0683,
	Losses: Policy Loss value/action/dist: 0.045/-0.022/0.939,
INFO:root:Time: 00d 06h 09m 33s, num timesteps 877680, FPS 39,
	Rewards: per step mean/med/min/max, rew: 0.0051/0.0019/0.0000/0.0602,
	Losses: Policy Loss value/action/dist: 0.045/-0.022/0.939,
INFO:root:Time: 00d 06h 09m 39s, num timesteps 877920, FPS 39,
	Rewards: per step mean/med/min/max, rew: 0.0050/0.0019/0.0000/0.0602,
	Losses: Policy Loss value/action/dist: 0.045/-0.022/0.939,
INFO:root:Time: 00d 06h 09m 46s, num timesteps 878160, FPS 39,
	Rewards: per step mean/med/min/max, rew: 0.0050/0.0019/0.0000/0.0602,
	Losses: Policy Loss value/action/dist: 0.045/-0.022/0.939,
INFO:root:Time: 00d 06h 09m 55s, num timesteps 878400, FPS 39,
	Rewards: per step mean/med/min/max, rew: 0.0050/0.0019/0.0000/0.0564,
	Losses: Policy Loss value/action/dist: 0.045/-0.022/0.939,
INFO:root:Time: 00d 06h 10m 01s, num timesteps 878640, FPS 39,
	Rewards: per step mean/med/min/max, rew: 0.0050/0.0020/0.0000/0.0564,
	Losses: Policy Loss value/action/dist: 0.045/-0.022/0.939,
INFO:root:Time: 00d 06h 10m 08s, num timesteps 878880, FPS 39,
	Rewards: per step mean/med/min/max, rew: 0.0050/0.0019/0.0000/0.0564,
	Losses: Policy Loss value/action/dist: 0.045/-0.022/0.939,
INFO:root:Time: 00d 06h 10m 14s, num timesteps 879120, FPS 39,
	Rewards: per step mean/med/min/max, rew: 0.0050/0.0019/0.0000/0.0564,
	Losses: Policy Loss value/action/dist: 0.045/-0.022/0.939,
INFO:root:Time: 00d 06h 10m 20s, num timesteps 879360, FPS 39,
	Rewards: per step mean/med/min/max, rew: 0.0050/0.0019/0.0000/0.0564,
	Losses: Policy Loss value/action/dist: 0.045/-0.022/0.939,
INFO:root:Time: 00d 06h 10m 26s, num timesteps 879600, FPS 39,
	Rewards: per step mean/med/min/max, rew: 0.0049/0.0019/0.0000/0.0564,
	Losses: Policy Loss value/action/dist: 0.045/-0.022/0.939,
INFO:root:Time: 00d 06h 10m 33s, num timesteps 879840, FPS 39,
	Rewards: per step mean/med/min/max, rew: 0.0049/0.0019/0.0000/0.0564,
	Losses: Policy Loss value/action/dist: 0.045/-0.022/0.939,
INFO:root:Time: 00d 06h 10m 40s, num timesteps 880080, FPS 39,
	Rewards: per step mean/med/min/max, rew: 0.0050/0.0019/0.0000/0.0564,
	Losses: Policy Loss value/action/dist: 0.045/-0.022/0.939,
INFO:root:Time: 00d 06h 10m 46s, num timesteps 880320, FPS 39,
	Rewards: per step mean/med/min/max, rew: 0.0050/0.0019/0.0000/0.0564,
	Losses: Policy Loss value/action/dist: 0.045/-0.022/0.939,
INFO:root:Time: 00d 06h 10m 52s, num timesteps 880560, FPS 39,
	Rewards: per step mean/med/min/max, rew: 0.0050/0.0018/0.0000/0.0564,
	Losses: Policy Loss value/action/dist: 0.045/-0.022/0.939,
INFO:root:Time: 00d 06h 11m 01s, num timesteps 880800, FPS 39,
	Rewards: per step mean/med/min/max, rew: 0.0050/0.0018/0.0000/0.0564,
	Losses: Policy Loss value/action/dist: 0.045/-0.022/0.939,
INFO:root:Time: 00d 06h 11m 07s, num timesteps 881040, FPS 39,
	Rewards: per step mean/med/min/max, rew: 0.0049/0.0017/0.0000/0.0564,
	Losses: Policy Loss value/action/dist: 0.045/-0.022/0.939,
INFO:root:Time: 00d 06h 11m 14s, num timesteps 881280, FPS 39,
	Rewards: per step mean/med/min/max, rew: 0.0048/0.0016/0.0000/0.0564,
	Losses: Policy Loss value/action/dist: 0.045/-0.022/0.939,
INFO:root:Time: 00d 06h 11m 21s, num timesteps 881520, FPS 39,
	Rewards: per step mean/med/min/max, rew: 0.0049/0.0017/0.0000/0.0564,
	Losses: Policy Loss value/action/dist: 0.045/-0.022/0.939,
INFO:root:Time: 00d 06h 11m 27s, num timesteps 881760, FPS 39,
	Rewards: per step mean/med/min/max, rew: 0.0050/0.0017/0.0000/0.0564,
	Losses: Policy Loss value/action/dist: 0.045/-0.022/0.939,
INFO:root:Time: 00d 06h 11m 33s, num timesteps 882000, FPS 39,
	Rewards: per step mean/med/min/max, rew: 0.0051/0.0018/0.0000/0.0564,
	Losses: Policy Loss value/action/dist: 0.045/-0.022/0.939,
INFO:root:Time: 00d 06h 11m 40s, num timesteps 882240, FPS 39,
	Rewards: per step mean/med/min/max, rew: 0.0051/0.0018/0.0000/0.0564,
	Losses: Policy Loss value/action/dist: 0.045/-0.022/0.939,
INFO:root:Time: 00d 06h 11m 46s, num timesteps 882480, FPS 39,
	Rewards: per step mean/med/min/max, rew: 0.0051/0.0018/0.0000/0.0564,
	Losses: Policy Loss value/action/dist: 0.045/-0.022/0.939,
INFO:root:Time: 00d 06h 11m 52s, num timesteps 882720, FPS 39,
	Rewards: per step mean/med/min/max, rew: 0.0051/0.0018/0.0000/0.0564,
	Losses: Policy Loss value/action/dist: 0.045/-0.022/0.939,
INFO:root:Time: 00d 06h 11m 59s, num timesteps 882960, FPS 39,
	Rewards: per step mean/med/min/max, rew: 0.0051/0.0019/0.0000/0.0564,
	Losses: Policy Loss value/action/dist: 0.045/-0.022/0.939,
INFO:root:Time: 00d 06h 12m 08s, num timesteps 883200, FPS 39,
	Rewards: per step mean/med/min/max, rew: 0.0050/0.0018/0.0000/0.0564,
	Losses: Policy Loss value/action/dist: 0.045/-0.022/0.939,
INFO:root:Time: 00d 06h 12m 14s, num timesteps 883440, FPS 39,
	Rewards: per step mean/med/min/max, rew: 0.0050/0.0018/0.0000/0.0564,
	Losses: Policy Loss value/action/dist: 0.045/-0.022/0.939,
INFO:root:Time: 00d 06h 12m 21s, num timesteps 883680, FPS 39,
	Rewards: per step mean/med/min/max, rew: 0.0050/0.0019/0.0000/0.0564,
	Losses: Policy Loss value/action/dist: 0.045/-0.022/0.939,
INFO:root:Time: 00d 06h 12m 28s, num timesteps 883920, FPS 39,
	Rewards: per step mean/med/min/max, rew: 0.0050/0.0019/0.0000/0.0564,
	Losses: Policy Loss value/action/dist: 0.045/-0.022/0.939,
INFO:root:Time: 00d 06h 12m 34s, num timesteps 884160, FPS 39,
	Rewards: per step mean/med/min/max, rew: 0.0051/0.0019/0.0000/0.0564,
	Losses: Policy Loss value/action/dist: 0.045/-0.022/0.939,
INFO:root:Time: 00d 06h 12m 40s, num timesteps 884400, FPS 39,
	Rewards: per step mean/med/min/max, rew: 0.0051/0.0019/0.0000/0.0564,
	Losses: Policy Loss value/action/dist: 0.045/-0.022/0.939,
INFO:root:Time: 00d 06h 12m 47s, num timesteps 884640, FPS 39,
	Rewards: per step mean/med/min/max, rew: 0.0051/0.0020/0.0000/0.0564,
	Losses: Policy Loss value/action/dist: 0.045/-0.022/0.939,
INFO:root:Time: 00d 06h 12m 53s, num timesteps 884880, FPS 39,
	Rewards: per step mean/med/min/max, rew: 0.0050/0.0020/0.0000/0.0564,
	Losses: Policy Loss value/action/dist: 0.045/-0.022/0.939,
INFO:root:Time: 00d 06h 13m 00s, num timesteps 885120, FPS 39,
	Rewards: per step mean/med/min/max, rew: 0.0050/0.0020/0.0000/0.0564,
	Losses: Policy Loss value/action/dist: 0.045/-0.022/0.939,
INFO:root:Time: 00d 06h 13m 06s, num timesteps 885360, FPS 39,
	Rewards: per step mean/med/min/max, rew: 0.0050/0.0020/0.0000/0.0564,
	Losses: Policy Loss value/action/dist: 0.045/-0.022/0.939,
INFO:root:Time: 00d 06h 13m 15s, num timesteps 885600, FPS 39,
	Rewards: per step mean/med/min/max, rew: 0.0050/0.0020/0.0000/0.0564,
	Losses: Policy Loss value/action/dist: 0.045/-0.022/0.939,
INFO:root:Time: 00d 06h 13m 22s, num timesteps 885840, FPS 39,
	Rewards: per step mean/med/min/max, rew: 0.0050/0.0020/0.0000/0.0564,
	Losses: Policy Loss value/action/dist: 0.045/-0.022/0.939,
INFO:root:Time: 00d 06h 13m 29s, num timesteps 886080, FPS 39,
	Rewards: per step mean/med/min/max, rew: 0.0049/0.0019/0.0000/0.0564,
	Losses: Policy Loss value/action/dist: 0.045/-0.022/0.939,
INFO:root:Time: 00d 06h 13m 35s, num timesteps 886320, FPS 39,
	Rewards: per step mean/med/min/max, rew: 0.0049/0.0019/0.0000/0.0564,
	Losses: Policy Loss value/action/dist: 0.045/-0.022/0.939,
INFO:root:Time: 00d 06h 13m 42s, num timesteps 886560, FPS 39,
	Rewards: per step mean/med/min/max, rew: 0.0049/0.0019/0.0000/0.0564,
	Losses: Policy Loss value/action/dist: 0.045/-0.022/0.939,
INFO:root:Time: 00d 06h 13m 48s, num timesteps 886800, FPS 39,
	Rewards: per step mean/med/min/max, rew: 0.0048/0.0018/0.0000/0.0564,
	Losses: Policy Loss value/action/dist: 0.045/-0.022/0.939,
INFO:root:Time: 00d 06h 13m 55s, num timesteps 887040, FPS 39,
	Rewards: per step mean/med/min/max, rew: 0.0048/0.0018/0.0000/0.0564,
	Losses: Policy Loss value/action/dist: 0.045/-0.022/0.939,
INFO:root:Time: 00d 06h 14m 01s, num timesteps 887280, FPS 39,
	Rewards: per step mean/med/min/max, rew: 0.0048/0.0018/0.0000/0.0564,
	Losses: Policy Loss value/action/dist: 0.045/-0.022/0.939,
INFO:root:Time: 00d 06h 14m 08s, num timesteps 887520, FPS 39,
	Rewards: per step mean/med/min/max, rew: 0.0048/0.0018/0.0000/0.0564,
	Losses: Policy Loss value/action/dist: 0.045/-0.022/0.939,
INFO:root:Time: 00d 06h 14m 14s, num timesteps 887760, FPS 39,
	Rewards: per step mean/med/min/max, rew: 0.0048/0.0017/0.0000/0.0564,
	Losses: Policy Loss value/action/dist: 0.045/-0.022/0.939,
INFO:root:Time: 00d 06h 14m 23s, num timesteps 888000, FPS 39,
	Rewards: per step mean/med/min/max, rew: 0.0047/0.0017/0.0000/0.0564,
	Losses: Policy Loss value/action/dist: 0.045/-0.022/0.939,
INFO:root:Time: 00d 06h 14m 30s, num timesteps 888240, FPS 39,
	Rewards: per step mean/med/min/max, rew: 0.0048/0.0016/0.0000/0.0564,
	Losses: Policy Loss value/action/dist: 0.045/-0.022/0.939,
INFO:root:Time: 00d 06h 14m 36s, num timesteps 888480, FPS 39,
	Rewards: per step mean/med/min/max, rew: 0.0049/0.0017/0.0000/0.0564,
	Losses: Policy Loss value/action/dist: 0.045/-0.022/0.939,
INFO:root:Time: 00d 06h 14m 42s, num timesteps 888720, FPS 39,
	Rewards: per step mean/med/min/max, rew: 0.0048/0.0017/0.0000/0.0564,
	Losses: Policy Loss value/action/dist: 0.045/-0.022/0.939,
INFO:root:Time: 00d 06h 14m 49s, num timesteps 888960, FPS 39,
	Rewards: per step mean/med/min/max, rew: 0.0048/0.0017/0.0000/0.0564,
	Losses: Policy Loss value/action/dist: 0.045/-0.022/0.939,
INFO:root:Time: 00d 06h 14m 55s, num timesteps 889200, FPS 39,
	Rewards: per step mean/med/min/max, rew: 0.0048/0.0017/0.0000/0.0564,
	Losses: Policy Loss value/action/dist: 0.045/-0.022/0.939,
INFO:root:Time: 00d 06h 15m 01s, num timesteps 889440, FPS 39,
	Rewards: per step mean/med/min/max, rew: 0.0048/0.0017/0.0000/0.0564,
	Losses: Policy Loss value/action/dist: 0.045/-0.022/0.939,
INFO:root:Time: 00d 06h 15m 08s, num timesteps 889680, FPS 39,
	Rewards: per step mean/med/min/max, rew: 0.0048/0.0017/0.0000/0.0460,
	Losses: Policy Loss value/action/dist: 0.045/-0.022/0.939,
INFO:root:Time: 00d 06h 15m 15s, num timesteps 889920, FPS 39,
	Rewards: per step mean/med/min/max, rew: 0.0048/0.0017/0.0000/0.0460,
	Losses: Policy Loss value/action/dist: 0.045/-0.022/0.939,
INFO:root:Time: 00d 06h 15m 22s, num timesteps 890160, FPS 39,
	Rewards: per step mean/med/min/max, rew: 0.0047/0.0016/0.0000/0.0460,
	Losses: Policy Loss value/action/dist: 0.045/-0.022/0.939,
INFO:root:Time: 00d 06h 15m 31s, num timesteps 890400, FPS 39,
	Rewards: per step mean/med/min/max, rew: 0.0046/0.0016/0.0000/0.0460,
	Losses: Policy Loss value/action/dist: 0.045/-0.022/0.939,
INFO:root:Time: 00d 06h 15m 38s, num timesteps 890640, FPS 39,
	Rewards: per step mean/med/min/max, rew: 0.0046/0.0016/0.0000/0.0460,
	Losses: Policy Loss value/action/dist: 0.045/-0.022/0.939,
INFO:root:Time: 00d 06h 15m 44s, num timesteps 890880, FPS 39,
	Rewards: per step mean/med/min/max, rew: 0.0047/0.0016/0.0000/0.0460,
	Losses: Policy Loss value/action/dist: 0.045/-0.022/0.939,
INFO:root:Time: 00d 06h 15m 51s, num timesteps 891120, FPS 39,
	Rewards: per step mean/med/min/max, rew: 0.0048/0.0017/0.0000/0.0460,
	Losses: Policy Loss value/action/dist: 0.045/-0.022/0.939,
INFO:root:Time: 00d 06h 15m 58s, num timesteps 891360, FPS 39,
	Rewards: per step mean/med/min/max, rew: 0.0047/0.0017/0.0000/0.0460,
	Losses: Policy Loss value/action/dist: 0.045/-0.022/0.939,
INFO:root:Time: 00d 06h 16m 04s, num timesteps 891600, FPS 39,
	Rewards: per step mean/med/min/max, rew: 0.0048/0.0017/0.0000/0.0522,
	Losses: Policy Loss value/action/dist: 0.045/-0.022/0.939,
INFO:root:Time: 00d 06h 16m 11s, num timesteps 891840, FPS 39,
	Rewards: per step mean/med/min/max, rew: 0.0048/0.0018/0.0000/0.0522,
	Losses: Policy Loss value/action/dist: 0.045/-0.022/0.939,
INFO:root:Time: 00d 06h 16m 17s, num timesteps 892080, FPS 39,
	Rewards: per step mean/med/min/max, rew: 0.0048/0.0018/0.0000/0.0522,
	Losses: Policy Loss value/action/dist: 0.045/-0.022/0.939,
INFO:root:Time: 00d 06h 16m 24s, num timesteps 892320, FPS 39,
	Rewards: per step mean/med/min/max, rew: 0.0049/0.0018/0.0000/0.0522,
	Losses: Policy Loss value/action/dist: 0.045/-0.022/0.939,
INFO:root:Time: 00d 06h 16m 30s, num timesteps 892560, FPS 39,
	Rewards: per step mean/med/min/max, rew: 0.0049/0.0018/0.0000/0.0522,
	Losses: Policy Loss value/action/dist: 0.045/-0.022/0.939,
INFO:root:Time: 00d 06h 16m 39s, num timesteps 892800, FPS 39,
	Rewards: per step mean/med/min/max, rew: 0.0049/0.0018/0.0000/0.0522,
	Losses: Policy Loss value/action/dist: 0.045/-0.023/0.939,
INFO:root:Time: 00d 06h 16m 46s, num timesteps 893040, FPS 39,
	Rewards: per step mean/med/min/max, rew: 0.0049/0.0018/0.0000/0.0522,
	Losses: Policy Loss value/action/dist: 0.045/-0.023/0.939,
INFO:root:Time: 00d 06h 16m 52s, num timesteps 893280, FPS 39,
	Rewards: per step mean/med/min/max, rew: 0.0049/0.0018/0.0000/0.0522,
	Losses: Policy Loss value/action/dist: 0.045/-0.023/0.939,
INFO:root:Time: 00d 06h 16m 59s, num timesteps 893520, FPS 39,
	Rewards: per step mean/med/min/max, rew: 0.0049/0.0018/0.0000/0.0522,
	Losses: Policy Loss value/action/dist: 0.045/-0.023/0.939,
INFO:root:Time: 00d 06h 17m 05s, num timesteps 893760, FPS 39,
	Rewards: per step mean/med/min/max, rew: 0.0049/0.0018/0.0000/0.0522,
	Losses: Policy Loss value/action/dist: 0.045/-0.023/0.939,
INFO:root:Time: 00d 06h 17m 11s, num timesteps 894000, FPS 39,
	Rewards: per step mean/med/min/max, rew: 0.0049/0.0018/0.0000/0.0522,
	Losses: Policy Loss value/action/dist: 0.045/-0.023/0.939,
INFO:root:Time: 00d 06h 17m 18s, num timesteps 894240, FPS 39,
	Rewards: per step mean/med/min/max, rew: 0.0050/0.0018/0.0000/0.0522,
	Losses: Policy Loss value/action/dist: 0.045/-0.023/0.939,
INFO:root:Time: 00d 06h 17m 24s, num timesteps 894480, FPS 39,
	Rewards: per step mean/med/min/max, rew: 0.0049/0.0018/0.0000/0.0522,
	Losses: Policy Loss value/action/dist: 0.045/-0.023/0.939,
INFO:root:Time: 00d 06h 17m 30s, num timesteps 894720, FPS 39,
	Rewards: per step mean/med/min/max, rew: 0.0049/0.0018/0.0000/0.0522,
	Losses: Policy Loss value/action/dist: 0.045/-0.023/0.939,
INFO:root:Time: 00d 06h 17m 36s, num timesteps 894960, FPS 39,
	Rewards: per step mean/med/min/max, rew: 0.0049/0.0018/0.0000/0.0522,
	Losses: Policy Loss value/action/dist: 0.045/-0.023/0.939,
INFO:root:Time: 00d 06h 17m 45s, num timesteps 895200, FPS 39,
	Rewards: per step mean/med/min/max, rew: 0.0050/0.0018/0.0000/0.0522,
	Losses: Policy Loss value/action/dist: 0.045/-0.023/0.939,
INFO:root:Time: 00d 06h 17m 52s, num timesteps 895440, FPS 39,
	Rewards: per step mean/med/min/max, rew: 0.0050/0.0019/0.0000/0.0522,
	Losses: Policy Loss value/action/dist: 0.045/-0.023/0.939,
INFO:root:Time: 00d 06h 17m 58s, num timesteps 895680, FPS 39,
	Rewards: per step mean/med/min/max, rew: 0.0050/0.0019/0.0000/0.0522,
	Losses: Policy Loss value/action/dist: 0.045/-0.023/0.939,
INFO:root:Time: 00d 06h 18m 05s, num timesteps 895920, FPS 39,
	Rewards: per step mean/med/min/max, rew: 0.0050/0.0018/0.0000/0.0522,
	Losses: Policy Loss value/action/dist: 0.045/-0.023/0.939,
INFO:root:Time: 00d 06h 18m 12s, num timesteps 896160, FPS 39,
	Rewards: per step mean/med/min/max, rew: 0.0050/0.0018/0.0000/0.0522,
	Losses: Policy Loss value/action/dist: 0.045/-0.023/0.939,
INFO:root:Time: 00d 06h 18m 18s, num timesteps 896400, FPS 39,
	Rewards: per step mean/med/min/max, rew: 0.0049/0.0017/0.0000/0.0522,
	Losses: Policy Loss value/action/dist: 0.045/-0.023/0.939,
INFO:root:Time: 00d 06h 18m 25s, num timesteps 896640, FPS 39,
	Rewards: per step mean/med/min/max, rew: 0.0049/0.0017/0.0000/0.0522,
	Losses: Policy Loss value/action/dist: 0.045/-0.023/0.939,
INFO:root:Time: 00d 06h 18m 32s, num timesteps 896880, FPS 39,
	Rewards: per step mean/med/min/max, rew: 0.0049/0.0017/0.0000/0.0522,
	Losses: Policy Loss value/action/dist: 0.045/-0.023/0.939,
INFO:root:Time: 00d 06h 18m 39s, num timesteps 897120, FPS 39,
	Rewards: per step mean/med/min/max, rew: 0.0049/0.0017/0.0000/0.0522,
	Losses: Policy Loss value/action/dist: 0.045/-0.023/0.939,
INFO:root:Time: 00d 06h 18m 45s, num timesteps 897360, FPS 39,
	Rewards: per step mean/med/min/max, rew: 0.0049/0.0017/0.0000/0.0522,
	Losses: Policy Loss value/action/dist: 0.045/-0.023/0.939,
INFO:root:Time: 00d 06h 18m 55s, num timesteps 897600, FPS 39,
	Rewards: per step mean/med/min/max, rew: 0.0049/0.0016/0.0000/0.0522,
	Losses: Policy Loss value/action/dist: 0.045/-0.023/0.938,
INFO:root:Time: 00d 06h 19m 01s, num timesteps 897840, FPS 39,
	Rewards: per step mean/med/min/max, rew: 0.0049/0.0017/0.0000/0.0522,
	Losses: Policy Loss value/action/dist: 0.045/-0.023/0.938,
INFO:root:Time: 00d 06h 19m 08s, num timesteps 898080, FPS 39,
	Rewards: per step mean/med/min/max, rew: 0.0049/0.0017/0.0000/0.0522,
	Losses: Policy Loss value/action/dist: 0.045/-0.023/0.938,
INFO:root:Time: 00d 06h 19m 14s, num timesteps 898320, FPS 39,
	Rewards: per step mean/med/min/max, rew: 0.0049/0.0016/0.0000/0.0522,
	Losses: Policy Loss value/action/dist: 0.045/-0.023/0.938,
INFO:root:Time: 00d 06h 19m 20s, num timesteps 898560, FPS 39,
	Rewards: per step mean/med/min/max, rew: 0.0049/0.0017/0.0000/0.0522,
	Losses: Policy Loss value/action/dist: 0.045/-0.023/0.938,
INFO:root:Time: 00d 06h 19m 27s, num timesteps 898800, FPS 39,
	Rewards: per step mean/med/min/max, rew: 0.0049/0.0017/0.0000/0.0522,
	Losses: Policy Loss value/action/dist: 0.045/-0.023/0.938,
INFO:root:Time: 00d 06h 19m 34s, num timesteps 899040, FPS 39,
	Rewards: per step mean/med/min/max, rew: 0.0049/0.0017/0.0000/0.0522,
	Losses: Policy Loss value/action/dist: 0.045/-0.023/0.938,
INFO:root:Time: 00d 06h 19m 40s, num timesteps 899280, FPS 39,
	Rewards: per step mean/med/min/max, rew: 0.0049/0.0017/0.0000/0.0522,
	Losses: Policy Loss value/action/dist: 0.045/-0.023/0.938,
INFO:root:Time: 00d 06h 19m 47s, num timesteps 899520, FPS 39,
	Rewards: per step mean/med/min/max, rew: 0.0049/0.0017/0.0000/0.0522,
	Losses: Policy Loss value/action/dist: 0.045/-0.023/0.938,
INFO:root:Time: 00d 06h 19m 53s, num timesteps 899760, FPS 39,
	Rewards: per step mean/med/min/max, rew: 0.0049/0.0017/0.0000/0.0522,
	Losses: Policy Loss value/action/dist: 0.045/-0.023/0.938,
INFO:root:Time: 00d 06h 20m 02s, num timesteps 900000, FPS 39,
	Rewards: per step mean/med/min/max, rew: 0.0049/0.0017/0.0000/0.0522,
	Losses: Policy Loss value/action/dist: 0.045/-0.023/0.938,
INFO:root:Time: 00d 06h 20m 09s, num timesteps 900240, FPS 39,
	Rewards: per step mean/med/min/max, rew: 0.0048/0.0017/0.0000/0.0522,
	Losses: Policy Loss value/action/dist: 0.045/-0.023/0.938,
INFO:root:Time: 00d 06h 20m 15s, num timesteps 900480, FPS 39,
	Rewards: per step mean/med/min/max, rew: 0.0047/0.0016/0.0000/0.0522,
	Losses: Policy Loss value/action/dist: 0.045/-0.023/0.938,
INFO:root:Time: 00d 06h 20m 21s, num timesteps 900720, FPS 39,
	Rewards: per step mean/med/min/max, rew: 0.0048/0.0016/0.0000/0.0522,
	Losses: Policy Loss value/action/dist: 0.045/-0.023/0.938,
INFO:root:Time: 00d 06h 20m 28s, num timesteps 900960, FPS 39,
	Rewards: per step mean/med/min/max, rew: 0.0048/0.0017/0.0000/0.0522,
	Losses: Policy Loss value/action/dist: 0.045/-0.023/0.938,
INFO:root:Time: 00d 06h 20m 34s, num timesteps 901200, FPS 39,
	Rewards: per step mean/med/min/max, rew: 0.0048/0.0017/0.0000/0.0522,
	Losses: Policy Loss value/action/dist: 0.045/-0.023/0.938,
INFO:root:Time: 00d 06h 20m 41s, num timesteps 901440, FPS 39,
	Rewards: per step mean/med/min/max, rew: 0.0048/0.0017/0.0000/0.0522,
	Losses: Policy Loss value/action/dist: 0.045/-0.023/0.938,
INFO:root:Time: 00d 06h 20m 47s, num timesteps 901680, FPS 39,
	Rewards: per step mean/med/min/max, rew: 0.0049/0.0017/0.0000/0.0522,
	Losses: Policy Loss value/action/dist: 0.045/-0.023/0.938,
INFO:root:Time: 00d 06h 20m 53s, num timesteps 901920, FPS 39,
	Rewards: per step mean/med/min/max, rew: 0.0049/0.0017/0.0000/0.0522,
	Losses: Policy Loss value/action/dist: 0.045/-0.023/0.938,
INFO:root:Time: 00d 06h 20m 59s, num timesteps 902160, FPS 39,
	Rewards: per step mean/med/min/max, rew: 0.0051/0.0017/0.0000/0.0595,
	Losses: Policy Loss value/action/dist: 0.045/-0.023/0.938,
INFO:root:Time: 00d 06h 21m 08s, num timesteps 902400, FPS 39,
	Rewards: per step mean/med/min/max, rew: 0.0050/0.0017/0.0000/0.0595,
	Losses: Policy Loss value/action/dist: 0.045/-0.023/0.938,
INFO:root:Time: 00d 06h 21m 15s, num timesteps 902640, FPS 39,
	Rewards: per step mean/med/min/max, rew: 0.0050/0.0017/0.0000/0.0595,
	Losses: Policy Loss value/action/dist: 0.045/-0.023/0.938,
INFO:root:Time: 00d 06h 21m 21s, num timesteps 902880, FPS 39,
	Rewards: per step mean/med/min/max, rew: 0.0050/0.0017/0.0000/0.0595,
	Losses: Policy Loss value/action/dist: 0.045/-0.023/0.938,
INFO:root:Time: 00d 06h 21m 27s, num timesteps 903120, FPS 39,
	Rewards: per step mean/med/min/max, rew: 0.0049/0.0017/0.0000/0.0595,
	Losses: Policy Loss value/action/dist: 0.045/-0.023/0.938,
INFO:root:Time: 00d 06h 21m 34s, num timesteps 903360, FPS 39,
	Rewards: per step mean/med/min/max, rew: 0.0049/0.0017/0.0000/0.0595,
	Losses: Policy Loss value/action/dist: 0.045/-0.023/0.938,
INFO:root:Time: 00d 06h 21m 40s, num timesteps 903600, FPS 39,
	Rewards: per step mean/med/min/max, rew: 0.0049/0.0017/0.0000/0.0595,
	Losses: Policy Loss value/action/dist: 0.045/-0.023/0.938,
INFO:root:Time: 00d 06h 21m 47s, num timesteps 903840, FPS 39,
	Rewards: per step mean/med/min/max, rew: 0.0050/0.0017/0.0000/0.0595,
	Losses: Policy Loss value/action/dist: 0.045/-0.023/0.938,
INFO:root:Time: 00d 06h 21m 54s, num timesteps 904080, FPS 39,
	Rewards: per step mean/med/min/max, rew: 0.0050/0.0017/0.0000/0.0595,
	Losses: Policy Loss value/action/dist: 0.045/-0.023/0.938,
INFO:root:Time: 00d 06h 22m 00s, num timesteps 904320, FPS 39,
	Rewards: per step mean/med/min/max, rew: 0.0050/0.0017/0.0000/0.0595,
	Losses: Policy Loss value/action/dist: 0.045/-0.023/0.938,
INFO:root:Time: 00d 06h 22m 07s, num timesteps 904560, FPS 39,
	Rewards: per step mean/med/min/max, rew: 0.0050/0.0017/0.0000/0.0595,
	Losses: Policy Loss value/action/dist: 0.045/-0.023/0.938,
INFO:root:Time: 00d 06h 22m 16s, num timesteps 904800, FPS 39,
	Rewards: per step mean/med/min/max, rew: 0.0050/0.0018/0.0000/0.0595,
	Losses: Policy Loss value/action/dist: 0.045/-0.023/0.938,
INFO:root:Time: 00d 06h 22m 22s, num timesteps 905040, FPS 39,
	Rewards: per step mean/med/min/max, rew: 0.0050/0.0018/0.0000/0.0595,
	Losses: Policy Loss value/action/dist: 0.045/-0.023/0.938,
INFO:root:Time: 00d 06h 22m 29s, num timesteps 905280, FPS 39,
	Rewards: per step mean/med/min/max, rew: 0.0050/0.0018/0.0000/0.0595,
	Losses: Policy Loss value/action/dist: 0.045/-0.023/0.938,
INFO:root:Time: 00d 06h 22m 35s, num timesteps 905520, FPS 39,
	Rewards: per step mean/med/min/max, rew: 0.0050/0.0018/0.0000/0.0595,
	Losses: Policy Loss value/action/dist: 0.045/-0.023/0.938,
INFO:root:Time: 00d 06h 22m 42s, num timesteps 905760, FPS 39,
	Rewards: per step mean/med/min/max, rew: 0.0049/0.0018/0.0000/0.0595,
	Losses: Policy Loss value/action/dist: 0.045/-0.023/0.938,
INFO:root:Time: 00d 06h 22m 48s, num timesteps 906000, FPS 39,
	Rewards: per step mean/med/min/max, rew: 0.0048/0.0018/0.0000/0.0595,
	Losses: Policy Loss value/action/dist: 0.045/-0.023/0.938,
INFO:root:Time: 00d 06h 22m 54s, num timesteps 906240, FPS 39,
	Rewards: per step mean/med/min/max, rew: 0.0048/0.0018/0.0000/0.0595,
	Losses: Policy Loss value/action/dist: 0.045/-0.023/0.938,
INFO:root:Time: 00d 06h 23m 01s, num timesteps 906480, FPS 39,
	Rewards: per step mean/med/min/max, rew: 0.0049/0.0018/0.0000/0.0595,
	Losses: Policy Loss value/action/dist: 0.045/-0.023/0.938,
INFO:root:Time: 00d 06h 23m 07s, num timesteps 906720, FPS 39,
	Rewards: per step mean/med/min/max, rew: 0.0049/0.0018/0.0000/0.0595,
	Losses: Policy Loss value/action/dist: 0.045/-0.023/0.938,
INFO:root:Time: 00d 06h 23m 14s, num timesteps 906960, FPS 39,
	Rewards: per step mean/med/min/max, rew: 0.0049/0.0018/0.0000/0.0595,
	Losses: Policy Loss value/action/dist: 0.045/-0.023/0.938,
INFO:root:Time: 00d 06h 23m 23s, num timesteps 907200, FPS 39,
	Rewards: per step mean/med/min/max, rew: 0.0049/0.0018/0.0000/0.0595,
	Losses: Policy Loss value/action/dist: 0.045/-0.023/0.938,
INFO:root:Time: 00d 06h 23m 29s, num timesteps 907440, FPS 39,
	Rewards: per step mean/med/min/max, rew: 0.0050/0.0018/0.0000/0.0595,
	Losses: Policy Loss value/action/dist: 0.045/-0.023/0.938,
INFO:root:Time: 00d 06h 23m 35s, num timesteps 907680, FPS 39,
	Rewards: per step mean/med/min/max, rew: 0.0050/0.0018/0.0000/0.0595,
	Losses: Policy Loss value/action/dist: 0.045/-0.023/0.938,
INFO:root:Time: 00d 06h 23m 42s, num timesteps 907920, FPS 39,
	Rewards: per step mean/med/min/max, rew: 0.0050/0.0019/0.0000/0.0595,
	Losses: Policy Loss value/action/dist: 0.045/-0.023/0.938,
INFO:root:Time: 00d 06h 23m 48s, num timesteps 908160, FPS 39,
	Rewards: per step mean/med/min/max, rew: 0.0050/0.0019/0.0000/0.0595,
	Losses: Policy Loss value/action/dist: 0.045/-0.023/0.938,
INFO:root:Time: 00d 06h 23m 54s, num timesteps 908400, FPS 39,
	Rewards: per step mean/med/min/max, rew: 0.0050/0.0019/0.0000/0.0595,
	Losses: Policy Loss value/action/dist: 0.045/-0.023/0.938,
INFO:root:Time: 00d 06h 24m 01s, num timesteps 908640, FPS 39,
	Rewards: per step mean/med/min/max, rew: 0.0050/0.0019/0.0000/0.0595,
	Losses: Policy Loss value/action/dist: 0.045/-0.023/0.938,
INFO:root:Time: 00d 06h 24m 07s, num timesteps 908880, FPS 39,
	Rewards: per step mean/med/min/max, rew: 0.0051/0.0019/0.0000/0.0595,
	Losses: Policy Loss value/action/dist: 0.045/-0.023/0.938,
INFO:root:Time: 00d 06h 24m 14s, num timesteps 909120, FPS 39,
	Rewards: per step mean/med/min/max, rew: 0.0051/0.0020/0.0000/0.0595,
	Losses: Policy Loss value/action/dist: 0.045/-0.023/0.938,
INFO:root:Time: 00d 06h 24m 20s, num timesteps 909360, FPS 39,
	Rewards: per step mean/med/min/max, rew: 0.0051/0.0020/0.0000/0.0595,
	Losses: Policy Loss value/action/dist: 0.045/-0.023/0.938,
INFO:root:Time: 00d 06h 24m 29s, num timesteps 909600, FPS 39,
	Rewards: per step mean/med/min/max, rew: 0.0051/0.0020/0.0000/0.0595,
	Losses: Policy Loss value/action/dist: 0.045/-0.023/0.938,
INFO:root:Time: 00d 06h 24m 36s, num timesteps 909840, FPS 39,
	Rewards: per step mean/med/min/max, rew: 0.0051/0.0020/0.0000/0.0595,
	Losses: Policy Loss value/action/dist: 0.045/-0.023/0.938,
INFO:root:Time: 00d 06h 24m 42s, num timesteps 910080, FPS 39,
	Rewards: per step mean/med/min/max, rew: 0.0051/0.0020/0.0000/0.0595,
	Losses: Policy Loss value/action/dist: 0.045/-0.023/0.938,
INFO:root:Time: 00d 06h 24m 48s, num timesteps 910320, FPS 39,
	Rewards: per step mean/med/min/max, rew: 0.0052/0.0021/0.0000/0.0595,
	Losses: Policy Loss value/action/dist: 0.045/-0.023/0.938,
INFO:root:Time: 00d 06h 24m 54s, num timesteps 910560, FPS 39,
	Rewards: per step mean/med/min/max, rew: 0.0052/0.0021/0.0000/0.0595,
	Losses: Policy Loss value/action/dist: 0.045/-0.023/0.938,
INFO:root:Time: 00d 06h 25m 01s, num timesteps 910800, FPS 39,
	Rewards: per step mean/med/min/max, rew: 0.0052/0.0021/0.0000/0.0595,
	Losses: Policy Loss value/action/dist: 0.045/-0.023/0.938,
INFO:root:Time: 00d 06h 25m 07s, num timesteps 911040, FPS 39,
	Rewards: per step mean/med/min/max, rew: 0.0052/0.0021/0.0000/0.0595,
	Losses: Policy Loss value/action/dist: 0.045/-0.023/0.938,
INFO:root:Time: 00d 06h 25m 13s, num timesteps 911280, FPS 39,
	Rewards: per step mean/med/min/max, rew: 0.0052/0.0022/0.0000/0.0595,
	Losses: Policy Loss value/action/dist: 0.045/-0.023/0.938,
INFO:root:Time: 00d 06h 25m 20s, num timesteps 911520, FPS 39,
	Rewards: per step mean/med/min/max, rew: 0.0052/0.0022/0.0000/0.0595,
	Losses: Policy Loss value/action/dist: 0.045/-0.023/0.938,
INFO:root:Time: 00d 06h 25m 26s, num timesteps 911760, FPS 39,
	Rewards: per step mean/med/min/max, rew: 0.0052/0.0022/0.0000/0.0595,
	Losses: Policy Loss value/action/dist: 0.045/-0.023/0.938,
INFO:root:Time: 00d 06h 25m 35s, num timesteps 912000, FPS 39,
	Rewards: per step mean/med/min/max, rew: 0.0052/0.0022/0.0000/0.0595,
	Losses: Policy Loss value/action/dist: 0.045/-0.023/0.938,
INFO:root:Time: 00d 06h 25m 41s, num timesteps 912240, FPS 39,
	Rewards: per step mean/med/min/max, rew: 0.0053/0.0022/0.0000/0.0595,
	Losses: Policy Loss value/action/dist: 0.045/-0.023/0.938,
INFO:root:Time: 00d 06h 25m 48s, num timesteps 912480, FPS 39,
	Rewards: per step mean/med/min/max, rew: 0.0052/0.0022/0.0000/0.0595,
	Losses: Policy Loss value/action/dist: 0.045/-0.023/0.938,
INFO:root:Time: 00d 06h 25m 54s, num timesteps 912720, FPS 39,
	Rewards: per step mean/med/min/max, rew: 0.0052/0.0022/0.0000/0.0595,
	Losses: Policy Loss value/action/dist: 0.045/-0.023/0.938,
INFO:root:Time: 00d 06h 26m 01s, num timesteps 912960, FPS 39,
	Rewards: per step mean/med/min/max, rew: 0.0051/0.0021/0.0000/0.0595,
	Losses: Policy Loss value/action/dist: 0.045/-0.023/0.938,
INFO:root:Time: 00d 06h 26m 08s, num timesteps 913200, FPS 39,
	Rewards: per step mean/med/min/max, rew: 0.0051/0.0021/0.0000/0.0595,
	Losses: Policy Loss value/action/dist: 0.045/-0.023/0.938,
INFO:root:Time: 00d 06h 26m 14s, num timesteps 913440, FPS 39,
	Rewards: per step mean/med/min/max, rew: 0.0051/0.0021/0.0000/0.0595,
	Losses: Policy Loss value/action/dist: 0.045/-0.023/0.938,
INFO:root:Time: 00d 06h 26m 20s, num timesteps 913680, FPS 39,
	Rewards: per step mean/med/min/max, rew: 0.0051/0.0020/0.0000/0.0595,
	Losses: Policy Loss value/action/dist: 0.045/-0.023/0.938,
INFO:root:Time: 00d 06h 26m 27s, num timesteps 913920, FPS 39,
	Rewards: per step mean/med/min/max, rew: 0.0051/0.0020/0.0000/0.0595,
	Losses: Policy Loss value/action/dist: 0.045/-0.023/0.938,
INFO:root:Time: 00d 06h 26m 33s, num timesteps 914160, FPS 39,
	Rewards: per step mean/med/min/max, rew: 0.0052/0.0021/0.0000/0.0595,
	Losses: Policy Loss value/action/dist: 0.045/-0.023/0.938,
INFO:root:Time: 00d 06h 26m 42s, num timesteps 914400, FPS 39,
	Rewards: per step mean/med/min/max, rew: 0.0053/0.0022/0.0000/0.0595,
	Losses: Policy Loss value/action/dist: 0.045/-0.023/0.937,
INFO:root:Time: 00d 06h 26m 48s, num timesteps 914640, FPS 39,
	Rewards: per step mean/med/min/max, rew: 0.0053/0.0022/0.0000/0.0595,
	Losses: Policy Loss value/action/dist: 0.045/-0.023/0.937,
INFO:root:Time: 00d 06h 26m 55s, num timesteps 914880, FPS 39,
	Rewards: per step mean/med/min/max, rew: 0.0053/0.0022/0.0000/0.0595,
	Losses: Policy Loss value/action/dist: 0.045/-0.023/0.937,
INFO:root:Time: 00d 06h 27m 02s, num timesteps 915120, FPS 39,
	Rewards: per step mean/med/min/max, rew: 0.0052/0.0021/0.0000/0.0595,
	Losses: Policy Loss value/action/dist: 0.045/-0.023/0.937,
INFO:root:Time: 00d 06h 27m 09s, num timesteps 915360, FPS 39,
	Rewards: per step mean/med/min/max, rew: 0.0052/0.0021/0.0000/0.0595,
	Losses: Policy Loss value/action/dist: 0.045/-0.023/0.937,
INFO:root:Time: 00d 06h 27m 16s, num timesteps 915600, FPS 39,
	Rewards: per step mean/med/min/max, rew: 0.0052/0.0021/0.0000/0.0595,
	Losses: Policy Loss value/action/dist: 0.045/-0.023/0.937,
INFO:root:Time: 00d 06h 27m 23s, num timesteps 915840, FPS 39,
	Rewards: per step mean/med/min/max, rew: 0.0051/0.0021/0.0000/0.0595,
	Losses: Policy Loss value/action/dist: 0.045/-0.023/0.937,
INFO:root:Time: 00d 06h 27m 30s, num timesteps 916080, FPS 39,
	Rewards: per step mean/med/min/max, rew: 0.0051/0.0022/0.0000/0.0595,
	Losses: Policy Loss value/action/dist: 0.045/-0.023/0.937,
INFO:root:Time: 00d 06h 27m 36s, num timesteps 916320, FPS 39,
	Rewards: per step mean/med/min/max, rew: 0.0051/0.0022/0.0000/0.0595,
	Losses: Policy Loss value/action/dist: 0.045/-0.023/0.937,
INFO:root:Time: 00d 06h 27m 43s, num timesteps 916560, FPS 39,
	Rewards: per step mean/med/min/max, rew: 0.0051/0.0022/0.0000/0.0595,
	Losses: Policy Loss value/action/dist: 0.045/-0.023/0.937,
INFO:root:Time: 00d 06h 27m 53s, num timesteps 916800, FPS 39,
	Rewards: per step mean/med/min/max, rew: 0.0051/0.0022/0.0000/0.0595,
	Losses: Policy Loss value/action/dist: 0.045/-0.023/0.937,
INFO:root:Time: 00d 06h 28m 00s, num timesteps 917040, FPS 39,
	Rewards: per step mean/med/min/max, rew: 0.0051/0.0022/0.0000/0.0595,
	Losses: Policy Loss value/action/dist: 0.045/-0.023/0.937,
INFO:root:Time: 00d 06h 28m 07s, num timesteps 917280, FPS 39,
	Rewards: per step mean/med/min/max, rew: 0.0050/0.0022/0.0000/0.0595,
	Losses: Policy Loss value/action/dist: 0.045/-0.023/0.937,
INFO:root:Time: 00d 06h 28m 14s, num timesteps 917520, FPS 39,
	Rewards: per step mean/med/min/max, rew: 0.0050/0.0022/0.0000/0.0595,
	Losses: Policy Loss value/action/dist: 0.045/-0.023/0.937,
INFO:root:Time: 00d 06h 28m 20s, num timesteps 917760, FPS 39,
	Rewards: per step mean/med/min/max, rew: 0.0050/0.0022/0.0000/0.0595,
	Losses: Policy Loss value/action/dist: 0.045/-0.023/0.937,
INFO:root:Time: 00d 06h 28m 27s, num timesteps 918000, FPS 39,
	Rewards: per step mean/med/min/max, rew: 0.0050/0.0022/0.0000/0.0595,
	Losses: Policy Loss value/action/dist: 0.045/-0.023/0.937,
INFO:root:Time: 00d 06h 28m 34s, num timesteps 918240, FPS 39,
	Rewards: per step mean/med/min/max, rew: 0.0049/0.0021/0.0000/0.0595,
	Losses: Policy Loss value/action/dist: 0.045/-0.023/0.937,
INFO:root:Time: 00d 06h 28m 40s, num timesteps 918480, FPS 39,
	Rewards: per step mean/med/min/max, rew: 0.0049/0.0021/0.0000/0.0595,
	Losses: Policy Loss value/action/dist: 0.045/-0.023/0.937,
INFO:root:Time: 00d 06h 28m 47s, num timesteps 918720, FPS 39,
	Rewards: per step mean/med/min/max, rew: 0.0050/0.0021/0.0000/0.0595,
	Losses: Policy Loss value/action/dist: 0.045/-0.023/0.937,
INFO:root:Time: 00d 06h 28m 54s, num timesteps 918960, FPS 39,
	Rewards: per step mean/med/min/max, rew: 0.0049/0.0021/0.0000/0.0595,
	Losses: Policy Loss value/action/dist: 0.045/-0.023/0.937,
INFO:root:Time: 00d 06h 29m 03s, num timesteps 919200, FPS 39,
	Rewards: per step mean/med/min/max, rew: 0.0049/0.0021/0.0000/0.0595,
	Losses: Policy Loss value/action/dist: 0.045/-0.023/0.937,
INFO:root:Time: 00d 06h 29m 10s, num timesteps 919440, FPS 39,
	Rewards: per step mean/med/min/max, rew: 0.0049/0.0021/0.0000/0.0595,
	Losses: Policy Loss value/action/dist: 0.045/-0.023/0.937,
INFO:root:Time: 00d 06h 29m 17s, num timesteps 919680, FPS 39,
	Rewards: per step mean/med/min/max, rew: 0.0049/0.0020/0.0000/0.0595,
	Losses: Policy Loss value/action/dist: 0.045/-0.023/0.937,
INFO:root:Time: 00d 06h 29m 23s, num timesteps 919920, FPS 39,
	Rewards: per step mean/med/min/max, rew: 0.0049/0.0020/0.0000/0.0595,
	Losses: Policy Loss value/action/dist: 0.045/-0.023/0.937,
INFO:root:Time: 00d 06h 29m 30s, num timesteps 920160, FPS 39,
	Rewards: per step mean/med/min/max, rew: 0.0050/0.0021/0.0000/0.0595,
	Losses: Policy Loss value/action/dist: 0.045/-0.023/0.937,
INFO:root:Time: 00d 06h 29m 36s, num timesteps 920400, FPS 39,
	Rewards: per step mean/med/min/max, rew: 0.0050/0.0021/0.0000/0.0595,
	Losses: Policy Loss value/action/dist: 0.045/-0.023/0.937,
INFO:root:Time: 00d 06h 29m 43s, num timesteps 920640, FPS 39,
	Rewards: per step mean/med/min/max, rew: 0.0050/0.0021/0.0000/0.0595,
	Losses: Policy Loss value/action/dist: 0.045/-0.023/0.937,
INFO:root:Time: 00d 06h 29m 50s, num timesteps 920880, FPS 39,
	Rewards: per step mean/med/min/max, rew: 0.0051/0.0022/0.0000/0.0595,
	Losses: Policy Loss value/action/dist: 0.045/-0.023/0.937,
INFO:root:Time: 00d 06h 29m 56s, num timesteps 921120, FPS 39,
	Rewards: per step mean/med/min/max, rew: 0.0051/0.0022/0.0000/0.0595,
	Losses: Policy Loss value/action/dist: 0.045/-0.023/0.937,
INFO:root:Time: 00d 06h 30m 03s, num timesteps 921360, FPS 39,
	Rewards: per step mean/med/min/max, rew: 0.0051/0.0022/0.0000/0.0595,
	Losses: Policy Loss value/action/dist: 0.045/-0.023/0.937,
INFO:root:Time: 00d 06h 30m 11s, num timesteps 921600, FPS 39,
	Rewards: per step mean/med/min/max, rew: 0.0052/0.0023/0.0000/0.0595,
	Losses: Policy Loss value/action/dist: 0.045/-0.023/0.937,
INFO:root:Time: 00d 06h 30m 18s, num timesteps 921840, FPS 39,
	Rewards: per step mean/med/min/max, rew: 0.0051/0.0022/0.0000/0.0595,
	Losses: Policy Loss value/action/dist: 0.045/-0.023/0.937,
INFO:root:Time: 00d 06h 30m 24s, num timesteps 922080, FPS 39,
	Rewards: per step mean/med/min/max, rew: 0.0052/0.0022/0.0000/0.0595,
	Losses: Policy Loss value/action/dist: 0.045/-0.023/0.937,
INFO:root:Time: 00d 06h 30m 30s, num timesteps 922320, FPS 39,
	Rewards: per step mean/med/min/max, rew: 0.0052/0.0023/0.0000/0.0595,
	Losses: Policy Loss value/action/dist: 0.045/-0.023/0.937,
INFO:root:Time: 00d 06h 30m 37s, num timesteps 922560, FPS 39,
	Rewards: per step mean/med/min/max, rew: 0.0052/0.0023/0.0000/0.0595,
	Losses: Policy Loss value/action/dist: 0.045/-0.023/0.937,
INFO:root:Time: 00d 06h 30m 44s, num timesteps 922800, FPS 39,
	Rewards: per step mean/med/min/max, rew: 0.0052/0.0023/0.0000/0.0595,
	Losses: Policy Loss value/action/dist: 0.045/-0.023/0.937,
INFO:root:Time: 00d 06h 30m 50s, num timesteps 923040, FPS 39,
	Rewards: per step mean/med/min/max, rew: 0.0052/0.0023/0.0000/0.0595,
	Losses: Policy Loss value/action/dist: 0.045/-0.023/0.937,
INFO:root:Time: 00d 06h 30m 57s, num timesteps 923280, FPS 39,
	Rewards: per step mean/med/min/max, rew: 0.0052/0.0023/0.0000/0.0595,
	Losses: Policy Loss value/action/dist: 0.045/-0.023/0.937,
INFO:root:Time: 00d 06h 31m 04s, num timesteps 923520, FPS 39,
	Rewards: per step mean/med/min/max, rew: 0.0052/0.0023/0.0000/0.0595,
	Losses: Policy Loss value/action/dist: 0.045/-0.023/0.937,
INFO:root:Time: 00d 06h 31m 10s, num timesteps 923760, FPS 39,
	Rewards: per step mean/med/min/max, rew: 0.0052/0.0023/0.0000/0.0595,
	Losses: Policy Loss value/action/dist: 0.045/-0.023/0.937,
INFO:root:Time: 00d 06h 31m 20s, num timesteps 924000, FPS 39,
	Rewards: per step mean/med/min/max, rew: 0.0052/0.0023/0.0000/0.0595,
	Losses: Policy Loss value/action/dist: 0.045/-0.023/0.937,
INFO:root:Time: 00d 06h 31m 26s, num timesteps 924240, FPS 39,
	Rewards: per step mean/med/min/max, rew: 0.0052/0.0023/0.0000/0.0595,
	Losses: Policy Loss value/action/dist: 0.045/-0.023/0.937,
INFO:root:Time: 00d 06h 31m 33s, num timesteps 924480, FPS 39,
	Rewards: per step mean/med/min/max, rew: 0.0052/0.0023/0.0000/0.0595,
	Losses: Policy Loss value/action/dist: 0.045/-0.023/0.937,
INFO:root:Time: 00d 06h 31m 39s, num timesteps 924720, FPS 39,
	Rewards: per step mean/med/min/max, rew: 0.0051/0.0022/0.0000/0.0595,
	Losses: Policy Loss value/action/dist: 0.045/-0.023/0.937,
INFO:root:Time: 00d 06h 31m 46s, num timesteps 924960, FPS 39,
	Rewards: per step mean/med/min/max, rew: 0.0051/0.0022/0.0000/0.0595,
	Losses: Policy Loss value/action/dist: 0.045/-0.023/0.937,
INFO:root:Time: 00d 06h 31m 52s, num timesteps 925200, FPS 39,
	Rewards: per step mean/med/min/max, rew: 0.0052/0.0022/0.0000/0.0595,
	Losses: Policy Loss value/action/dist: 0.045/-0.023/0.937,
INFO:root:Time: 00d 06h 31m 58s, num timesteps 925440, FPS 39,
	Rewards: per step mean/med/min/max, rew: 0.0051/0.0023/0.0000/0.0595,
	Losses: Policy Loss value/action/dist: 0.045/-0.023/0.937,
INFO:root:Time: 00d 06h 32m 04s, num timesteps 925680, FPS 39,
	Rewards: per step mean/med/min/max, rew: 0.0051/0.0022/0.0000/0.0595,
	Losses: Policy Loss value/action/dist: 0.045/-0.023/0.937,
INFO:root:Time: 00d 06h 32m 11s, num timesteps 925920, FPS 39,
	Rewards: per step mean/med/min/max, rew: 0.0051/0.0023/0.0000/0.0595,
	Losses: Policy Loss value/action/dist: 0.045/-0.023/0.937,
INFO:root:Time: 00d 06h 32m 17s, num timesteps 926160, FPS 39,
	Rewards: per step mean/med/min/max, rew: 0.0050/0.0023/0.0000/0.0589,
	Losses: Policy Loss value/action/dist: 0.045/-0.023/0.937,
INFO:root:Time: 00d 06h 32m 26s, num timesteps 926400, FPS 39,
	Rewards: per step mean/med/min/max, rew: 0.0051/0.0022/0.0000/0.0647,
	Losses: Policy Loss value/action/dist: 0.045/-0.023/0.937,
INFO:root:Time: 00d 06h 32m 33s, num timesteps 926640, FPS 39,
	Rewards: per step mean/med/min/max, rew: 0.0051/0.0023/0.0000/0.0647,
	Losses: Policy Loss value/action/dist: 0.045/-0.023/0.937,
INFO:root:Time: 00d 06h 32m 39s, num timesteps 926880, FPS 39,
	Rewards: per step mean/med/min/max, rew: 0.0052/0.0023/0.0000/0.0647,
	Losses: Policy Loss value/action/dist: 0.045/-0.023/0.937,
INFO:root:Time: 00d 06h 32m 46s, num timesteps 927120, FPS 39,
	Rewards: per step mean/med/min/max, rew: 0.0052/0.0023/0.0000/0.0647,
	Losses: Policy Loss value/action/dist: 0.045/-0.023/0.937,
INFO:root:Time: 00d 06h 32m 52s, num timesteps 927360, FPS 39,
	Rewards: per step mean/med/min/max, rew: 0.0052/0.0024/0.0000/0.0647,
	Losses: Policy Loss value/action/dist: 0.045/-0.023/0.937,
INFO:root:Time: 00d 06h 32m 59s, num timesteps 927600, FPS 39,
	Rewards: per step mean/med/min/max, rew: 0.0051/0.0023/0.0000/0.0647,
	Losses: Policy Loss value/action/dist: 0.045/-0.023/0.937,
INFO:root:Time: 00d 06h 33m 05s, num timesteps 927840, FPS 39,
	Rewards: per step mean/med/min/max, rew: 0.0051/0.0023/0.0000/0.0647,
	Losses: Policy Loss value/action/dist: 0.045/-0.023/0.937,
INFO:root:Time: 00d 06h 33m 12s, num timesteps 928080, FPS 39,
	Rewards: per step mean/med/min/max, rew: 0.0050/0.0023/0.0000/0.0647,
	Losses: Policy Loss value/action/dist: 0.045/-0.023/0.937,
INFO:root:Time: 00d 06h 33m 18s, num timesteps 928320, FPS 39,
	Rewards: per step mean/med/min/max, rew: 0.0049/0.0023/0.0000/0.0647,
	Losses: Policy Loss value/action/dist: 0.045/-0.023/0.937,
INFO:root:Time: 00d 06h 33m 25s, num timesteps 928560, FPS 39,
	Rewards: per step mean/med/min/max, rew: 0.0049/0.0022/0.0000/0.0647,
	Losses: Policy Loss value/action/dist: 0.045/-0.023/0.937,
INFO:root:Time: 00d 06h 33m 34s, num timesteps 928800, FPS 39,
	Rewards: per step mean/med/min/max, rew: 0.0050/0.0023/0.0000/0.0647,
	Losses: Policy Loss value/action/dist: 0.045/-0.023/0.937,
INFO:root:Time: 00d 06h 33m 41s, num timesteps 929040, FPS 39,
	Rewards: per step mean/med/min/max, rew: 0.0051/0.0024/0.0000/0.0647,
	Losses: Policy Loss value/action/dist: 0.045/-0.023/0.937,
INFO:root:Time: 00d 06h 33m 47s, num timesteps 929280, FPS 39,
	Rewards: per step mean/med/min/max, rew: 0.0051/0.0024/0.0000/0.0647,
	Losses: Policy Loss value/action/dist: 0.045/-0.023/0.937,
INFO:root:Time: 00d 06h 33m 53s, num timesteps 929520, FPS 39,
	Rewards: per step mean/med/min/max, rew: 0.0052/0.0024/0.0000/0.0647,
	Losses: Policy Loss value/action/dist: 0.045/-0.023/0.937,
INFO:root:Time: 00d 06h 33m 59s, num timesteps 929760, FPS 39,
	Rewards: per step mean/med/min/max, rew: 0.0052/0.0024/0.0000/0.0707,
	Losses: Policy Loss value/action/dist: 0.045/-0.023/0.937,
INFO:root:Time: 00d 06h 34m 06s, num timesteps 930000, FPS 39,
	Rewards: per step mean/med/min/max, rew: 0.0053/0.0024/0.0000/0.0707,
	Losses: Policy Loss value/action/dist: 0.045/-0.023/0.937,
INFO:root:Time: 00d 06h 34m 13s, num timesteps 930240, FPS 39,
	Rewards: per step mean/med/min/max, rew: 0.0052/0.0023/0.0000/0.0707,
	Losses: Policy Loss value/action/dist: 0.045/-0.023/0.937,
INFO:root:Time: 00d 06h 34m 19s, num timesteps 930480, FPS 39,
	Rewards: per step mean/med/min/max, rew: 0.0052/0.0023/0.0000/0.0707,
	Losses: Policy Loss value/action/dist: 0.045/-0.023/0.937,
INFO:root:Time: 00d 06h 34m 25s, num timesteps 930720, FPS 39,
	Rewards: per step mean/med/min/max, rew: 0.0052/0.0023/0.0000/0.0707,
	Losses: Policy Loss value/action/dist: 0.045/-0.023/0.937,
INFO:root:Time: 00d 06h 34m 32s, num timesteps 930960, FPS 39,
	Rewards: per step mean/med/min/max, rew: 0.0053/0.0023/0.0000/0.0707,
	Losses: Policy Loss value/action/dist: 0.045/-0.023/0.937,
INFO:root:Time: 00d 06h 34m 41s, num timesteps 931200, FPS 39,
	Rewards: per step mean/med/min/max, rew: 0.0053/0.0023/0.0000/0.0707,
	Losses: Policy Loss value/action/dist: 0.045/-0.023/0.937,
INFO:root:Time: 00d 06h 34m 47s, num timesteps 931440, FPS 39,
	Rewards: per step mean/med/min/max, rew: 0.0052/0.0023/0.0000/0.0707,
	Losses: Policy Loss value/action/dist: 0.045/-0.023/0.937,
INFO:root:Time: 00d 06h 34m 53s, num timesteps 931680, FPS 39,
	Rewards: per step mean/med/min/max, rew: 0.0051/0.0023/0.0000/0.0707,
	Losses: Policy Loss value/action/dist: 0.045/-0.023/0.937,
INFO:root:Time: 00d 06h 35m 00s, num timesteps 931920, FPS 39,
	Rewards: per step mean/med/min/max, rew: 0.0051/0.0023/0.0000/0.0707,
	Losses: Policy Loss value/action/dist: 0.045/-0.023/0.937,
INFO:root:Time: 00d 06h 35m 06s, num timesteps 932160, FPS 39,
	Rewards: per step mean/med/min/max, rew: 0.0052/0.0022/0.0000/0.0707,
	Losses: Policy Loss value/action/dist: 0.045/-0.023/0.937,
INFO:root:Time: 00d 06h 35m 12s, num timesteps 932400, FPS 39,
	Rewards: per step mean/med/min/max, rew: 0.0052/0.0022/0.0000/0.0707,
	Losses: Policy Loss value/action/dist: 0.045/-0.023/0.937,
INFO:root:Time: 00d 06h 35m 19s, num timesteps 932640, FPS 39,
	Rewards: per step mean/med/min/max, rew: 0.0053/0.0022/0.0000/0.0707,
	Losses: Policy Loss value/action/dist: 0.045/-0.023/0.937,
INFO:root:Time: 00d 06h 35m 25s, num timesteps 932880, FPS 39,
	Rewards: per step mean/med/min/max, rew: 0.0052/0.0022/0.0000/0.0707,
	Losses: Policy Loss value/action/dist: 0.045/-0.023/0.937,
INFO:root:Time: 00d 06h 35m 32s, num timesteps 933120, FPS 39,
	Rewards: per step mean/med/min/max, rew: 0.0052/0.0022/0.0000/0.0707,
	Losses: Policy Loss value/action/dist: 0.045/-0.023/0.937,
INFO:root:Time: 00d 06h 35m 38s, num timesteps 933360, FPS 39,
	Rewards: per step mean/med/min/max, rew: 0.0052/0.0022/0.0000/0.0707,
	Losses: Policy Loss value/action/dist: 0.045/-0.023/0.937,
INFO:root:Time: 00d 06h 35m 47s, num timesteps 933600, FPS 39,
	Rewards: per step mean/med/min/max, rew: 0.0052/0.0022/0.0000/0.0707,
	Losses: Policy Loss value/action/dist: 0.045/-0.023/0.937,
INFO:root:Time: 00d 06h 35m 53s, num timesteps 933840, FPS 39,
	Rewards: per step mean/med/min/max, rew: 0.0052/0.0022/0.0000/0.0707,
	Losses: Policy Loss value/action/dist: 0.045/-0.023/0.937,
INFO:root:Time: 00d 06h 36m 00s, num timesteps 934080, FPS 39,
	Rewards: per step mean/med/min/max, rew: 0.0052/0.0021/0.0000/0.0707,
	Losses: Policy Loss value/action/dist: 0.045/-0.023/0.937,
INFO:root:Time: 00d 06h 36m 06s, num timesteps 934320, FPS 39,
	Rewards: per step mean/med/min/max, rew: 0.0053/0.0021/0.0000/0.0707,
	Losses: Policy Loss value/action/dist: 0.045/-0.023/0.937,
INFO:root:Time: 00d 06h 36m 13s, num timesteps 934560, FPS 39,
	Rewards: per step mean/med/min/max, rew: 0.0053/0.0021/0.0000/0.0707,
	Losses: Policy Loss value/action/dist: 0.045/-0.023/0.937,
INFO:root:Time: 00d 06h 36m 19s, num timesteps 934800, FPS 39,
	Rewards: per step mean/med/min/max, rew: 0.0052/0.0021/0.0000/0.0707,
	Losses: Policy Loss value/action/dist: 0.045/-0.023/0.937,
INFO:root:Time: 00d 06h 36m 25s, num timesteps 935040, FPS 39,
	Rewards: per step mean/med/min/max, rew: 0.0053/0.0021/0.0000/0.0707,
	Losses: Policy Loss value/action/dist: 0.045/-0.023/0.937,
INFO:root:Time: 00d 06h 36m 32s, num timesteps 935280, FPS 39,
	Rewards: per step mean/med/min/max, rew: 0.0053/0.0021/0.0000/0.0707,
	Losses: Policy Loss value/action/dist: 0.045/-0.023/0.937,
INFO:root:Time: 00d 06h 36m 38s, num timesteps 935520, FPS 39,
	Rewards: per step mean/med/min/max, rew: 0.0053/0.0021/0.0000/0.0707,
	Losses: Policy Loss value/action/dist: 0.045/-0.023/0.937,
INFO:root:Time: 00d 06h 36m 45s, num timesteps 935760, FPS 39,
	Rewards: per step mean/med/min/max, rew: 0.0053/0.0022/0.0000/0.0707,
	Losses: Policy Loss value/action/dist: 0.045/-0.023/0.937,
INFO:root:Time: 00d 06h 36m 54s, num timesteps 936000, FPS 39,
	Rewards: per step mean/med/min/max, rew: 0.0053/0.0022/0.0000/0.0707,
	Losses: Policy Loss value/action/dist: 0.045/-0.023/0.937,
INFO:root:Time: 00d 06h 37m 01s, num timesteps 936240, FPS 39,
	Rewards: per step mean/med/min/max, rew: 0.0052/0.0021/0.0000/0.0707,
	Losses: Policy Loss value/action/dist: 0.045/-0.023/0.937,
INFO:root:Time: 00d 06h 37m 07s, num timesteps 936480, FPS 39,
	Rewards: per step mean/med/min/max, rew: 0.0053/0.0022/0.0000/0.0707,
	Losses: Policy Loss value/action/dist: 0.045/-0.023/0.937,
INFO:root:Time: 00d 06h 37m 14s, num timesteps 936720, FPS 39,
	Rewards: per step mean/med/min/max, rew: 0.0053/0.0022/0.0000/0.0707,
	Losses: Policy Loss value/action/dist: 0.045/-0.023/0.937,
INFO:root:Time: 00d 06h 37m 20s, num timesteps 936960, FPS 39,
	Rewards: per step mean/med/min/max, rew: 0.0052/0.0021/0.0000/0.0707,
	Losses: Policy Loss value/action/dist: 0.045/-0.023/0.937,
INFO:root:Time: 00d 06h 37m 26s, num timesteps 937200, FPS 39,
	Rewards: per step mean/med/min/max, rew: 0.0052/0.0022/0.0000/0.0707,
	Losses: Policy Loss value/action/dist: 0.045/-0.023/0.937,
INFO:root:Time: 00d 06h 37m 32s, num timesteps 937440, FPS 39,
	Rewards: per step mean/med/min/max, rew: 0.0053/0.0022/0.0000/0.0707,
	Losses: Policy Loss value/action/dist: 0.045/-0.023/0.937,
INFO:root:Time: 00d 06h 37m 39s, num timesteps 937680, FPS 39,
	Rewards: per step mean/med/min/max, rew: 0.0053/0.0022/0.0000/0.0707,
	Losses: Policy Loss value/action/dist: 0.045/-0.023/0.937,
INFO:root:Time: 00d 06h 37m 45s, num timesteps 937920, FPS 39,
	Rewards: per step mean/med/min/max, rew: 0.0054/0.0023/0.0000/0.0707,
	Losses: Policy Loss value/action/dist: 0.045/-0.023/0.937,
INFO:root:Time: 00d 06h 37m 52s, num timesteps 938160, FPS 39,
	Rewards: per step mean/med/min/max, rew: 0.0054/0.0022/0.0000/0.0707,
	Losses: Policy Loss value/action/dist: 0.045/-0.023/0.937,
INFO:root:Time: 00d 06h 38m 00s, num timesteps 938400, FPS 39,
	Rewards: per step mean/med/min/max, rew: 0.0053/0.0022/0.0000/0.0707,
	Losses: Policy Loss value/action/dist: 0.045/-0.023/0.937,
INFO:root:Time: 00d 06h 38m 07s, num timesteps 938640, FPS 39,
	Rewards: per step mean/med/min/max, rew: 0.0055/0.0022/0.0000/0.0707,
	Losses: Policy Loss value/action/dist: 0.045/-0.023/0.937,
INFO:root:Time: 00d 06h 38m 13s, num timesteps 938880, FPS 39,
	Rewards: per step mean/med/min/max, rew: 0.0055/0.0022/0.0000/0.0707,
	Losses: Policy Loss value/action/dist: 0.045/-0.023/0.937,
INFO:root:Time: 00d 06h 38m 20s, num timesteps 939120, FPS 39,
	Rewards: per step mean/med/min/max, rew: 0.0055/0.0022/0.0000/0.0707,
	Losses: Policy Loss value/action/dist: 0.045/-0.023/0.937,
INFO:root:Time: 00d 06h 38m 26s, num timesteps 939360, FPS 39,
	Rewards: per step mean/med/min/max, rew: 0.0055/0.0022/0.0000/0.0707,
	Losses: Policy Loss value/action/dist: 0.045/-0.023/0.937,
INFO:root:Time: 00d 06h 38m 33s, num timesteps 939600, FPS 39,
	Rewards: per step mean/med/min/max, rew: 0.0053/0.0021/0.0000/0.0707,
	Losses: Policy Loss value/action/dist: 0.045/-0.023/0.937,
INFO:root:Time: 00d 06h 38m 40s, num timesteps 939840, FPS 39,
	Rewards: per step mean/med/min/max, rew: 0.0053/0.0021/0.0000/0.0707,
	Losses: Policy Loss value/action/dist: 0.045/-0.023/0.937,
INFO:root:Time: 00d 06h 38m 46s, num timesteps 940080, FPS 39,
	Rewards: per step mean/med/min/max, rew: 0.0054/0.0021/0.0000/0.0707,
	Losses: Policy Loss value/action/dist: 0.045/-0.023/0.937,
INFO:root:Time: 00d 06h 38m 53s, num timesteps 940320, FPS 39,
	Rewards: per step mean/med/min/max, rew: 0.0054/0.0021/0.0000/0.0707,
	Losses: Policy Loss value/action/dist: 0.045/-0.023/0.937,
INFO:root:Time: 00d 06h 39m 00s, num timesteps 940560, FPS 39,
	Rewards: per step mean/med/min/max, rew: 0.0054/0.0021/0.0000/0.0707,
	Losses: Policy Loss value/action/dist: 0.045/-0.023/0.937,
INFO:root:Time: 00d 06h 39m 09s, num timesteps 940800, FPS 39,
	Rewards: per step mean/med/min/max, rew: 0.0054/0.0022/0.0000/0.0707,
	Losses: Policy Loss value/action/dist: 0.045/-0.023/0.937,
INFO:root:Time: 00d 06h 39m 15s, num timesteps 941040, FPS 39,
	Rewards: per step mean/med/min/max, rew: 0.0054/0.0021/0.0000/0.0707,
	Losses: Policy Loss value/action/dist: 0.045/-0.023/0.937,
INFO:root:Time: 00d 06h 39m 22s, num timesteps 941280, FPS 39,
	Rewards: per step mean/med/min/max, rew: 0.0054/0.0021/0.0000/0.0707,
	Losses: Policy Loss value/action/dist: 0.045/-0.023/0.937,
INFO:root:Time: 00d 06h 39m 29s, num timesteps 941520, FPS 39,
	Rewards: per step mean/med/min/max, rew: 0.0055/0.0021/0.0000/0.0707,
	Losses: Policy Loss value/action/dist: 0.045/-0.023/0.937,
INFO:root:Time: 00d 06h 39m 35s, num timesteps 941760, FPS 39,
	Rewards: per step mean/med/min/max, rew: 0.0055/0.0021/0.0000/0.0707,
	Losses: Policy Loss value/action/dist: 0.045/-0.023/0.937,
INFO:root:Time: 00d 06h 39m 42s, num timesteps 942000, FPS 39,
	Rewards: per step mean/med/min/max, rew: 0.0055/0.0021/0.0000/0.0707,
	Losses: Policy Loss value/action/dist: 0.045/-0.023/0.937,
INFO:root:Time: 00d 06h 39m 49s, num timesteps 942240, FPS 39,
	Rewards: per step mean/med/min/max, rew: 0.0055/0.0022/0.0000/0.0707,
	Losses: Policy Loss value/action/dist: 0.045/-0.023/0.937,
INFO:root:Time: 00d 06h 39m 56s, num timesteps 942480, FPS 39,
	Rewards: per step mean/med/min/max, rew: 0.0055/0.0022/0.0000/0.0707,
	Losses: Policy Loss value/action/dist: 0.045/-0.023/0.937,
INFO:root:Time: 00d 06h 40m 03s, num timesteps 942720, FPS 39,
	Rewards: per step mean/med/min/max, rew: 0.0056/0.0022/0.0000/0.0707,
	Losses: Policy Loss value/action/dist: 0.045/-0.023/0.937,
INFO:root:Time: 00d 06h 40m 10s, num timesteps 942960, FPS 39,
	Rewards: per step mean/med/min/max, rew: 0.0056/0.0022/0.0000/0.0707,
	Losses: Policy Loss value/action/dist: 0.045/-0.023/0.937,
INFO:root:Time: 00d 06h 40m 19s, num timesteps 943200, FPS 39,
	Rewards: per step mean/med/min/max, rew: 0.0055/0.0022/0.0000/0.0707,
	Losses: Policy Loss value/action/dist: 0.045/-0.023/0.937,
INFO:root:Time: 00d 06h 40m 26s, num timesteps 943440, FPS 39,
	Rewards: per step mean/med/min/max, rew: 0.0055/0.0022/0.0000/0.0707,
	Losses: Policy Loss value/action/dist: 0.045/-0.023/0.937,
INFO:root:Time: 00d 06h 40m 32s, num timesteps 943680, FPS 39,
	Rewards: per step mean/med/min/max, rew: 0.0056/0.0023/0.0000/0.0707,
	Losses: Policy Loss value/action/dist: 0.045/-0.023/0.937,
INFO:root:Time: 00d 06h 40m 39s, num timesteps 943920, FPS 39,
	Rewards: per step mean/med/min/max, rew: 0.0056/0.0023/0.0000/0.0707,
	Losses: Policy Loss value/action/dist: 0.045/-0.023/0.937,
INFO:root:Time: 00d 06h 40m 46s, num timesteps 944160, FPS 39,
	Rewards: per step mean/med/min/max, rew: 0.0056/0.0023/0.0000/0.0707,
	Losses: Policy Loss value/action/dist: 0.045/-0.023/0.937,
INFO:root:Time: 00d 06h 40m 53s, num timesteps 944400, FPS 39,
	Rewards: per step mean/med/min/max, rew: 0.0056/0.0023/0.0000/0.0707,
	Losses: Policy Loss value/action/dist: 0.045/-0.023/0.937,
INFO:root:Time: 00d 06h 41m 00s, num timesteps 944640, FPS 39,
	Rewards: per step mean/med/min/max, rew: 0.0056/0.0022/0.0000/0.0707,
	Losses: Policy Loss value/action/dist: 0.045/-0.023/0.937,
INFO:root:Time: 00d 06h 41m 06s, num timesteps 944880, FPS 39,
	Rewards: per step mean/med/min/max, rew: 0.0055/0.0022/0.0000/0.0707,
	Losses: Policy Loss value/action/dist: 0.045/-0.023/0.937,
INFO:root:Time: 00d 06h 41m 13s, num timesteps 945120, FPS 39,
	Rewards: per step mean/med/min/max, rew: 0.0055/0.0022/0.0000/0.0707,
	Losses: Policy Loss value/action/dist: 0.045/-0.023/0.937,
INFO:root:Time: 00d 06h 41m 20s, num timesteps 945360, FPS 39,
	Rewards: per step mean/med/min/max, rew: 0.0055/0.0022/0.0000/0.0707,
	Losses: Policy Loss value/action/dist: 0.045/-0.023/0.937,
INFO:root:Time: 00d 06h 41m 30s, num timesteps 945600, FPS 39,
	Rewards: per step mean/med/min/max, rew: 0.0055/0.0022/0.0000/0.0707,
	Losses: Policy Loss value/action/dist: 0.045/-0.023/0.937,
INFO:root:Time: 00d 06h 41m 36s, num timesteps 945840, FPS 39,
	Rewards: per step mean/med/min/max, rew: 0.0055/0.0022/0.0000/0.0707,
	Losses: Policy Loss value/action/dist: 0.045/-0.023/0.937,
INFO:root:Time: 00d 06h 41m 43s, num timesteps 946080, FPS 39,
	Rewards: per step mean/med/min/max, rew: 0.0055/0.0022/0.0000/0.0707,
	Losses: Policy Loss value/action/dist: 0.045/-0.023/0.937,
INFO:root:Time: 00d 06h 41m 50s, num timesteps 946320, FPS 39,
	Rewards: per step mean/med/min/max, rew: 0.0055/0.0021/0.0000/0.0707,
	Losses: Policy Loss value/action/dist: 0.045/-0.023/0.937,
INFO:root:Time: 00d 06h 41m 57s, num timesteps 946560, FPS 39,
	Rewards: per step mean/med/min/max, rew: 0.0056/0.0021/0.0000/0.0707,
	Losses: Policy Loss value/action/dist: 0.045/-0.023/0.937,
INFO:root:Time: 00d 06h 42m 03s, num timesteps 946800, FPS 39,
	Rewards: per step mean/med/min/max, rew: 0.0056/0.0022/0.0000/0.0707,
	Losses: Policy Loss value/action/dist: 0.045/-0.023/0.937,
INFO:root:Time: 00d 06h 42m 10s, num timesteps 947040, FPS 39,
	Rewards: per step mean/med/min/max, rew: 0.0056/0.0022/0.0000/0.0707,
	Losses: Policy Loss value/action/dist: 0.045/-0.023/0.937,
INFO:root:Time: 00d 06h 42m 16s, num timesteps 947280, FPS 39,
	Rewards: per step mean/med/min/max, rew: 0.0056/0.0022/0.0000/0.0707,
	Losses: Policy Loss value/action/dist: 0.045/-0.023/0.937,
INFO:root:Time: 00d 06h 42m 23s, num timesteps 947520, FPS 39,
	Rewards: per step mean/med/min/max, rew: 0.0056/0.0022/0.0000/0.0707,
	Losses: Policy Loss value/action/dist: 0.045/-0.023/0.937,
INFO:root:Time: 00d 06h 42m 30s, num timesteps 947760, FPS 39,
	Rewards: per step mean/med/min/max, rew: 0.0056/0.0022/0.0000/0.0707,
	Losses: Policy Loss value/action/dist: 0.045/-0.023/0.937,
INFO:root:Time: 00d 06h 42m 39s, num timesteps 948000, FPS 39,
	Rewards: per step mean/med/min/max, rew: 0.0056/0.0022/0.0000/0.0707,
	Losses: Policy Loss value/action/dist: 0.045/-0.023/0.937,
INFO:root:Time: 00d 06h 42m 45s, num timesteps 948240, FPS 39,
	Rewards: per step mean/med/min/max, rew: 0.0055/0.0022/0.0000/0.0707,
	Losses: Policy Loss value/action/dist: 0.045/-0.023/0.937,
INFO:root:Time: 00d 06h 42m 51s, num timesteps 948480, FPS 39,
	Rewards: per step mean/med/min/max, rew: 0.0057/0.0022/0.0000/0.0707,
	Losses: Policy Loss value/action/dist: 0.045/-0.023/0.937,
INFO:root:Time: 00d 06h 42m 58s, num timesteps 948720, FPS 39,
	Rewards: per step mean/med/min/max, rew: 0.0057/0.0023/0.0000/0.0707,
	Losses: Policy Loss value/action/dist: 0.045/-0.023/0.937,
INFO:root:Time: 00d 06h 43m 04s, num timesteps 948960, FPS 39,
	Rewards: per step mean/med/min/max, rew: 0.0058/0.0023/0.0000/0.0707,
	Losses: Policy Loss value/action/dist: 0.045/-0.023/0.937,
INFO:root:Time: 00d 06h 43m 11s, num timesteps 949200, FPS 39,
	Rewards: per step mean/med/min/max, rew: 0.0059/0.0023/0.0000/0.0830,
	Losses: Policy Loss value/action/dist: 0.045/-0.023/0.937,
INFO:root:Time: 00d 06h 43m 17s, num timesteps 949440, FPS 39,
	Rewards: per step mean/med/min/max, rew: 0.0060/0.0023/0.0000/0.0830,
	Losses: Policy Loss value/action/dist: 0.045/-0.023/0.937,
INFO:root:Time: 00d 06h 43m 24s, num timesteps 949680, FPS 39,
	Rewards: per step mean/med/min/max, rew: 0.0061/0.0024/0.0000/0.0830,
	Losses: Policy Loss value/action/dist: 0.045/-0.023/0.937,
INFO:root:Time: 00d 06h 43m 30s, num timesteps 949920, FPS 39,
	Rewards: per step mean/med/min/max, rew: 0.0060/0.0023/0.0000/0.0830,
	Losses: Policy Loss value/action/dist: 0.045/-0.023/0.937,
INFO:root:Time: 00d 06h 43m 36s, num timesteps 950160, FPS 39,
	Rewards: per step mean/med/min/max, rew: 0.0060/0.0023/0.0000/0.0830,
	Losses: Policy Loss value/action/dist: 0.045/-0.023/0.937,
INFO:root:Time: 00d 06h 43m 45s, num timesteps 950400, FPS 39,
	Rewards: per step mean/med/min/max, rew: 0.0060/0.0024/0.0000/0.0830,
	Losses: Policy Loss value/action/dist: 0.045/-0.023/0.937,
INFO:root:Time: 00d 06h 43m 51s, num timesteps 950640, FPS 39,
	Rewards: per step mean/med/min/max, rew: 0.0060/0.0024/0.0000/0.0830,
	Losses: Policy Loss value/action/dist: 0.045/-0.023/0.937,
INFO:root:Time: 00d 06h 43m 58s, num timesteps 950880, FPS 39,
	Rewards: per step mean/med/min/max, rew: 0.0060/0.0024/0.0000/0.0830,
	Losses: Policy Loss value/action/dist: 0.045/-0.023/0.937,
INFO:root:Time: 00d 06h 44m 04s, num timesteps 951120, FPS 39,
	Rewards: per step mean/med/min/max, rew: 0.0060/0.0024/0.0000/0.0830,
	Losses: Policy Loss value/action/dist: 0.045/-0.023/0.937,
INFO:root:Time: 00d 06h 44m 11s, num timesteps 951360, FPS 39,
	Rewards: per step mean/med/min/max, rew: 0.0059/0.0023/0.0000/0.0830,
	Losses: Policy Loss value/action/dist: 0.045/-0.023/0.937,
INFO:root:Time: 00d 06h 44m 17s, num timesteps 951600, FPS 39,
	Rewards: per step mean/med/min/max, rew: 0.0060/0.0023/0.0000/0.0830,
	Losses: Policy Loss value/action/dist: 0.045/-0.023/0.937,
INFO:root:Time: 00d 06h 44m 23s, num timesteps 951840, FPS 39,
	Rewards: per step mean/med/min/max, rew: 0.0060/0.0024/0.0000/0.0830,
	Losses: Policy Loss value/action/dist: 0.045/-0.023/0.937,
INFO:root:Time: 00d 06h 44m 30s, num timesteps 952080, FPS 39,
	Rewards: per step mean/med/min/max, rew: 0.0061/0.0024/0.0000/0.0830,
	Losses: Policy Loss value/action/dist: 0.045/-0.023/0.937,
INFO:root:Time: 00d 06h 44m 36s, num timesteps 952320, FPS 39,
	Rewards: per step mean/med/min/max, rew: 0.0062/0.0025/0.0000/0.0830,
	Losses: Policy Loss value/action/dist: 0.045/-0.023/0.937,
INFO:root:Time: 00d 06h 44m 42s, num timesteps 952560, FPS 39,
	Rewards: per step mean/med/min/max, rew: 0.0063/0.0025/0.0000/0.0830,
	Losses: Policy Loss value/action/dist: 0.045/-0.023/0.937,
INFO:root:Time: 00d 06h 44m 51s, num timesteps 952800, FPS 39,
	Rewards: per step mean/med/min/max, rew: 0.0063/0.0025/0.0000/0.0830,
	Losses: Policy Loss value/action/dist: 0.046/-0.023/0.937,
INFO:root:Time: 00d 06h 44m 58s, num timesteps 953040, FPS 39,
	Rewards: per step mean/med/min/max, rew: 0.0063/0.0025/0.0000/0.0830,
	Losses: Policy Loss value/action/dist: 0.046/-0.023/0.937,
INFO:root:Time: 00d 06h 45m 04s, num timesteps 953280, FPS 39,
	Rewards: per step mean/med/min/max, rew: 0.0062/0.0024/0.0000/0.0830,
	Losses: Policy Loss value/action/dist: 0.046/-0.023/0.937,
INFO:root:Time: 00d 06h 45m 10s, num timesteps 953520, FPS 39,
	Rewards: per step mean/med/min/max, rew: 0.0062/0.0024/0.0000/0.0830,
	Losses: Policy Loss value/action/dist: 0.046/-0.023/0.937,
INFO:root:Time: 00d 06h 45m 16s, num timesteps 953760, FPS 39,
	Rewards: per step mean/med/min/max, rew: 0.0061/0.0025/0.0000/0.0830,
	Losses: Policy Loss value/action/dist: 0.046/-0.023/0.937,
INFO:root:Time: 00d 06h 45m 22s, num timesteps 954000, FPS 39,
	Rewards: per step mean/med/min/max, rew: 0.0060/0.0024/0.0000/0.0830,
	Losses: Policy Loss value/action/dist: 0.046/-0.023/0.937,
INFO:root:Time: 00d 06h 45m 29s, num timesteps 954240, FPS 39,
	Rewards: per step mean/med/min/max, rew: 0.0061/0.0024/0.0000/0.0830,
	Losses: Policy Loss value/action/dist: 0.046/-0.023/0.937,
INFO:root:Time: 00d 06h 45m 35s, num timesteps 954480, FPS 39,
	Rewards: per step mean/med/min/max, rew: 0.0060/0.0024/0.0000/0.0830,
	Losses: Policy Loss value/action/dist: 0.046/-0.023/0.937,
INFO:root:Time: 00d 06h 45m 41s, num timesteps 954720, FPS 39,
	Rewards: per step mean/med/min/max, rew: 0.0060/0.0023/0.0000/0.0830,
	Losses: Policy Loss value/action/dist: 0.046/-0.023/0.937,
INFO:root:Time: 00d 06h 45m 48s, num timesteps 954960, FPS 39,
	Rewards: per step mean/med/min/max, rew: 0.0059/0.0023/0.0000/0.0830,
	Losses: Policy Loss value/action/dist: 0.046/-0.023/0.937,
INFO:root:Time: 00d 06h 45m 56s, num timesteps 955200, FPS 39,
	Rewards: per step mean/med/min/max, rew: 0.0060/0.0023/0.0000/0.0830,
	Losses: Policy Loss value/action/dist: 0.046/-0.023/0.937,
INFO:root:Time: 00d 06h 46m 02s, num timesteps 955440, FPS 39,
	Rewards: per step mean/med/min/max, rew: 0.0060/0.0024/0.0000/0.0830,
	Losses: Policy Loss value/action/dist: 0.046/-0.023/0.937,
INFO:root:Time: 00d 06h 46m 08s, num timesteps 955680, FPS 39,
	Rewards: per step mean/med/min/max, rew: 0.0060/0.0024/0.0000/0.0830,
	Losses: Policy Loss value/action/dist: 0.046/-0.023/0.937,
INFO:root:Time: 00d 06h 46m 15s, num timesteps 955920, FPS 39,
	Rewards: per step mean/med/min/max, rew: 0.0060/0.0023/0.0000/0.0830,
	Losses: Policy Loss value/action/dist: 0.046/-0.023/0.937,
INFO:root:Time: 00d 06h 46m 21s, num timesteps 956160, FPS 39,
	Rewards: per step mean/med/min/max, rew: 0.0059/0.0023/0.0000/0.0830,
	Losses: Policy Loss value/action/dist: 0.046/-0.023/0.937,
INFO:root:Time: 00d 06h 46m 27s, num timesteps 956400, FPS 39,
	Rewards: per step mean/med/min/max, rew: 0.0058/0.0023/0.0000/0.0830,
	Losses: Policy Loss value/action/dist: 0.046/-0.023/0.937,
INFO:root:Time: 00d 06h 46m 33s, num timesteps 956640, FPS 39,
	Rewards: per step mean/med/min/max, rew: 0.0057/0.0023/0.0000/0.0830,
	Losses: Policy Loss value/action/dist: 0.046/-0.023/0.937,
INFO:root:Time: 00d 06h 46m 40s, num timesteps 956880, FPS 39,
	Rewards: per step mean/med/min/max, rew: 0.0057/0.0022/0.0000/0.0830,
	Losses: Policy Loss value/action/dist: 0.046/-0.023/0.937,
INFO:root:Time: 00d 06h 46m 46s, num timesteps 957120, FPS 39,
	Rewards: per step mean/med/min/max, rew: 0.0057/0.0022/0.0000/0.0830,
	Losses: Policy Loss value/action/dist: 0.046/-0.023/0.937,
INFO:root:Time: 00d 06h 46m 52s, num timesteps 957360, FPS 39,
	Rewards: per step mean/med/min/max, rew: 0.0057/0.0022/0.0000/0.0830,
	Losses: Policy Loss value/action/dist: 0.046/-0.023/0.937,
INFO:root:Time: 00d 06h 47m 01s, num timesteps 957600, FPS 39,
	Rewards: per step mean/med/min/max, rew: 0.0058/0.0023/0.0000/0.0830,
	Losses: Policy Loss value/action/dist: 0.046/-0.023/0.937,
INFO:root:Time: 00d 06h 47m 07s, num timesteps 957840, FPS 39,
	Rewards: per step mean/med/min/max, rew: 0.0058/0.0023/0.0000/0.0830,
	Losses: Policy Loss value/action/dist: 0.046/-0.023/0.937,
INFO:root:Time: 00d 06h 47m 13s, num timesteps 958080, FPS 39,
	Rewards: per step mean/med/min/max, rew: 0.0058/0.0023/0.0000/0.0830,
	Losses: Policy Loss value/action/dist: 0.046/-0.023/0.937,
INFO:root:Time: 00d 06h 47m 20s, num timesteps 958320, FPS 39,
	Rewards: per step mean/med/min/max, rew: 0.0057/0.0023/0.0000/0.0830,
	Losses: Policy Loss value/action/dist: 0.046/-0.023/0.937,
INFO:root:Time: 00d 06h 47m 26s, num timesteps 958560, FPS 39,
	Rewards: per step mean/med/min/max, rew: 0.0057/0.0022/0.0000/0.0830,
	Losses: Policy Loss value/action/dist: 0.046/-0.023/0.937,
INFO:root:Time: 00d 06h 47m 32s, num timesteps 958800, FPS 39,
	Rewards: per step mean/med/min/max, rew: 0.0057/0.0022/0.0000/0.0830,
	Losses: Policy Loss value/action/dist: 0.046/-0.023/0.937,
INFO:root:Time: 00d 06h 47m 38s, num timesteps 959040, FPS 39,
	Rewards: per step mean/med/min/max, rew: 0.0057/0.0022/0.0000/0.0830,
	Losses: Policy Loss value/action/dist: 0.046/-0.023/0.937,
INFO:root:Time: 00d 06h 47m 45s, num timesteps 959280, FPS 39,
	Rewards: per step mean/med/min/max, rew: 0.0057/0.0022/0.0000/0.0830,
	Losses: Policy Loss value/action/dist: 0.046/-0.023/0.937,
INFO:root:Time: 00d 06h 47m 51s, num timesteps 959520, FPS 39,
	Rewards: per step mean/med/min/max, rew: 0.0057/0.0022/0.0000/0.0830,
	Losses: Policy Loss value/action/dist: 0.046/-0.023/0.937,
INFO:root:Time: 00d 06h 47m 58s, num timesteps 959760, FPS 39,
	Rewards: per step mean/med/min/max, rew: 0.0057/0.0022/0.0000/0.0830,
	Losses: Policy Loss value/action/dist: 0.046/-0.023/0.937,
