INFO:root:Namespace(agent='sem_cur_exp', alpha=0.99, auto_gpu_config=1, camera_height=0.88, cat_pred_threshold=5.0, clip_param=0.2, collision_threshold=0.2, cuda=True, du_scale=1, dump_location='./exps', entropy_coef=0.001, env_frame_height=256, env_frame_width=256, eps=1e-05, eval=0, exp_name='expv1_2', exp_pred_threshold=1.0, frame_height=128, frame_width=128, gamma=0.99, global_downscaling=2, hfov=79.0, load='0', local_hidden_size=256, log_interval=10, lr=2.5e-05, map_pred_threshold=1.0, map_resolution=5, map_size_cm=2400, max_d=100.0, max_depth=5.0, max_episode_length=500, max_grad_norm=0.5, min_d=1.5, min_depth=0.5, no_cuda=False, num_local_steps=100, num_mini_batch=12, num_processes=24, num_processes_on_first_gpu=0, num_processes_per_gpu=9, num_sem_categories=6, num_training_frames=10000000, ppo_epoch=4, print_images=0, reward_coeff=0.0025, save_interval=1, save_periodic=500000, seed=1, sem_gpu_id=-1, sem_pred_prob_thr=0.9, sim_gpu_id=1, split='train', task_config='tasks/objectnav_gibson.yaml', tau=0.95, total_num_scenes=24, turn_angle=30, use_gae=False, use_recurrent_local=1, value_loss_coef=0.5, version='v1.1', vision_range=100, visualize=0)
INFO:root:Starting training
INFO:root:training frames is 10000000
INFO:root:Time: 00d 00h 00m 00s, num timesteps 0, FPS 0,
	Rewards: per step mean/med/min/max, rew: 0.0000/0.0000/0.0000/0.0000,
	Losses:
INFO:root:Time: 00d 00h 00m 03s, num timesteps 240, FPS 73,
	Rewards: per step mean/med/min/max, rew: 0.0040/0.0000/0.0000/0.0338,
	Losses:
INFO:root:Time: 00d 00h 00m 06s, num timesteps 480, FPS 79,
	Rewards: per step mean/med/min/max, rew: 0.0025/0.0000/0.0000/0.0338,
	Losses:
INFO:root:Time: 00d 00h 00m 08s, num timesteps 720, FPS 80,
	Rewards: per step mean/med/min/max, rew: 0.0021/0.0000/0.0000/0.0338,
	Losses:
INFO:root:Time: 00d 00h 00m 11s, num timesteps 960, FPS 82,
	Rewards: per step mean/med/min/max, rew: 0.0023/0.0000/0.0000/0.0338,
	Losses:
INFO:root:Time: 00d 00h 00m 14s, num timesteps 1200, FPS 83,
	Rewards: per step mean/med/min/max, rew: 0.0020/0.0000/0.0000/0.0338,
	Losses:
INFO:root:Time: 00d 00h 00m 17s, num timesteps 1440, FPS 84,
	Rewards: per step mean/med/min/max, rew: 0.0019/0.0000/0.0000/0.0338,
	Losses:
INFO:root:Time: 00d 00h 00m 19s, num timesteps 1680, FPS 84,
	Rewards: per step mean/med/min/max, rew: 0.0018/0.0000/0.0000/0.0338,
	Losses:
INFO:root:Time: 00d 00h 00m 22s, num timesteps 1920, FPS 85,
	Rewards: per step mean/med/min/max, rew: 0.0022/0.0000/0.0000/0.0338,
	Losses:
INFO:root:Time: 00d 00h 00m 25s, num timesteps 2160, FPS 85,
	Rewards: per step mean/med/min/max, rew: 0.0025/0.0000/0.0000/0.0338,
	Losses:
INFO:root:Time: 00d 00h 00m 31s, num timesteps 2400, FPS 77,
	Rewards: per step mean/med/min/max, rew: 0.0031/0.0000/0.0000/0.0338,
	Losses: Policy Loss value/action/dist: 0.063/-0.001/1.098,
INFO:root:Time: 00d 00h 00m 33s, num timesteps 2640, FPS 78,
	Rewards: per step mean/med/min/max, rew: 0.0030/0.0000/0.0000/0.0338,
	Losses: Policy Loss value/action/dist: 0.063/-0.001/1.098,
INFO:root:Time: 00d 00h 00m 36s, num timesteps 2880, FPS 78,
	Rewards: per step mean/med/min/max, rew: 0.0030/0.0000/0.0000/0.0338,
	Losses: Policy Loss value/action/dist: 0.063/-0.001/1.098,
INFO:root:Time: 00d 00h 00m 39s, num timesteps 3120, FPS 79,
	Rewards: per step mean/med/min/max, rew: 0.0031/0.0000/0.0000/0.0338,
	Losses: Policy Loss value/action/dist: 0.063/-0.001/1.098,
INFO:root:Time: 00d 00h 00m 42s, num timesteps 3360, FPS 79,
	Rewards: per step mean/med/min/max, rew: 0.0029/0.0000/0.0000/0.0338,
	Losses: Policy Loss value/action/dist: 0.063/-0.001/1.098,
INFO:root:Time: 00d 00h 00m 44s, num timesteps 3600, FPS 80,
	Rewards: per step mean/med/min/max, rew: 0.0028/0.0000/0.0000/0.0338,
	Losses: Policy Loss value/action/dist: 0.063/-0.001/1.098,
INFO:root:Time: 00d 00h 00m 47s, num timesteps 3840, FPS 80,
	Rewards: per step mean/med/min/max, rew: 0.0028/0.0000/0.0000/0.0338,
	Losses: Policy Loss value/action/dist: 0.063/-0.001/1.098,
INFO:root:Time: 00d 00h 00m 50s, num timesteps 4080, FPS 80,
	Rewards: per step mean/med/min/max, rew: 0.0029/0.0000/0.0000/0.0338,
	Losses: Policy Loss value/action/dist: 0.063/-0.001/1.098,
INFO:root:Time: 00d 00h 00m 53s, num timesteps 4320, FPS 81,
	Rewards: per step mean/med/min/max, rew: 0.0027/0.0000/0.0000/0.0338,
	Losses: Policy Loss value/action/dist: 0.063/-0.001/1.098,
INFO:root:Time: 00d 00h 00m 56s, num timesteps 4560, FPS 81,
	Rewards: per step mean/med/min/max, rew: 0.0028/0.0000/0.0000/0.0338,
	Losses: Policy Loss value/action/dist: 0.063/-0.001/1.098,
INFO:root:Time: 00d 00h 01m 01s, num timesteps 4800, FPS 78,
	Rewards: per step mean/med/min/max, rew: 0.0027/0.0000/0.0000/0.0338,
	Losses: Policy Loss value/action/dist: 0.043/-0.001/1.098,
INFO:root:Time: 00d 00h 01m 04s, num timesteps 5040, FPS 78,
	Rewards: per step mean/med/min/max, rew: 0.0027/0.0000/0.0000/0.0338,
	Losses: Policy Loss value/action/dist: 0.043/-0.001/1.098,
INFO:root:Time: 00d 00h 01m 06s, num timesteps 5280, FPS 78,
	Rewards: per step mean/med/min/max, rew: 0.0026/0.0000/0.0000/0.0338,
	Losses: Policy Loss value/action/dist: 0.043/-0.001/1.098,
INFO:root:Time: 00d 00h 01m 09s, num timesteps 5520, FPS 79,
	Rewards: per step mean/med/min/max, rew: 0.0025/0.0000/0.0000/0.0338,
	Losses: Policy Loss value/action/dist: 0.043/-0.001/1.098,
INFO:root:Time: 00d 00h 01m 12s, num timesteps 5760, FPS 79,
	Rewards: per step mean/med/min/max, rew: 0.0024/0.0000/0.0000/0.0338,
	Losses: Policy Loss value/action/dist: 0.043/-0.001/1.098,
INFO:root:Time: 00d 00h 01m 15s, num timesteps 6000, FPS 79,
	Rewards: per step mean/med/min/max, rew: 0.0024/0.0000/0.0000/0.0338,
	Losses: Policy Loss value/action/dist: 0.043/-0.001/1.098,
INFO:root:Time: 00d 00h 01m 17s, num timesteps 6240, FPS 80,
	Rewards: per step mean/med/min/max, rew: 0.0023/0.0000/0.0000/0.0338,
	Losses: Policy Loss value/action/dist: 0.043/-0.001/1.098,
INFO:root:Time: 00d 00h 01m 20s, num timesteps 6480, FPS 80,
	Rewards: per step mean/med/min/max, rew: 0.0022/0.0000/0.0000/0.0338,
	Losses: Policy Loss value/action/dist: 0.043/-0.001/1.098,
INFO:root:Time: 00d 00h 01m 23s, num timesteps 6720, FPS 80,
	Rewards: per step mean/med/min/max, rew: 0.0022/0.0000/0.0000/0.0338,
	Losses: Policy Loss value/action/dist: 0.043/-0.001/1.098,
INFO:root:Time: 00d 00h 01m 25s, num timesteps 6960, FPS 81,
	Rewards: per step mean/med/min/max, rew: 0.0024/0.0000/0.0000/0.0338,
	Losses: Policy Loss value/action/dist: 0.043/-0.001/1.098,
INFO:root:Time: 00d 00h 01m 31s, num timesteps 7200, FPS 78,
	Rewards: per step mean/med/min/max, rew: 0.0025/0.0000/0.0000/0.0338,
	Losses: Policy Loss value/action/dist: 0.036/-0.001/1.098,
INFO:root:Time: 00d 00h 01m 34s, num timesteps 7440, FPS 79,
	Rewards: per step mean/med/min/max, rew: 0.0025/0.0000/0.0000/0.0338,
	Losses: Policy Loss value/action/dist: 0.036/-0.001/1.098,
INFO:root:Time: 00d 00h 01m 36s, num timesteps 7680, FPS 79,
	Rewards: per step mean/med/min/max, rew: 0.0024/0.0000/0.0000/0.0338,
	Losses: Policy Loss value/action/dist: 0.036/-0.001/1.098,
INFO:root:Time: 00d 00h 01m 39s, num timesteps 7920, FPS 79,
	Rewards: per step mean/med/min/max, rew: 0.0024/0.0000/0.0000/0.0338,
	Losses: Policy Loss value/action/dist: 0.036/-0.001/1.098,
INFO:root:Time: 00d 00h 01m 42s, num timesteps 8160, FPS 79,
	Rewards: per step mean/med/min/max, rew: 0.0023/0.0000/0.0000/0.0338,
	Losses: Policy Loss value/action/dist: 0.036/-0.001/1.098,
INFO:root:Time: 00d 00h 01m 44s, num timesteps 8400, FPS 80,
	Rewards: per step mean/med/min/max, rew: 0.0023/0.0000/0.0000/0.0338,
	Losses: Policy Loss value/action/dist: 0.036/-0.001/1.098,
INFO:root:Time: 00d 00h 01m 47s, num timesteps 8640, FPS 80,
	Rewards: per step mean/med/min/max, rew: 0.0024/0.0000/0.0000/0.0338,
	Losses: Policy Loss value/action/dist: 0.036/-0.001/1.098,
INFO:root:Time: 00d 00h 01m 50s, num timesteps 8880, FPS 80,
	Rewards: per step mean/med/min/max, rew: 0.0023/0.0000/0.0000/0.0338,
	Losses: Policy Loss value/action/dist: 0.036/-0.001/1.098,
INFO:root:Time: 00d 00h 01m 53s, num timesteps 9120, FPS 80,
	Rewards: per step mean/med/min/max, rew: 0.0023/0.0000/0.0000/0.0338,
	Losses: Policy Loss value/action/dist: 0.036/-0.001/1.098,
INFO:root:Time: 00d 00h 01m 56s, num timesteps 9360, FPS 80,
	Rewards: per step mean/med/min/max, rew: 0.0023/0.0000/0.0000/0.0338,
	Losses: Policy Loss value/action/dist: 0.036/-0.001/1.098,
INFO:root:Time: 00d 00h 02m 01s, num timesteps 9600, FPS 79,
	Rewards: per step mean/med/min/max, rew: 0.0022/0.0000/0.0000/0.0338,
	Losses: Policy Loss value/action/dist: 0.030/-0.001/1.098,
INFO:root:Time: 00d 00h 02m 04s, num timesteps 9840, FPS 79,
	Rewards: per step mean/med/min/max, rew: 0.0022/0.0000/0.0000/0.0338,
	Losses: Policy Loss value/action/dist: 0.030/-0.001/1.098,
INFO:root:Time: 00d 00h 02m 07s, num timesteps 10080, FPS 79,
	Rewards: per step mean/med/min/max, rew: 0.0023/0.0000/0.0000/0.0338,
	Losses: Policy Loss value/action/dist: 0.030/-0.001/1.098,
INFO:root:Time: 00d 00h 02m 09s, num timesteps 10320, FPS 79,
	Rewards: per step mean/med/min/max, rew: 0.0023/0.0000/0.0000/0.0338,
	Losses: Policy Loss value/action/dist: 0.030/-0.001/1.098,
INFO:root:Time: 00d 00h 02m 12s, num timesteps 10560, FPS 79,
	Rewards: per step mean/med/min/max, rew: 0.0023/0.0001/0.0000/0.0338,
	Losses: Policy Loss value/action/dist: 0.030/-0.001/1.098,
INFO:root:Time: 00d 00h 02m 15s, num timesteps 10800, FPS 79,
	Rewards: per step mean/med/min/max, rew: 0.0023/0.0001/0.0000/0.0338,
	Losses: Policy Loss value/action/dist: 0.030/-0.001/1.098,
INFO:root:Time: 00d 00h 02m 18s, num timesteps 11040, FPS 79,
	Rewards: per step mean/med/min/max, rew: 0.0022/0.0001/0.0000/0.0338,
	Losses: Policy Loss value/action/dist: 0.030/-0.001/1.098,
INFO:root:Time: 00d 00h 02m 21s, num timesteps 11280, FPS 79,
	Rewards: per step mean/med/min/max, rew: 0.0022/0.0001/0.0000/0.0338,
	Losses: Policy Loss value/action/dist: 0.030/-0.001/1.098,
INFO:root:Time: 00d 00h 02m 23s, num timesteps 11520, FPS 80,
	Rewards: per step mean/med/min/max, rew: 0.0022/0.0001/0.0000/0.0338,
	Losses: Policy Loss value/action/dist: 0.030/-0.001/1.098,
INFO:root:Time: 00d 00h 02m 26s, num timesteps 11760, FPS 80,
	Rewards: per step mean/med/min/max, rew: 0.0021/0.0001/0.0000/0.0338,
	Losses: Policy Loss value/action/dist: 0.030/-0.001/1.098,
INFO:root:Time: 00d 00h 02m 32s, num timesteps 12000, FPS 78,
	Rewards: per step mean/med/min/max, rew: 0.0022/0.0001/0.0000/0.0338,
	Losses: Policy Loss value/action/dist: 0.026/-0.002/1.098,
INFO:root:Time: 00d 00h 02m 34s, num timesteps 12240, FPS 79,
	Rewards: per step mean/med/min/max, rew: 0.0022/0.0001/0.0000/0.0381,
	Losses: Policy Loss value/action/dist: 0.026/-0.002/1.098,
INFO:root:Time: 00d 00h 02m 37s, num timesteps 12480, FPS 79,
	Rewards: per step mean/med/min/max, rew: 0.0023/0.0001/0.0000/0.0381,
	Losses: Policy Loss value/action/dist: 0.026/-0.002/1.098,
INFO:root:Time: 00d 00h 02m 40s, num timesteps 12720, FPS 79,
	Rewards: per step mean/med/min/max, rew: 0.0024/0.0001/0.0000/0.0381,
	Losses: Policy Loss value/action/dist: 0.026/-0.002/1.098,
INFO:root:Time: 00d 00h 02m 43s, num timesteps 12960, FPS 79,
	Rewards: per step mean/med/min/max, rew: 0.0025/0.0001/0.0000/0.0381,
	Losses: Policy Loss value/action/dist: 0.026/-0.002/1.098,
INFO:root:Time: 00d 00h 02m 45s, num timesteps 13200, FPS 79,
	Rewards: per step mean/med/min/max, rew: 0.0025/0.0001/0.0000/0.0381,
	Losses: Policy Loss value/action/dist: 0.026/-0.002/1.098,
INFO:root:Time: 00d 00h 02m 48s, num timesteps 13440, FPS 79,
	Rewards: per step mean/med/min/max, rew: 0.0025/0.0001/0.0000/0.0444,
	Losses: Policy Loss value/action/dist: 0.026/-0.002/1.098,
INFO:root:Time: 00d 00h 02m 51s, num timesteps 13680, FPS 79,
	Rewards: per step mean/med/min/max, rew: 0.0026/0.0001/0.0000/0.0444,
	Losses: Policy Loss value/action/dist: 0.026/-0.002/1.098,
INFO:root:Time: 00d 00h 02m 54s, num timesteps 13920, FPS 79,
	Rewards: per step mean/med/min/max, rew: 0.0026/0.0002/0.0000/0.0444,
	Losses: Policy Loss value/action/dist: 0.026/-0.002/1.098,
INFO:root:Time: 00d 00h 02m 56s, num timesteps 14160, FPS 80,
	Rewards: per step mean/med/min/max, rew: 0.0026/0.0002/0.0000/0.0444,
	Losses: Policy Loss value/action/dist: 0.026/-0.002/1.098,
INFO:root:Time: 00d 00h 03m 02s, num timesteps 14400, FPS 79,
	Rewards: per step mean/med/min/max, rew: 0.0026/0.0002/0.0000/0.0444,
	Losses: Policy Loss value/action/dist: 0.032/-0.003/1.097,
INFO:root:Time: 00d 00h 03m 05s, num timesteps 14640, FPS 79,
	Rewards: per step mean/med/min/max, rew: 0.0026/0.0002/0.0000/0.0444,
	Losses: Policy Loss value/action/dist: 0.032/-0.003/1.097,
INFO:root:Time: 00d 00h 03m 07s, num timesteps 14880, FPS 79,
	Rewards: per step mean/med/min/max, rew: 0.0026/0.0002/0.0000/0.0444,
	Losses: Policy Loss value/action/dist: 0.032/-0.003/1.097,
INFO:root:Time: 00d 00h 03m 10s, num timesteps 15120, FPS 79,
	Rewards: per step mean/med/min/max, rew: 0.0026/0.0002/0.0000/0.0444,
	Losses: Policy Loss value/action/dist: 0.032/-0.003/1.097,
INFO:root:Time: 00d 00h 03m 13s, num timesteps 15360, FPS 79,
	Rewards: per step mean/med/min/max, rew: 0.0026/0.0002/0.0000/0.0444,
	Losses: Policy Loss value/action/dist: 0.032/-0.003/1.097,
INFO:root:Time: 00d 00h 03m 15s, num timesteps 15600, FPS 79,
	Rewards: per step mean/med/min/max, rew: 0.0026/0.0002/0.0000/0.0444,
	Losses: Policy Loss value/action/dist: 0.032/-0.003/1.097,
INFO:root:Time: 00d 00h 03m 18s, num timesteps 15840, FPS 79,
	Rewards: per step mean/med/min/max, rew: 0.0026/0.0002/0.0000/0.0444,
	Losses: Policy Loss value/action/dist: 0.032/-0.003/1.097,
INFO:root:Time: 00d 00h 03m 21s, num timesteps 16080, FPS 79,
	Rewards: per step mean/med/min/max, rew: 0.0027/0.0002/0.0000/0.0444,
	Losses: Policy Loss value/action/dist: 0.032/-0.003/1.097,
INFO:root:Time: 00d 00h 03m 24s, num timesteps 16320, FPS 79,
	Rewards: per step mean/med/min/max, rew: 0.0027/0.0002/0.0000/0.0444,
	Losses: Policy Loss value/action/dist: 0.032/-0.003/1.097,
INFO:root:Time: 00d 00h 03m 26s, num timesteps 16560, FPS 80,
	Rewards: per step mean/med/min/max, rew: 0.0026/0.0002/0.0000/0.0444,
	Losses: Policy Loss value/action/dist: 0.032/-0.003/1.097,
INFO:root:Time: 00d 00h 03m 32s, num timesteps 16800, FPS 79,
	Rewards: per step mean/med/min/max, rew: 0.0026/0.0002/0.0000/0.0444,
	Losses: Policy Loss value/action/dist: 0.030/-0.004/1.095,
INFO:root:Time: 00d 00h 03m 35s, num timesteps 17040, FPS 79,
	Rewards: per step mean/med/min/max, rew: 0.0026/0.0002/0.0000/0.0444,
	Losses: Policy Loss value/action/dist: 0.030/-0.004/1.095,
INFO:root:Time: 00d 00h 03m 37s, num timesteps 17280, FPS 79,
	Rewards: per step mean/med/min/max, rew: 0.0026/0.0002/0.0000/0.0444,
	Losses: Policy Loss value/action/dist: 0.030/-0.004/1.095,
INFO:root:Time: 00d 00h 03m 40s, num timesteps 17520, FPS 79,
	Rewards: per step mean/med/min/max, rew: 0.0026/0.0002/0.0000/0.0444,
	Losses: Policy Loss value/action/dist: 0.030/-0.004/1.095,
INFO:root:Time: 00d 00h 03m 43s, num timesteps 17760, FPS 79,
	Rewards: per step mean/med/min/max, rew: 0.0026/0.0002/0.0000/0.0444,
	Losses: Policy Loss value/action/dist: 0.030/-0.004/1.095,
INFO:root:Time: 00d 00h 03m 46s, num timesteps 18000, FPS 79,
	Rewards: per step mean/med/min/max, rew: 0.0025/0.0003/0.0000/0.0444,
	Losses: Policy Loss value/action/dist: 0.030/-0.004/1.095,
INFO:root:Time: 00d 00h 03m 48s, num timesteps 18240, FPS 79,
	Rewards: per step mean/med/min/max, rew: 0.0025/0.0003/0.0000/0.0444,
	Losses: Policy Loss value/action/dist: 0.030/-0.004/1.095,
INFO:root:Time: 00d 00h 03m 51s, num timesteps 18480, FPS 79,
	Rewards: per step mean/med/min/max, rew: 0.0026/0.0003/0.0000/0.0444,
	Losses: Policy Loss value/action/dist: 0.030/-0.004/1.095,
INFO:root:Time: 00d 00h 03m 54s, num timesteps 18720, FPS 79,
	Rewards: per step mean/med/min/max, rew: 0.0026/0.0003/0.0000/0.0444,
	Losses: Policy Loss value/action/dist: 0.030/-0.004/1.095,
INFO:root:Time: 00d 00h 03m 57s, num timesteps 18960, FPS 79,
	Rewards: per step mean/med/min/max, rew: 0.0025/0.0003/0.0000/0.0444,
	Losses: Policy Loss value/action/dist: 0.030/-0.004/1.095,
INFO:root:Time: 00d 00h 04m 02s, num timesteps 19200, FPS 79,
	Rewards: per step mean/med/min/max, rew: 0.0025/0.0003/0.0000/0.0444,
	Losses: Policy Loss value/action/dist: 0.029/-0.005/1.094,
INFO:root:Time: 00d 00h 04m 05s, num timesteps 19440, FPS 79,
	Rewards: per step mean/med/min/max, rew: 0.0025/0.0003/0.0000/0.0444,
	Losses: Policy Loss value/action/dist: 0.029/-0.005/1.094,
INFO:root:Time: 00d 00h 04m 07s, num timesteps 19680, FPS 79,
	Rewards: per step mean/med/min/max, rew: 0.0025/0.0003/0.0000/0.0444,
	Losses: Policy Loss value/action/dist: 0.029/-0.005/1.094,
INFO:root:Time: 00d 00h 04m 10s, num timesteps 19920, FPS 79,
	Rewards: per step mean/med/min/max, rew: 0.0025/0.0003/0.0000/0.0444,
	Losses: Policy Loss value/action/dist: 0.029/-0.005/1.094,
INFO:root:Time: 00d 00h 04m 13s, num timesteps 20160, FPS 79,
	Rewards: per step mean/med/min/max, rew: 0.0024/0.0002/0.0000/0.0444,
	Losses: Policy Loss value/action/dist: 0.029/-0.005/1.094,
INFO:root:Time: 00d 00h 04m 16s, num timesteps 20400, FPS 79,
	Rewards: per step mean/med/min/max, rew: 0.0024/0.0002/0.0000/0.0444,
	Losses: Policy Loss value/action/dist: 0.029/-0.005/1.094,
INFO:root:Time: 00d 00h 04m 18s, num timesteps 20640, FPS 79,
	Rewards: per step mean/med/min/max, rew: 0.0025/0.0002/0.0000/0.0468,
	Losses: Policy Loss value/action/dist: 0.029/-0.005/1.094,
INFO:root:Time: 00d 00h 04m 21s, num timesteps 20880, FPS 79,
	Rewards: per step mean/med/min/max, rew: 0.0025/0.0002/0.0000/0.0468,
	Losses: Policy Loss value/action/dist: 0.029/-0.005/1.094,
INFO:root:Time: 00d 00h 04m 24s, num timesteps 21120, FPS 79,
	Rewards: per step mean/med/min/max, rew: 0.0025/0.0002/0.0000/0.0468,
	Losses: Policy Loss value/action/dist: 0.029/-0.005/1.094,
INFO:root:Time: 00d 00h 04m 26s, num timesteps 21360, FPS 80,
	Rewards: per step mean/med/min/max, rew: 0.0025/0.0002/0.0000/0.0468,
	Losses: Policy Loss value/action/dist: 0.029/-0.005/1.094,
INFO:root:Time: 00d 00h 04m 32s, num timesteps 21600, FPS 79,
	Rewards: per step mean/med/min/max, rew: 0.0024/0.0002/0.0000/0.0468,
	Losses: Policy Loss value/action/dist: 0.032/-0.005/1.093,
INFO:root:Time: 00d 00h 04m 34s, num timesteps 21840, FPS 79,
	Rewards: per step mean/med/min/max, rew: 0.0024/0.0002/0.0000/0.0468,
	Losses: Policy Loss value/action/dist: 0.032/-0.005/1.093,
INFO:root:Time: 00d 00h 04m 37s, num timesteps 22080, FPS 79,
	Rewards: per step mean/med/min/max, rew: 0.0024/0.0002/0.0000/0.0468,
	Losses: Policy Loss value/action/dist: 0.032/-0.005/1.093,
INFO:root:Time: 00d 00h 04m 40s, num timesteps 22320, FPS 79,
	Rewards: per step mean/med/min/max, rew: 0.0024/0.0002/0.0000/0.0468,
	Losses: Policy Loss value/action/dist: 0.032/-0.005/1.093,
INFO:root:Time: 00d 00h 04m 42s, num timesteps 22560, FPS 79,
	Rewards: per step mean/med/min/max, rew: 0.0024/0.0002/0.0000/0.0468,
	Losses: Policy Loss value/action/dist: 0.032/-0.005/1.093,
INFO:root:Time: 00d 00h 04m 45s, num timesteps 22800, FPS 79,
	Rewards: per step mean/med/min/max, rew: 0.0024/0.0002/0.0000/0.0468,
	Losses: Policy Loss value/action/dist: 0.032/-0.005/1.093,
INFO:root:Time: 00d 00h 04m 48s, num timesteps 23040, FPS 79,
	Rewards: per step mean/med/min/max, rew: 0.0024/0.0002/0.0000/0.0468,
	Losses: Policy Loss value/action/dist: 0.032/-0.005/1.093,
INFO:root:Time: 00d 00h 04m 51s, num timesteps 23280, FPS 79,
	Rewards: per step mean/med/min/max, rew: 0.0024/0.0002/0.0000/0.0468,
	Losses: Policy Loss value/action/dist: 0.032/-0.005/1.093,
INFO:root:Time: 00d 00h 04m 53s, num timesteps 23520, FPS 80,
	Rewards: per step mean/med/min/max, rew: 0.0024/0.0002/0.0000/0.0468,
	Losses: Policy Loss value/action/dist: 0.032/-0.005/1.093,
INFO:root:Time: 00d 00h 04m 56s, num timesteps 23760, FPS 80,
	Rewards: per step mean/med/min/max, rew: 0.0024/0.0002/0.0000/0.0468,
	Losses: Policy Loss value/action/dist: 0.032/-0.005/1.093,
INFO:root:Time: 00d 00h 05m 02s, num timesteps 24000, FPS 79,
	Rewards: per step mean/med/min/max, rew: 0.0024/0.0002/0.0000/0.0468,
	Losses: Policy Loss value/action/dist: 0.032/-0.006/1.092,
INFO:root:Time: 00d 00h 05m 04s, num timesteps 24240, FPS 79,
	Rewards: per step mean/med/min/max, rew: 0.0023/0.0002/0.0000/0.0468,
	Losses: Policy Loss value/action/dist: 0.032/-0.006/1.092,
INFO:root:Time: 00d 00h 05m 07s, num timesteps 24480, FPS 79,
	Rewards: per step mean/med/min/max, rew: 0.0024/0.0002/0.0000/0.0468,
	Losses: Policy Loss value/action/dist: 0.032/-0.006/1.092,
INFO:root:Time: 00d 00h 05m 10s, num timesteps 24720, FPS 79,
	Rewards: per step mean/med/min/max, rew: 0.0025/0.0002/0.0000/0.0468,
	Losses: Policy Loss value/action/dist: 0.032/-0.006/1.092,
INFO:root:Time: 00d 00h 05m 13s, num timesteps 24960, FPS 79,
	Rewards: per step mean/med/min/max, rew: 0.0025/0.0002/0.0000/0.0468,
	Losses: Policy Loss value/action/dist: 0.032/-0.006/1.092,
INFO:root:Time: 00d 00h 05m 15s, num timesteps 25200, FPS 79,
	Rewards: per step mean/med/min/max, rew: 0.0026/0.0003/0.0000/0.0468,
	Losses: Policy Loss value/action/dist: 0.032/-0.006/1.092,
INFO:root:Time: 00d 00h 05m 18s, num timesteps 25440, FPS 79,
	Rewards: per step mean/med/min/max, rew: 0.0027/0.0003/0.0000/0.0468,
	Losses: Policy Loss value/action/dist: 0.032/-0.006/1.092,
INFO:root:Time: 00d 00h 05m 21s, num timesteps 25680, FPS 79,
	Rewards: per step mean/med/min/max, rew: 0.0027/0.0003/0.0000/0.0468,
	Losses: Policy Loss value/action/dist: 0.032/-0.006/1.092,
INFO:root:Time: 00d 00h 05m 24s, num timesteps 25920, FPS 79,
	Rewards: per step mean/med/min/max, rew: 0.0026/0.0003/0.0000/0.0468,
	Losses: Policy Loss value/action/dist: 0.032/-0.006/1.092,
INFO:root:Time: 00d 00h 05m 26s, num timesteps 26160, FPS 80,
	Rewards: per step mean/med/min/max, rew: 0.0026/0.0003/0.0000/0.0468,
	Losses: Policy Loss value/action/dist: 0.032/-0.006/1.092,
INFO:root:Time: 00d 00h 05m 32s, num timesteps 26400, FPS 79,
	Rewards: per step mean/med/min/max, rew: 0.0025/0.0003/0.0000/0.0468,
	Losses: Policy Loss value/action/dist: 0.034/-0.007/1.090,
INFO:root:Time: 00d 00h 05m 34s, num timesteps 26640, FPS 79,
	Rewards: per step mean/med/min/max, rew: 0.0025/0.0003/0.0000/0.0468,
	Losses: Policy Loss value/action/dist: 0.034/-0.007/1.090,
INFO:root:Time: 00d 00h 05m 37s, num timesteps 26880, FPS 79,
	Rewards: per step mean/med/min/max, rew: 0.0026/0.0003/0.0000/0.0468,
	Losses: Policy Loss value/action/dist: 0.034/-0.007/1.090,
INFO:root:Time: 00d 00h 05m 40s, num timesteps 27120, FPS 79,
	Rewards: per step mean/med/min/max, rew: 0.0026/0.0003/0.0000/0.0564,
	Losses: Policy Loss value/action/dist: 0.034/-0.007/1.090,
INFO:root:Time: 00d 00h 05m 42s, num timesteps 27360, FPS 79,
	Rewards: per step mean/med/min/max, rew: 0.0026/0.0003/0.0000/0.0564,
	Losses: Policy Loss value/action/dist: 0.034/-0.007/1.090,
INFO:root:Time: 00d 00h 05m 45s, num timesteps 27600, FPS 79,
	Rewards: per step mean/med/min/max, rew: 0.0026/0.0003/0.0000/0.0564,
	Losses: Policy Loss value/action/dist: 0.034/-0.007/1.090,
INFO:root:Time: 00d 00h 05m 48s, num timesteps 27840, FPS 79,
	Rewards: per step mean/med/min/max, rew: 0.0027/0.0004/0.0000/0.0564,
	Losses: Policy Loss value/action/dist: 0.034/-0.007/1.090,
INFO:root:Time: 00d 00h 05m 51s, num timesteps 28080, FPS 79,
	Rewards: per step mean/med/min/max, rew: 0.0027/0.0004/0.0000/0.0564,
	Losses: Policy Loss value/action/dist: 0.034/-0.007/1.090,
INFO:root:Time: 00d 00h 05m 53s, num timesteps 28320, FPS 80,
	Rewards: per step mean/med/min/max, rew: 0.0027/0.0004/0.0000/0.0564,
	Losses: Policy Loss value/action/dist: 0.034/-0.007/1.090,
INFO:root:Time: 00d 00h 05m 56s, num timesteps 28560, FPS 80,
	Rewards: per step mean/med/min/max, rew: 0.0028/0.0004/0.0000/0.0564,
	Losses: Policy Loss value/action/dist: 0.034/-0.007/1.090,
INFO:root:Time: 00d 00h 06m 01s, num timesteps 28800, FPS 79,
	Rewards: per step mean/med/min/max, rew: 0.0028/0.0004/0.0000/0.0564,
	Losses: Policy Loss value/action/dist: 0.037/-0.009/1.088,
INFO:root:Time: 00d 00h 06m 04s, num timesteps 29040, FPS 79,
	Rewards: per step mean/med/min/max, rew: 0.0028/0.0004/0.0000/0.0564,
	Losses: Policy Loss value/action/dist: 0.037/-0.009/1.088,
INFO:root:Time: 00d 00h 06m 07s, num timesteps 29280, FPS 79,
	Rewards: per step mean/med/min/max, rew: 0.0028/0.0004/0.0000/0.0564,
	Losses: Policy Loss value/action/dist: 0.037/-0.009/1.088,
INFO:root:Time: 00d 00h 06m 09s, num timesteps 29520, FPS 79,
	Rewards: per step mean/med/min/max, rew: 0.0028/0.0005/0.0000/0.0564,
	Losses: Policy Loss value/action/dist: 0.037/-0.009/1.088,
INFO:root:Time: 00d 00h 06m 12s, num timesteps 29760, FPS 79,
	Rewards: per step mean/med/min/max, rew: 0.0028/0.0005/0.0000/0.0564,
	Losses: Policy Loss value/action/dist: 0.037/-0.009/1.088,
INFO:root:Time: 00d 00h 06m 15s, num timesteps 30000, FPS 79,
	Rewards: per step mean/med/min/max, rew: 0.0028/0.0005/0.0000/0.0564,
	Losses: Policy Loss value/action/dist: 0.037/-0.009/1.088,
INFO:root:Time: 00d 00h 06m 17s, num timesteps 30240, FPS 80,
	Rewards: per step mean/med/min/max, rew: 0.0029/0.0005/0.0000/0.0564,
	Losses: Policy Loss value/action/dist: 0.037/-0.009/1.088,
INFO:root:Time: 00d 00h 06m 20s, num timesteps 30480, FPS 80,
	Rewards: per step mean/med/min/max, rew: 0.0029/0.0005/0.0000/0.0564,
	Losses: Policy Loss value/action/dist: 0.037/-0.009/1.088,
INFO:root:Time: 00d 00h 06m 23s, num timesteps 30720, FPS 80,
	Rewards: per step mean/med/min/max, rew: 0.0029/0.0005/0.0000/0.0564,
	Losses: Policy Loss value/action/dist: 0.037/-0.009/1.088,
INFO:root:Time: 00d 00h 06m 26s, num timesteps 30960, FPS 80,
	Rewards: per step mean/med/min/max, rew: 0.0028/0.0005/0.0000/0.0564,
	Losses: Policy Loss value/action/dist: 0.037/-0.009/1.088,
INFO:root:Time: 00d 00h 06m 31s, num timesteps 31200, FPS 79,
	Rewards: per step mean/med/min/max, rew: 0.0028/0.0006/0.0000/0.0564,
	Losses: Policy Loss value/action/dist: 0.035/-0.010/1.086,
INFO:root:Time: 00d 00h 06m 34s, num timesteps 31440, FPS 79,
	Rewards: per step mean/med/min/max, rew: 0.0029/0.0006/0.0000/0.0564,
	Losses: Policy Loss value/action/dist: 0.035/-0.010/1.086,
INFO:root:Time: 00d 00h 06m 36s, num timesteps 31680, FPS 79,
	Rewards: per step mean/med/min/max, rew: 0.0029/0.0006/0.0000/0.0564,
	Losses: Policy Loss value/action/dist: 0.035/-0.010/1.086,
INFO:root:Time: 00d 00h 06m 39s, num timesteps 31920, FPS 79,
	Rewards: per step mean/med/min/max, rew: 0.0030/0.0006/0.0000/0.0564,
	Losses: Policy Loss value/action/dist: 0.035/-0.010/1.086,
INFO:root:Time: 00d 00h 06m 42s, num timesteps 32160, FPS 79,
	Rewards: per step mean/med/min/max, rew: 0.0030/0.0007/0.0000/0.0564,
	Losses: Policy Loss value/action/dist: 0.035/-0.010/1.086,
INFO:root:Time: 00d 00h 06m 44s, num timesteps 32400, FPS 80,
	Rewards: per step mean/med/min/max, rew: 0.0030/0.0007/0.0000/0.0564,
	Losses: Policy Loss value/action/dist: 0.035/-0.010/1.086,
INFO:root:Time: 00d 00h 06m 47s, num timesteps 32640, FPS 80,
	Rewards: per step mean/med/min/max, rew: 0.0029/0.0007/0.0000/0.0564,
	Losses: Policy Loss value/action/dist: 0.035/-0.010/1.086,
INFO:root:Time: 00d 00h 06m 50s, num timesteps 32880, FPS 80,
	Rewards: per step mean/med/min/max, rew: 0.0030/0.0007/0.0000/0.0564,
	Losses: Policy Loss value/action/dist: 0.035/-0.010/1.086,
INFO:root:Time: 00d 00h 06m 52s, num timesteps 33120, FPS 80,
	Rewards: per step mean/med/min/max, rew: 0.0030/0.0007/0.0000/0.0564,
	Losses: Policy Loss value/action/dist: 0.035/-0.010/1.086,
INFO:root:Time: 00d 00h 06m 55s, num timesteps 33360, FPS 80,
	Rewards: per step mean/med/min/max, rew: 0.0030/0.0007/0.0000/0.0564,
	Losses: Policy Loss value/action/dist: 0.035/-0.010/1.086,
INFO:root:Time: 00d 00h 07m 00s, num timesteps 33600, FPS 79,
	Rewards: per step mean/med/min/max, rew: 0.0031/0.0008/0.0000/0.0564,
	Losses: Policy Loss value/action/dist: 0.035/-0.010/1.084,
INFO:root:Time: 00d 00h 07m 03s, num timesteps 33840, FPS 79,
	Rewards: per step mean/med/min/max, rew: 0.0031/0.0008/0.0000/0.0564,
	Losses: Policy Loss value/action/dist: 0.035/-0.010/1.084,
INFO:root:Time: 00d 00h 07m 05s, num timesteps 34080, FPS 80,
	Rewards: per step mean/med/min/max, rew: 0.0031/0.0008/0.0000/0.0564,
	Losses: Policy Loss value/action/dist: 0.035/-0.010/1.084,
INFO:root:Time: 00d 00h 07m 08s, num timesteps 34320, FPS 80,
	Rewards: per step mean/med/min/max, rew: 0.0031/0.0008/0.0000/0.0564,
	Losses: Policy Loss value/action/dist: 0.035/-0.010/1.084,
INFO:root:Time: 00d 00h 07m 11s, num timesteps 34560, FPS 80,
	Rewards: per step mean/med/min/max, rew: 0.0031/0.0008/0.0000/0.0564,
	Losses: Policy Loss value/action/dist: 0.035/-0.010/1.084,
INFO:root:Time: 00d 00h 07m 14s, num timesteps 34800, FPS 80,
	Rewards: per step mean/med/min/max, rew: 0.0031/0.0008/0.0000/0.0564,
	Losses: Policy Loss value/action/dist: 0.035/-0.010/1.084,
INFO:root:Time: 00d 00h 07m 16s, num timesteps 35040, FPS 80,
	Rewards: per step mean/med/min/max, rew: 0.0031/0.0008/0.0000/0.0564,
	Losses: Policy Loss value/action/dist: 0.035/-0.010/1.084,
INFO:root:Time: 00d 00h 07m 19s, num timesteps 35280, FPS 80,
	Rewards: per step mean/med/min/max, rew: 0.0032/0.0008/0.0000/0.0564,
	Losses: Policy Loss value/action/dist: 0.035/-0.010/1.084,
INFO:root:Time: 00d 00h 07m 22s, num timesteps 35520, FPS 80,
	Rewards: per step mean/med/min/max, rew: 0.0032/0.0009/0.0000/0.0564,
	Losses: Policy Loss value/action/dist: 0.035/-0.010/1.084,
INFO:root:Time: 00d 00h 07m 24s, num timesteps 35760, FPS 80,
	Rewards: per step mean/med/min/max, rew: 0.0032/0.0009/0.0000/0.0564,
	Losses: Policy Loss value/action/dist: 0.035/-0.010/1.084,
INFO:root:Time: 00d 00h 07m 30s, num timesteps 36000, FPS 79,
	Rewards: per step mean/med/min/max, rew: 0.0032/0.0009/0.0000/0.0564,
	Losses: Policy Loss value/action/dist: 0.035/-0.011/1.081,
INFO:root:Time: 00d 00h 07m 32s, num timesteps 36240, FPS 80,
	Rewards: per step mean/med/min/max, rew: 0.0032/0.0009/0.0000/0.0564,
	Losses: Policy Loss value/action/dist: 0.035/-0.011/1.081,
INFO:root:Time: 00d 00h 07m 35s, num timesteps 36480, FPS 80,
	Rewards: per step mean/med/min/max, rew: 0.0034/0.0009/0.0000/0.0564,
	Losses: Policy Loss value/action/dist: 0.035/-0.011/1.081,
INFO:root:Time: 00d 00h 07m 38s, num timesteps 36720, FPS 80,
	Rewards: per step mean/med/min/max, rew: 0.0033/0.0009/0.0000/0.0564,
	Losses: Policy Loss value/action/dist: 0.035/-0.011/1.081,
INFO:root:Time: 00d 00h 07m 41s, num timesteps 36960, FPS 80,
	Rewards: per step mean/med/min/max, rew: 0.0033/0.0009/0.0000/0.0564,
	Losses: Policy Loss value/action/dist: 0.035/-0.011/1.081,
INFO:root:Time: 00d 00h 07m 43s, num timesteps 37200, FPS 80,
	Rewards: per step mean/med/min/max, rew: 0.0034/0.0009/0.0000/0.0564,
	Losses: Policy Loss value/action/dist: 0.035/-0.011/1.081,
INFO:root:Time: 00d 00h 07m 46s, num timesteps 37440, FPS 80,
	Rewards: per step mean/med/min/max, rew: 0.0034/0.0010/0.0000/0.0564,
	Losses: Policy Loss value/action/dist: 0.035/-0.011/1.081,
INFO:root:Time: 00d 00h 07m 49s, num timesteps 37680, FPS 80,
	Rewards: per step mean/med/min/max, rew: 0.0033/0.0009/0.0000/0.0564,
	Losses: Policy Loss value/action/dist: 0.035/-0.011/1.081,
INFO:root:Time: 00d 00h 07m 51s, num timesteps 37920, FPS 80,
	Rewards: per step mean/med/min/max, rew: 0.0033/0.0009/0.0000/0.0564,
	Losses: Policy Loss value/action/dist: 0.035/-0.011/1.081,
INFO:root:Time: 00d 00h 07m 54s, num timesteps 38160, FPS 80,
	Rewards: per step mean/med/min/max, rew: 0.0033/0.0010/0.0000/0.0564,
	Losses: Policy Loss value/action/dist: 0.035/-0.011/1.081,
INFO:root:Time: 00d 00h 07m 59s, num timesteps 38400, FPS 80,
	Rewards: per step mean/med/min/max, rew: 0.0034/0.0010/0.0000/0.0564,
	Losses: Policy Loss value/action/dist: 0.036/-0.012/1.078,
INFO:root:Time: 00d 00h 08m 02s, num timesteps 38640, FPS 80,
	Rewards: per step mean/med/min/max, rew: 0.0034/0.0010/0.0000/0.0564,
	Losses: Policy Loss value/action/dist: 0.036/-0.012/1.078,
INFO:root:Time: 00d 00h 08m 05s, num timesteps 38880, FPS 80,
	Rewards: per step mean/med/min/max, rew: 0.0034/0.0010/0.0000/0.0564,
	Losses: Policy Loss value/action/dist: 0.036/-0.012/1.078,
INFO:root:Time: 00d 00h 08m 07s, num timesteps 39120, FPS 80,
	Rewards: per step mean/med/min/max, rew: 0.0034/0.0010/0.0000/0.0564,
	Losses: Policy Loss value/action/dist: 0.036/-0.012/1.078,
INFO:root:Time: 00d 00h 08m 10s, num timesteps 39360, FPS 80,
	Rewards: per step mean/med/min/max, rew: 0.0034/0.0010/0.0000/0.0564,
	Losses: Policy Loss value/action/dist: 0.036/-0.012/1.078,
INFO:root:Time: 00d 00h 08m 13s, num timesteps 39600, FPS 80,
	Rewards: per step mean/med/min/max, rew: 0.0034/0.0010/0.0000/0.0564,
	Losses: Policy Loss value/action/dist: 0.036/-0.012/1.078,
INFO:root:Time: 00d 00h 08m 15s, num timesteps 39840, FPS 80,
	Rewards: per step mean/med/min/max, rew: 0.0034/0.0010/0.0000/0.0564,
	Losses: Policy Loss value/action/dist: 0.036/-0.012/1.078,
INFO:root:Time: 00d 00h 08m 18s, num timesteps 40080, FPS 80,
	Rewards: per step mean/med/min/max, rew: 0.0034/0.0010/0.0000/0.0564,
	Losses: Policy Loss value/action/dist: 0.036/-0.012/1.078,
INFO:root:Time: 00d 00h 08m 21s, num timesteps 40320, FPS 80,
	Rewards: per step mean/med/min/max, rew: 0.0034/0.0010/0.0000/0.0564,
	Losses: Policy Loss value/action/dist: 0.036/-0.012/1.078,
INFO:root:Time: 00d 00h 08m 24s, num timesteps 40560, FPS 80,
	Rewards: per step mean/med/min/max, rew: 0.0034/0.0010/0.0000/0.0564,
	Losses: Policy Loss value/action/dist: 0.036/-0.012/1.078,
INFO:root:Time: 00d 00h 08m 29s, num timesteps 40800, FPS 80,
	Rewards: per step mean/med/min/max, rew: 0.0034/0.0010/0.0000/0.0564,
	Losses: Policy Loss value/action/dist: 0.036/-0.012/1.075,
INFO:root:Time: 00d 00h 08m 32s, num timesteps 41040, FPS 80,
	Rewards: per step mean/med/min/max, rew: 0.0034/0.0010/0.0000/0.0564,
	Losses: Policy Loss value/action/dist: 0.036/-0.012/1.075,
INFO:root:Time: 00d 00h 08m 34s, num timesteps 41280, FPS 80,
	Rewards: per step mean/med/min/max, rew: 0.0035/0.0011/0.0000/0.0564,
	Losses: Policy Loss value/action/dist: 0.036/-0.012/1.075,
INFO:root:Time: 00d 00h 08m 37s, num timesteps 41520, FPS 80,
	Rewards: per step mean/med/min/max, rew: 0.0035/0.0011/0.0000/0.0564,
	Losses: Policy Loss value/action/dist: 0.036/-0.012/1.075,
INFO:root:Time: 00d 00h 08m 40s, num timesteps 41760, FPS 80,
	Rewards: per step mean/med/min/max, rew: 0.0035/0.0010/0.0000/0.0564,
	Losses: Policy Loss value/action/dist: 0.036/-0.012/1.075,
INFO:root:Time: 00d 00h 08m 42s, num timesteps 42000, FPS 80,
	Rewards: per step mean/med/min/max, rew: 0.0035/0.0010/0.0000/0.0564,
	Losses: Policy Loss value/action/dist: 0.036/-0.012/1.075,
INFO:root:Time: 00d 00h 08m 45s, num timesteps 42240, FPS 80,
	Rewards: per step mean/med/min/max, rew: 0.0035/0.0010/0.0000/0.0564,
	Losses: Policy Loss value/action/dist: 0.036/-0.012/1.075,
INFO:root:Time: 00d 00h 08m 48s, num timesteps 42480, FPS 80,
	Rewards: per step mean/med/min/max, rew: 0.0035/0.0010/0.0000/0.0564,
	Losses: Policy Loss value/action/dist: 0.036/-0.012/1.075,
INFO:root:Time: 00d 00h 08m 50s, num timesteps 42720, FPS 80,
	Rewards: per step mean/med/min/max, rew: 0.0035/0.0010/0.0000/0.0564,
	Losses: Policy Loss value/action/dist: 0.036/-0.012/1.075,
INFO:root:Time: 00d 00h 08m 53s, num timesteps 42960, FPS 80,
	Rewards: per step mean/med/min/max, rew: 0.0035/0.0011/0.0000/0.0564,
	Losses: Policy Loss value/action/dist: 0.036/-0.012/1.075,
INFO:root:Time: 00d 00h 08m 58s, num timesteps 43200, FPS 80,
	Rewards: per step mean/med/min/max, rew: 0.0035/0.0010/0.0000/0.0564,
	Losses: Policy Loss value/action/dist: 0.036/-0.012/1.072,
INFO:root:Time: 00d 00h 09m 01s, num timesteps 43440, FPS 80,
	Rewards: per step mean/med/min/max, rew: 0.0035/0.0011/0.0000/0.0564,
	Losses: Policy Loss value/action/dist: 0.036/-0.012/1.072,
INFO:root:Time: 00d 00h 09m 04s, num timesteps 43680, FPS 80,
	Rewards: per step mean/med/min/max, rew: 0.0035/0.0011/0.0000/0.0564,
	Losses: Policy Loss value/action/dist: 0.036/-0.012/1.072,
INFO:root:Time: 00d 00h 09m 06s, num timesteps 43920, FPS 80,
	Rewards: per step mean/med/min/max, rew: 0.0035/0.0011/0.0000/0.0564,
	Losses: Policy Loss value/action/dist: 0.036/-0.012/1.072,
INFO:root:Time: 00d 00h 09m 09s, num timesteps 44160, FPS 80,
	Rewards: per step mean/med/min/max, rew: 0.0036/0.0011/0.0000/0.0564,
	Losses: Policy Loss value/action/dist: 0.036/-0.012/1.072,
INFO:root:Time: 00d 00h 09m 12s, num timesteps 44400, FPS 80,
	Rewards: per step mean/med/min/max, rew: 0.0036/0.0011/0.0000/0.0564,
	Losses: Policy Loss value/action/dist: 0.036/-0.012/1.072,
INFO:root:Time: 00d 00h 09m 14s, num timesteps 44640, FPS 80,
	Rewards: per step mean/med/min/max, rew: 0.0035/0.0011/0.0000/0.0564,
	Losses: Policy Loss value/action/dist: 0.036/-0.012/1.072,
INFO:root:Time: 00d 00h 09m 17s, num timesteps 44880, FPS 80,
	Rewards: per step mean/med/min/max, rew: 0.0035/0.0011/0.0000/0.0564,
	Losses: Policy Loss value/action/dist: 0.036/-0.012/1.072,
INFO:root:Time: 00d 00h 09m 20s, num timesteps 45120, FPS 80,
	Rewards: per step mean/med/min/max, rew: 0.0035/0.0011/0.0000/0.0564,
	Losses: Policy Loss value/action/dist: 0.036/-0.012/1.072,
INFO:root:Time: 00d 00h 09m 22s, num timesteps 45360, FPS 80,
	Rewards: per step mean/med/min/max, rew: 0.0036/0.0011/0.0000/0.0564,
	Losses: Policy Loss value/action/dist: 0.036/-0.012/1.072,
INFO:root:Time: 00d 00h 09m 28s, num timesteps 45600, FPS 80,
	Rewards: per step mean/med/min/max, rew: 0.0036/0.0011/0.0000/0.0564,
	Losses: Policy Loss value/action/dist: 0.035/-0.012/1.070,
INFO:root:Time: 00d 00h 09m 31s, num timesteps 45840, FPS 80,
	Rewards: per step mean/med/min/max, rew: 0.0036/0.0011/0.0000/0.0564,
	Losses: Policy Loss value/action/dist: 0.035/-0.012/1.070,
INFO:root:Time: 00d 00h 09m 33s, num timesteps 46080, FPS 80,
	Rewards: per step mean/med/min/max, rew: 0.0036/0.0011/0.0000/0.0564,
	Losses: Policy Loss value/action/dist: 0.035/-0.012/1.070,
INFO:root:Time: 00d 00h 09m 36s, num timesteps 46320, FPS 80,
	Rewards: per step mean/med/min/max, rew: 0.0036/0.0011/0.0000/0.0564,
	Losses: Policy Loss value/action/dist: 0.035/-0.012/1.070,
INFO:root:Time: 00d 00h 09m 39s, num timesteps 46560, FPS 80,
	Rewards: per step mean/med/min/max, rew: 0.0036/0.0012/0.0000/0.0564,
	Losses: Policy Loss value/action/dist: 0.035/-0.012/1.070,
INFO:root:Time: 00d 00h 09m 41s, num timesteps 46800, FPS 80,
	Rewards: per step mean/med/min/max, rew: 0.0037/0.0012/0.0000/0.0564,
	Losses: Policy Loss value/action/dist: 0.035/-0.012/1.070,
INFO:root:Time: 00d 00h 09m 44s, num timesteps 47040, FPS 80,
	Rewards: per step mean/med/min/max, rew: 0.0036/0.0012/0.0000/0.0564,
	Losses: Policy Loss value/action/dist: 0.035/-0.012/1.070,
INFO:root:Time: 00d 00h 09m 47s, num timesteps 47280, FPS 80,
	Rewards: per step mean/med/min/max, rew: 0.0036/0.0011/0.0000/0.0564,
	Losses: Policy Loss value/action/dist: 0.035/-0.012/1.070,
INFO:root:Time: 00d 00h 09m 50s, num timesteps 47520, FPS 80,
	Rewards: per step mean/med/min/max, rew: 0.0036/0.0012/0.0000/0.0564,
	Losses: Policy Loss value/action/dist: 0.035/-0.012/1.070,
INFO:root:Time: 00d 00h 09m 52s, num timesteps 47760, FPS 80,
	Rewards: per step mean/med/min/max, rew: 0.0037/0.0012/0.0000/0.0564,
	Losses: Policy Loss value/action/dist: 0.035/-0.012/1.070,
INFO:root:Time: 00d 00h 09m 58s, num timesteps 48000, FPS 80,
	Rewards: per step mean/med/min/max, rew: 0.0037/0.0012/0.0000/0.0564,
	Losses: Policy Loss value/action/dist: 0.034/-0.012/1.069,
INFO:root:Time: 00d 00h 10m 00s, num timesteps 48240, FPS 80,
	Rewards: per step mean/med/min/max, rew: 0.0037/0.0012/0.0000/0.0564,
	Losses: Policy Loss value/action/dist: 0.034/-0.012/1.069,
INFO:root:Time: 00d 00h 10m 03s, num timesteps 48480, FPS 80,
	Rewards: per step mean/med/min/max, rew: 0.0037/0.0011/0.0000/0.0564,
	Losses: Policy Loss value/action/dist: 0.034/-0.012/1.069,
INFO:root:Time: 00d 00h 10m 06s, num timesteps 48720, FPS 80,
	Rewards: per step mean/med/min/max, rew: 0.0037/0.0012/0.0000/0.0584,
	Losses: Policy Loss value/action/dist: 0.034/-0.012/1.069,
INFO:root:Time: 00d 00h 10m 09s, num timesteps 48960, FPS 80,
	Rewards: per step mean/med/min/max, rew: 0.0037/0.0011/0.0000/0.0584,
	Losses: Policy Loss value/action/dist: 0.034/-0.012/1.069,
INFO:root:Time: 00d 00h 10m 11s, num timesteps 49200, FPS 80,
	Rewards: per step mean/med/min/max, rew: 0.0036/0.0011/0.0000/0.0584,
	Losses: Policy Loss value/action/dist: 0.034/-0.012/1.069,
INFO:root:Time: 00d 00h 10m 14s, num timesteps 49440, FPS 80,
	Rewards: per step mean/med/min/max, rew: 0.0036/0.0011/0.0000/0.0584,
	Losses: Policy Loss value/action/dist: 0.034/-0.012/1.069,
INFO:root:Time: 00d 00h 10m 17s, num timesteps 49680, FPS 80,
	Rewards: per step mean/med/min/max, rew: 0.0036/0.0011/0.0000/0.0584,
	Losses: Policy Loss value/action/dist: 0.034/-0.012/1.069,
INFO:root:Time: 00d 00h 10m 20s, num timesteps 49920, FPS 80,
	Rewards: per step mean/med/min/max, rew: 0.0036/0.0011/0.0000/0.0584,
	Losses: Policy Loss value/action/dist: 0.034/-0.012/1.069,
INFO:root:Time: 00d 00h 10m 22s, num timesteps 50160, FPS 80,
	Rewards: per step mean/med/min/max, rew: 0.0037/0.0012/0.0000/0.0584,
	Losses: Policy Loss value/action/dist: 0.034/-0.012/1.069,
INFO:root:Time: 00d 00h 10m 28s, num timesteps 50400, FPS 80,
	Rewards: per step mean/med/min/max, rew: 0.0037/0.0012/0.0000/0.0584,
	Losses: Policy Loss value/action/dist: 0.035/-0.013/1.066,
INFO:root:Time: 00d 00h 10m 31s, num timesteps 50640, FPS 80,
	Rewards: per step mean/med/min/max, rew: 0.0037/0.0012/0.0000/0.0584,
	Losses: Policy Loss value/action/dist: 0.035/-0.013/1.066,
INFO:root:Time: 00d 00h 10m 33s, num timesteps 50880, FPS 80,
	Rewards: per step mean/med/min/max, rew: 0.0037/0.0011/0.0000/0.0584,
	Losses: Policy Loss value/action/dist: 0.035/-0.013/1.066,
INFO:root:Time: 00d 00h 10m 36s, num timesteps 51120, FPS 80,
	Rewards: per step mean/med/min/max, rew: 0.0036/0.0011/0.0000/0.0584,
	Losses: Policy Loss value/action/dist: 0.035/-0.013/1.066,
INFO:root:Time: 00d 00h 10m 39s, num timesteps 51360, FPS 80,
	Rewards: per step mean/med/min/max, rew: 0.0036/0.0011/0.0000/0.0584,
	Losses: Policy Loss value/action/dist: 0.035/-0.013/1.066,
INFO:root:Time: 00d 00h 10m 42s, num timesteps 51600, FPS 80,
	Rewards: per step mean/med/min/max, rew: 0.0036/0.0011/0.0000/0.0584,
	Losses: Policy Loss value/action/dist: 0.035/-0.013/1.066,
INFO:root:Time: 00d 00h 10m 44s, num timesteps 51840, FPS 80,
	Rewards: per step mean/med/min/max, rew: 0.0036/0.0011/0.0000/0.0584,
	Losses: Policy Loss value/action/dist: 0.035/-0.013/1.066,
INFO:root:Time: 00d 00h 10m 47s, num timesteps 52080, FPS 80,
	Rewards: per step mean/med/min/max, rew: 0.0037/0.0011/0.0000/0.0584,
	Losses: Policy Loss value/action/dist: 0.035/-0.013/1.066,
INFO:root:Time: 00d 00h 10m 50s, num timesteps 52320, FPS 80,
	Rewards: per step mean/med/min/max, rew: 0.0037/0.0011/0.0000/0.0584,
	Losses: Policy Loss value/action/dist: 0.035/-0.013/1.066,
INFO:root:Time: 00d 00h 10m 52s, num timesteps 52560, FPS 80,
	Rewards: per step mean/med/min/max, rew: 0.0036/0.0011/0.0000/0.0584,
	Losses: Policy Loss value/action/dist: 0.035/-0.013/1.066,
INFO:root:Time: 00d 00h 10m 58s, num timesteps 52800, FPS 80,
	Rewards: per step mean/med/min/max, rew: 0.0036/0.0011/0.0000/0.0584,
	Losses: Policy Loss value/action/dist: 0.037/-0.013/1.064,
INFO:root:Time: 00d 00h 11m 00s, num timesteps 53040, FPS 80,
	Rewards: per step mean/med/min/max, rew: 0.0037/0.0011/0.0000/0.0584,
	Losses: Policy Loss value/action/dist: 0.037/-0.013/1.064,
INFO:root:Time: 00d 00h 11m 03s, num timesteps 53280, FPS 80,
	Rewards: per step mean/med/min/max, rew: 0.0037/0.0011/0.0000/0.0584,
	Losses: Policy Loss value/action/dist: 0.037/-0.013/1.064,
INFO:root:Time: 00d 00h 11m 06s, num timesteps 53520, FPS 80,
	Rewards: per step mean/med/min/max, rew: 0.0037/0.0012/0.0000/0.0584,
	Losses: Policy Loss value/action/dist: 0.037/-0.013/1.064,
INFO:root:Time: 00d 00h 11m 08s, num timesteps 53760, FPS 80,
	Rewards: per step mean/med/min/max, rew: 0.0038/0.0012/0.0000/0.0584,
	Losses: Policy Loss value/action/dist: 0.037/-0.013/1.064,
INFO:root:Time: 00d 00h 11m 11s, num timesteps 54000, FPS 80,
	Rewards: per step mean/med/min/max, rew: 0.0038/0.0012/0.0000/0.0584,
	Losses: Policy Loss value/action/dist: 0.037/-0.013/1.064,
INFO:root:Time: 00d 00h 11m 14s, num timesteps 54240, FPS 80,
	Rewards: per step mean/med/min/max, rew: 0.0038/0.0012/0.0000/0.0584,
	Losses: Policy Loss value/action/dist: 0.037/-0.013/1.064,
INFO:root:Time: 00d 00h 11m 17s, num timesteps 54480, FPS 80,
	Rewards: per step mean/med/min/max, rew: 0.0037/0.0011/0.0000/0.0584,
	Losses: Policy Loss value/action/dist: 0.037/-0.013/1.064,
INFO:root:Time: 00d 00h 11m 19s, num timesteps 54720, FPS 80,
	Rewards: per step mean/med/min/max, rew: 0.0038/0.0011/0.0000/0.0584,
	Losses: Policy Loss value/action/dist: 0.037/-0.013/1.064,
INFO:root:Time: 00d 00h 11m 22s, num timesteps 54960, FPS 80,
	Rewards: per step mean/med/min/max, rew: 0.0038/0.0011/0.0000/0.0584,
	Losses: Policy Loss value/action/dist: 0.037/-0.013/1.064,
INFO:root:Time: 00d 00h 11m 27s, num timesteps 55200, FPS 80,
	Rewards: per step mean/med/min/max, rew: 0.0037/0.0011/0.0000/0.0584,
	Losses: Policy Loss value/action/dist: 0.038/-0.013/1.062,
INFO:root:Time: 00d 00h 11m 30s, num timesteps 55440, FPS 80,
	Rewards: per step mean/med/min/max, rew: 0.0037/0.0010/0.0000/0.0584,
	Losses: Policy Loss value/action/dist: 0.038/-0.013/1.062,
INFO:root:Time: 00d 00h 11m 33s, num timesteps 55680, FPS 80,
	Rewards: per step mean/med/min/max, rew: 0.0037/0.0010/0.0000/0.0584,
	Losses: Policy Loss value/action/dist: 0.038/-0.013/1.062,
INFO:root:Time: 00d 00h 11m 35s, num timesteps 55920, FPS 80,
	Rewards: per step mean/med/min/max, rew: 0.0036/0.0010/0.0000/0.0584,
	Losses: Policy Loss value/action/dist: 0.038/-0.013/1.062,
INFO:root:Time: 00d 00h 11m 38s, num timesteps 56160, FPS 80,
	Rewards: per step mean/med/min/max, rew: 0.0036/0.0010/0.0000/0.0584,
	Losses: Policy Loss value/action/dist: 0.038/-0.013/1.062,
INFO:root:Time: 00d 00h 11m 41s, num timesteps 56400, FPS 80,
	Rewards: per step mean/med/min/max, rew: 0.0036/0.0010/0.0000/0.0584,
	Losses: Policy Loss value/action/dist: 0.038/-0.013/1.062,
INFO:root:Time: 00d 00h 11m 44s, num timesteps 56640, FPS 80,
	Rewards: per step mean/med/min/max, rew: 0.0036/0.0010/0.0000/0.0584,
	Losses: Policy Loss value/action/dist: 0.038/-0.013/1.062,
INFO:root:Time: 00d 00h 11m 46s, num timesteps 56880, FPS 80,
	Rewards: per step mean/med/min/max, rew: 0.0036/0.0010/0.0000/0.0584,
	Losses: Policy Loss value/action/dist: 0.038/-0.013/1.062,
INFO:root:Time: 00d 00h 11m 49s, num timesteps 57120, FPS 80,
	Rewards: per step mean/med/min/max, rew: 0.0036/0.0010/0.0000/0.0584,
	Losses: Policy Loss value/action/dist: 0.038/-0.013/1.062,
INFO:root:Time: 00d 00h 11m 52s, num timesteps 57360, FPS 80,
	Rewards: per step mean/med/min/max, rew: 0.0036/0.0010/0.0000/0.0584,
	Losses: Policy Loss value/action/dist: 0.038/-0.013/1.062,
INFO:root:Time: 00d 00h 11m 57s, num timesteps 57600, FPS 80,
	Rewards: per step mean/med/min/max, rew: 0.0036/0.0010/0.0000/0.0584,
	Losses: Policy Loss value/action/dist: 0.037/-0.013/1.060,
INFO:root:Time: 00d 00h 12m 00s, num timesteps 57840, FPS 80,
	Rewards: per step mean/med/min/max, rew: 0.0036/0.0010/0.0000/0.0584,
	Losses: Policy Loss value/action/dist: 0.037/-0.013/1.060,
INFO:root:Time: 00d 00h 12m 02s, num timesteps 58080, FPS 80,
	Rewards: per step mean/med/min/max, rew: 0.0036/0.0010/0.0000/0.0584,
	Losses: Policy Loss value/action/dist: 0.037/-0.013/1.060,
INFO:root:Time: 00d 00h 12m 05s, num timesteps 58320, FPS 80,
	Rewards: per step mean/med/min/max, rew: 0.0036/0.0010/0.0000/0.0584,
	Losses: Policy Loss value/action/dist: 0.037/-0.013/1.060,
INFO:root:Time: 00d 00h 12m 08s, num timesteps 58560, FPS 80,
	Rewards: per step mean/med/min/max, rew: 0.0035/0.0010/0.0000/0.0584,
	Losses: Policy Loss value/action/dist: 0.037/-0.013/1.060,
INFO:root:Time: 00d 00h 12m 11s, num timesteps 58800, FPS 80,
	Rewards: per step mean/med/min/max, rew: 0.0035/0.0010/0.0000/0.0584,
	Losses: Policy Loss value/action/dist: 0.037/-0.013/1.060,
INFO:root:Time: 00d 00h 12m 13s, num timesteps 59040, FPS 80,
	Rewards: per step mean/med/min/max, rew: 0.0035/0.0010/0.0000/0.0584,
	Losses: Policy Loss value/action/dist: 0.037/-0.013/1.060,
INFO:root:Time: 00d 00h 12m 16s, num timesteps 59280, FPS 80,
	Rewards: per step mean/med/min/max, rew: 0.0035/0.0010/0.0000/0.0584,
	Losses: Policy Loss value/action/dist: 0.037/-0.013/1.060,
INFO:root:Time: 00d 00h 12m 19s, num timesteps 59520, FPS 80,
	Rewards: per step mean/med/min/max, rew: 0.0035/0.0010/0.0000/0.0584,
	Losses: Policy Loss value/action/dist: 0.037/-0.013/1.060,
INFO:root:Time: 00d 00h 12m 21s, num timesteps 59760, FPS 80,
	Rewards: per step mean/med/min/max, rew: 0.0035/0.0010/0.0000/0.0584,
	Losses: Policy Loss value/action/dist: 0.037/-0.013/1.060,
INFO:root:Time: 00d 00h 12m 27s, num timesteps 60000, FPS 80,
	Rewards: per step mean/med/min/max, rew: 0.0035/0.0010/0.0000/0.0584,
	Losses: Policy Loss value/action/dist: 0.036/-0.013/1.058,
INFO:root:Time: 00d 00h 12m 30s, num timesteps 60240, FPS 80,
	Rewards: per step mean/med/min/max, rew: 0.0034/0.0010/0.0000/0.0584,
	Losses: Policy Loss value/action/dist: 0.036/-0.013/1.058,
INFO:root:Time: 00d 00h 12m 32s, num timesteps 60480, FPS 80,
	Rewards: per step mean/med/min/max, rew: 0.0034/0.0010/0.0000/0.0584,
	Losses: Policy Loss value/action/dist: 0.036/-0.013/1.058,
INFO:root:Time: 00d 00h 12m 35s, num timesteps 60720, FPS 80,
	Rewards: per step mean/med/min/max, rew: 0.0035/0.0010/0.0000/0.0584,
	Losses: Policy Loss value/action/dist: 0.036/-0.013/1.058,
INFO:root:Time: 00d 00h 12m 38s, num timesteps 60960, FPS 80,
	Rewards: per step mean/med/min/max, rew: 0.0035/0.0011/0.0000/0.0584,
	Losses: Policy Loss value/action/dist: 0.036/-0.013/1.058,
INFO:root:Time: 00d 00h 12m 40s, num timesteps 61200, FPS 80,
	Rewards: per step mean/med/min/max, rew: 0.0035/0.0010/0.0000/0.0584,
	Losses: Policy Loss value/action/dist: 0.036/-0.013/1.058,
INFO:root:Time: 00d 00h 12m 43s, num timesteps 61440, FPS 80,
	Rewards: per step mean/med/min/max, rew: 0.0035/0.0010/0.0000/0.0584,
	Losses: Policy Loss value/action/dist: 0.036/-0.013/1.058,
INFO:root:Time: 00d 00h 12m 46s, num timesteps 61680, FPS 80,
	Rewards: per step mean/med/min/max, rew: 0.0035/0.0010/0.0000/0.0584,
	Losses: Policy Loss value/action/dist: 0.036/-0.013/1.058,
INFO:root:Time: 00d 00h 12m 48s, num timesteps 61920, FPS 80,
	Rewards: per step mean/med/min/max, rew: 0.0035/0.0010/0.0000/0.0584,
	Losses: Policy Loss value/action/dist: 0.036/-0.013/1.058,
INFO:root:Time: 00d 00h 12m 51s, num timesteps 62160, FPS 80,
	Rewards: per step mean/med/min/max, rew: 0.0035/0.0010/0.0000/0.0584,
	Losses: Policy Loss value/action/dist: 0.036/-0.013/1.058,
INFO:root:Time: 00d 00h 12m 56s, num timesteps 62400, FPS 80,
	Rewards: per step mean/med/min/max, rew: 0.0035/0.0010/0.0000/0.0584,
	Losses: Policy Loss value/action/dist: 0.038/-0.013/1.057,
INFO:root:Time: 00d 00h 12m 59s, num timesteps 62640, FPS 80,
	Rewards: per step mean/med/min/max, rew: 0.0035/0.0010/0.0000/0.0584,
	Losses: Policy Loss value/action/dist: 0.038/-0.013/1.057,
INFO:root:Time: 00d 00h 13m 02s, num timesteps 62880, FPS 80,
	Rewards: per step mean/med/min/max, rew: 0.0036/0.0010/0.0000/0.0584,
	Losses: Policy Loss value/action/dist: 0.038/-0.013/1.057,
INFO:root:Time: 00d 00h 13m 04s, num timesteps 63120, FPS 80,
	Rewards: per step mean/med/min/max, rew: 0.0035/0.0009/0.0000/0.0584,
	Losses: Policy Loss value/action/dist: 0.038/-0.013/1.057,
INFO:root:Time: 00d 00h 13m 07s, num timesteps 63360, FPS 80,
	Rewards: per step mean/med/min/max, rew: 0.0035/0.0009/0.0000/0.0584,
	Losses: Policy Loss value/action/dist: 0.038/-0.013/1.057,
INFO:root:Time: 00d 00h 13m 10s, num timesteps 63600, FPS 80,
	Rewards: per step mean/med/min/max, rew: 0.0035/0.0009/0.0000/0.0584,
	Losses: Policy Loss value/action/dist: 0.038/-0.013/1.057,
INFO:root:Time: 00d 00h 13m 13s, num timesteps 63840, FPS 80,
	Rewards: per step mean/med/min/max, rew: 0.0035/0.0009/0.0000/0.0584,
	Losses: Policy Loss value/action/dist: 0.038/-0.013/1.057,
INFO:root:Time: 00d 00h 13m 15s, num timesteps 64080, FPS 80,
	Rewards: per step mean/med/min/max, rew: 0.0035/0.0009/0.0000/0.0584,
	Losses: Policy Loss value/action/dist: 0.038/-0.013/1.057,
INFO:root:Time: 00d 00h 13m 18s, num timesteps 64320, FPS 80,
	Rewards: per step mean/med/min/max, rew: 0.0035/0.0009/0.0000/0.0584,
	Losses: Policy Loss value/action/dist: 0.038/-0.013/1.057,
INFO:root:Time: 00d 00h 13m 21s, num timesteps 64560, FPS 80,
	Rewards: per step mean/med/min/max, rew: 0.0035/0.0009/0.0000/0.0584,
	Losses: Policy Loss value/action/dist: 0.038/-0.013/1.057,
INFO:root:Time: 00d 00h 13m 26s, num timesteps 64800, FPS 80,
	Rewards: per step mean/med/min/max, rew: 0.0035/0.0009/0.0000/0.0584,
	Losses: Policy Loss value/action/dist: 0.038/-0.013/1.054,
INFO:root:Time: 00d 00h 13m 29s, num timesteps 65040, FPS 80,
	Rewards: per step mean/med/min/max, rew: 0.0035/0.0009/0.0000/0.0584,
	Losses: Policy Loss value/action/dist: 0.038/-0.013/1.054,
INFO:root:Time: 00d 00h 13m 31s, num timesteps 65280, FPS 80,
	Rewards: per step mean/med/min/max, rew: 0.0035/0.0009/0.0000/0.0584,
	Losses: Policy Loss value/action/dist: 0.038/-0.013/1.054,
INFO:root:Time: 00d 00h 13m 34s, num timesteps 65520, FPS 80,
	Rewards: per step mean/med/min/max, rew: 0.0034/0.0009/0.0000/0.0584,
	Losses: Policy Loss value/action/dist: 0.038/-0.013/1.054,
INFO:root:Time: 00d 00h 13m 37s, num timesteps 65760, FPS 80,
	Rewards: per step mean/med/min/max, rew: 0.0035/0.0009/0.0000/0.0584,
	Losses: Policy Loss value/action/dist: 0.038/-0.013/1.054,
INFO:root:Time: 00d 00h 13m 39s, num timesteps 66000, FPS 80,
	Rewards: per step mean/med/min/max, rew: 0.0035/0.0009/0.0000/0.0584,
	Losses: Policy Loss value/action/dist: 0.038/-0.013/1.054,
INFO:root:Time: 00d 00h 13m 42s, num timesteps 66240, FPS 80,
	Rewards: per step mean/med/min/max, rew: 0.0035/0.0009/0.0000/0.0584,
	Losses: Policy Loss value/action/dist: 0.038/-0.013/1.054,
INFO:root:Time: 00d 00h 13m 45s, num timesteps 66480, FPS 80,
	Rewards: per step mean/med/min/max, rew: 0.0035/0.0009/0.0000/0.0584,
	Losses: Policy Loss value/action/dist: 0.038/-0.013/1.054,
INFO:root:Time: 00d 00h 13m 47s, num timesteps 66720, FPS 80,
	Rewards: per step mean/med/min/max, rew: 0.0035/0.0009/0.0000/0.0584,
	Losses: Policy Loss value/action/dist: 0.038/-0.013/1.054,
INFO:root:Time: 00d 00h 13m 50s, num timesteps 66960, FPS 80,
	Rewards: per step mean/med/min/max, rew: 0.0036/0.0009/0.0000/0.0584,
	Losses: Policy Loss value/action/dist: 0.038/-0.013/1.054,
INFO:root:Time: 00d 00h 13m 55s, num timesteps 67200, FPS 80,
	Rewards: per step mean/med/min/max, rew: 0.0036/0.0010/0.0000/0.0584,
	Losses: Policy Loss value/action/dist: 0.039/-0.013/1.053,
INFO:root:Time: 00d 00h 13m 58s, num timesteps 67440, FPS 80,
	Rewards: per step mean/med/min/max, rew: 0.0036/0.0010/0.0000/0.0584,
	Losses: Policy Loss value/action/dist: 0.039/-0.013/1.053,
INFO:root:Time: 00d 00h 14m 01s, num timesteps 67680, FPS 80,
	Rewards: per step mean/med/min/max, rew: 0.0036/0.0010/0.0000/0.0584,
	Losses: Policy Loss value/action/dist: 0.039/-0.013/1.053,
INFO:root:Time: 00d 00h 14m 04s, num timesteps 67920, FPS 80,
	Rewards: per step mean/med/min/max, rew: 0.0036/0.0010/0.0000/0.0584,
	Losses: Policy Loss value/action/dist: 0.039/-0.013/1.053,
INFO:root:Time: 00d 00h 14m 06s, num timesteps 68160, FPS 80,
	Rewards: per step mean/med/min/max, rew: 0.0036/0.0010/0.0000/0.0584,
	Losses: Policy Loss value/action/dist: 0.039/-0.013/1.053,
INFO:root:Time: 00d 00h 14m 09s, num timesteps 68400, FPS 80,
	Rewards: per step mean/med/min/max, rew: 0.0036/0.0010/0.0000/0.0584,
	Losses: Policy Loss value/action/dist: 0.039/-0.013/1.053,
INFO:root:Time: 00d 00h 14m 12s, num timesteps 68640, FPS 80,
	Rewards: per step mean/med/min/max, rew: 0.0037/0.0011/0.0000/0.0584,
	Losses: Policy Loss value/action/dist: 0.039/-0.013/1.053,
INFO:root:Time: 00d 00h 14m 15s, num timesteps 68880, FPS 80,
	Rewards: per step mean/med/min/max, rew: 0.0037/0.0011/0.0000/0.0584,
	Losses: Policy Loss value/action/dist: 0.039/-0.013/1.053,
INFO:root:Time: 00d 00h 14m 17s, num timesteps 69120, FPS 80,
	Rewards: per step mean/med/min/max, rew: 0.0037/0.0011/0.0000/0.0584,
	Losses: Policy Loss value/action/dist: 0.039/-0.013/1.053,
INFO:root:Time: 00d 00h 14m 20s, num timesteps 69360, FPS 80,
	Rewards: per step mean/med/min/max, rew: 0.0036/0.0010/0.0000/0.0584,
	Losses: Policy Loss value/action/dist: 0.039/-0.013/1.053,
INFO:root:Time: 00d 00h 14m 25s, num timesteps 69600, FPS 80,
	Rewards: per step mean/med/min/max, rew: 0.0037/0.0011/0.0000/0.0584,
	Losses: Policy Loss value/action/dist: 0.039/-0.013/1.051,
INFO:root:Time: 00d 00h 14m 28s, num timesteps 69840, FPS 80,
	Rewards: per step mean/med/min/max, rew: 0.0037/0.0011/0.0000/0.0584,
	Losses: Policy Loss value/action/dist: 0.039/-0.013/1.051,
INFO:root:Time: 00d 00h 14m 31s, num timesteps 70080, FPS 80,
	Rewards: per step mean/med/min/max, rew: 0.0037/0.0011/0.0000/0.0584,
	Losses: Policy Loss value/action/dist: 0.039/-0.013/1.051,
INFO:root:Time: 00d 00h 14m 33s, num timesteps 70320, FPS 80,
	Rewards: per step mean/med/min/max, rew: 0.0037/0.0011/0.0000/0.0584,
	Losses: Policy Loss value/action/dist: 0.039/-0.013/1.051,
INFO:root:Time: 00d 00h 14m 36s, num timesteps 70560, FPS 80,
	Rewards: per step mean/med/min/max, rew: 0.0037/0.0011/0.0000/0.0584,
	Losses: Policy Loss value/action/dist: 0.039/-0.013/1.051,
INFO:root:Time: 00d 00h 14m 39s, num timesteps 70800, FPS 80,
	Rewards: per step mean/med/min/max, rew: 0.0036/0.0010/0.0000/0.0584,
	Losses: Policy Loss value/action/dist: 0.039/-0.013/1.051,
INFO:root:Time: 00d 00h 14m 41s, num timesteps 71040, FPS 80,
	Rewards: per step mean/med/min/max, rew: 0.0037/0.0010/0.0000/0.0584,
	Losses: Policy Loss value/action/dist: 0.039/-0.013/1.051,
INFO:root:Time: 00d 00h 14m 44s, num timesteps 71280, FPS 80,
	Rewards: per step mean/med/min/max, rew: 0.0037/0.0011/0.0000/0.0584,
	Losses: Policy Loss value/action/dist: 0.039/-0.013/1.051,
INFO:root:Time: 00d 00h 14m 47s, num timesteps 71520, FPS 80,
	Rewards: per step mean/med/min/max, rew: 0.0037/0.0010/0.0000/0.0584,
	Losses: Policy Loss value/action/dist: 0.039/-0.013/1.051,
INFO:root:Time: 00d 00h 14m 49s, num timesteps 71760, FPS 80,
	Rewards: per step mean/med/min/max, rew: 0.0037/0.0010/0.0000/0.0584,
	Losses: Policy Loss value/action/dist: 0.039/-0.013/1.051,
INFO:root:Time: 00d 00h 14m 55s, num timesteps 72000, FPS 80,
	Rewards: per step mean/med/min/max, rew: 0.0038/0.0011/0.0000/0.0584,
	Losses: Policy Loss value/action/dist: 0.040/-0.013/1.049,
INFO:root:Time: 00d 00h 14m 57s, num timesteps 72240, FPS 80,
	Rewards: per step mean/med/min/max, rew: 0.0039/0.0011/0.0000/0.0584,
	Losses: Policy Loss value/action/dist: 0.040/-0.013/1.049,
INFO:root:Time: 00d 00h 15m 00s, num timesteps 72480, FPS 80,
	Rewards: per step mean/med/min/max, rew: 0.0039/0.0011/0.0000/0.0584,
	Losses: Policy Loss value/action/dist: 0.040/-0.013/1.049,
INFO:root:Time: 00d 00h 15m 03s, num timesteps 72720, FPS 80,
	Rewards: per step mean/med/min/max, rew: 0.0037/0.0011/0.0000/0.0503,
	Losses: Policy Loss value/action/dist: 0.040/-0.013/1.049,
INFO:root:Time: 00d 00h 15m 05s, num timesteps 72960, FPS 80,
	Rewards: per step mean/med/min/max, rew: 0.0038/0.0012/0.0000/0.0503,
	Losses: Policy Loss value/action/dist: 0.040/-0.013/1.049,
INFO:root:Time: 00d 00h 15m 08s, num timesteps 73200, FPS 80,
	Rewards: per step mean/med/min/max, rew: 0.0038/0.0012/0.0000/0.0503,
	Losses: Policy Loss value/action/dist: 0.040/-0.013/1.049,
INFO:root:Time: 00d 00h 15m 11s, num timesteps 73440, FPS 80,
	Rewards: per step mean/med/min/max, rew: 0.0039/0.0012/0.0000/0.0503,
	Losses: Policy Loss value/action/dist: 0.040/-0.013/1.049,
INFO:root:Time: 00d 00h 15m 14s, num timesteps 73680, FPS 80,
	Rewards: per step mean/med/min/max, rew: 0.0040/0.0012/0.0000/0.0503,
	Losses: Policy Loss value/action/dist: 0.040/-0.013/1.049,
INFO:root:Time: 00d 00h 15m 16s, num timesteps 73920, FPS 80,
	Rewards: per step mean/med/min/max, rew: 0.0040/0.0012/0.0000/0.0503,
	Losses: Policy Loss value/action/dist: 0.040/-0.013/1.049,
INFO:root:Time: 00d 00h 15m 19s, num timesteps 74160, FPS 80,
	Rewards: per step mean/med/min/max, rew: 0.0040/0.0012/0.0000/0.0503,
	Losses: Policy Loss value/action/dist: 0.040/-0.013/1.049,
INFO:root:Time: 00d 00h 15m 24s, num timesteps 74400, FPS 80,
	Rewards: per step mean/med/min/max, rew: 0.0040/0.0012/0.0000/0.0503,
	Losses: Policy Loss value/action/dist: 0.042/-0.013/1.048,
INFO:root:Time: 00d 00h 15m 27s, num timesteps 74640, FPS 80,
	Rewards: per step mean/med/min/max, rew: 0.0039/0.0012/0.0000/0.0503,
	Losses: Policy Loss value/action/dist: 0.042/-0.013/1.048,
INFO:root:Time: 00d 00h 15m 29s, num timesteps 74880, FPS 80,
	Rewards: per step mean/med/min/max, rew: 0.0040/0.0012/0.0000/0.0503,
	Losses: Policy Loss value/action/dist: 0.042/-0.013/1.048,
INFO:root:Time: 00d 00h 15m 32s, num timesteps 75120, FPS 80,
	Rewards: per step mean/med/min/max, rew: 0.0040/0.0012/0.0000/0.0503,
	Losses: Policy Loss value/action/dist: 0.042/-0.013/1.048,
INFO:root:Time: 00d 00h 15m 35s, num timesteps 75360, FPS 80,
	Rewards: per step mean/med/min/max, rew: 0.0041/0.0012/0.0000/0.0503,
	Losses: Policy Loss value/action/dist: 0.042/-0.013/1.048,
INFO:root:Time: 00d 00h 15m 37s, num timesteps 75600, FPS 80,
	Rewards: per step mean/med/min/max, rew: 0.0040/0.0012/0.0000/0.0503,
	Losses: Policy Loss value/action/dist: 0.042/-0.013/1.048,
INFO:root:Time: 00d 00h 15m 40s, num timesteps 75840, FPS 80,
	Rewards: per step mean/med/min/max, rew: 0.0040/0.0012/0.0000/0.0503,
	Losses: Policy Loss value/action/dist: 0.042/-0.013/1.048,
INFO:root:Time: 00d 00h 15m 43s, num timesteps 76080, FPS 80,
	Rewards: per step mean/med/min/max, rew: 0.0039/0.0012/0.0000/0.0503,
	Losses: Policy Loss value/action/dist: 0.042/-0.013/1.048,
INFO:root:Time: 00d 00h 15m 45s, num timesteps 76320, FPS 80,
	Rewards: per step mean/med/min/max, rew: 0.0039/0.0012/0.0000/0.0503,
	Losses: Policy Loss value/action/dist: 0.042/-0.013/1.048,
INFO:root:Time: 00d 00h 15m 48s, num timesteps 76560, FPS 80,
	Rewards: per step mean/med/min/max, rew: 0.0039/0.0012/0.0000/0.0503,
	Losses: Policy Loss value/action/dist: 0.042/-0.013/1.048,
INFO:root:Time: 00d 00h 15m 53s, num timesteps 76800, FPS 80,
	Rewards: per step mean/med/min/max, rew: 0.0039/0.0012/0.0000/0.0503,
	Losses: Policy Loss value/action/dist: 0.043/-0.013/1.046,
INFO:root:Time: 00d 00h 15m 56s, num timesteps 77040, FPS 80,
	Rewards: per step mean/med/min/max, rew: 0.0039/0.0012/0.0000/0.0503,
	Losses: Policy Loss value/action/dist: 0.043/-0.013/1.046,
INFO:root:Time: 00d 00h 15m 59s, num timesteps 77280, FPS 80,
	Rewards: per step mean/med/min/max, rew: 0.0038/0.0012/0.0000/0.0503,
	Losses: Policy Loss value/action/dist: 0.043/-0.013/1.046,
INFO:root:Time: 00d 00h 16m 01s, num timesteps 77520, FPS 80,
	Rewards: per step mean/med/min/max, rew: 0.0038/0.0012/0.0000/0.0503,
	Losses: Policy Loss value/action/dist: 0.043/-0.013/1.046,
INFO:root:Time: 00d 00h 16m 04s, num timesteps 77760, FPS 80,
	Rewards: per step mean/med/min/max, rew: 0.0038/0.0012/0.0000/0.0503,
	Losses: Policy Loss value/action/dist: 0.043/-0.013/1.046,
INFO:root:Time: 00d 00h 16m 07s, num timesteps 78000, FPS 80,
	Rewards: per step mean/med/min/max, rew: 0.0038/0.0012/0.0000/0.0503,
	Losses: Policy Loss value/action/dist: 0.043/-0.013/1.046,
INFO:root:Time: 00d 00h 16m 10s, num timesteps 78240, FPS 80,
	Rewards: per step mean/med/min/max, rew: 0.0038/0.0012/0.0000/0.0503,
	Losses: Policy Loss value/action/dist: 0.043/-0.013/1.046,
INFO:root:Time: 00d 00h 16m 12s, num timesteps 78480, FPS 80,
	Rewards: per step mean/med/min/max, rew: 0.0038/0.0012/0.0000/0.0503,
	Losses: Policy Loss value/action/dist: 0.043/-0.013/1.046,
INFO:root:Time: 00d 00h 16m 15s, num timesteps 78720, FPS 80,
	Rewards: per step mean/med/min/max, rew: 0.0038/0.0012/0.0000/0.0503,
	Losses: Policy Loss value/action/dist: 0.043/-0.013/1.046,
INFO:root:Time: 00d 00h 16m 18s, num timesteps 78960, FPS 80,
	Rewards: per step mean/med/min/max, rew: 0.0038/0.0012/0.0000/0.0503,
	Losses: Policy Loss value/action/dist: 0.043/-0.013/1.046,
INFO:root:Time: 00d 00h 16m 23s, num timesteps 79200, FPS 80,
	Rewards: per step mean/med/min/max, rew: 0.0038/0.0012/0.0000/0.0503,
	Losses: Policy Loss value/action/dist: 0.042/-0.013/1.045,
INFO:root:Time: 00d 00h 16m 26s, num timesteps 79440, FPS 80,
	Rewards: per step mean/med/min/max, rew: 0.0038/0.0012/0.0000/0.0503,
	Losses: Policy Loss value/action/dist: 0.042/-0.013/1.045,
INFO:root:Time: 00d 00h 16m 28s, num timesteps 79680, FPS 80,
	Rewards: per step mean/med/min/max, rew: 0.0039/0.0012/0.0000/0.0503,
	Losses: Policy Loss value/action/dist: 0.042/-0.013/1.045,
INFO:root:Time: 00d 00h 16m 31s, num timesteps 79920, FPS 80,
	Rewards: per step mean/med/min/max, rew: 0.0039/0.0012/0.0000/0.0503,
	Losses: Policy Loss value/action/dist: 0.042/-0.013/1.045,
INFO:root:Time: 00d 00h 16m 34s, num timesteps 80160, FPS 80,
	Rewards: per step mean/med/min/max, rew: 0.0040/0.0013/0.0000/0.0503,
	Losses: Policy Loss value/action/dist: 0.042/-0.013/1.045,
INFO:root:Time: 00d 00h 16m 36s, num timesteps 80400, FPS 80,
	Rewards: per step mean/med/min/max, rew: 0.0040/0.0013/0.0000/0.0503,
	Losses: Policy Loss value/action/dist: 0.042/-0.013/1.045,
INFO:root:Time: 00d 00h 16m 39s, num timesteps 80640, FPS 80,
	Rewards: per step mean/med/min/max, rew: 0.0040/0.0012/0.0000/0.0503,
	Losses: Policy Loss value/action/dist: 0.042/-0.013/1.045,
INFO:root:Time: 00d 00h 16m 42s, num timesteps 80880, FPS 80,
	Rewards: per step mean/med/min/max, rew: 0.0039/0.0012/0.0000/0.0503,
	Losses: Policy Loss value/action/dist: 0.042/-0.013/1.045,
INFO:root:Time: 00d 00h 16m 45s, num timesteps 81120, FPS 80,
	Rewards: per step mean/med/min/max, rew: 0.0039/0.0012/0.0000/0.0503,
	Losses: Policy Loss value/action/dist: 0.042/-0.013/1.045,
INFO:root:Time: 00d 00h 16m 47s, num timesteps 81360, FPS 80,
	Rewards: per step mean/med/min/max, rew: 0.0040/0.0013/0.0000/0.0503,
	Losses: Policy Loss value/action/dist: 0.042/-0.013/1.045,
INFO:root:Time: 00d 00h 16m 53s, num timesteps 81600, FPS 80,
	Rewards: per step mean/med/min/max, rew: 0.0039/0.0012/0.0000/0.0503,
	Losses: Policy Loss value/action/dist: 0.042/-0.013/1.044,
INFO:root:Time: 00d 00h 16m 55s, num timesteps 81840, FPS 80,
	Rewards: per step mean/med/min/max, rew: 0.0039/0.0012/0.0000/0.0503,
	Losses: Policy Loss value/action/dist: 0.042/-0.013/1.044,
INFO:root:Time: 00d 00h 16m 58s, num timesteps 82080, FPS 80,
	Rewards: per step mean/med/min/max, rew: 0.0040/0.0012/0.0000/0.0503,
	Losses: Policy Loss value/action/dist: 0.042/-0.013/1.044,
INFO:root:Time: 00d 00h 17m 01s, num timesteps 82320, FPS 80,
	Rewards: per step mean/med/min/max, rew: 0.0040/0.0012/0.0000/0.0503,
	Losses: Policy Loss value/action/dist: 0.042/-0.013/1.044,
INFO:root:Time: 00d 00h 17m 03s, num timesteps 82560, FPS 80,
	Rewards: per step mean/med/min/max, rew: 0.0040/0.0012/0.0000/0.0503,
	Losses: Policy Loss value/action/dist: 0.042/-0.013/1.044,
INFO:root:Time: 00d 00h 17m 06s, num timesteps 82800, FPS 80,
	Rewards: per step mean/med/min/max, rew: 0.0041/0.0012/0.0000/0.0503,
	Losses: Policy Loss value/action/dist: 0.042/-0.013/1.044,
INFO:root:Time: 00d 00h 17m 09s, num timesteps 83040, FPS 80,
	Rewards: per step mean/med/min/max, rew: 0.0041/0.0012/0.0000/0.0503,
	Losses: Policy Loss value/action/dist: 0.042/-0.013/1.044,
INFO:root:Time: 00d 00h 17m 12s, num timesteps 83280, FPS 80,
	Rewards: per step mean/med/min/max, rew: 0.0041/0.0012/0.0000/0.0503,
	Losses: Policy Loss value/action/dist: 0.042/-0.013/1.044,
INFO:root:Time: 00d 00h 17m 14s, num timesteps 83520, FPS 80,
	Rewards: per step mean/med/min/max, rew: 0.0041/0.0012/0.0000/0.0503,
	Losses: Policy Loss value/action/dist: 0.042/-0.013/1.044,
INFO:root:Time: 00d 00h 17m 17s, num timesteps 83760, FPS 80,
	Rewards: per step mean/med/min/max, rew: 0.0040/0.0012/0.0000/0.0503,
	Losses: Policy Loss value/action/dist: 0.042/-0.013/1.044,
INFO:root:Time: 00d 00h 17m 22s, num timesteps 84000, FPS 80,
	Rewards: per step mean/med/min/max, rew: 0.0040/0.0012/0.0000/0.0503,
	Losses: Policy Loss value/action/dist: 0.042/-0.013/1.043,
INFO:root:Time: 00d 00h 17m 25s, num timesteps 84240, FPS 80,
	Rewards: per step mean/med/min/max, rew: 0.0041/0.0012/0.0000/0.0503,
	Losses: Policy Loss value/action/dist: 0.042/-0.013/1.043,
INFO:root:Time: 00d 00h 17m 28s, num timesteps 84480, FPS 80,
	Rewards: per step mean/med/min/max, rew: 0.0040/0.0012/0.0000/0.0503,
	Losses: Policy Loss value/action/dist: 0.042/-0.013/1.043,
INFO:root:Time: 00d 00h 17m 30s, num timesteps 84720, FPS 80,
	Rewards: per step mean/med/min/max, rew: 0.0039/0.0011/0.0000/0.0503,
	Losses: Policy Loss value/action/dist: 0.042/-0.013/1.043,
INFO:root:Time: 00d 00h 17m 33s, num timesteps 84960, FPS 80,
	Rewards: per step mean/med/min/max, rew: 0.0039/0.0011/0.0000/0.0503,
	Losses: Policy Loss value/action/dist: 0.042/-0.013/1.043,
INFO:root:Time: 00d 00h 17m 36s, num timesteps 85200, FPS 80,
	Rewards: per step mean/med/min/max, rew: 0.0040/0.0012/0.0000/0.0503,
	Losses: Policy Loss value/action/dist: 0.042/-0.013/1.043,
INFO:root:Time: 00d 00h 17m 39s, num timesteps 85440, FPS 80,
	Rewards: per step mean/med/min/max, rew: 0.0040/0.0012/0.0000/0.0503,
	Losses: Policy Loss value/action/dist: 0.042/-0.013/1.043,
INFO:root:Time: 00d 00h 17m 41s, num timesteps 85680, FPS 80,
	Rewards: per step mean/med/min/max, rew: 0.0041/0.0012/0.0000/0.0503,
	Losses: Policy Loss value/action/dist: 0.042/-0.013/1.043,
INFO:root:Time: 00d 00h 17m 44s, num timesteps 85920, FPS 80,
	Rewards: per step mean/med/min/max, rew: 0.0042/0.0012/0.0000/0.0503,
	Losses: Policy Loss value/action/dist: 0.042/-0.013/1.043,
INFO:root:Time: 00d 00h 17m 47s, num timesteps 86160, FPS 80,
	Rewards: per step mean/med/min/max, rew: 0.0041/0.0012/0.0000/0.0503,
	Losses: Policy Loss value/action/dist: 0.042/-0.013/1.043,
INFO:root:Time: 00d 00h 17m 52s, num timesteps 86400, FPS 80,
	Rewards: per step mean/med/min/max, rew: 0.0042/0.0013/0.0000/0.0503,
	Losses: Policy Loss value/action/dist: 0.045/-0.013/1.042,
INFO:root:Time: 00d 00h 17m 55s, num timesteps 86640, FPS 80,
	Rewards: per step mean/med/min/max, rew: 0.0043/0.0013/0.0000/0.0503,
	Losses: Policy Loss value/action/dist: 0.045/-0.013/1.042,
INFO:root:Time: 00d 00h 17m 57s, num timesteps 86880, FPS 80,
	Rewards: per step mean/med/min/max, rew: 0.0043/0.0013/0.0000/0.0503,
	Losses: Policy Loss value/action/dist: 0.045/-0.013/1.042,
INFO:root:Time: 00d 00h 18m 00s, num timesteps 87120, FPS 80,
	Rewards: per step mean/med/min/max, rew: 0.0044/0.0014/0.0000/0.0503,
	Losses: Policy Loss value/action/dist: 0.045/-0.013/1.042,
INFO:root:Time: 00d 00h 18m 03s, num timesteps 87360, FPS 80,
	Rewards: per step mean/med/min/max, rew: 0.0045/0.0014/0.0000/0.0503,
	Losses: Policy Loss value/action/dist: 0.045/-0.013/1.042,
INFO:root:Time: 00d 00h 18m 06s, num timesteps 87600, FPS 80,
	Rewards: per step mean/med/min/max, rew: 0.0045/0.0014/0.0000/0.0503,
	Losses: Policy Loss value/action/dist: 0.045/-0.013/1.042,
INFO:root:Time: 00d 00h 18m 08s, num timesteps 87840, FPS 80,
	Rewards: per step mean/med/min/max, rew: 0.0045/0.0015/0.0000/0.0503,
	Losses: Policy Loss value/action/dist: 0.045/-0.013/1.042,
INFO:root:Time: 00d 00h 18m 11s, num timesteps 88080, FPS 80,
	Rewards: per step mean/med/min/max, rew: 0.0046/0.0016/0.0000/0.0503,
	Losses: Policy Loss value/action/dist: 0.045/-0.013/1.042,
INFO:root:Time: 00d 00h 18m 14s, num timesteps 88320, FPS 80,
	Rewards: per step mean/med/min/max, rew: 0.0046/0.0016/0.0000/0.0503,
	Losses: Policy Loss value/action/dist: 0.045/-0.013/1.042,
INFO:root:Time: 00d 00h 18m 16s, num timesteps 88560, FPS 80,
	Rewards: per step mean/med/min/max, rew: 0.0046/0.0016/0.0000/0.0503,
	Losses: Policy Loss value/action/dist: 0.045/-0.013/1.042,
INFO:root:Time: 00d 00h 18m 21s, num timesteps 88800, FPS 80,
	Rewards: per step mean/med/min/max, rew: 0.0046/0.0016/0.0000/0.0503,
	Losses: Policy Loss value/action/dist: 0.045/-0.013/1.040,
INFO:root:Time: 00d 00h 18m 24s, num timesteps 89040, FPS 80,
	Rewards: per step mean/med/min/max, rew: 0.0046/0.0016/0.0000/0.0503,
	Losses: Policy Loss value/action/dist: 0.045/-0.013/1.040,
INFO:root:Time: 00d 00h 18m 27s, num timesteps 89280, FPS 80,
	Rewards: per step mean/med/min/max, rew: 0.0045/0.0016/0.0000/0.0503,
	Losses: Policy Loss value/action/dist: 0.045/-0.013/1.040,
INFO:root:Time: 00d 00h 18m 30s, num timesteps 89520, FPS 80,
	Rewards: per step mean/med/min/max, rew: 0.0045/0.0016/0.0000/0.0503,
	Losses: Policy Loss value/action/dist: 0.045/-0.013/1.040,
INFO:root:Time: 00d 00h 18m 32s, num timesteps 89760, FPS 80,
	Rewards: per step mean/med/min/max, rew: 0.0045/0.0016/0.0000/0.0503,
	Losses: Policy Loss value/action/dist: 0.045/-0.013/1.040,
INFO:root:Time: 00d 00h 18m 35s, num timesteps 90000, FPS 80,
	Rewards: per step mean/med/min/max, rew: 0.0045/0.0015/0.0000/0.0503,
	Losses: Policy Loss value/action/dist: 0.045/-0.013/1.040,
INFO:root:Time: 00d 00h 18m 38s, num timesteps 90240, FPS 80,
	Rewards: per step mean/med/min/max, rew: 0.0044/0.0014/0.0000/0.0503,
	Losses: Policy Loss value/action/dist: 0.045/-0.013/1.040,
INFO:root:Time: 00d 00h 18m 40s, num timesteps 90480, FPS 80,
	Rewards: per step mean/med/min/max, rew: 0.0044/0.0014/0.0000/0.0503,
	Losses: Policy Loss value/action/dist: 0.045/-0.013/1.040,
INFO:root:Time: 00d 00h 18m 43s, num timesteps 90720, FPS 80,
	Rewards: per step mean/med/min/max, rew: 0.0044/0.0014/0.0000/0.0503,
	Losses: Policy Loss value/action/dist: 0.045/-0.013/1.040,
INFO:root:Time: 00d 00h 18m 46s, num timesteps 90960, FPS 80,
	Rewards: per step mean/med/min/max, rew: 0.0043/0.0014/0.0000/0.0503,
	Losses: Policy Loss value/action/dist: 0.045/-0.013/1.040,
INFO:root:Time: 00d 00h 18m 51s, num timesteps 91200, FPS 80,
	Rewards: per step mean/med/min/max, rew: 0.0043/0.0014/0.0000/0.0503,
	Losses: Policy Loss value/action/dist: 0.045/-0.013/1.039,
INFO:root:Time: 00d 00h 18m 54s, num timesteps 91440, FPS 80,
	Rewards: per step mean/med/min/max, rew: 0.0043/0.0014/0.0000/0.0499,
	Losses: Policy Loss value/action/dist: 0.045/-0.013/1.039,
INFO:root:Time: 00d 00h 18m 56s, num timesteps 91680, FPS 80,
	Rewards: per step mean/med/min/max, rew: 0.0043/0.0014/0.0000/0.0499,
	Losses: Policy Loss value/action/dist: 0.045/-0.013/1.039,
INFO:root:Time: 00d 00h 18m 59s, num timesteps 91920, FPS 80,
	Rewards: per step mean/med/min/max, rew: 0.0043/0.0013/0.0000/0.0499,
	Losses: Policy Loss value/action/dist: 0.045/-0.013/1.039,
INFO:root:Time: 00d 00h 19m 02s, num timesteps 92160, FPS 80,
	Rewards: per step mean/med/min/max, rew: 0.0043/0.0013/0.0000/0.0499,
	Losses: Policy Loss value/action/dist: 0.045/-0.013/1.039,
INFO:root:Time: 00d 00h 19m 04s, num timesteps 92400, FPS 80,
	Rewards: per step mean/med/min/max, rew: 0.0043/0.0013/0.0000/0.0499,
	Losses: Policy Loss value/action/dist: 0.045/-0.013/1.039,
INFO:root:Time: 00d 00h 19m 07s, num timesteps 92640, FPS 80,
	Rewards: per step mean/med/min/max, rew: 0.0042/0.0013/0.0000/0.0499,
	Losses: Policy Loss value/action/dist: 0.045/-0.013/1.039,
INFO:root:Time: 00d 00h 19m 10s, num timesteps 92880, FPS 80,
	Rewards: per step mean/med/min/max, rew: 0.0042/0.0013/0.0000/0.0499,
	Losses: Policy Loss value/action/dist: 0.045/-0.013/1.039,
INFO:root:Time: 00d 00h 19m 12s, num timesteps 93120, FPS 80,
	Rewards: per step mean/med/min/max, rew: 0.0043/0.0013/0.0000/0.0499,
	Losses: Policy Loss value/action/dist: 0.045/-0.013/1.039,
INFO:root:Time: 00d 00h 19m 15s, num timesteps 93360, FPS 80,
	Rewards: per step mean/med/min/max, rew: 0.0043/0.0013/0.0000/0.0499,
	Losses: Policy Loss value/action/dist: 0.045/-0.013/1.039,
INFO:root:Time: 00d 00h 19m 20s, num timesteps 93600, FPS 80,
	Rewards: per step mean/med/min/max, rew: 0.0042/0.0013/0.0000/0.0499,
	Losses: Policy Loss value/action/dist: 0.044/-0.013/1.038,
INFO:root:Time: 00d 00h 19m 23s, num timesteps 93840, FPS 80,
	Rewards: per step mean/med/min/max, rew: 0.0042/0.0013/0.0000/0.0499,
	Losses: Policy Loss value/action/dist: 0.044/-0.013/1.038,
INFO:root:Time: 00d 00h 19m 26s, num timesteps 94080, FPS 80,
	Rewards: per step mean/med/min/max, rew: 0.0042/0.0012/0.0000/0.0499,
	Losses: Policy Loss value/action/dist: 0.044/-0.013/1.038,
INFO:root:Time: 00d 00h 19m 29s, num timesteps 94320, FPS 80,
	Rewards: per step mean/med/min/max, rew: 0.0042/0.0013/0.0000/0.0499,
	Losses: Policy Loss value/action/dist: 0.044/-0.013/1.038,
INFO:root:Time: 00d 00h 19m 31s, num timesteps 94560, FPS 80,
	Rewards: per step mean/med/min/max, rew: 0.0041/0.0012/0.0000/0.0499,
	Losses: Policy Loss value/action/dist: 0.044/-0.013/1.038,
INFO:root:Time: 00d 00h 19m 34s, num timesteps 94800, FPS 80,
	Rewards: per step mean/med/min/max, rew: 0.0042/0.0013/0.0000/0.0499,
	Losses: Policy Loss value/action/dist: 0.044/-0.013/1.038,
INFO:root:Time: 00d 00h 19m 37s, num timesteps 95040, FPS 80,
	Rewards: per step mean/med/min/max, rew: 0.0041/0.0012/0.0000/0.0499,
	Losses: Policy Loss value/action/dist: 0.044/-0.013/1.038,
INFO:root:Time: 00d 00h 19m 39s, num timesteps 95280, FPS 80,
	Rewards: per step mean/med/min/max, rew: 0.0041/0.0012/0.0000/0.0499,
	Losses: Policy Loss value/action/dist: 0.044/-0.013/1.038,
INFO:root:Time: 00d 00h 19m 42s, num timesteps 95520, FPS 80,
	Rewards: per step mean/med/min/max, rew: 0.0041/0.0012/0.0000/0.0499,
	Losses: Policy Loss value/action/dist: 0.044/-0.013/1.038,
INFO:root:Time: 00d 00h 19m 45s, num timesteps 95760, FPS 80,
	Rewards: per step mean/med/min/max, rew: 0.0041/0.0012/0.0000/0.0499,
	Losses: Policy Loss value/action/dist: 0.044/-0.013/1.038,
INFO:root:Time: 00d 00h 19m 50s, num timesteps 96000, FPS 80,
	Rewards: per step mean/med/min/max, rew: 0.0040/0.0012/0.0000/0.0499,
	Losses: Policy Loss value/action/dist: 0.043/-0.013/1.037,
INFO:root:Time: 00d 00h 19m 53s, num timesteps 96240, FPS 80,
	Rewards: per step mean/med/min/max, rew: 0.0041/0.0012/0.0000/0.0442,
	Losses: Policy Loss value/action/dist: 0.043/-0.013/1.037,
INFO:root:Time: 00d 00h 19m 56s, num timesteps 96480, FPS 80,
	Rewards: per step mean/med/min/max, rew: 0.0040/0.0012/0.0000/0.0442,
	Losses: Policy Loss value/action/dist: 0.043/-0.013/1.037,
INFO:root:Time: 00d 00h 19m 58s, num timesteps 96720, FPS 80,
	Rewards: per step mean/med/min/max, rew: 0.0040/0.0012/0.0000/0.0442,
	Losses: Policy Loss value/action/dist: 0.043/-0.013/1.037,
INFO:root:Time: 00d 00h 20m 01s, num timesteps 96960, FPS 80,
	Rewards: per step mean/med/min/max, rew: 0.0040/0.0011/0.0000/0.0442,
	Losses: Policy Loss value/action/dist: 0.043/-0.013/1.037,
INFO:root:Time: 00d 00h 20m 04s, num timesteps 97200, FPS 80,
	Rewards: per step mean/med/min/max, rew: 0.0040/0.0011/0.0000/0.0442,
	Losses: Policy Loss value/action/dist: 0.043/-0.013/1.037,
INFO:root:Time: 00d 00h 20m 06s, num timesteps 97440, FPS 80,
	Rewards: per step mean/med/min/max, rew: 0.0039/0.0011/0.0000/0.0442,
	Losses: Policy Loss value/action/dist: 0.043/-0.013/1.037,
INFO:root:Time: 00d 00h 20m 09s, num timesteps 97680, FPS 80,
	Rewards: per step mean/med/min/max, rew: 0.0038/0.0010/0.0000/0.0442,
	Losses: Policy Loss value/action/dist: 0.043/-0.013/1.037,
INFO:root:Time: 00d 00h 20m 12s, num timesteps 97920, FPS 80,
	Rewards: per step mean/med/min/max, rew: 0.0038/0.0009/0.0000/0.0442,
	Losses: Policy Loss value/action/dist: 0.043/-0.013/1.037,
INFO:root:Time: 00d 00h 20m 14s, num timesteps 98160, FPS 80,
	Rewards: per step mean/med/min/max, rew: 0.0039/0.0009/0.0000/0.0442,
	Losses: Policy Loss value/action/dist: 0.043/-0.013/1.037,
INFO:root:Time: 00d 00h 20m 20s, num timesteps 98400, FPS 80,
	Rewards: per step mean/med/min/max, rew: 0.0039/0.0010/0.0000/0.0442,
	Losses: Policy Loss value/action/dist: 0.044/-0.014/1.036,
INFO:root:Time: 00d 00h 20m 22s, num timesteps 98640, FPS 80,
	Rewards: per step mean/med/min/max, rew: 0.0040/0.0010/0.0000/0.0442,
	Losses: Policy Loss value/action/dist: 0.044/-0.014/1.036,
INFO:root:Time: 00d 00h 20m 25s, num timesteps 98880, FPS 80,
	Rewards: per step mean/med/min/max, rew: 0.0040/0.0010/0.0000/0.0442,
	Losses: Policy Loss value/action/dist: 0.044/-0.014/1.036,
INFO:root:Time: 00d 00h 20m 28s, num timesteps 99120, FPS 80,
	Rewards: per step mean/med/min/max, rew: 0.0040/0.0010/0.0000/0.0442,
	Losses: Policy Loss value/action/dist: 0.044/-0.014/1.036,
INFO:root:Time: 00d 00h 20m 30s, num timesteps 99360, FPS 80,
	Rewards: per step mean/med/min/max, rew: 0.0040/0.0010/0.0000/0.0442,
	Losses: Policy Loss value/action/dist: 0.044/-0.014/1.036,
INFO:root:Time: 00d 00h 20m 33s, num timesteps 99600, FPS 80,
	Rewards: per step mean/med/min/max, rew: 0.0040/0.0011/0.0000/0.0442,
	Losses: Policy Loss value/action/dist: 0.044/-0.014/1.036,
INFO:root:Time: 00d 00h 20m 36s, num timesteps 99840, FPS 80,
	Rewards: per step mean/med/min/max, rew: 0.0040/0.0010/0.0000/0.0442,
	Losses: Policy Loss value/action/dist: 0.044/-0.014/1.036,
INFO:root:Time: 00d 00h 20m 39s, num timesteps 100080, FPS 80,
	Rewards: per step mean/med/min/max, rew: 0.0040/0.0010/0.0000/0.0442,
	Losses: Policy Loss value/action/dist: 0.044/-0.014/1.036,
INFO:root:Time: 00d 00h 20m 41s, num timesteps 100320, FPS 80,
	Rewards: per step mean/med/min/max, rew: 0.0040/0.0011/0.0000/0.0442,
	Losses: Policy Loss value/action/dist: 0.044/-0.014/1.036,
INFO:root:Time: 00d 00h 20m 44s, num timesteps 100560, FPS 80,
	Rewards: per step mean/med/min/max, rew: 0.0040/0.0011/0.0000/0.0442,
	Losses: Policy Loss value/action/dist: 0.044/-0.014/1.036,
INFO:root:Time: 00d 00h 20m 49s, num timesteps 100800, FPS 80,
	Rewards: per step mean/med/min/max, rew: 0.0040/0.0011/0.0000/0.0442,
	Losses: Policy Loss value/action/dist: 0.044/-0.014/1.035,
INFO:root:Time: 00d 00h 20m 52s, num timesteps 101040, FPS 80,
	Rewards: per step mean/med/min/max, rew: 0.0040/0.0011/0.0000/0.0442,
	Losses: Policy Loss value/action/dist: 0.044/-0.014/1.035,
INFO:root:Time: 00d 00h 20m 55s, num timesteps 101280, FPS 80,
	Rewards: per step mean/med/min/max, rew: 0.0040/0.0011/0.0000/0.0442,
	Losses: Policy Loss value/action/dist: 0.044/-0.014/1.035,
INFO:root:Time: 00d 00h 20m 57s, num timesteps 101520, FPS 80,
	Rewards: per step mean/med/min/max, rew: 0.0041/0.0011/0.0000/0.0442,
	Losses: Policy Loss value/action/dist: 0.044/-0.014/1.035,
INFO:root:Time: 00d 00h 21m 00s, num timesteps 101760, FPS 80,
	Rewards: per step mean/med/min/max, rew: 0.0041/0.0011/0.0000/0.0442,
	Losses: Policy Loss value/action/dist: 0.044/-0.014/1.035,
INFO:root:Time: 00d 00h 21m 03s, num timesteps 102000, FPS 80,
	Rewards: per step mean/med/min/max, rew: 0.0040/0.0011/0.0000/0.0442,
	Losses: Policy Loss value/action/dist: 0.044/-0.014/1.035,
INFO:root:Time: 00d 00h 21m 06s, num timesteps 102240, FPS 80,
	Rewards: per step mean/med/min/max, rew: 0.0040/0.0011/0.0000/0.0442,
	Losses: Policy Loss value/action/dist: 0.044/-0.014/1.035,
INFO:root:Time: 00d 00h 21m 08s, num timesteps 102480, FPS 80,
	Rewards: per step mean/med/min/max, rew: 0.0041/0.0011/0.0000/0.0442,
	Losses: Policy Loss value/action/dist: 0.044/-0.014/1.035,
INFO:root:Time: 00d 00h 21m 11s, num timesteps 102720, FPS 80,
	Rewards: per step mean/med/min/max, rew: 0.0041/0.0012/0.0000/0.0442,
	Losses: Policy Loss value/action/dist: 0.044/-0.014/1.035,
INFO:root:Time: 00d 00h 21m 14s, num timesteps 102960, FPS 80,
	Rewards: per step mean/med/min/max, rew: 0.0041/0.0013/0.0000/0.0442,
	Losses: Policy Loss value/action/dist: 0.044/-0.014/1.035,
INFO:root:Time: 00d 00h 21m 19s, num timesteps 103200, FPS 80,
	Rewards: per step mean/med/min/max, rew: 0.0041/0.0013/0.0000/0.0442,
	Losses: Policy Loss value/action/dist: 0.044/-0.014/1.033,
INFO:root:Time: 00d 00h 21m 22s, num timesteps 103440, FPS 80,
	Rewards: per step mean/med/min/max, rew: 0.0041/0.0012/0.0000/0.0442,
	Losses: Policy Loss value/action/dist: 0.044/-0.014/1.033,
INFO:root:Time: 00d 00h 21m 24s, num timesteps 103680, FPS 80,
	Rewards: per step mean/med/min/max, rew: 0.0040/0.0012/0.0000/0.0442,
	Losses: Policy Loss value/action/dist: 0.044/-0.014/1.033,
INFO:root:Time: 00d 00h 21m 27s, num timesteps 103920, FPS 80,
	Rewards: per step mean/med/min/max, rew: 0.0040/0.0012/0.0000/0.0442,
	Losses: Policy Loss value/action/dist: 0.044/-0.014/1.033,
INFO:root:Time: 00d 00h 21m 30s, num timesteps 104160, FPS 80,
	Rewards: per step mean/med/min/max, rew: 0.0040/0.0012/0.0000/0.0442,
	Losses: Policy Loss value/action/dist: 0.044/-0.014/1.033,
INFO:root:Time: 00d 00h 21m 33s, num timesteps 104400, FPS 80,
	Rewards: per step mean/med/min/max, rew: 0.0039/0.0011/0.0000/0.0442,
	Losses: Policy Loss value/action/dist: 0.044/-0.014/1.033,
INFO:root:Time: 00d 00h 21m 35s, num timesteps 104640, FPS 80,
	Rewards: per step mean/med/min/max, rew: 0.0040/0.0012/0.0000/0.0442,
	Losses: Policy Loss value/action/dist: 0.044/-0.014/1.033,
INFO:root:Time: 00d 00h 21m 38s, num timesteps 104880, FPS 80,
	Rewards: per step mean/med/min/max, rew: 0.0040/0.0012/0.0000/0.0442,
	Losses: Policy Loss value/action/dist: 0.044/-0.014/1.033,
INFO:root:Time: 00d 00h 21m 41s, num timesteps 105120, FPS 80,
	Rewards: per step mean/med/min/max, rew: 0.0040/0.0012/0.0000/0.0442,
	Losses: Policy Loss value/action/dist: 0.044/-0.014/1.033,
INFO:root:Time: 00d 00h 21m 43s, num timesteps 105360, FPS 80,
	Rewards: per step mean/med/min/max, rew: 0.0039/0.0011/0.0000/0.0442,
	Losses: Policy Loss value/action/dist: 0.044/-0.014/1.033,
INFO:root:Time: 00d 00h 21m 49s, num timesteps 105600, FPS 80,
	Rewards: per step mean/med/min/max, rew: 0.0039/0.0011/0.0000/0.0442,
	Losses: Policy Loss value/action/dist: 0.043/-0.014/1.032,
INFO:root:Time: 00d 00h 21m 51s, num timesteps 105840, FPS 80,
	Rewards: per step mean/med/min/max, rew: 0.0039/0.0011/0.0000/0.0442,
	Losses: Policy Loss value/action/dist: 0.043/-0.014/1.032,
INFO:root:Time: 00d 00h 21m 54s, num timesteps 106080, FPS 80,
	Rewards: per step mean/med/min/max, rew: 0.0039/0.0011/0.0000/0.0442,
	Losses: Policy Loss value/action/dist: 0.043/-0.014/1.032,
INFO:root:Time: 00d 00h 21m 57s, num timesteps 106320, FPS 80,
	Rewards: per step mean/med/min/max, rew: 0.0039/0.0011/0.0000/0.0442,
	Losses: Policy Loss value/action/dist: 0.043/-0.014/1.032,
INFO:root:Time: 00d 00h 21m 59s, num timesteps 106560, FPS 80,
	Rewards: per step mean/med/min/max, rew: 0.0038/0.0011/0.0000/0.0442,
	Losses: Policy Loss value/action/dist: 0.043/-0.014/1.032,
INFO:root:Time: 00d 00h 22m 02s, num timesteps 106800, FPS 80,
	Rewards: per step mean/med/min/max, rew: 0.0038/0.0011/0.0000/0.0442,
	Losses: Policy Loss value/action/dist: 0.043/-0.014/1.032,
INFO:root:Time: 00d 00h 22m 05s, num timesteps 107040, FPS 80,
	Rewards: per step mean/med/min/max, rew: 0.0038/0.0011/0.0000/0.0442,
	Losses: Policy Loss value/action/dist: 0.043/-0.014/1.032,
INFO:root:Time: 00d 00h 22m 07s, num timesteps 107280, FPS 80,
	Rewards: per step mean/med/min/max, rew: 0.0038/0.0011/0.0000/0.0442,
	Losses: Policy Loss value/action/dist: 0.043/-0.014/1.032,
INFO:root:Time: 00d 00h 22m 10s, num timesteps 107520, FPS 80,
	Rewards: per step mean/med/min/max, rew: 0.0038/0.0011/0.0000/0.0442,
	Losses: Policy Loss value/action/dist: 0.043/-0.014/1.032,
INFO:root:Time: 00d 00h 22m 13s, num timesteps 107760, FPS 80,
	Rewards: per step mean/med/min/max, rew: 0.0038/0.0011/0.0000/0.0442,
	Losses: Policy Loss value/action/dist: 0.043/-0.014/1.032,
INFO:root:Time: 00d 00h 22m 18s, num timesteps 108000, FPS 80,
	Rewards: per step mean/med/min/max, rew: 0.0038/0.0011/0.0000/0.0442,
	Losses: Policy Loss value/action/dist: 0.042/-0.014/1.031,
INFO:root:Time: 00d 00h 22m 21s, num timesteps 108240, FPS 80,
	Rewards: per step mean/med/min/max, rew: 0.0038/0.0011/0.0000/0.0442,
	Losses: Policy Loss value/action/dist: 0.042/-0.014/1.031,
INFO:root:Time: 00d 00h 22m 24s, num timesteps 108480, FPS 80,
	Rewards: per step mean/med/min/max, rew: 0.0039/0.0011/0.0000/0.0442,
	Losses: Policy Loss value/action/dist: 0.042/-0.014/1.031,
INFO:root:Time: 00d 00h 22m 26s, num timesteps 108720, FPS 80,
	Rewards: per step mean/med/min/max, rew: 0.0039/0.0011/0.0000/0.0442,
	Losses: Policy Loss value/action/dist: 0.042/-0.014/1.031,
INFO:root:Time: 00d 00h 22m 29s, num timesteps 108960, FPS 80,
	Rewards: per step mean/med/min/max, rew: 0.0040/0.0011/0.0000/0.0442,
	Losses: Policy Loss value/action/dist: 0.042/-0.014/1.031,
INFO:root:Time: 00d 00h 22m 32s, num timesteps 109200, FPS 80,
	Rewards: per step mean/med/min/max, rew: 0.0041/0.0011/0.0000/0.0442,
	Losses: Policy Loss value/action/dist: 0.042/-0.014/1.031,
INFO:root:Time: 00d 00h 22m 35s, num timesteps 109440, FPS 80,
	Rewards: per step mean/med/min/max, rew: 0.0041/0.0011/0.0000/0.0442,
	Losses: Policy Loss value/action/dist: 0.042/-0.014/1.031,
INFO:root:Time: 00d 00h 22m 37s, num timesteps 109680, FPS 80,
	Rewards: per step mean/med/min/max, rew: 0.0040/0.0011/0.0000/0.0442,
	Losses: Policy Loss value/action/dist: 0.042/-0.014/1.031,
INFO:root:Time: 00d 00h 22m 40s, num timesteps 109920, FPS 80,
	Rewards: per step mean/med/min/max, rew: 0.0040/0.0011/0.0000/0.0442,
	Losses: Policy Loss value/action/dist: 0.042/-0.014/1.031,
INFO:root:Time: 00d 00h 22m 43s, num timesteps 110160, FPS 80,
	Rewards: per step mean/med/min/max, rew: 0.0040/0.0011/0.0000/0.0442,
	Losses: Policy Loss value/action/dist: 0.042/-0.014/1.031,
INFO:root:Time: 00d 00h 22m 48s, num timesteps 110400, FPS 80,
	Rewards: per step mean/med/min/max, rew: 0.0039/0.0011/0.0000/0.0442,
	Losses: Policy Loss value/action/dist: 0.045/-0.014/1.030,
INFO:root:Time: 00d 00h 22m 51s, num timesteps 110640, FPS 80,
	Rewards: per step mean/med/min/max, rew: 0.0038/0.0010/0.0000/0.0442,
	Losses: Policy Loss value/action/dist: 0.045/-0.014/1.030,
INFO:root:Time: 00d 00h 22m 54s, num timesteps 110880, FPS 80,
	Rewards: per step mean/med/min/max, rew: 0.0038/0.0010/0.0000/0.0442,
	Losses: Policy Loss value/action/dist: 0.045/-0.014/1.030,
INFO:root:Time: 00d 00h 22m 56s, num timesteps 111120, FPS 80,
	Rewards: per step mean/med/min/max, rew: 0.0037/0.0010/0.0000/0.0442,
	Losses: Policy Loss value/action/dist: 0.045/-0.014/1.030,
INFO:root:Time: 00d 00h 22m 59s, num timesteps 111360, FPS 80,
	Rewards: per step mean/med/min/max, rew: 0.0036/0.0009/0.0000/0.0442,
	Losses: Policy Loss value/action/dist: 0.045/-0.014/1.030,
INFO:root:Time: 00d 00h 23m 02s, num timesteps 111600, FPS 80,
	Rewards: per step mean/med/min/max, rew: 0.0035/0.0009/0.0000/0.0442,
	Losses: Policy Loss value/action/dist: 0.045/-0.014/1.030,
INFO:root:Time: 00d 00h 23m 04s, num timesteps 111840, FPS 80,
	Rewards: per step mean/med/min/max, rew: 0.0035/0.0009/0.0000/0.0442,
	Losses: Policy Loss value/action/dist: 0.045/-0.014/1.030,
INFO:root:Time: 00d 00h 23m 07s, num timesteps 112080, FPS 80,
	Rewards: per step mean/med/min/max, rew: 0.0035/0.0008/0.0000/0.0442,
	Losses: Policy Loss value/action/dist: 0.045/-0.014/1.030,
INFO:root:Time: 00d 00h 23m 10s, num timesteps 112320, FPS 80,
	Rewards: per step mean/med/min/max, rew: 0.0035/0.0008/0.0000/0.0442,
	Losses: Policy Loss value/action/dist: 0.045/-0.014/1.030,
INFO:root:Time: 00d 00h 23m 13s, num timesteps 112560, FPS 80,
	Rewards: per step mean/med/min/max, rew: 0.0035/0.0008/0.0000/0.0442,
	Losses: Policy Loss value/action/dist: 0.045/-0.014/1.030,
INFO:root:Time: 00d 00h 23m 18s, num timesteps 112800, FPS 80,
	Rewards: per step mean/med/min/max, rew: 0.0035/0.0009/0.0000/0.0442,
	Losses: Policy Loss value/action/dist: 0.044/-0.014/1.029,
INFO:root:Time: 00d 00h 23m 21s, num timesteps 113040, FPS 80,
	Rewards: per step mean/med/min/max, rew: 0.0035/0.0009/0.0000/0.0442,
	Losses: Policy Loss value/action/dist: 0.044/-0.014/1.029,
INFO:root:Time: 00d 00h 23m 24s, num timesteps 113280, FPS 80,
	Rewards: per step mean/med/min/max, rew: 0.0035/0.0008/0.0000/0.0442,
	Losses: Policy Loss value/action/dist: 0.044/-0.014/1.029,
INFO:root:Time: 00d 00h 23m 26s, num timesteps 113520, FPS 80,
	Rewards: per step mean/med/min/max, rew: 0.0035/0.0008/0.0000/0.0442,
	Losses: Policy Loss value/action/dist: 0.044/-0.014/1.029,
INFO:root:Time: 00d 00h 23m 29s, num timesteps 113760, FPS 80,
	Rewards: per step mean/med/min/max, rew: 0.0035/0.0009/0.0000/0.0442,
	Losses: Policy Loss value/action/dist: 0.044/-0.014/1.029,
INFO:root:Time: 00d 00h 23m 32s, num timesteps 114000, FPS 80,
	Rewards: per step mean/med/min/max, rew: 0.0035/0.0009/0.0000/0.0442,
	Losses: Policy Loss value/action/dist: 0.044/-0.014/1.029,
INFO:root:Time: 00d 00h 23m 35s, num timesteps 114240, FPS 80,
	Rewards: per step mean/med/min/max, rew: 0.0035/0.0009/0.0000/0.0442,
	Losses: Policy Loss value/action/dist: 0.044/-0.014/1.029,
INFO:root:Time: 00d 00h 23m 37s, num timesteps 114480, FPS 80,
	Rewards: per step mean/med/min/max, rew: 0.0036/0.0010/0.0000/0.0442,
	Losses: Policy Loss value/action/dist: 0.044/-0.014/1.029,
INFO:root:Time: 00d 00h 23m 40s, num timesteps 114720, FPS 80,
	Rewards: per step mean/med/min/max, rew: 0.0036/0.0010/0.0000/0.0442,
	Losses: Policy Loss value/action/dist: 0.044/-0.014/1.029,
INFO:root:Time: 00d 00h 23m 43s, num timesteps 114960, FPS 80,
	Rewards: per step mean/med/min/max, rew: 0.0036/0.0010/0.0000/0.0442,
	Losses: Policy Loss value/action/dist: 0.044/-0.014/1.029,
INFO:root:Time: 00d 00h 23m 48s, num timesteps 115200, FPS 80,
	Rewards: per step mean/med/min/max, rew: 0.0036/0.0009/0.0000/0.0442,
	Losses: Policy Loss value/action/dist: 0.044/-0.014/1.028,
INFO:root:Time: 00d 00h 23m 51s, num timesteps 115440, FPS 80,
	Rewards: per step mean/med/min/max, rew: 0.0036/0.0009/0.0000/0.0442,
	Losses: Policy Loss value/action/dist: 0.044/-0.014/1.028,
INFO:root:Time: 00d 00h 23m 53s, num timesteps 115680, FPS 80,
	Rewards: per step mean/med/min/max, rew: 0.0036/0.0009/0.0000/0.0442,
	Losses: Policy Loss value/action/dist: 0.044/-0.014/1.028,
INFO:root:Time: 00d 00h 23m 56s, num timesteps 115920, FPS 80,
	Rewards: per step mean/med/min/max, rew: 0.0036/0.0009/0.0000/0.0442,
	Losses: Policy Loss value/action/dist: 0.044/-0.014/1.028,
INFO:root:Time: 00d 00h 23m 59s, num timesteps 116160, FPS 80,
	Rewards: per step mean/med/min/max, rew: 0.0036/0.0010/0.0000/0.0442,
	Losses: Policy Loss value/action/dist: 0.044/-0.014/1.028,
INFO:root:Time: 00d 00h 24m 01s, num timesteps 116400, FPS 80,
	Rewards: per step mean/med/min/max, rew: 0.0037/0.0010/0.0000/0.0442,
	Losses: Policy Loss value/action/dist: 0.044/-0.014/1.028,
INFO:root:Time: 00d 00h 24m 04s, num timesteps 116640, FPS 80,
	Rewards: per step mean/med/min/max, rew: 0.0037/0.0010/0.0000/0.0442,
	Losses: Policy Loss value/action/dist: 0.044/-0.014/1.028,
INFO:root:Time: 00d 00h 24m 07s, num timesteps 116880, FPS 80,
	Rewards: per step mean/med/min/max, rew: 0.0038/0.0011/0.0000/0.0442,
	Losses: Policy Loss value/action/dist: 0.044/-0.014/1.028,
INFO:root:Time: 00d 00h 24m 09s, num timesteps 117120, FPS 80,
	Rewards: per step mean/med/min/max, rew: 0.0038/0.0011/0.0000/0.0442,
	Losses: Policy Loss value/action/dist: 0.044/-0.014/1.028,
INFO:root:Time: 00d 00h 24m 12s, num timesteps 117360, FPS 80,
	Rewards: per step mean/med/min/max, rew: 0.0038/0.0011/0.0000/0.0442,
	Losses: Policy Loss value/action/dist: 0.044/-0.014/1.028,
INFO:root:Time: 00d 00h 24m 17s, num timesteps 117600, FPS 80,
	Rewards: per step mean/med/min/max, rew: 0.0038/0.0011/0.0000/0.0442,
	Losses: Policy Loss value/action/dist: 0.044/-0.014/1.027,
INFO:root:Time: 00d 00h 24m 20s, num timesteps 117840, FPS 80,
	Rewards: per step mean/med/min/max, rew: 0.0038/0.0011/0.0000/0.0442,
	Losses: Policy Loss value/action/dist: 0.044/-0.014/1.027,
INFO:root:Time: 00d 00h 24m 23s, num timesteps 118080, FPS 80,
	Rewards: per step mean/med/min/max, rew: 0.0038/0.0011/0.0000/0.0442,
	Losses: Policy Loss value/action/dist: 0.044/-0.014/1.027,
INFO:root:Time: 00d 00h 24m 26s, num timesteps 118320, FPS 80,
	Rewards: per step mean/med/min/max, rew: 0.0038/0.0011/0.0000/0.0442,
	Losses: Policy Loss value/action/dist: 0.044/-0.014/1.027,
INFO:root:Time: 00d 00h 24m 28s, num timesteps 118560, FPS 80,
	Rewards: per step mean/med/min/max, rew: 0.0038/0.0011/0.0000/0.0442,
	Losses: Policy Loss value/action/dist: 0.044/-0.014/1.027,
INFO:root:Time: 00d 00h 24m 31s, num timesteps 118800, FPS 80,
	Rewards: per step mean/med/min/max, rew: 0.0038/0.0011/0.0000/0.0442,
	Losses: Policy Loss value/action/dist: 0.044/-0.014/1.027,
INFO:root:Time: 00d 00h 24m 34s, num timesteps 119040, FPS 80,
	Rewards: per step mean/med/min/max, rew: 0.0038/0.0011/0.0000/0.0442,
	Losses: Policy Loss value/action/dist: 0.044/-0.014/1.027,
INFO:root:Time: 00d 00h 24m 36s, num timesteps 119280, FPS 80,
	Rewards: per step mean/med/min/max, rew: 0.0038/0.0011/0.0000/0.0442,
	Losses: Policy Loss value/action/dist: 0.044/-0.014/1.027,
INFO:root:Time: 00d 00h 24m 39s, num timesteps 119520, FPS 80,
	Rewards: per step mean/med/min/max, rew: 0.0038/0.0011/0.0000/0.0400,
	Losses: Policy Loss value/action/dist: 0.044/-0.014/1.027,
INFO:root:Time: 00d 00h 24m 42s, num timesteps 119760, FPS 80,
	Rewards: per step mean/med/min/max, rew: 0.0038/0.0011/0.0000/0.0400,
	Losses: Policy Loss value/action/dist: 0.044/-0.014/1.027,
INFO:root:Time: 00d 00h 24m 47s, num timesteps 120000, FPS 80,
	Rewards: per step mean/med/min/max, rew: 0.0038/0.0011/0.0000/0.0400,
	Losses: Policy Loss value/action/dist: 0.044/-0.014/1.027,
INFO:root:Time: 00d 00h 24m 50s, num timesteps 120240, FPS 80,
	Rewards: per step mean/med/min/max, rew: 0.0037/0.0011/0.0000/0.0398,
	Losses: Policy Loss value/action/dist: 0.044/-0.014/1.027,
INFO:root:Time: 00d 00h 24m 53s, num timesteps 120480, FPS 80,
	Rewards: per step mean/med/min/max, rew: 0.0038/0.0012/0.0000/0.0453,
	Losses: Policy Loss value/action/dist: 0.044/-0.014/1.027,
INFO:root:Time: 00d 00h 24m 55s, num timesteps 120720, FPS 80,
	Rewards: per step mean/med/min/max, rew: 0.0039/0.0012/0.0000/0.0453,
	Losses: Policy Loss value/action/dist: 0.044/-0.014/1.027,
INFO:root:Time: 00d 00h 24m 58s, num timesteps 120960, FPS 80,
	Rewards: per step mean/med/min/max, rew: 0.0039/0.0012/0.0000/0.0453,
	Losses: Policy Loss value/action/dist: 0.044/-0.014/1.027,
INFO:root:Time: 00d 00h 25m 01s, num timesteps 121200, FPS 80,
	Rewards: per step mean/med/min/max, rew: 0.0039/0.0012/0.0000/0.0453,
	Losses: Policy Loss value/action/dist: 0.044/-0.014/1.027,
INFO:root:Time: 00d 00h 25m 03s, num timesteps 121440, FPS 80,
	Rewards: per step mean/med/min/max, rew: 0.0040/0.0013/0.0000/0.0453,
	Losses: Policy Loss value/action/dist: 0.044/-0.014/1.027,
INFO:root:Time: 00d 00h 25m 06s, num timesteps 121680, FPS 80,
	Rewards: per step mean/med/min/max, rew: 0.0040/0.0014/0.0000/0.0453,
	Losses: Policy Loss value/action/dist: 0.044/-0.014/1.027,
INFO:root:Time: 00d 00h 25m 08s, num timesteps 121920, FPS 80,
	Rewards: per step mean/med/min/max, rew: 0.0040/0.0014/0.0000/0.0453,
	Losses: Policy Loss value/action/dist: 0.044/-0.014/1.027,
INFO:root:Time: 00d 00h 25m 11s, num timesteps 122160, FPS 80,
	Rewards: per step mean/med/min/max, rew: 0.0039/0.0013/0.0000/0.0453,
	Losses: Policy Loss value/action/dist: 0.044/-0.014/1.027,
INFO:root:Time: 00d 00h 25m 16s, num timesteps 122400, FPS 80,
	Rewards: per step mean/med/min/max, rew: 0.0039/0.0013/0.0000/0.0453,
	Losses: Policy Loss value/action/dist: 0.045/-0.014/1.026,
INFO:root:Time: 00d 00h 25m 19s, num timesteps 122640, FPS 80,
	Rewards: per step mean/med/min/max, rew: 0.0039/0.0013/0.0000/0.0453,
	Losses: Policy Loss value/action/dist: 0.045/-0.014/1.026,
INFO:root:Time: 00d 00h 25m 22s, num timesteps 122880, FPS 80,
	Rewards: per step mean/med/min/max, rew: 0.0038/0.0013/0.0000/0.0453,
	Losses: Policy Loss value/action/dist: 0.045/-0.014/1.026,
INFO:root:Time: 00d 00h 25m 25s, num timesteps 123120, FPS 80,
	Rewards: per step mean/med/min/max, rew: 0.0038/0.0013/0.0000/0.0453,
	Losses: Policy Loss value/action/dist: 0.045/-0.014/1.026,
INFO:root:Time: 00d 00h 25m 27s, num timesteps 123360, FPS 80,
	Rewards: per step mean/med/min/max, rew: 0.0038/0.0013/0.0000/0.0453,
	Losses: Policy Loss value/action/dist: 0.045/-0.014/1.026,
INFO:root:Time: 00d 00h 25m 30s, num timesteps 123600, FPS 80,
	Rewards: per step mean/med/min/max, rew: 0.0038/0.0013/0.0000/0.0453,
	Losses: Policy Loss value/action/dist: 0.045/-0.014/1.026,
INFO:root:Time: 00d 00h 25m 33s, num timesteps 123840, FPS 80,
	Rewards: per step mean/med/min/max, rew: 0.0038/0.0013/0.0000/0.0453,
	Losses: Policy Loss value/action/dist: 0.045/-0.014/1.026,
INFO:root:Time: 00d 00h 25m 36s, num timesteps 124080, FPS 80,
	Rewards: per step mean/med/min/max, rew: 0.0038/0.0013/0.0000/0.0453,
	Losses: Policy Loss value/action/dist: 0.045/-0.014/1.026,
INFO:root:Time: 00d 00h 25m 38s, num timesteps 124320, FPS 80,
	Rewards: per step mean/med/min/max, rew: 0.0038/0.0012/0.0000/0.0453,
	Losses: Policy Loss value/action/dist: 0.045/-0.014/1.026,
INFO:root:Time: 00d 00h 25m 41s, num timesteps 124560, FPS 80,
	Rewards: per step mean/med/min/max, rew: 0.0038/0.0012/0.0000/0.0453,
	Losses: Policy Loss value/action/dist: 0.045/-0.014/1.026,
INFO:root:Time: 00d 00h 25m 47s, num timesteps 124800, FPS 80,
	Rewards: per step mean/med/min/max, rew: 0.0037/0.0012/0.0000/0.0453,
	Losses: Policy Loss value/action/dist: 0.045/-0.014/1.026,
INFO:root:Time: 00d 00h 25m 49s, num timesteps 125040, FPS 80,
	Rewards: per step mean/med/min/max, rew: 0.0037/0.0012/0.0000/0.0453,
	Losses: Policy Loss value/action/dist: 0.045/-0.014/1.026,
INFO:root:Time: 00d 00h 25m 52s, num timesteps 125280, FPS 80,
	Rewards: per step mean/med/min/max, rew: 0.0037/0.0011/0.0000/0.0453,
	Losses: Policy Loss value/action/dist: 0.045/-0.014/1.026,
INFO:root:Time: 00d 00h 25m 55s, num timesteps 125520, FPS 80,
	Rewards: per step mean/med/min/max, rew: 0.0037/0.0011/0.0000/0.0453,
	Losses: Policy Loss value/action/dist: 0.045/-0.014/1.026,
INFO:root:Time: 00d 00h 25m 57s, num timesteps 125760, FPS 80,
	Rewards: per step mean/med/min/max, rew: 0.0037/0.0011/0.0000/0.0453,
	Losses: Policy Loss value/action/dist: 0.045/-0.014/1.026,
INFO:root:Time: 00d 00h 26m 00s, num timesteps 126000, FPS 80,
	Rewards: per step mean/med/min/max, rew: 0.0037/0.0011/0.0000/0.0453,
	Losses: Policy Loss value/action/dist: 0.045/-0.014/1.026,
INFO:root:Time: 00d 00h 26m 03s, num timesteps 126240, FPS 80,
	Rewards: per step mean/med/min/max, rew: 0.0037/0.0011/0.0000/0.0453,
	Losses: Policy Loss value/action/dist: 0.045/-0.014/1.026,
INFO:root:Time: 00d 00h 26m 06s, num timesteps 126480, FPS 80,
	Rewards: per step mean/med/min/max, rew: 0.0037/0.0011/0.0000/0.0453,
	Losses: Policy Loss value/action/dist: 0.045/-0.014/1.026,
INFO:root:Time: 00d 00h 26m 08s, num timesteps 126720, FPS 80,
	Rewards: per step mean/med/min/max, rew: 0.0037/0.0011/0.0000/0.0453,
	Losses: Policy Loss value/action/dist: 0.045/-0.014/1.026,
INFO:root:Time: 00d 00h 26m 11s, num timesteps 126960, FPS 80,
	Rewards: per step mean/med/min/max, rew: 0.0036/0.0011/0.0000/0.0453,
	Losses: Policy Loss value/action/dist: 0.045/-0.014/1.026,
INFO:root:Time: 00d 00h 26m 16s, num timesteps 127200, FPS 80,
	Rewards: per step mean/med/min/max, rew: 0.0036/0.0011/0.0000/0.0453,
	Losses: Policy Loss value/action/dist: 0.044/-0.014/1.026,
INFO:root:Time: 00d 00h 26m 19s, num timesteps 127440, FPS 80,
	Rewards: per step mean/med/min/max, rew: 0.0036/0.0011/0.0000/0.0453,
	Losses: Policy Loss value/action/dist: 0.044/-0.014/1.026,
INFO:root:Time: 00d 00h 26m 22s, num timesteps 127680, FPS 80,
	Rewards: per step mean/med/min/max, rew: 0.0037/0.0011/0.0000/0.0741,
	Losses: Policy Loss value/action/dist: 0.044/-0.014/1.026,
INFO:root:Time: 00d 00h 26m 24s, num timesteps 127920, FPS 80,
	Rewards: per step mean/med/min/max, rew: 0.0037/0.0011/0.0000/0.0741,
	Losses: Policy Loss value/action/dist: 0.044/-0.014/1.026,
INFO:root:Time: 00d 00h 26m 27s, num timesteps 128160, FPS 80,
	Rewards: per step mean/med/min/max, rew: 0.0037/0.0010/0.0000/0.0741,
	Losses: Policy Loss value/action/dist: 0.044/-0.014/1.026,
INFO:root:Time: 00d 00h 26m 30s, num timesteps 128400, FPS 80,
	Rewards: per step mean/med/min/max, rew: 0.0037/0.0010/0.0000/0.0741,
	Losses: Policy Loss value/action/dist: 0.044/-0.014/1.026,
INFO:root:Time: 00d 00h 26m 33s, num timesteps 128640, FPS 80,
	Rewards: per step mean/med/min/max, rew: 0.0037/0.0010/0.0000/0.0741,
	Losses: Policy Loss value/action/dist: 0.044/-0.014/1.026,
INFO:root:Time: 00d 00h 26m 36s, num timesteps 128880, FPS 80,
	Rewards: per step mean/med/min/max, rew: 0.0037/0.0010/0.0000/0.0741,
	Losses: Policy Loss value/action/dist: 0.044/-0.014/1.026,
INFO:root:Time: 00d 00h 26m 38s, num timesteps 129120, FPS 80,
	Rewards: per step mean/med/min/max, rew: 0.0037/0.0010/0.0000/0.0741,
	Losses: Policy Loss value/action/dist: 0.044/-0.014/1.026,
INFO:root:Time: 00d 00h 26m 41s, num timesteps 129360, FPS 80,
	Rewards: per step mean/med/min/max, rew: 0.0037/0.0010/0.0000/0.0741,
	Losses: Policy Loss value/action/dist: 0.044/-0.014/1.026,
INFO:root:Time: 00d 00h 26m 46s, num timesteps 129600, FPS 80,
	Rewards: per step mean/med/min/max, rew: 0.0037/0.0010/0.0000/0.0741,
	Losses: Policy Loss value/action/dist: 0.044/-0.014/1.026,
INFO:root:Time: 00d 00h 26m 49s, num timesteps 129840, FPS 80,
	Rewards: per step mean/med/min/max, rew: 0.0037/0.0010/0.0000/0.0741,
	Losses: Policy Loss value/action/dist: 0.044/-0.014/1.026,
INFO:root:Time: 00d 00h 26m 52s, num timesteps 130080, FPS 80,
	Rewards: per step mean/med/min/max, rew: 0.0037/0.0009/0.0000/0.0741,
	Losses: Policy Loss value/action/dist: 0.044/-0.014/1.026,
INFO:root:Time: 00d 00h 26m 54s, num timesteps 130320, FPS 80,
	Rewards: per step mean/med/min/max, rew: 0.0037/0.0010/0.0000/0.0741,
	Losses: Policy Loss value/action/dist: 0.044/-0.014/1.026,
INFO:root:Time: 00d 00h 26m 57s, num timesteps 130560, FPS 80,
	Rewards: per step mean/med/min/max, rew: 0.0037/0.0010/0.0000/0.0741,
	Losses: Policy Loss value/action/dist: 0.044/-0.014/1.026,
INFO:root:Time: 00d 00h 27m 00s, num timesteps 130800, FPS 80,
	Rewards: per step mean/med/min/max, rew: 0.0037/0.0010/0.0000/0.0741,
	Losses: Policy Loss value/action/dist: 0.044/-0.014/1.026,
INFO:root:Time: 00d 00h 27m 03s, num timesteps 131040, FPS 80,
	Rewards: per step mean/med/min/max, rew: 0.0037/0.0011/0.0000/0.0741,
	Losses: Policy Loss value/action/dist: 0.044/-0.014/1.026,
INFO:root:Time: 00d 00h 27m 06s, num timesteps 131280, FPS 80,
	Rewards: per step mean/med/min/max, rew: 0.0037/0.0010/0.0000/0.0741,
	Losses: Policy Loss value/action/dist: 0.044/-0.014/1.026,
INFO:root:Time: 00d 00h 27m 08s, num timesteps 131520, FPS 80,
	Rewards: per step mean/med/min/max, rew: 0.0038/0.0011/0.0000/0.0741,
	Losses: Policy Loss value/action/dist: 0.044/-0.014/1.026,
INFO:root:Time: 00d 00h 27m 11s, num timesteps 131760, FPS 80,
	Rewards: per step mean/med/min/max, rew: 0.0037/0.0011/0.0000/0.0741,
	Losses: Policy Loss value/action/dist: 0.044/-0.014/1.026,
INFO:root:Time: 00d 00h 27m 16s, num timesteps 132000, FPS 80,
	Rewards: per step mean/med/min/max, rew: 0.0037/0.0011/0.0000/0.0741,
	Losses: Policy Loss value/action/dist: 0.044/-0.014/1.026,
INFO:root:Time: 00d 00h 27m 19s, num timesteps 132240, FPS 80,
	Rewards: per step mean/med/min/max, rew: 0.0037/0.0011/0.0000/0.0741,
	Losses: Policy Loss value/action/dist: 0.044/-0.014/1.026,
INFO:root:Time: 00d 00h 27m 22s, num timesteps 132480, FPS 80,
	Rewards: per step mean/med/min/max, rew: 0.0037/0.0011/0.0000/0.0741,
	Losses: Policy Loss value/action/dist: 0.044/-0.014/1.026,
INFO:root:Time: 00d 00h 27m 25s, num timesteps 132720, FPS 80,
	Rewards: per step mean/med/min/max, rew: 0.0037/0.0011/0.0000/0.0741,
	Losses: Policy Loss value/action/dist: 0.044/-0.014/1.026,
INFO:root:Time: 00d 00h 27m 28s, num timesteps 132960, FPS 80,
	Rewards: per step mean/med/min/max, rew: 0.0036/0.0011/0.0000/0.0741,
	Losses: Policy Loss value/action/dist: 0.044/-0.014/1.026,
INFO:root:Time: 00d 00h 27m 30s, num timesteps 133200, FPS 80,
	Rewards: per step mean/med/min/max, rew: 0.0036/0.0011/0.0000/0.0741,
	Losses: Policy Loss value/action/dist: 0.044/-0.014/1.026,
INFO:root:Time: 00d 00h 27m 33s, num timesteps 133440, FPS 80,
	Rewards: per step mean/med/min/max, rew: 0.0036/0.0011/0.0000/0.0741,
	Losses: Policy Loss value/action/dist: 0.044/-0.014/1.026,
INFO:root:Time: 00d 00h 27m 36s, num timesteps 133680, FPS 80,
	Rewards: per step mean/med/min/max, rew: 0.0036/0.0011/0.0000/0.0741,
	Losses: Policy Loss value/action/dist: 0.044/-0.014/1.026,
INFO:root:Time: 00d 00h 27m 38s, num timesteps 133920, FPS 80,
	Rewards: per step mean/med/min/max, rew: 0.0036/0.0011/0.0000/0.0741,
	Losses: Policy Loss value/action/dist: 0.044/-0.014/1.026,
INFO:root:Time: 00d 00h 27m 41s, num timesteps 134160, FPS 80,
	Rewards: per step mean/med/min/max, rew: 0.0036/0.0011/0.0000/0.0741,
	Losses: Policy Loss value/action/dist: 0.044/-0.014/1.026,
INFO:root:Time: 00d 00h 27m 46s, num timesteps 134400, FPS 80,
	Rewards: per step mean/med/min/max, rew: 0.0036/0.0011/0.0000/0.0741,
	Losses: Policy Loss value/action/dist: 0.045/-0.014/1.025,
INFO:root:Time: 00d 00h 27m 49s, num timesteps 134640, FPS 80,
	Rewards: per step mean/med/min/max, rew: 0.0036/0.0011/0.0000/0.0741,
	Losses: Policy Loss value/action/dist: 0.045/-0.014/1.025,
INFO:root:Time: 00d 00h 27m 52s, num timesteps 134880, FPS 80,
	Rewards: per step mean/med/min/max, rew: 0.0037/0.0011/0.0000/0.0741,
	Losses: Policy Loss value/action/dist: 0.045/-0.014/1.025,
INFO:root:Time: 00d 00h 27m 54s, num timesteps 135120, FPS 80,
	Rewards: per step mean/med/min/max, rew: 0.0038/0.0012/0.0000/0.0741,
	Losses: Policy Loss value/action/dist: 0.045/-0.014/1.025,
INFO:root:Time: 00d 00h 27m 57s, num timesteps 135360, FPS 80,
	Rewards: per step mean/med/min/max, rew: 0.0038/0.0012/0.0000/0.0741,
	Losses: Policy Loss value/action/dist: 0.045/-0.014/1.025,
INFO:root:Time: 00d 00h 28m 00s, num timesteps 135600, FPS 80,
	Rewards: per step mean/med/min/max, rew: 0.0038/0.0012/0.0000/0.0741,
	Losses: Policy Loss value/action/dist: 0.045/-0.014/1.025,
INFO:root:Time: 00d 00h 28m 03s, num timesteps 135840, FPS 80,
	Rewards: per step mean/med/min/max, rew: 0.0039/0.0013/0.0000/0.0741,
	Losses: Policy Loss value/action/dist: 0.045/-0.014/1.025,
INFO:root:Time: 00d 00h 28m 05s, num timesteps 136080, FPS 80,
	Rewards: per step mean/med/min/max, rew: 0.0039/0.0013/0.0000/0.0741,
	Losses: Policy Loss value/action/dist: 0.045/-0.014/1.025,
INFO:root:Time: 00d 00h 28m 08s, num timesteps 136320, FPS 80,
	Rewards: per step mean/med/min/max, rew: 0.0038/0.0013/0.0000/0.0741,
	Losses: Policy Loss value/action/dist: 0.045/-0.014/1.025,
INFO:root:Time: 00d 00h 28m 11s, num timesteps 136560, FPS 80,
	Rewards: per step mean/med/min/max, rew: 0.0039/0.0013/0.0000/0.0741,
	Losses: Policy Loss value/action/dist: 0.045/-0.014/1.025,
INFO:root:Time: 00d 00h 28m 16s, num timesteps 136800, FPS 80,
	Rewards: per step mean/med/min/max, rew: 0.0040/0.0013/0.0000/0.0741,
	Losses: Policy Loss value/action/dist: 0.045/-0.014/1.024,
INFO:root:Time: 00d 00h 28m 19s, num timesteps 137040, FPS 80,
	Rewards: per step mean/med/min/max, rew: 0.0040/0.0014/0.0000/0.0741,
	Losses: Policy Loss value/action/dist: 0.045/-0.014/1.024,
INFO:root:Time: 00d 00h 28m 21s, num timesteps 137280, FPS 80,
	Rewards: per step mean/med/min/max, rew: 0.0041/0.0014/0.0000/0.0741,
	Losses: Policy Loss value/action/dist: 0.045/-0.014/1.024,
INFO:root:Time: 00d 00h 28m 24s, num timesteps 137520, FPS 80,
	Rewards: per step mean/med/min/max, rew: 0.0041/0.0014/0.0000/0.0741,
	Losses: Policy Loss value/action/dist: 0.045/-0.014/1.024,
INFO:root:Time: 00d 00h 28m 27s, num timesteps 137760, FPS 80,
	Rewards: per step mean/med/min/max, rew: 0.0040/0.0014/0.0000/0.0741,
	Losses: Policy Loss value/action/dist: 0.045/-0.014/1.024,
INFO:root:Time: 00d 00h 28m 29s, num timesteps 138000, FPS 80,
	Rewards: per step mean/med/min/max, rew: 0.0040/0.0013/0.0000/0.0741,
	Losses: Policy Loss value/action/dist: 0.045/-0.014/1.024,
INFO:root:Time: 00d 00h 28m 32s, num timesteps 138240, FPS 80,
	Rewards: per step mean/med/min/max, rew: 0.0041/0.0014/0.0000/0.0741,
	Losses: Policy Loss value/action/dist: 0.045/-0.014/1.024,
INFO:root:Time: 00d 00h 28m 35s, num timesteps 138480, FPS 80,
	Rewards: per step mean/med/min/max, rew: 0.0040/0.0014/0.0000/0.0741,
	Losses: Policy Loss value/action/dist: 0.045/-0.014/1.024,
INFO:root:Time: 00d 00h 28m 37s, num timesteps 138720, FPS 80,
	Rewards: per step mean/med/min/max, rew: 0.0040/0.0014/0.0000/0.0741,
	Losses: Policy Loss value/action/dist: 0.045/-0.014/1.024,
INFO:root:Time: 00d 00h 28m 40s, num timesteps 138960, FPS 80,
	Rewards: per step mean/med/min/max, rew: 0.0040/0.0014/0.0000/0.0741,
	Losses: Policy Loss value/action/dist: 0.045/-0.014/1.024,
INFO:root:Time: 00d 00h 28m 45s, num timesteps 139200, FPS 80,
	Rewards: per step mean/med/min/max, rew: 0.0041/0.0014/0.0000/0.0741,
	Losses: Policy Loss value/action/dist: 0.045/-0.014/1.024,
INFO:root:Time: 00d 00h 28m 48s, num timesteps 139440, FPS 80,
	Rewards: per step mean/med/min/max, rew: 0.0042/0.0016/0.0000/0.0741,
	Losses: Policy Loss value/action/dist: 0.045/-0.014/1.024,
INFO:root:Time: 00d 00h 28m 51s, num timesteps 139680, FPS 80,
	Rewards: per step mean/med/min/max, rew: 0.0042/0.0015/0.0000/0.0741,
	Losses: Policy Loss value/action/dist: 0.045/-0.014/1.024,
INFO:root:Time: 00d 00h 28m 54s, num timesteps 139920, FPS 80,
	Rewards: per step mean/med/min/max, rew: 0.0041/0.0015/0.0000/0.0741,
	Losses: Policy Loss value/action/dist: 0.045/-0.014/1.024,
INFO:root:Time: 00d 00h 28m 56s, num timesteps 140160, FPS 80,
	Rewards: per step mean/med/min/max, rew: 0.0041/0.0014/0.0000/0.0741,
	Losses: Policy Loss value/action/dist: 0.045/-0.014/1.024,
INFO:root:Time: 00d 00h 28m 59s, num timesteps 140400, FPS 80,
	Rewards: per step mean/med/min/max, rew: 0.0041/0.0014/0.0000/0.0741,
	Losses: Policy Loss value/action/dist: 0.045/-0.014/1.024,
INFO:root:Time: 00d 00h 29m 02s, num timesteps 140640, FPS 80,
	Rewards: per step mean/med/min/max, rew: 0.0040/0.0014/0.0000/0.0741,
	Losses: Policy Loss value/action/dist: 0.045/-0.014/1.024,
INFO:root:Time: 00d 00h 29m 04s, num timesteps 140880, FPS 80,
	Rewards: per step mean/med/min/max, rew: 0.0040/0.0013/0.0000/0.0741,
	Losses: Policy Loss value/action/dist: 0.045/-0.014/1.024,
INFO:root:Time: 00d 00h 29m 07s, num timesteps 141120, FPS 80,
	Rewards: per step mean/med/min/max, rew: 0.0039/0.0013/0.0000/0.0741,
	Losses: Policy Loss value/action/dist: 0.045/-0.014/1.024,
INFO:root:Time: 00d 00h 29m 10s, num timesteps 141360, FPS 80,
	Rewards: per step mean/med/min/max, rew: 0.0040/0.0014/0.0000/0.0741,
	Losses: Policy Loss value/action/dist: 0.045/-0.014/1.024,
INFO:root:Time: 00d 00h 29m 15s, num timesteps 141600, FPS 80,
	Rewards: per step mean/med/min/max, rew: 0.0040/0.0014/0.0000/0.0741,
	Losses: Policy Loss value/action/dist: 0.044/-0.014/1.023,
INFO:root:Time: 00d 00h 29m 18s, num timesteps 141840, FPS 80,
	Rewards: per step mean/med/min/max, rew: 0.0040/0.0014/0.0000/0.0741,
	Losses: Policy Loss value/action/dist: 0.044/-0.014/1.023,
INFO:root:Time: 00d 00h 29m 21s, num timesteps 142080, FPS 80,
	Rewards: per step mean/med/min/max, rew: 0.0040/0.0014/0.0000/0.0741,
	Losses: Policy Loss value/action/dist: 0.044/-0.014/1.023,
INFO:root:Time: 00d 00h 29m 23s, num timesteps 142320, FPS 80,
	Rewards: per step mean/med/min/max, rew: 0.0040/0.0014/0.0000/0.0741,
	Losses: Policy Loss value/action/dist: 0.044/-0.014/1.023,
INFO:root:Time: 00d 00h 29m 26s, num timesteps 142560, FPS 80,
	Rewards: per step mean/med/min/max, rew: 0.0040/0.0014/0.0000/0.0741,
	Losses: Policy Loss value/action/dist: 0.044/-0.014/1.023,
INFO:root:Time: 00d 00h 29m 29s, num timesteps 142800, FPS 80,
	Rewards: per step mean/med/min/max, rew: 0.0040/0.0014/0.0000/0.0741,
	Losses: Policy Loss value/action/dist: 0.044/-0.014/1.023,
INFO:root:Time: 00d 00h 29m 31s, num timesteps 143040, FPS 80,
	Rewards: per step mean/med/min/max, rew: 0.0040/0.0014/0.0000/0.0741,
	Losses: Policy Loss value/action/dist: 0.044/-0.014/1.023,
INFO:root:Time: 00d 00h 29m 34s, num timesteps 143280, FPS 80,
	Rewards: per step mean/med/min/max, rew: 0.0039/0.0014/0.0000/0.0741,
	Losses: Policy Loss value/action/dist: 0.044/-0.014/1.023,
INFO:root:Time: 00d 00h 29m 37s, num timesteps 143520, FPS 80,
	Rewards: per step mean/med/min/max, rew: 0.0039/0.0013/0.0000/0.0741,
	Losses: Policy Loss value/action/dist: 0.044/-0.014/1.023,
INFO:root:Time: 00d 00h 29m 39s, num timesteps 143760, FPS 80,
	Rewards: per step mean/med/min/max, rew: 0.0039/0.0014/0.0000/0.0741,
	Losses: Policy Loss value/action/dist: 0.044/-0.014/1.023,
INFO:root:Time: 00d 00h 29m 45s, num timesteps 144000, FPS 80,
	Rewards: per step mean/med/min/max, rew: 0.0040/0.0014/0.0000/0.0741,
	Losses: Policy Loss value/action/dist: 0.044/-0.015/1.023,
INFO:root:Time: 00d 00h 29m 48s, num timesteps 144240, FPS 80,
	Rewards: per step mean/med/min/max, rew: 0.0040/0.0014/0.0000/0.0741,
	Losses: Policy Loss value/action/dist: 0.044/-0.015/1.023,
INFO:root:Time: 00d 00h 29m 50s, num timesteps 144480, FPS 80,
	Rewards: per step mean/med/min/max, rew: 0.0040/0.0014/0.0000/0.0741,
	Losses: Policy Loss value/action/dist: 0.044/-0.015/1.023,
INFO:root:Time: 00d 00h 29m 53s, num timesteps 144720, FPS 80,
	Rewards: per step mean/med/min/max, rew: 0.0041/0.0014/0.0000/0.0741,
	Losses: Policy Loss value/action/dist: 0.044/-0.015/1.023,
INFO:root:Time: 00d 00h 29m 56s, num timesteps 144960, FPS 80,
	Rewards: per step mean/med/min/max, rew: 0.0041/0.0014/0.0000/0.0741,
	Losses: Policy Loss value/action/dist: 0.044/-0.015/1.023,
INFO:root:Time: 00d 00h 29m 59s, num timesteps 145200, FPS 80,
	Rewards: per step mean/med/min/max, rew: 0.0042/0.0014/0.0000/0.0741,
	Losses: Policy Loss value/action/dist: 0.044/-0.015/1.023,
INFO:root:Time: 00d 00h 30m 01s, num timesteps 145440, FPS 80,
	Rewards: per step mean/med/min/max, rew: 0.0042/0.0014/0.0000/0.0741,
	Losses: Policy Loss value/action/dist: 0.044/-0.015/1.023,
INFO:root:Time: 00d 00h 30m 04s, num timesteps 145680, FPS 80,
	Rewards: per step mean/med/min/max, rew: 0.0042/0.0014/0.0000/0.0741,
	Losses: Policy Loss value/action/dist: 0.044/-0.015/1.023,
INFO:root:Time: 00d 00h 30m 07s, num timesteps 145920, FPS 80,
	Rewards: per step mean/med/min/max, rew: 0.0042/0.0014/0.0000/0.0741,
	Losses: Policy Loss value/action/dist: 0.044/-0.015/1.023,
INFO:root:Time: 00d 00h 30m 09s, num timesteps 146160, FPS 80,
	Rewards: per step mean/med/min/max, rew: 0.0042/0.0014/0.0000/0.0741,
	Losses: Policy Loss value/action/dist: 0.044/-0.015/1.023,
INFO:root:Time: 00d 00h 30m 15s, num timesteps 146400, FPS 80,
	Rewards: per step mean/med/min/max, rew: 0.0042/0.0014/0.0000/0.0741,
	Losses: Policy Loss value/action/dist: 0.045/-0.015/1.022,
INFO:root:Time: 00d 00h 30m 17s, num timesteps 146640, FPS 80,
	Rewards: per step mean/med/min/max, rew: 0.0043/0.0014/0.0000/0.0741,
	Losses: Policy Loss value/action/dist: 0.045/-0.015/1.022,
INFO:root:Time: 00d 00h 30m 20s, num timesteps 146880, FPS 80,
	Rewards: per step mean/med/min/max, rew: 0.0042/0.0014/0.0000/0.0741,
	Losses: Policy Loss value/action/dist: 0.045/-0.015/1.022,
INFO:root:Time: 00d 00h 30m 23s, num timesteps 147120, FPS 80,
	Rewards: per step mean/med/min/max, rew: 0.0043/0.0015/0.0000/0.0741,
	Losses: Policy Loss value/action/dist: 0.045/-0.015/1.022,
INFO:root:Time: 00d 00h 30m 25s, num timesteps 147360, FPS 80,
	Rewards: per step mean/med/min/max, rew: 0.0043/0.0015/0.0000/0.0741,
	Losses: Policy Loss value/action/dist: 0.045/-0.015/1.022,
INFO:root:Time: 00d 00h 30m 28s, num timesteps 147600, FPS 80,
	Rewards: per step mean/med/min/max, rew: 0.0043/0.0014/0.0000/0.0741,
	Losses: Policy Loss value/action/dist: 0.045/-0.015/1.022,
INFO:root:Time: 00d 00h 30m 31s, num timesteps 147840, FPS 80,
	Rewards: per step mean/med/min/max, rew: 0.0043/0.0014/0.0000/0.0741,
	Losses: Policy Loss value/action/dist: 0.045/-0.015/1.022,
INFO:root:Time: 00d 00h 30m 34s, num timesteps 148080, FPS 80,
	Rewards: per step mean/med/min/max, rew: 0.0043/0.0014/0.0000/0.0741,
	Losses: Policy Loss value/action/dist: 0.045/-0.015/1.022,
INFO:root:Time: 00d 00h 30m 36s, num timesteps 148320, FPS 80,
	Rewards: per step mean/med/min/max, rew: 0.0044/0.0015/0.0000/0.0741,
	Losses: Policy Loss value/action/dist: 0.045/-0.015/1.022,
INFO:root:Time: 00d 00h 30m 39s, num timesteps 148560, FPS 80,
	Rewards: per step mean/med/min/max, rew: 0.0044/0.0015/0.0000/0.0741,
	Losses: Policy Loss value/action/dist: 0.045/-0.015/1.022,
INFO:root:Time: 00d 00h 30m 44s, num timesteps 148800, FPS 80,
	Rewards: per step mean/med/min/max, rew: 0.0044/0.0016/0.0000/0.0741,
	Losses: Policy Loss value/action/dist: 0.046/-0.015/1.021,
INFO:root:Time: 00d 00h 30m 47s, num timesteps 149040, FPS 80,
	Rewards: per step mean/med/min/max, rew: 0.0044/0.0016/0.0000/0.0741,
	Losses: Policy Loss value/action/dist: 0.046/-0.015/1.021,
INFO:root:Time: 00d 00h 30m 50s, num timesteps 149280, FPS 80,
	Rewards: per step mean/med/min/max, rew: 0.0044/0.0016/0.0000/0.0741,
	Losses: Policy Loss value/action/dist: 0.046/-0.015/1.021,
INFO:root:Time: 00d 00h 30m 52s, num timesteps 149520, FPS 80,
	Rewards: per step mean/med/min/max, rew: 0.0044/0.0015/0.0000/0.0741,
	Losses: Policy Loss value/action/dist: 0.046/-0.015/1.021,
INFO:root:Time: 00d 00h 30m 55s, num timesteps 149760, FPS 80,
	Rewards: per step mean/med/min/max, rew: 0.0044/0.0015/0.0000/0.0741,
	Losses: Policy Loss value/action/dist: 0.046/-0.015/1.021,
INFO:root:Time: 00d 00h 30m 58s, num timesteps 150000, FPS 80,
	Rewards: per step mean/med/min/max, rew: 0.0044/0.0016/0.0000/0.0741,
	Losses: Policy Loss value/action/dist: 0.046/-0.015/1.021,
INFO:root:Time: 00d 00h 31m 01s, num timesteps 150240, FPS 80,
	Rewards: per step mean/med/min/max, rew: 0.0044/0.0016/0.0000/0.0741,
	Losses: Policy Loss value/action/dist: 0.046/-0.015/1.021,
INFO:root:Time: 00d 00h 31m 03s, num timesteps 150480, FPS 80,
	Rewards: per step mean/med/min/max, rew: 0.0044/0.0016/0.0000/0.0741,
	Losses: Policy Loss value/action/dist: 0.046/-0.015/1.021,
INFO:root:Time: 00d 00h 31m 06s, num timesteps 150720, FPS 80,
	Rewards: per step mean/med/min/max, rew: 0.0044/0.0016/0.0000/0.0741,
	Losses: Policy Loss value/action/dist: 0.046/-0.015/1.021,
INFO:root:Time: 00d 00h 31m 08s, num timesteps 150960, FPS 80,
	Rewards: per step mean/med/min/max, rew: 0.0044/0.0015/0.0000/0.0741,
	Losses: Policy Loss value/action/dist: 0.046/-0.015/1.021,
INFO:root:Time: 00d 00h 31m 14s, num timesteps 151200, FPS 80,
	Rewards: per step mean/med/min/max, rew: 0.0044/0.0015/0.0000/0.0741,
	Losses: Policy Loss value/action/dist: 0.045/-0.015/1.021,
INFO:root:Time: 00d 00h 31m 16s, num timesteps 151440, FPS 80,
	Rewards: per step mean/med/min/max, rew: 0.0044/0.0015/0.0000/0.0741,
	Losses: Policy Loss value/action/dist: 0.045/-0.015/1.021,
INFO:root:Time: 00d 00h 31m 19s, num timesteps 151680, FPS 80,
	Rewards: per step mean/med/min/max, rew: 0.0043/0.0015/0.0000/0.0498,
	Losses: Policy Loss value/action/dist: 0.045/-0.015/1.021,
INFO:root:Time: 00d 00h 31m 22s, num timesteps 151920, FPS 80,
	Rewards: per step mean/med/min/max, rew: 0.0044/0.0016/0.0000/0.0498,
	Losses: Policy Loss value/action/dist: 0.045/-0.015/1.021,
INFO:root:Time: 00d 00h 31m 25s, num timesteps 152160, FPS 80,
	Rewards: per step mean/med/min/max, rew: 0.0044/0.0016/0.0000/0.0498,
	Losses: Policy Loss value/action/dist: 0.045/-0.015/1.021,
INFO:root:Time: 00d 00h 31m 27s, num timesteps 152400, FPS 80,
	Rewards: per step mean/med/min/max, rew: 0.0043/0.0016/0.0000/0.0498,
	Losses: Policy Loss value/action/dist: 0.045/-0.015/1.021,
INFO:root:Time: 00d 00h 31m 30s, num timesteps 152640, FPS 80,
	Rewards: per step mean/med/min/max, rew: 0.0044/0.0016/0.0000/0.0498,
	Losses: Policy Loss value/action/dist: 0.045/-0.015/1.021,
INFO:root:Time: 00d 00h 31m 33s, num timesteps 152880, FPS 80,
	Rewards: per step mean/med/min/max, rew: 0.0044/0.0016/0.0000/0.0498,
	Losses: Policy Loss value/action/dist: 0.045/-0.015/1.021,
INFO:root:Time: 00d 00h 31m 36s, num timesteps 153120, FPS 80,
	Rewards: per step mean/med/min/max, rew: 0.0044/0.0016/0.0000/0.0498,
	Losses: Policy Loss value/action/dist: 0.045/-0.015/1.021,
INFO:root:Time: 00d 00h 31m 38s, num timesteps 153360, FPS 80,
	Rewards: per step mean/med/min/max, rew: 0.0044/0.0016/0.0000/0.0498,
	Losses: Policy Loss value/action/dist: 0.045/-0.015/1.021,
INFO:root:Time: 00d 00h 31m 44s, num timesteps 153600, FPS 80,
	Rewards: per step mean/med/min/max, rew: 0.0044/0.0016/0.0000/0.0498,
	Losses: Policy Loss value/action/dist: 0.045/-0.015/1.020,
INFO:root:Time: 00d 00h 31m 46s, num timesteps 153840, FPS 80,
	Rewards: per step mean/med/min/max, rew: 0.0044/0.0016/0.0000/0.0498,
	Losses: Policy Loss value/action/dist: 0.045/-0.015/1.020,
INFO:root:Time: 00d 00h 31m 49s, num timesteps 154080, FPS 80,
	Rewards: per step mean/med/min/max, rew: 0.0044/0.0016/0.0000/0.0498,
	Losses: Policy Loss value/action/dist: 0.045/-0.015/1.020,
INFO:root:Time: 00d 00h 31m 52s, num timesteps 154320, FPS 80,
	Rewards: per step mean/med/min/max, rew: 0.0044/0.0016/0.0000/0.0498,
	Losses: Policy Loss value/action/dist: 0.045/-0.015/1.020,
INFO:root:Time: 00d 00h 31m 54s, num timesteps 154560, FPS 80,
	Rewards: per step mean/med/min/max, rew: 0.0044/0.0016/0.0000/0.0498,
	Losses: Policy Loss value/action/dist: 0.045/-0.015/1.020,
INFO:root:Time: 00d 00h 31m 57s, num timesteps 154800, FPS 80,
	Rewards: per step mean/med/min/max, rew: 0.0044/0.0016/0.0000/0.0498,
	Losses: Policy Loss value/action/dist: 0.045/-0.015/1.020,
INFO:root:Time: 00d 00h 32m 00s, num timesteps 155040, FPS 80,
	Rewards: per step mean/med/min/max, rew: 0.0044/0.0016/0.0000/0.0498,
	Losses: Policy Loss value/action/dist: 0.045/-0.015/1.020,
INFO:root:Time: 00d 00h 32m 03s, num timesteps 155280, FPS 80,
	Rewards: per step mean/med/min/max, rew: 0.0044/0.0016/0.0000/0.0498,
	Losses: Policy Loss value/action/dist: 0.045/-0.015/1.020,
INFO:root:Time: 00d 00h 32m 05s, num timesteps 155520, FPS 80,
	Rewards: per step mean/med/min/max, rew: 0.0044/0.0016/0.0000/0.0498,
	Losses: Policy Loss value/action/dist: 0.045/-0.015/1.020,
INFO:root:Time: 00d 00h 32m 08s, num timesteps 155760, FPS 80,
	Rewards: per step mean/med/min/max, rew: 0.0044/0.0016/0.0000/0.0498,
	Losses: Policy Loss value/action/dist: 0.045/-0.015/1.020,
INFO:root:Time: 00d 00h 32m 13s, num timesteps 156000, FPS 80,
	Rewards: per step mean/med/min/max, rew: 0.0043/0.0015/0.0000/0.0498,
	Losses: Policy Loss value/action/dist: 0.045/-0.015/1.020,
INFO:root:Time: 00d 00h 32m 16s, num timesteps 156240, FPS 80,
	Rewards: per step mean/med/min/max, rew: 0.0043/0.0015/0.0000/0.0498,
	Losses: Policy Loss value/action/dist: 0.045/-0.015/1.020,
INFO:root:Time: 00d 00h 32m 19s, num timesteps 156480, FPS 80,
	Rewards: per step mean/med/min/max, rew: 0.0045/0.0016/0.0000/0.0613,
	Losses: Policy Loss value/action/dist: 0.045/-0.015/1.020,
INFO:root:Time: 00d 00h 32m 21s, num timesteps 156720, FPS 80,
	Rewards: per step mean/med/min/max, rew: 0.0044/0.0015/0.0000/0.0613,
	Losses: Policy Loss value/action/dist: 0.045/-0.015/1.020,
INFO:root:Time: 00d 00h 32m 24s, num timesteps 156960, FPS 80,
	Rewards: per step mean/med/min/max, rew: 0.0045/0.0015/0.0000/0.0613,
	Losses: Policy Loss value/action/dist: 0.045/-0.015/1.020,
INFO:root:Time: 00d 00h 32m 27s, num timesteps 157200, FPS 80,
	Rewards: per step mean/med/min/max, rew: 0.0044/0.0015/0.0000/0.0613,
	Losses: Policy Loss value/action/dist: 0.045/-0.015/1.020,
INFO:root:Time: 00d 00h 32m 30s, num timesteps 157440, FPS 80,
	Rewards: per step mean/med/min/max, rew: 0.0044/0.0015/0.0000/0.0613,
	Losses: Policy Loss value/action/dist: 0.045/-0.015/1.020,
INFO:root:Time: 00d 00h 32m 32s, num timesteps 157680, FPS 80,
	Rewards: per step mean/med/min/max, rew: 0.0044/0.0015/0.0000/0.0613,
	Losses: Policy Loss value/action/dist: 0.045/-0.015/1.020,
INFO:root:Time: 00d 00h 32m 35s, num timesteps 157920, FPS 80,
	Rewards: per step mean/med/min/max, rew: 0.0044/0.0016/0.0000/0.0613,
	Losses: Policy Loss value/action/dist: 0.045/-0.015/1.020,
INFO:root:Time: 00d 00h 32m 38s, num timesteps 158160, FPS 80,
	Rewards: per step mean/med/min/max, rew: 0.0044/0.0016/0.0000/0.0613,
	Losses: Policy Loss value/action/dist: 0.045/-0.015/1.020,
INFO:root:Time: 00d 00h 32m 43s, num timesteps 158400, FPS 80,
	Rewards: per step mean/med/min/max, rew: 0.0044/0.0015/0.0000/0.0613,
	Losses: Policy Loss value/action/dist: 0.045/-0.015/1.019,
INFO:root:Time: 00d 00h 32m 46s, num timesteps 158640, FPS 80,
	Rewards: per step mean/med/min/max, rew: 0.0043/0.0015/0.0000/0.0613,
	Losses: Policy Loss value/action/dist: 0.045/-0.015/1.019,
INFO:root:Time: 00d 00h 32m 48s, num timesteps 158880, FPS 80,
	Rewards: per step mean/med/min/max, rew: 0.0043/0.0016/0.0000/0.0613,
	Losses: Policy Loss value/action/dist: 0.045/-0.015/1.019,
INFO:root:Time: 00d 00h 32m 51s, num timesteps 159120, FPS 80,
	Rewards: per step mean/med/min/max, rew: 0.0043/0.0015/0.0000/0.0613,
	Losses: Policy Loss value/action/dist: 0.045/-0.015/1.019,
INFO:root:Time: 00d 00h 32m 54s, num timesteps 159360, FPS 80,
	Rewards: per step mean/med/min/max, rew: 0.0043/0.0015/0.0000/0.0613,
	Losses: Policy Loss value/action/dist: 0.045/-0.015/1.019,
INFO:root:Time: 00d 00h 32m 57s, num timesteps 159600, FPS 80,
	Rewards: per step mean/med/min/max, rew: 0.0043/0.0015/0.0000/0.0613,
	Losses: Policy Loss value/action/dist: 0.045/-0.015/1.019,
INFO:root:Time: 00d 00h 32m 59s, num timesteps 159840, FPS 80,
	Rewards: per step mean/med/min/max, rew: 0.0043/0.0015/0.0000/0.0613,
	Losses: Policy Loss value/action/dist: 0.045/-0.015/1.019,
INFO:root:Time: 00d 00h 33m 02s, num timesteps 160080, FPS 80,
	Rewards: per step mean/med/min/max, rew: 0.0043/0.0015/0.0000/0.0613,
	Losses: Policy Loss value/action/dist: 0.045/-0.015/1.019,
INFO:root:Time: 00d 00h 33m 05s, num timesteps 160320, FPS 80,
	Rewards: per step mean/med/min/max, rew: 0.0043/0.0015/0.0000/0.0613,
	Losses: Policy Loss value/action/dist: 0.045/-0.015/1.019,
INFO:root:Time: 00d 00h 33m 07s, num timesteps 160560, FPS 80,
	Rewards: per step mean/med/min/max, rew: 0.0043/0.0014/0.0000/0.0613,
	Losses: Policy Loss value/action/dist: 0.045/-0.015/1.019,
INFO:root:Time: 00d 00h 33m 13s, num timesteps 160800, FPS 80,
	Rewards: per step mean/med/min/max, rew: 0.0042/0.0014/0.0000/0.0613,
	Losses: Policy Loss value/action/dist: 0.045/-0.015/1.018,
INFO:root:Time: 00d 00h 33m 15s, num timesteps 161040, FPS 80,
	Rewards: per step mean/med/min/max, rew: 0.0041/0.0013/0.0000/0.0613,
	Losses: Policy Loss value/action/dist: 0.045/-0.015/1.018,
INFO:root:Time: 00d 00h 33m 18s, num timesteps 161280, FPS 80,
	Rewards: per step mean/med/min/max, rew: 0.0041/0.0013/0.0000/0.0613,
	Losses: Policy Loss value/action/dist: 0.045/-0.015/1.018,
INFO:root:Time: 00d 00h 33m 21s, num timesteps 161520, FPS 80,
	Rewards: per step mean/med/min/max, rew: 0.0041/0.0013/0.0000/0.0613,
	Losses: Policy Loss value/action/dist: 0.045/-0.015/1.018,
INFO:root:Time: 00d 00h 33m 24s, num timesteps 161760, FPS 80,
	Rewards: per step mean/med/min/max, rew: 0.0041/0.0013/0.0000/0.0613,
	Losses: Policy Loss value/action/dist: 0.045/-0.015/1.018,
INFO:root:Time: 00d 00h 33m 26s, num timesteps 162000, FPS 80,
	Rewards: per step mean/med/min/max, rew: 0.0041/0.0013/0.0000/0.0613,
	Losses: Policy Loss value/action/dist: 0.045/-0.015/1.018,
INFO:root:Time: 00d 00h 33m 29s, num timesteps 162240, FPS 80,
	Rewards: per step mean/med/min/max, rew: 0.0041/0.0013/0.0000/0.0613,
	Losses: Policy Loss value/action/dist: 0.045/-0.015/1.018,
INFO:root:Time: 00d 00h 33m 32s, num timesteps 162480, FPS 80,
	Rewards: per step mean/med/min/max, rew: 0.0041/0.0013/0.0000/0.0613,
	Losses: Policy Loss value/action/dist: 0.045/-0.015/1.018,
INFO:root:Time: 00d 00h 33m 34s, num timesteps 162720, FPS 80,
	Rewards: per step mean/med/min/max, rew: 0.0041/0.0013/0.0000/0.0613,
	Losses: Policy Loss value/action/dist: 0.045/-0.015/1.018,
INFO:root:Time: 00d 00h 33m 37s, num timesteps 162960, FPS 80,
	Rewards: per step mean/med/min/max, rew: 0.0041/0.0013/0.0000/0.0613,
	Losses: Policy Loss value/action/dist: 0.045/-0.015/1.018,
INFO:root:Time: 00d 00h 33m 42s, num timesteps 163200, FPS 80,
	Rewards: per step mean/med/min/max, rew: 0.0041/0.0012/0.0000/0.0613,
	Losses: Policy Loss value/action/dist: 0.045/-0.015/1.017,
INFO:root:Time: 00d 00h 33m 45s, num timesteps 163440, FPS 80,
	Rewards: per step mean/med/min/max, rew: 0.0041/0.0012/0.0000/0.0613,
	Losses: Policy Loss value/action/dist: 0.045/-0.015/1.017,
INFO:root:Time: 00d 00h 33m 48s, num timesteps 163680, FPS 80,
	Rewards: per step mean/med/min/max, rew: 0.0041/0.0012/0.0000/0.0613,
	Losses: Policy Loss value/action/dist: 0.045/-0.015/1.017,
INFO:root:Time: 00d 00h 33m 50s, num timesteps 163920, FPS 80,
	Rewards: per step mean/med/min/max, rew: 0.0041/0.0013/0.0000/0.0613,
	Losses: Policy Loss value/action/dist: 0.045/-0.015/1.017,
INFO:root:Time: 00d 00h 33m 53s, num timesteps 164160, FPS 80,
	Rewards: per step mean/med/min/max, rew: 0.0041/0.0013/0.0000/0.0613,
	Losses: Policy Loss value/action/dist: 0.045/-0.015/1.017,
INFO:root:Time: 00d 00h 33m 56s, num timesteps 164400, FPS 80,
	Rewards: per step mean/med/min/max, rew: 0.0041/0.0012/0.0000/0.0613,
	Losses: Policy Loss value/action/dist: 0.045/-0.015/1.017,
INFO:root:Time: 00d 00h 33m 59s, num timesteps 164640, FPS 80,
	Rewards: per step mean/med/min/max, rew: 0.0041/0.0013/0.0000/0.0613,
	Losses: Policy Loss value/action/dist: 0.045/-0.015/1.017,
INFO:root:Time: 00d 00h 34m 01s, num timesteps 164880, FPS 80,
	Rewards: per step mean/med/min/max, rew: 0.0041/0.0012/0.0000/0.0613,
	Losses: Policy Loss value/action/dist: 0.045/-0.015/1.017,
INFO:root:Time: 00d 00h 34m 04s, num timesteps 165120, FPS 80,
	Rewards: per step mean/med/min/max, rew: 0.0041/0.0012/0.0000/0.0613,
	Losses: Policy Loss value/action/dist: 0.045/-0.015/1.017,
INFO:root:Time: 00d 00h 34m 07s, num timesteps 165360, FPS 80,
	Rewards: per step mean/med/min/max, rew: 0.0041/0.0012/0.0000/0.0613,
	Losses: Policy Loss value/action/dist: 0.045/-0.015/1.017,
INFO:root:Time: 00d 00h 34m 12s, num timesteps 165600, FPS 80,
	Rewards: per step mean/med/min/max, rew: 0.0041/0.0012/0.0000/0.0613,
	Losses: Policy Loss value/action/dist: 0.044/-0.015/1.017,
INFO:root:Time: 00d 00h 34m 15s, num timesteps 165840, FPS 80,
	Rewards: per step mean/med/min/max, rew: 0.0041/0.0012/0.0000/0.0613,
	Losses: Policy Loss value/action/dist: 0.044/-0.015/1.017,
INFO:root:Time: 00d 00h 34m 18s, num timesteps 166080, FPS 80,
	Rewards: per step mean/med/min/max, rew: 0.0041/0.0013/0.0000/0.0613,
	Losses: Policy Loss value/action/dist: 0.044/-0.015/1.017,
INFO:root:Time: 00d 00h 34m 20s, num timesteps 166320, FPS 80,
	Rewards: per step mean/med/min/max, rew: 0.0041/0.0013/0.0000/0.0613,
	Losses: Policy Loss value/action/dist: 0.044/-0.015/1.017,
INFO:root:Time: 00d 00h 34m 23s, num timesteps 166560, FPS 80,
	Rewards: per step mean/med/min/max, rew: 0.0041/0.0013/0.0000/0.0613,
	Losses: Policy Loss value/action/dist: 0.044/-0.015/1.017,
INFO:root:Time: 00d 00h 34m 26s, num timesteps 166800, FPS 80,
	Rewards: per step mean/med/min/max, rew: 0.0041/0.0013/0.0000/0.0613,
	Losses: Policy Loss value/action/dist: 0.044/-0.015/1.017,
INFO:root:Time: 00d 00h 34m 28s, num timesteps 167040, FPS 80,
	Rewards: per step mean/med/min/max, rew: 0.0041/0.0013/0.0000/0.0613,
	Losses: Policy Loss value/action/dist: 0.044/-0.015/1.017,
INFO:root:Time: 00d 00h 34m 31s, num timesteps 167280, FPS 80,
	Rewards: per step mean/med/min/max, rew: 0.0041/0.0013/0.0000/0.0613,
	Losses: Policy Loss value/action/dist: 0.044/-0.015/1.017,
INFO:root:Time: 00d 00h 34m 34s, num timesteps 167520, FPS 80,
	Rewards: per step mean/med/min/max, rew: 0.0041/0.0013/0.0000/0.0613,
	Losses: Policy Loss value/action/dist: 0.044/-0.015/1.017,
INFO:root:Time: 00d 00h 34m 37s, num timesteps 167760, FPS 80,
	Rewards: per step mean/med/min/max, rew: 0.0041/0.0013/0.0000/0.0613,
	Losses: Policy Loss value/action/dist: 0.044/-0.015/1.017,
INFO:root:Time: 00d 00h 34m 42s, num timesteps 168000, FPS 80,
	Rewards: per step mean/med/min/max, rew: 0.0041/0.0012/0.0000/0.0613,
	Losses: Policy Loss value/action/dist: 0.044/-0.015/1.016,
INFO:root:Time: 00d 00h 34m 45s, num timesteps 168240, FPS 80,
	Rewards: per step mean/med/min/max, rew: 0.0040/0.0012/0.0000/0.0613,
	Losses: Policy Loss value/action/dist: 0.044/-0.015/1.016,
INFO:root:Time: 00d 00h 34m 48s, num timesteps 168480, FPS 80,
	Rewards: per step mean/med/min/max, rew: 0.0040/0.0012/0.0000/0.0613,
	Losses: Policy Loss value/action/dist: 0.044/-0.015/1.016,
INFO:root:Time: 00d 00h 34m 50s, num timesteps 168720, FPS 80,
	Rewards: per step mean/med/min/max, rew: 0.0039/0.0012/0.0000/0.0613,
	Losses: Policy Loss value/action/dist: 0.044/-0.015/1.016,
INFO:root:Time: 00d 00h 34m 53s, num timesteps 168960, FPS 80,
	Rewards: per step mean/med/min/max, rew: 0.0039/0.0012/0.0000/0.0613,
	Losses: Policy Loss value/action/dist: 0.044/-0.015/1.016,
INFO:root:Time: 00d 00h 34m 56s, num timesteps 169200, FPS 80,
	Rewards: per step mean/med/min/max, rew: 0.0039/0.0012/0.0000/0.0613,
	Losses: Policy Loss value/action/dist: 0.044/-0.015/1.016,
INFO:root:Time: 00d 00h 34m 58s, num timesteps 169440, FPS 80,
	Rewards: per step mean/med/min/max, rew: 0.0038/0.0012/0.0000/0.0613,
	Losses: Policy Loss value/action/dist: 0.044/-0.015/1.016,
INFO:root:Time: 00d 00h 35m 01s, num timesteps 169680, FPS 80,
	Rewards: per step mean/med/min/max, rew: 0.0038/0.0012/0.0000/0.0613,
	Losses: Policy Loss value/action/dist: 0.044/-0.015/1.016,
INFO:root:Time: 00d 00h 35m 04s, num timesteps 169920, FPS 80,
	Rewards: per step mean/med/min/max, rew: 0.0037/0.0012/0.0000/0.0613,
	Losses: Policy Loss value/action/dist: 0.044/-0.015/1.016,
INFO:root:Time: 00d 00h 35m 07s, num timesteps 170160, FPS 80,
	Rewards: per step mean/med/min/max, rew: 0.0037/0.0012/0.0000/0.0613,
	Losses: Policy Loss value/action/dist: 0.044/-0.015/1.016,
INFO:root:Time: 00d 00h 35m 12s, num timesteps 170400, FPS 80,
	Rewards: per step mean/med/min/max, rew: 0.0037/0.0012/0.0000/0.0613,
	Losses: Policy Loss value/action/dist: 0.044/-0.015/1.016,
INFO:root:Time: 00d 00h 35m 15s, num timesteps 170640, FPS 80,
	Rewards: per step mean/med/min/max, rew: 0.0037/0.0011/0.0000/0.0613,
	Losses: Policy Loss value/action/dist: 0.044/-0.015/1.016,
INFO:root:Time: 00d 00h 35m 17s, num timesteps 170880, FPS 80,
	Rewards: per step mean/med/min/max, rew: 0.0037/0.0011/0.0000/0.0613,
	Losses: Policy Loss value/action/dist: 0.044/-0.015/1.016,
INFO:root:Time: 00d 00h 35m 20s, num timesteps 171120, FPS 80,
	Rewards: per step mean/med/min/max, rew: 0.0037/0.0011/0.0000/0.0613,
	Losses: Policy Loss value/action/dist: 0.044/-0.015/1.016,
INFO:root:Time: 00d 00h 35m 23s, num timesteps 171360, FPS 80,
	Rewards: per step mean/med/min/max, rew: 0.0037/0.0011/0.0000/0.0613,
	Losses: Policy Loss value/action/dist: 0.044/-0.015/1.016,
INFO:root:Time: 00d 00h 35m 26s, num timesteps 171600, FPS 80,
	Rewards: per step mean/med/min/max, rew: 0.0036/0.0011/0.0000/0.0613,
	Losses: Policy Loss value/action/dist: 0.044/-0.015/1.016,
INFO:root:Time: 00d 00h 35m 28s, num timesteps 171840, FPS 80,
	Rewards: per step mean/med/min/max, rew: 0.0036/0.0011/0.0000/0.0613,
	Losses: Policy Loss value/action/dist: 0.044/-0.015/1.016,
INFO:root:Time: 00d 00h 35m 31s, num timesteps 172080, FPS 80,
	Rewards: per step mean/med/min/max, rew: 0.0036/0.0011/0.0000/0.0613,
	Losses: Policy Loss value/action/dist: 0.044/-0.015/1.016,
INFO:root:Time: 00d 00h 35m 34s, num timesteps 172320, FPS 80,
	Rewards: per step mean/med/min/max, rew: 0.0037/0.0011/0.0000/0.0613,
	Losses: Policy Loss value/action/dist: 0.044/-0.015/1.016,
INFO:root:Time: 00d 00h 35m 37s, num timesteps 172560, FPS 80,
	Rewards: per step mean/med/min/max, rew: 0.0036/0.0011/0.0000/0.0613,
	Losses: Policy Loss value/action/dist: 0.044/-0.015/1.016,
INFO:root:Time: 00d 00h 35m 42s, num timesteps 172800, FPS 80,
	Rewards: per step mean/med/min/max, rew: 0.0036/0.0011/0.0000/0.0613,
	Losses: Policy Loss value/action/dist: 0.045/-0.015/1.015,
INFO:root:Time: 00d 00h 35m 45s, num timesteps 173040, FPS 80,
	Rewards: per step mean/med/min/max, rew: 0.0036/0.0011/0.0000/0.0613,
	Losses: Policy Loss value/action/dist: 0.045/-0.015/1.015,
INFO:root:Time: 00d 00h 35m 47s, num timesteps 173280, FPS 80,
	Rewards: per step mean/med/min/max, rew: 0.0037/0.0011/0.0000/0.0613,
	Losses: Policy Loss value/action/dist: 0.045/-0.015/1.015,
INFO:root:Time: 00d 00h 35m 50s, num timesteps 173520, FPS 80,
	Rewards: per step mean/med/min/max, rew: 0.0037/0.0011/0.0000/0.0613,
	Losses: Policy Loss value/action/dist: 0.045/-0.015/1.015,
INFO:root:Time: 00d 00h 35m 53s, num timesteps 173760, FPS 80,
	Rewards: per step mean/med/min/max, rew: 0.0037/0.0011/0.0000/0.0613,
	Losses: Policy Loss value/action/dist: 0.045/-0.015/1.015,
INFO:root:Time: 00d 00h 35m 56s, num timesteps 174000, FPS 80,
	Rewards: per step mean/med/min/max, rew: 0.0037/0.0011/0.0000/0.0613,
	Losses: Policy Loss value/action/dist: 0.045/-0.015/1.015,
INFO:root:Time: 00d 00h 35m 58s, num timesteps 174240, FPS 80,
	Rewards: per step mean/med/min/max, rew: 0.0037/0.0011/0.0000/0.0613,
	Losses: Policy Loss value/action/dist: 0.045/-0.015/1.015,
INFO:root:Time: 00d 00h 36m 01s, num timesteps 174480, FPS 80,
	Rewards: per step mean/med/min/max, rew: 0.0037/0.0010/0.0000/0.0613,
	Losses: Policy Loss value/action/dist: 0.045/-0.015/1.015,
INFO:root:Time: 00d 00h 36m 04s, num timesteps 174720, FPS 80,
	Rewards: per step mean/med/min/max, rew: 0.0037/0.0010/0.0000/0.0613,
	Losses: Policy Loss value/action/dist: 0.045/-0.015/1.015,
INFO:root:Time: 00d 00h 36m 06s, num timesteps 174960, FPS 80,
	Rewards: per step mean/med/min/max, rew: 0.0037/0.0010/0.0000/0.0613,
	Losses: Policy Loss value/action/dist: 0.045/-0.015/1.015,
INFO:root:Time: 00d 00h 36m 12s, num timesteps 175200, FPS 80,
	Rewards: per step mean/med/min/max, rew: 0.0037/0.0011/0.0000/0.0613,
	Losses: Policy Loss value/action/dist: 0.044/-0.015/1.015,
INFO:root:Time: 00d 00h 36m 14s, num timesteps 175440, FPS 80,
	Rewards: per step mean/med/min/max, rew: 0.0037/0.0011/0.0000/0.0613,
	Losses: Policy Loss value/action/dist: 0.044/-0.015/1.015,
INFO:root:Time: 00d 00h 36m 17s, num timesteps 175680, FPS 80,
	Rewards: per step mean/med/min/max, rew: 0.0038/0.0011/0.0000/0.0613,
	Losses: Policy Loss value/action/dist: 0.044/-0.015/1.015,
INFO:root:Time: 00d 00h 36m 20s, num timesteps 175920, FPS 80,
	Rewards: per step mean/med/min/max, rew: 0.0037/0.0011/0.0000/0.0613,
	Losses: Policy Loss value/action/dist: 0.044/-0.015/1.015,
INFO:root:Time: 00d 00h 36m 23s, num timesteps 176160, FPS 80,
	Rewards: per step mean/med/min/max, rew: 0.0037/0.0011/0.0000/0.0613,
	Losses: Policy Loss value/action/dist: 0.044/-0.015/1.015,
INFO:root:Time: 00d 00h 36m 25s, num timesteps 176400, FPS 80,
	Rewards: per step mean/med/min/max, rew: 0.0037/0.0011/0.0000/0.0613,
	Losses: Policy Loss value/action/dist: 0.044/-0.015/1.015,
INFO:root:Time: 00d 00h 36m 28s, num timesteps 176640, FPS 80,
	Rewards: per step mean/med/min/max, rew: 0.0038/0.0011/0.0000/0.0613,
	Losses: Policy Loss value/action/dist: 0.044/-0.015/1.015,
INFO:root:Time: 00d 00h 36m 31s, num timesteps 176880, FPS 80,
	Rewards: per step mean/med/min/max, rew: 0.0037/0.0011/0.0000/0.0613,
	Losses: Policy Loss value/action/dist: 0.044/-0.015/1.015,
INFO:root:Time: 00d 00h 36m 33s, num timesteps 177120, FPS 80,
	Rewards: per step mean/med/min/max, rew: 0.0037/0.0011/0.0000/0.0613,
	Losses: Policy Loss value/action/dist: 0.044/-0.015/1.015,
INFO:root:Time: 00d 00h 36m 36s, num timesteps 177360, FPS 80,
	Rewards: per step mean/med/min/max, rew: 0.0037/0.0011/0.0000/0.0613,
	Losses: Policy Loss value/action/dist: 0.044/-0.015/1.015,
INFO:root:Time: 00d 00h 36m 41s, num timesteps 177600, FPS 80,
	Rewards: per step mean/med/min/max, rew: 0.0036/0.0010/0.0000/0.0613,
	Losses: Policy Loss value/action/dist: 0.044/-0.015/1.014,
INFO:root:Time: 00d 00h 36m 44s, num timesteps 177840, FPS 80,
	Rewards: per step mean/med/min/max, rew: 0.0036/0.0010/0.0000/0.0613,
	Losses: Policy Loss value/action/dist: 0.044/-0.015/1.014,
INFO:root:Time: 00d 00h 36m 47s, num timesteps 178080, FPS 80,
	Rewards: per step mean/med/min/max, rew: 0.0037/0.0010/0.0000/0.0613,
	Losses: Policy Loss value/action/dist: 0.044/-0.015/1.014,
INFO:root:Time: 00d 00h 36m 50s, num timesteps 178320, FPS 80,
	Rewards: per step mean/med/min/max, rew: 0.0037/0.0010/0.0000/0.0613,
	Losses: Policy Loss value/action/dist: 0.044/-0.015/1.014,
INFO:root:Time: 00d 00h 36m 52s, num timesteps 178560, FPS 80,
	Rewards: per step mean/med/min/max, rew: 0.0036/0.0010/0.0000/0.0613,
	Losses: Policy Loss value/action/dist: 0.044/-0.015/1.014,
INFO:root:Time: 00d 00h 36m 55s, num timesteps 178800, FPS 80,
	Rewards: per step mean/med/min/max, rew: 0.0036/0.0010/0.0000/0.0613,
	Losses: Policy Loss value/action/dist: 0.044/-0.015/1.014,
INFO:root:Time: 00d 00h 36m 58s, num timesteps 179040, FPS 80,
	Rewards: per step mean/med/min/max, rew: 0.0036/0.0010/0.0000/0.0613,
	Losses: Policy Loss value/action/dist: 0.044/-0.015/1.014,
INFO:root:Time: 00d 00h 37m 00s, num timesteps 179280, FPS 80,
	Rewards: per step mean/med/min/max, rew: 0.0036/0.0009/0.0000/0.0613,
	Losses: Policy Loss value/action/dist: 0.044/-0.015/1.014,
INFO:root:Time: 00d 00h 37m 03s, num timesteps 179520, FPS 80,
	Rewards: per step mean/med/min/max, rew: 0.0036/0.0009/0.0000/0.0613,
	Losses: Policy Loss value/action/dist: 0.044/-0.015/1.014,
INFO:root:Time: 00d 00h 37m 06s, num timesteps 179760, FPS 80,
	Rewards: per step mean/med/min/max, rew: 0.0036/0.0009/0.0000/0.0613,
	Losses: Policy Loss value/action/dist: 0.044/-0.015/1.014,
INFO:root:Time: 00d 00h 37m 11s, num timesteps 180000, FPS 80,
	Rewards: per step mean/med/min/max, rew: 0.0036/0.0009/0.0000/0.0613,
	Losses: Policy Loss value/action/dist: 0.044/-0.015/1.014,
INFO:root:Time: 00d 00h 37m 14s, num timesteps 180240, FPS 80,
	Rewards: per step mean/med/min/max, rew: 0.0036/0.0009/0.0000/0.0613,
	Losses: Policy Loss value/action/dist: 0.044/-0.015/1.014,
INFO:root:Time: 00d 00h 37m 17s, num timesteps 180480, FPS 80,
	Rewards: per step mean/med/min/max, rew: 0.0035/0.0009/0.0000/0.0552,
	Losses: Policy Loss value/action/dist: 0.044/-0.015/1.014,
INFO:root:Time: 00d 00h 37m 19s, num timesteps 180720, FPS 80,
	Rewards: per step mean/med/min/max, rew: 0.0035/0.0009/0.0000/0.0552,
	Losses: Policy Loss value/action/dist: 0.044/-0.015/1.014,
INFO:root:Time: 00d 00h 37m 22s, num timesteps 180960, FPS 80,
	Rewards: per step mean/med/min/max, rew: 0.0035/0.0009/0.0000/0.0552,
	Losses: Policy Loss value/action/dist: 0.044/-0.015/1.014,
INFO:root:Time: 00d 00h 37m 25s, num timesteps 181200, FPS 80,
	Rewards: per step mean/med/min/max, rew: 0.0035/0.0009/0.0000/0.0552,
	Losses: Policy Loss value/action/dist: 0.044/-0.015/1.014,
INFO:root:Time: 00d 00h 37m 27s, num timesteps 181440, FPS 80,
	Rewards: per step mean/med/min/max, rew: 0.0034/0.0009/0.0000/0.0552,
	Losses: Policy Loss value/action/dist: 0.044/-0.015/1.014,
INFO:root:Time: 00d 00h 37m 30s, num timesteps 181680, FPS 80,
	Rewards: per step mean/med/min/max, rew: 0.0035/0.0009/0.0000/0.0552,
	Losses: Policy Loss value/action/dist: 0.044/-0.015/1.014,
INFO:root:Time: 00d 00h 37m 33s, num timesteps 181920, FPS 80,
	Rewards: per step mean/med/min/max, rew: 0.0035/0.0009/0.0000/0.0552,
	Losses: Policy Loss value/action/dist: 0.044/-0.015/1.014,
INFO:root:Time: 00d 00h 37m 36s, num timesteps 182160, FPS 80,
	Rewards: per step mean/med/min/max, rew: 0.0035/0.0009/0.0000/0.0552,
	Losses: Policy Loss value/action/dist: 0.044/-0.015/1.014,
INFO:root:Time: 00d 00h 37m 41s, num timesteps 182400, FPS 80,
	Rewards: per step mean/med/min/max, rew: 0.0035/0.0009/0.0000/0.0552,
	Losses: Policy Loss value/action/dist: 0.044/-0.015/1.014,
INFO:root:Time: 00d 00h 37m 44s, num timesteps 182640, FPS 80,
	Rewards: per step mean/med/min/max, rew: 0.0035/0.0009/0.0000/0.0552,
	Losses: Policy Loss value/action/dist: 0.044/-0.015/1.014,
INFO:root:Time: 00d 00h 37m 46s, num timesteps 182880, FPS 80,
	Rewards: per step mean/med/min/max, rew: 0.0035/0.0009/0.0000/0.0552,
	Losses: Policy Loss value/action/dist: 0.044/-0.015/1.014,
INFO:root:Time: 00d 00h 37m 49s, num timesteps 183120, FPS 80,
	Rewards: per step mean/med/min/max, rew: 0.0035/0.0008/0.0000/0.0552,
	Losses: Policy Loss value/action/dist: 0.044/-0.015/1.014,
INFO:root:Time: 00d 00h 37m 52s, num timesteps 183360, FPS 80,
	Rewards: per step mean/med/min/max, rew: 0.0035/0.0008/0.0000/0.0552,
	Losses: Policy Loss value/action/dist: 0.044/-0.015/1.014,
INFO:root:Time: 00d 00h 37m 54s, num timesteps 183600, FPS 80,
	Rewards: per step mean/med/min/max, rew: 0.0034/0.0008/0.0000/0.0552,
	Losses: Policy Loss value/action/dist: 0.044/-0.015/1.014,
INFO:root:Time: 00d 00h 37m 57s, num timesteps 183840, FPS 80,
	Rewards: per step mean/med/min/max, rew: 0.0034/0.0009/0.0000/0.0552,
	Losses: Policy Loss value/action/dist: 0.044/-0.015/1.014,
INFO:root:Time: 00d 00h 38m 00s, num timesteps 184080, FPS 80,
	Rewards: per step mean/med/min/max, rew: 0.0034/0.0008/0.0000/0.0552,
	Losses: Policy Loss value/action/dist: 0.044/-0.015/1.014,
INFO:root:Time: 00d 00h 38m 03s, num timesteps 184320, FPS 80,
	Rewards: per step mean/med/min/max, rew: 0.0034/0.0008/0.0000/0.0552,
	Losses: Policy Loss value/action/dist: 0.044/-0.015/1.014,
INFO:root:Time: 00d 00h 38m 05s, num timesteps 184560, FPS 80,
	Rewards: per step mean/med/min/max, rew: 0.0034/0.0008/0.0000/0.0552,
	Losses: Policy Loss value/action/dist: 0.044/-0.015/1.014,
INFO:root:Time: 00d 00h 38m 11s, num timesteps 184800, FPS 80,
	Rewards: per step mean/med/min/max, rew: 0.0034/0.0008/0.0000/0.0552,
	Losses: Policy Loss value/action/dist: 0.044/-0.015/1.013,
INFO:root:Time: 00d 00h 38m 13s, num timesteps 185040, FPS 80,
	Rewards: per step mean/med/min/max, rew: 0.0034/0.0009/0.0000/0.0552,
	Losses: Policy Loss value/action/dist: 0.044/-0.015/1.013,
INFO:root:Time: 00d 00h 38m 16s, num timesteps 185280, FPS 80,
	Rewards: per step mean/med/min/max, rew: 0.0034/0.0008/0.0000/0.0552,
	Losses: Policy Loss value/action/dist: 0.044/-0.015/1.013,
INFO:root:Time: 00d 00h 38m 19s, num timesteps 185520, FPS 80,
	Rewards: per step mean/med/min/max, rew: 0.0034/0.0008/0.0000/0.0552,
	Losses: Policy Loss value/action/dist: 0.044/-0.015/1.013,
INFO:root:Time: 00d 00h 38m 21s, num timesteps 185760, FPS 80,
	Rewards: per step mean/med/min/max, rew: 0.0034/0.0008/0.0000/0.0552,
	Losses: Policy Loss value/action/dist: 0.044/-0.015/1.013,
INFO:root:Time: 00d 00h 38m 24s, num timesteps 186000, FPS 80,
	Rewards: per step mean/med/min/max, rew: 0.0034/0.0008/0.0000/0.0552,
	Losses: Policy Loss value/action/dist: 0.044/-0.015/1.013,
INFO:root:Time: 00d 00h 38m 27s, num timesteps 186240, FPS 80,
	Rewards: per step mean/med/min/max, rew: 0.0034/0.0008/0.0000/0.0552,
	Losses: Policy Loss value/action/dist: 0.044/-0.015/1.013,
INFO:root:Time: 00d 00h 38m 29s, num timesteps 186480, FPS 80,
	Rewards: per step mean/med/min/max, rew: 0.0034/0.0008/0.0000/0.0552,
	Losses: Policy Loss value/action/dist: 0.044/-0.015/1.013,
INFO:root:Time: 00d 00h 38m 32s, num timesteps 186720, FPS 80,
	Rewards: per step mean/med/min/max, rew: 0.0034/0.0008/0.0000/0.0552,
	Losses: Policy Loss value/action/dist: 0.044/-0.015/1.013,
INFO:root:Time: 00d 00h 38m 35s, num timesteps 186960, FPS 80,
	Rewards: per step mean/med/min/max, rew: 0.0034/0.0008/0.0000/0.0552,
	Losses: Policy Loss value/action/dist: 0.044/-0.015/1.013,
INFO:root:Time: 00d 00h 38m 40s, num timesteps 187200, FPS 80,
	Rewards: per step mean/med/min/max, rew: 0.0034/0.0007/0.0000/0.0552,
	Losses: Policy Loss value/action/dist: 0.044/-0.015/1.013,
INFO:root:Time: 00d 00h 38m 43s, num timesteps 187440, FPS 80,
	Rewards: per step mean/med/min/max, rew: 0.0034/0.0007/0.0000/0.0552,
	Losses: Policy Loss value/action/dist: 0.044/-0.015/1.013,
INFO:root:Time: 00d 00h 38m 45s, num timesteps 187680, FPS 80,
	Rewards: per step mean/med/min/max, rew: 0.0034/0.0007/0.0000/0.0552,
	Losses: Policy Loss value/action/dist: 0.044/-0.015/1.013,
INFO:root:Time: 00d 00h 38m 48s, num timesteps 187920, FPS 80,
	Rewards: per step mean/med/min/max, rew: 0.0034/0.0007/0.0000/0.0552,
	Losses: Policy Loss value/action/dist: 0.044/-0.015/1.013,
INFO:root:Time: 00d 00h 38m 51s, num timesteps 188160, FPS 80,
	Rewards: per step mean/med/min/max, rew: 0.0034/0.0007/0.0000/0.0552,
	Losses: Policy Loss value/action/dist: 0.044/-0.015/1.013,
INFO:root:Time: 00d 00h 38m 54s, num timesteps 188400, FPS 80,
	Rewards: per step mean/med/min/max, rew: 0.0034/0.0008/0.0000/0.0552,
	Losses: Policy Loss value/action/dist: 0.044/-0.015/1.013,
INFO:root:Time: 00d 00h 38m 57s, num timesteps 188640, FPS 80,
	Rewards: per step mean/med/min/max, rew: 0.0034/0.0008/0.0000/0.0552,
	Losses: Policy Loss value/action/dist: 0.044/-0.015/1.013,
INFO:root:Time: 00d 00h 39m 00s, num timesteps 188880, FPS 80,
	Rewards: per step mean/med/min/max, rew: 0.0034/0.0008/0.0000/0.0552,
	Losses: Policy Loss value/action/dist: 0.044/-0.015/1.013,
INFO:root:Time: 00d 00h 39m 02s, num timesteps 189120, FPS 80,
	Rewards: per step mean/med/min/max, rew: 0.0034/0.0008/0.0000/0.0552,
	Losses: Policy Loss value/action/dist: 0.044/-0.015/1.013,
INFO:root:Time: 00d 00h 39m 05s, num timesteps 189360, FPS 80,
	Rewards: per step mean/med/min/max, rew: 0.0034/0.0007/0.0000/0.0552,
	Losses: Policy Loss value/action/dist: 0.044/-0.015/1.013,
INFO:root:Time: 00d 00h 39m 10s, num timesteps 189600, FPS 80,
	Rewards: per step mean/med/min/max, rew: 0.0033/0.0007/0.0000/0.0552,
	Losses: Policy Loss value/action/dist: 0.043/-0.015/1.013,
INFO:root:Time: 00d 00h 39m 13s, num timesteps 189840, FPS 80,
	Rewards: per step mean/med/min/max, rew: 0.0033/0.0007/0.0000/0.0552,
	Losses: Policy Loss value/action/dist: 0.043/-0.015/1.013,
INFO:root:Time: 00d 00h 39m 16s, num timesteps 190080, FPS 80,
	Rewards: per step mean/med/min/max, rew: 0.0033/0.0007/0.0000/0.0552,
	Losses: Policy Loss value/action/dist: 0.043/-0.015/1.013,
INFO:root:Time: 00d 00h 39m 19s, num timesteps 190320, FPS 80,
	Rewards: per step mean/med/min/max, rew: 0.0033/0.0007/0.0000/0.0552,
	Losses: Policy Loss value/action/dist: 0.043/-0.015/1.013,
INFO:root:Time: 00d 00h 39m 21s, num timesteps 190560, FPS 80,
	Rewards: per step mean/med/min/max, rew: 0.0033/0.0007/0.0000/0.0552,
	Losses: Policy Loss value/action/dist: 0.043/-0.015/1.013,
INFO:root:Time: 00d 00h 39m 24s, num timesteps 190800, FPS 80,
	Rewards: per step mean/med/min/max, rew: 0.0033/0.0007/0.0000/0.0552,
	Losses: Policy Loss value/action/dist: 0.043/-0.015/1.013,
INFO:root:Time: 00d 00h 39m 27s, num timesteps 191040, FPS 80,
	Rewards: per step mean/med/min/max, rew: 0.0033/0.0007/0.0000/0.0552,
	Losses: Policy Loss value/action/dist: 0.043/-0.015/1.013,
INFO:root:Time: 00d 00h 39m 30s, num timesteps 191280, FPS 80,
	Rewards: per step mean/med/min/max, rew: 0.0033/0.0007/0.0000/0.0552,
	Losses: Policy Loss value/action/dist: 0.043/-0.015/1.013,
INFO:root:Time: 00d 00h 39m 32s, num timesteps 191520, FPS 80,
	Rewards: per step mean/med/min/max, rew: 0.0033/0.0007/0.0000/0.0552,
	Losses: Policy Loss value/action/dist: 0.043/-0.015/1.013,
INFO:root:Time: 00d 00h 39m 35s, num timesteps 191760, FPS 80,
	Rewards: per step mean/med/min/max, rew: 0.0033/0.0006/0.0000/0.0552,
	Losses: Policy Loss value/action/dist: 0.043/-0.015/1.013,
INFO:root:Time: 00d 00h 39m 41s, num timesteps 192000, FPS 80,
	Rewards: per step mean/med/min/max, rew: 0.0033/0.0006/0.0000/0.0552,
	Losses: Policy Loss value/action/dist: 0.043/-0.015/1.012,
INFO:root:Time: 00d 00h 39m 43s, num timesteps 192240, FPS 80,
	Rewards: per step mean/med/min/max, rew: 0.0032/0.0006/0.0000/0.0552,
	Losses: Policy Loss value/action/dist: 0.043/-0.015/1.012,
INFO:root:Time: 00d 00h 39m 46s, num timesteps 192480, FPS 80,
	Rewards: per step mean/med/min/max, rew: 0.0032/0.0006/0.0000/0.0552,
	Losses: Policy Loss value/action/dist: 0.043/-0.015/1.012,
INFO:root:Time: 00d 00h 39m 49s, num timesteps 192720, FPS 80,
	Rewards: per step mean/med/min/max, rew: 0.0033/0.0006/0.0000/0.0552,
	Losses: Policy Loss value/action/dist: 0.043/-0.015/1.012,
INFO:root:Time: 00d 00h 39m 52s, num timesteps 192960, FPS 80,
	Rewards: per step mean/med/min/max, rew: 0.0033/0.0007/0.0000/0.0552,
	Losses: Policy Loss value/action/dist: 0.043/-0.015/1.012,
INFO:root:Time: 00d 00h 39m 54s, num timesteps 193200, FPS 80,
	Rewards: per step mean/med/min/max, rew: 0.0033/0.0007/0.0000/0.0552,
	Losses: Policy Loss value/action/dist: 0.043/-0.015/1.012,
INFO:root:Time: 00d 00h 39m 57s, num timesteps 193440, FPS 80,
	Rewards: per step mean/med/min/max, rew: 0.0033/0.0006/0.0000/0.0657,
	Losses: Policy Loss value/action/dist: 0.043/-0.015/1.012,
INFO:root:Time: 00d 00h 40m 00s, num timesteps 193680, FPS 80,
	Rewards: per step mean/med/min/max, rew: 0.0034/0.0006/0.0000/0.0657,
	Losses: Policy Loss value/action/dist: 0.043/-0.015/1.012,
INFO:root:Time: 00d 00h 40m 03s, num timesteps 193920, FPS 80,
	Rewards: per step mean/med/min/max, rew: 0.0034/0.0006/0.0000/0.0657,
	Losses: Policy Loss value/action/dist: 0.043/-0.015/1.012,
INFO:root:Time: 00d 00h 40m 05s, num timesteps 194160, FPS 80,
	Rewards: per step mean/med/min/max, rew: 0.0034/0.0007/0.0000/0.0657,
	Losses: Policy Loss value/action/dist: 0.043/-0.015/1.012,
INFO:root:Time: 00d 00h 40m 11s, num timesteps 194400, FPS 80,
	Rewards: per step mean/med/min/max, rew: 0.0034/0.0006/0.0000/0.0657,
	Losses: Policy Loss value/action/dist: 0.043/-0.015/1.012,
INFO:root:Time: 00d 00h 40m 13s, num timesteps 194640, FPS 80,
	Rewards: per step mean/med/min/max, rew: 0.0034/0.0007/0.0000/0.0657,
	Losses: Policy Loss value/action/dist: 0.043/-0.015/1.012,
INFO:root:Time: 00d 00h 40m 16s, num timesteps 194880, FPS 80,
	Rewards: per step mean/med/min/max, rew: 0.0034/0.0007/0.0000/0.0657,
	Losses: Policy Loss value/action/dist: 0.043/-0.015/1.012,
INFO:root:Time: 00d 00h 40m 19s, num timesteps 195120, FPS 80,
	Rewards: per step mean/med/min/max, rew: 0.0034/0.0006/0.0000/0.0657,
	Losses: Policy Loss value/action/dist: 0.043/-0.015/1.012,
INFO:root:Time: 00d 00h 40m 22s, num timesteps 195360, FPS 80,
	Rewards: per step mean/med/min/max, rew: 0.0035/0.0007/0.0000/0.0657,
	Losses: Policy Loss value/action/dist: 0.043/-0.015/1.012,
INFO:root:Time: 00d 00h 40m 24s, num timesteps 195600, FPS 80,
	Rewards: per step mean/med/min/max, rew: 0.0035/0.0007/0.0000/0.0657,
	Losses: Policy Loss value/action/dist: 0.043/-0.015/1.012,
INFO:root:Time: 00d 00h 40m 27s, num timesteps 195840, FPS 80,
	Rewards: per step mean/med/min/max, rew: 0.0035/0.0007/0.0000/0.0657,
	Losses: Policy Loss value/action/dist: 0.043/-0.015/1.012,
INFO:root:Time: 00d 00h 40m 30s, num timesteps 196080, FPS 80,
	Rewards: per step mean/med/min/max, rew: 0.0035/0.0007/0.0000/0.0657,
	Losses: Policy Loss value/action/dist: 0.043/-0.015/1.012,
INFO:root:Time: 00d 00h 40m 33s, num timesteps 196320, FPS 80,
	Rewards: per step mean/med/min/max, rew: 0.0034/0.0007/0.0000/0.0657,
	Losses: Policy Loss value/action/dist: 0.043/-0.015/1.012,
INFO:root:Time: 00d 00h 40m 36s, num timesteps 196560, FPS 80,
	Rewards: per step mean/med/min/max, rew: 0.0034/0.0007/0.0000/0.0657,
	Losses: Policy Loss value/action/dist: 0.043/-0.015/1.012,
INFO:root:Time: 00d 00h 40m 41s, num timesteps 196800, FPS 80,
	Rewards: per step mean/med/min/max, rew: 0.0034/0.0007/0.0000/0.0657,
	Losses: Policy Loss value/action/dist: 0.044/-0.015/1.011,
INFO:root:Time: 00d 00h 40m 44s, num timesteps 197040, FPS 80,
	Rewards: per step mean/med/min/max, rew: 0.0034/0.0007/0.0000/0.0657,
	Losses: Policy Loss value/action/dist: 0.044/-0.015/1.011,
INFO:root:Time: 00d 00h 40m 47s, num timesteps 197280, FPS 80,
	Rewards: per step mean/med/min/max, rew: 0.0034/0.0007/0.0000/0.0657,
	Losses: Policy Loss value/action/dist: 0.044/-0.015/1.011,
INFO:root:Time: 00d 00h 40m 50s, num timesteps 197520, FPS 80,
	Rewards: per step mean/med/min/max, rew: 0.0034/0.0007/0.0000/0.0657,
	Losses: Policy Loss value/action/dist: 0.044/-0.015/1.011,
INFO:root:Time: 00d 00h 40m 52s, num timesteps 197760, FPS 80,
	Rewards: per step mean/med/min/max, rew: 0.0034/0.0007/0.0000/0.0657,
	Losses: Policy Loss value/action/dist: 0.044/-0.015/1.011,
INFO:root:Time: 00d 00h 40m 55s, num timesteps 198000, FPS 80,
	Rewards: per step mean/med/min/max, rew: 0.0034/0.0007/0.0000/0.0657,
	Losses: Policy Loss value/action/dist: 0.044/-0.015/1.011,
INFO:root:Time: 00d 00h 40m 58s, num timesteps 198240, FPS 80,
	Rewards: per step mean/med/min/max, rew: 0.0034/0.0007/0.0000/0.0657,
	Losses: Policy Loss value/action/dist: 0.044/-0.015/1.011,
INFO:root:Time: 00d 00h 41m 00s, num timesteps 198480, FPS 80,
	Rewards: per step mean/med/min/max, rew: 0.0034/0.0007/0.0000/0.0657,
	Losses: Policy Loss value/action/dist: 0.044/-0.015/1.011,
INFO:root:Time: 00d 00h 41m 03s, num timesteps 198720, FPS 80,
	Rewards: per step mean/med/min/max, rew: 0.0035/0.0007/0.0000/0.0657,
	Losses: Policy Loss value/action/dist: 0.044/-0.015/1.011,
INFO:root:Time: 00d 00h 41m 06s, num timesteps 198960, FPS 80,
	Rewards: per step mean/med/min/max, rew: 0.0035/0.0007/0.0000/0.0657,
	Losses: Policy Loss value/action/dist: 0.044/-0.015/1.011,
INFO:root:Time: 00d 00h 41m 11s, num timesteps 199200, FPS 80,
	Rewards: per step mean/med/min/max, rew: 0.0034/0.0007/0.0000/0.0657,
	Losses: Policy Loss value/action/dist: 0.043/-0.015/1.011,
INFO:root:Time: 00d 00h 41m 14s, num timesteps 199440, FPS 80,
	Rewards: per step mean/med/min/max, rew: 0.0035/0.0007/0.0000/0.0657,
	Losses: Policy Loss value/action/dist: 0.043/-0.015/1.011,
INFO:root:Time: 00d 00h 41m 17s, num timesteps 199680, FPS 80,
	Rewards: per step mean/med/min/max, rew: 0.0035/0.0007/0.0000/0.0657,
	Losses: Policy Loss value/action/dist: 0.043/-0.015/1.011,
INFO:root:Time: 00d 00h 41m 19s, num timesteps 199920, FPS 80,
	Rewards: per step mean/med/min/max, rew: 0.0035/0.0007/0.0000/0.0657,
	Losses: Policy Loss value/action/dist: 0.043/-0.015/1.011,
INFO:root:Time: 00d 00h 41m 22s, num timesteps 200160, FPS 80,
	Rewards: per step mean/med/min/max, rew: 0.0035/0.0007/0.0000/0.0657,
	Losses: Policy Loss value/action/dist: 0.043/-0.015/1.011,
INFO:root:Time: 00d 00h 41m 25s, num timesteps 200400, FPS 80,
	Rewards: per step mean/med/min/max, rew: 0.0035/0.0007/0.0000/0.0657,
	Losses: Policy Loss value/action/dist: 0.043/-0.015/1.011,
INFO:root:Time: 00d 00h 41m 28s, num timesteps 200640, FPS 80,
	Rewards: per step mean/med/min/max, rew: 0.0035/0.0008/0.0000/0.0657,
	Losses: Policy Loss value/action/dist: 0.043/-0.015/1.011,
INFO:root:Time: 00d 00h 41m 30s, num timesteps 200880, FPS 80,
	Rewards: per step mean/med/min/max, rew: 0.0035/0.0008/0.0000/0.0657,
	Losses: Policy Loss value/action/dist: 0.043/-0.015/1.011,
INFO:root:Time: 00d 00h 41m 33s, num timesteps 201120, FPS 80,
	Rewards: per step mean/med/min/max, rew: 0.0035/0.0008/0.0000/0.0657,
	Losses: Policy Loss value/action/dist: 0.043/-0.015/1.011,
INFO:root:Time: 00d 00h 41m 36s, num timesteps 201360, FPS 80,
	Rewards: per step mean/med/min/max, rew: 0.0035/0.0008/0.0000/0.0657,
	Losses: Policy Loss value/action/dist: 0.043/-0.015/1.011,
INFO:root:Time: 00d 00h 41m 41s, num timesteps 201600, FPS 80,
	Rewards: per step mean/med/min/max, rew: 0.0036/0.0008/0.0000/0.0657,
	Losses: Policy Loss value/action/dist: 0.044/-0.015/1.010,
INFO:root:Time: 00d 00h 41m 44s, num timesteps 201840, FPS 80,
	Rewards: per step mean/med/min/max, rew: 0.0036/0.0009/0.0000/0.0657,
	Losses: Policy Loss value/action/dist: 0.044/-0.015/1.010,
INFO:root:Time: 00d 00h 41m 47s, num timesteps 202080, FPS 80,
	Rewards: per step mean/med/min/max, rew: 0.0036/0.0009/0.0000/0.0657,
	Losses: Policy Loss value/action/dist: 0.044/-0.015/1.010,
INFO:root:Time: 00d 00h 41m 49s, num timesteps 202320, FPS 80,
	Rewards: per step mean/med/min/max, rew: 0.0036/0.0009/0.0000/0.0657,
	Losses: Policy Loss value/action/dist: 0.044/-0.015/1.010,
INFO:root:Time: 00d 00h 41m 52s, num timesteps 202560, FPS 80,
	Rewards: per step mean/med/min/max, rew: 0.0037/0.0009/0.0000/0.0657,
	Losses: Policy Loss value/action/dist: 0.044/-0.015/1.010,
INFO:root:Time: 00d 00h 41m 55s, num timesteps 202800, FPS 80,
	Rewards: per step mean/med/min/max, rew: 0.0037/0.0009/0.0000/0.0657,
	Losses: Policy Loss value/action/dist: 0.044/-0.015/1.010,
INFO:root:Time: 00d 00h 41m 58s, num timesteps 203040, FPS 80,
	Rewards: per step mean/med/min/max, rew: 0.0037/0.0009/0.0000/0.0657,
	Losses: Policy Loss value/action/dist: 0.044/-0.015/1.010,
INFO:root:Time: 00d 00h 42m 00s, num timesteps 203280, FPS 80,
	Rewards: per step mean/med/min/max, rew: 0.0037/0.0009/0.0000/0.0657,
	Losses: Policy Loss value/action/dist: 0.044/-0.015/1.010,
INFO:root:Time: 00d 00h 42m 03s, num timesteps 203520, FPS 80,
	Rewards: per step mean/med/min/max, rew: 0.0037/0.0009/0.0000/0.0657,
	Losses: Policy Loss value/action/dist: 0.044/-0.015/1.010,
INFO:root:Time: 00d 00h 42m 06s, num timesteps 203760, FPS 80,
	Rewards: per step mean/med/min/max, rew: 0.0038/0.0009/0.0000/0.0657,
	Losses: Policy Loss value/action/dist: 0.044/-0.015/1.010,
INFO:root:Time: 00d 00h 42m 12s, num timesteps 204000, FPS 80,
	Rewards: per step mean/med/min/max, rew: 0.0038/0.0009/0.0000/0.0657,
	Losses: Policy Loss value/action/dist: 0.043/-0.015/1.010,
INFO:root:Time: 00d 00h 42m 14s, num timesteps 204240, FPS 80,
	Rewards: per step mean/med/min/max, rew: 0.0037/0.0009/0.0000/0.0657,
	Losses: Policy Loss value/action/dist: 0.043/-0.015/1.010,
INFO:root:Time: 00d 00h 42m 17s, num timesteps 204480, FPS 80,
	Rewards: per step mean/med/min/max, rew: 0.0037/0.0009/0.0000/0.0657,
	Losses: Policy Loss value/action/dist: 0.043/-0.015/1.010,
INFO:root:Time: 00d 00h 42m 20s, num timesteps 204720, FPS 80,
	Rewards: per step mean/med/min/max, rew: 0.0038/0.0009/0.0000/0.0657,
	Losses: Policy Loss value/action/dist: 0.043/-0.015/1.010,
INFO:root:Time: 00d 00h 42m 23s, num timesteps 204960, FPS 80,
	Rewards: per step mean/med/min/max, rew: 0.0037/0.0009/0.0000/0.0657,
	Losses: Policy Loss value/action/dist: 0.043/-0.015/1.010,
INFO:root:Time: 00d 00h 42m 26s, num timesteps 205200, FPS 80,
	Rewards: per step mean/med/min/max, rew: 0.0037/0.0009/0.0000/0.0657,
	Losses: Policy Loss value/action/dist: 0.043/-0.015/1.010,
INFO:root:Time: 00d 00h 42m 28s, num timesteps 205440, FPS 80,
	Rewards: per step mean/med/min/max, rew: 0.0037/0.0009/0.0000/0.0657,
	Losses: Policy Loss value/action/dist: 0.043/-0.015/1.010,
INFO:root:Time: 00d 00h 42m 31s, num timesteps 205680, FPS 80,
	Rewards: per step mean/med/min/max, rew: 0.0037/0.0009/0.0000/0.0657,
	Losses: Policy Loss value/action/dist: 0.043/-0.015/1.010,
INFO:root:Time: 00d 00h 42m 34s, num timesteps 205920, FPS 80,
	Rewards: per step mean/med/min/max, rew: 0.0037/0.0009/0.0000/0.0657,
	Losses: Policy Loss value/action/dist: 0.043/-0.015/1.010,
INFO:root:Time: 00d 00h 42m 36s, num timesteps 206160, FPS 80,
	Rewards: per step mean/med/min/max, rew: 0.0038/0.0009/0.0000/0.0657,
	Losses: Policy Loss value/action/dist: 0.043/-0.015/1.010,
INFO:root:Time: 00d 00h 42m 42s, num timesteps 206400, FPS 80,
	Rewards: per step mean/med/min/max, rew: 0.0038/0.0009/0.0000/0.0657,
	Losses: Policy Loss value/action/dist: 0.044/-0.015/1.009,
INFO:root:Time: 00d 00h 42m 45s, num timesteps 206640, FPS 80,
	Rewards: per step mean/med/min/max, rew: 0.0038/0.0009/0.0000/0.0657,
	Losses: Policy Loss value/action/dist: 0.044/-0.015/1.009,
INFO:root:Time: 00d 00h 42m 47s, num timesteps 206880, FPS 80,
	Rewards: per step mean/med/min/max, rew: 0.0039/0.0010/0.0000/0.0657,
	Losses: Policy Loss value/action/dist: 0.044/-0.015/1.009,
INFO:root:Time: 00d 00h 42m 50s, num timesteps 207120, FPS 80,
	Rewards: per step mean/med/min/max, rew: 0.0040/0.0010/0.0000/0.0657,
	Losses: Policy Loss value/action/dist: 0.044/-0.015/1.009,
INFO:root:Time: 00d 00h 42m 53s, num timesteps 207360, FPS 80,
	Rewards: per step mean/med/min/max, rew: 0.0040/0.0010/0.0000/0.0657,
	Losses: Policy Loss value/action/dist: 0.044/-0.015/1.009,
INFO:root:Time: 00d 00h 42m 55s, num timesteps 207600, FPS 80,
	Rewards: per step mean/med/min/max, rew: 0.0040/0.0010/0.0000/0.0657,
	Losses: Policy Loss value/action/dist: 0.044/-0.015/1.009,
INFO:root:Time: 00d 00h 42m 58s, num timesteps 207840, FPS 80,
	Rewards: per step mean/med/min/max, rew: 0.0039/0.0010/0.0000/0.0657,
	Losses: Policy Loss value/action/dist: 0.044/-0.015/1.009,
INFO:root:Time: 00d 00h 43m 01s, num timesteps 208080, FPS 80,
	Rewards: per step mean/med/min/max, rew: 0.0039/0.0010/0.0000/0.0657,
	Losses: Policy Loss value/action/dist: 0.044/-0.015/1.009,
INFO:root:Time: 00d 00h 43m 04s, num timesteps 208320, FPS 80,
	Rewards: per step mean/med/min/max, rew: 0.0040/0.0010/0.0000/0.0657,
	Losses: Policy Loss value/action/dist: 0.044/-0.015/1.009,
INFO:root:Time: 00d 00h 43m 06s, num timesteps 208560, FPS 80,
	Rewards: per step mean/med/min/max, rew: 0.0040/0.0011/0.0000/0.0657,
	Losses: Policy Loss value/action/dist: 0.044/-0.015/1.009,
INFO:root:Time: 00d 00h 43m 12s, num timesteps 208800, FPS 80,
	Rewards: per step mean/med/min/max, rew: 0.0039/0.0010/0.0000/0.0657,
	Losses: Policy Loss value/action/dist: 0.044/-0.015/1.008,
INFO:root:Time: 00d 00h 43m 14s, num timesteps 209040, FPS 80,
	Rewards: per step mean/med/min/max, rew: 0.0039/0.0010/0.0000/0.0657,
	Losses: Policy Loss value/action/dist: 0.044/-0.015/1.008,
INFO:root:Time: 00d 00h 43m 17s, num timesteps 209280, FPS 80,
	Rewards: per step mean/med/min/max, rew: 0.0039/0.0010/0.0000/0.0657,
	Losses: Policy Loss value/action/dist: 0.044/-0.015/1.008,
INFO:root:Time: 00d 00h 43m 20s, num timesteps 209520, FPS 80,
	Rewards: per step mean/med/min/max, rew: 0.0040/0.0011/0.0000/0.0657,
	Losses: Policy Loss value/action/dist: 0.044/-0.015/1.008,
INFO:root:Time: 00d 00h 43m 23s, num timesteps 209760, FPS 80,
	Rewards: per step mean/med/min/max, rew: 0.0040/0.0011/0.0000/0.0657,
	Losses: Policy Loss value/action/dist: 0.044/-0.015/1.008,
INFO:root:Time: 00d 00h 43m 25s, num timesteps 210000, FPS 80,
	Rewards: per step mean/med/min/max, rew: 0.0040/0.0011/0.0000/0.0657,
	Losses: Policy Loss value/action/dist: 0.044/-0.015/1.008,
INFO:root:Time: 00d 00h 43m 28s, num timesteps 210240, FPS 80,
	Rewards: per step mean/med/min/max, rew: 0.0041/0.0011/0.0000/0.0657,
	Losses: Policy Loss value/action/dist: 0.044/-0.015/1.008,
INFO:root:Time: 00d 00h 43m 31s, num timesteps 210480, FPS 80,
	Rewards: per step mean/med/min/max, rew: 0.0041/0.0011/0.0000/0.0657,
	Losses: Policy Loss value/action/dist: 0.044/-0.015/1.008,
INFO:root:Time: 00d 00h 43m 33s, num timesteps 210720, FPS 80,
	Rewards: per step mean/med/min/max, rew: 0.0041/0.0011/0.0000/0.0657,
	Losses: Policy Loss value/action/dist: 0.044/-0.015/1.008,
INFO:root:Time: 00d 00h 43m 36s, num timesteps 210960, FPS 80,
	Rewards: per step mean/med/min/max, rew: 0.0041/0.0011/0.0000/0.0657,
	Losses: Policy Loss value/action/dist: 0.044/-0.015/1.008,
INFO:root:Time: 00d 00h 43m 42s, num timesteps 211200, FPS 80,
	Rewards: per step mean/med/min/max, rew: 0.0041/0.0012/0.0000/0.0657,
	Losses: Policy Loss value/action/dist: 0.044/-0.015/1.008,
INFO:root:Time: 00d 00h 43m 44s, num timesteps 211440, FPS 80,
	Rewards: per step mean/med/min/max, rew: 0.0041/0.0012/0.0000/0.0657,
	Losses: Policy Loss value/action/dist: 0.044/-0.015/1.008,
INFO:root:Time: 00d 00h 43m 47s, num timesteps 211680, FPS 80,
	Rewards: per step mean/med/min/max, rew: 0.0041/0.0011/0.0000/0.0657,
	Losses: Policy Loss value/action/dist: 0.044/-0.015/1.008,
INFO:root:Time: 00d 00h 43m 50s, num timesteps 211920, FPS 80,
	Rewards: per step mean/med/min/max, rew: 0.0041/0.0012/0.0000/0.0657,
	Losses: Policy Loss value/action/dist: 0.044/-0.015/1.008,
INFO:root:Time: 00d 00h 43m 53s, num timesteps 212160, FPS 80,
	Rewards: per step mean/med/min/max, rew: 0.0042/0.0012/0.0000/0.0657,
	Losses: Policy Loss value/action/dist: 0.044/-0.015/1.008,
INFO:root:Time: 00d 00h 43m 55s, num timesteps 212400, FPS 80,
	Rewards: per step mean/med/min/max, rew: 0.0042/0.0013/0.0000/0.0657,
	Losses: Policy Loss value/action/dist: 0.044/-0.015/1.008,
INFO:root:Time: 00d 00h 43m 58s, num timesteps 212640, FPS 80,
	Rewards: per step mean/med/min/max, rew: 0.0042/0.0013/0.0000/0.0657,
	Losses: Policy Loss value/action/dist: 0.044/-0.015/1.008,
INFO:root:Time: 00d 00h 44m 01s, num timesteps 212880, FPS 80,
	Rewards: per step mean/med/min/max, rew: 0.0043/0.0013/0.0000/0.0657,
	Losses: Policy Loss value/action/dist: 0.044/-0.015/1.008,
INFO:root:Time: 00d 00h 44m 04s, num timesteps 213120, FPS 80,
	Rewards: per step mean/med/min/max, rew: 0.0044/0.0013/0.0000/0.0657,
	Losses: Policy Loss value/action/dist: 0.044/-0.015/1.008,
INFO:root:Time: 00d 00h 44m 06s, num timesteps 213360, FPS 80,
	Rewards: per step mean/med/min/max, rew: 0.0044/0.0014/0.0000/0.0657,
	Losses: Policy Loss value/action/dist: 0.044/-0.015/1.008,
INFO:root:Time: 00d 00h 44m 12s, num timesteps 213600, FPS 80,
	Rewards: per step mean/med/min/max, rew: 0.0044/0.0014/0.0000/0.0657,
	Losses: Policy Loss value/action/dist: 0.044/-0.016/1.007,
INFO:root:Time: 00d 00h 44m 14s, num timesteps 213840, FPS 80,
	Rewards: per step mean/med/min/max, rew: 0.0044/0.0015/0.0000/0.0657,
	Losses: Policy Loss value/action/dist: 0.044/-0.016/1.007,
INFO:root:Time: 00d 00h 44m 17s, num timesteps 214080, FPS 80,
	Rewards: per step mean/med/min/max, rew: 0.0045/0.0016/0.0000/0.0657,
	Losses: Policy Loss value/action/dist: 0.044/-0.016/1.007,
INFO:root:Time: 00d 00h 44m 20s, num timesteps 214320, FPS 80,
	Rewards: per step mean/med/min/max, rew: 0.0046/0.0017/0.0000/0.0657,
	Losses: Policy Loss value/action/dist: 0.044/-0.016/1.007,
INFO:root:Time: 00d 00h 44m 22s, num timesteps 214560, FPS 80,
	Rewards: per step mean/med/min/max, rew: 0.0045/0.0017/0.0000/0.0657,
	Losses: Policy Loss value/action/dist: 0.044/-0.016/1.007,
INFO:root:Time: 00d 00h 44m 25s, num timesteps 214800, FPS 80,
	Rewards: per step mean/med/min/max, rew: 0.0046/0.0017/0.0000/0.0657,
	Losses: Policy Loss value/action/dist: 0.044/-0.016/1.007,
INFO:root:Time: 00d 00h 44m 28s, num timesteps 215040, FPS 80,
	Rewards: per step mean/med/min/max, rew: 0.0046/0.0017/0.0000/0.0657,
	Losses: Policy Loss value/action/dist: 0.044/-0.016/1.007,
INFO:root:Time: 00d 00h 44m 31s, num timesteps 215280, FPS 80,
	Rewards: per step mean/med/min/max, rew: 0.0046/0.0017/0.0000/0.0657,
	Losses: Policy Loss value/action/dist: 0.044/-0.016/1.007,
INFO:root:Time: 00d 00h 44m 33s, num timesteps 215520, FPS 80,
	Rewards: per step mean/med/min/max, rew: 0.0047/0.0018/0.0000/0.0657,
	Losses: Policy Loss value/action/dist: 0.044/-0.016/1.007,
INFO:root:Time: 00d 00h 44m 36s, num timesteps 215760, FPS 80,
	Rewards: per step mean/med/min/max, rew: 0.0047/0.0018/0.0000/0.0657,
	Losses: Policy Loss value/action/dist: 0.044/-0.016/1.007,
INFO:root:Time: 00d 00h 44m 42s, num timesteps 216000, FPS 80,
	Rewards: per step mean/med/min/max, rew: 0.0047/0.0018/0.0000/0.0657,
	Losses: Policy Loss value/action/dist: 0.044/-0.016/1.007,
INFO:root:Time: 00d 00h 44m 44s, num timesteps 216240, FPS 80,
	Rewards: per step mean/med/min/max, rew: 0.0048/0.0018/0.0000/0.0657,
	Losses: Policy Loss value/action/dist: 0.044/-0.016/1.007,
INFO:root:Time: 00d 00h 44m 47s, num timesteps 216480, FPS 80,
	Rewards: per step mean/med/min/max, rew: 0.0048/0.0018/0.0000/0.0657,
	Losses: Policy Loss value/action/dist: 0.044/-0.016/1.007,
INFO:root:Time: 00d 00h 44m 50s, num timesteps 216720, FPS 80,
	Rewards: per step mean/med/min/max, rew: 0.0047/0.0018/0.0000/0.0657,
	Losses: Policy Loss value/action/dist: 0.044/-0.016/1.007,
INFO:root:Time: 00d 00h 44m 52s, num timesteps 216960, FPS 80,
	Rewards: per step mean/med/min/max, rew: 0.0047/0.0018/0.0000/0.0657,
	Losses: Policy Loss value/action/dist: 0.044/-0.016/1.007,
INFO:root:Time: 00d 00h 44m 55s, num timesteps 217200, FPS 80,
	Rewards: per step mean/med/min/max, rew: 0.0047/0.0018/0.0000/0.0657,
	Losses: Policy Loss value/action/dist: 0.044/-0.016/1.007,
INFO:root:Time: 00d 00h 44m 58s, num timesteps 217440, FPS 80,
	Rewards: per step mean/med/min/max, rew: 0.0047/0.0018/0.0000/0.0483,
	Losses: Policy Loss value/action/dist: 0.044/-0.016/1.007,
INFO:root:Time: 00d 00h 45m 00s, num timesteps 217680, FPS 80,
	Rewards: per step mean/med/min/max, rew: 0.0047/0.0018/0.0000/0.0483,
	Losses: Policy Loss value/action/dist: 0.044/-0.016/1.007,
INFO:root:Time: 00d 00h 45m 03s, num timesteps 217920, FPS 80,
	Rewards: per step mean/med/min/max, rew: 0.0047/0.0017/0.0000/0.0483,
	Losses: Policy Loss value/action/dist: 0.044/-0.016/1.007,
INFO:root:Time: 00d 00h 45m 06s, num timesteps 218160, FPS 80,
	Rewards: per step mean/med/min/max, rew: 0.0048/0.0017/0.0000/0.0483,
	Losses: Policy Loss value/action/dist: 0.044/-0.016/1.007,
INFO:root:Time: 00d 00h 45m 11s, num timesteps 218400, FPS 80,
	Rewards: per step mean/med/min/max, rew: 0.0048/0.0018/0.0000/0.0483,
	Losses: Policy Loss value/action/dist: 0.045/-0.016/1.006,
INFO:root:Time: 00d 00h 45m 14s, num timesteps 218640, FPS 80,
	Rewards: per step mean/med/min/max, rew: 0.0048/0.0018/0.0000/0.0483,
	Losses: Policy Loss value/action/dist: 0.045/-0.016/1.006,
INFO:root:Time: 00d 00h 45m 17s, num timesteps 218880, FPS 80,
	Rewards: per step mean/med/min/max, rew: 0.0049/0.0018/0.0000/0.0545,
	Losses: Policy Loss value/action/dist: 0.045/-0.016/1.006,
INFO:root:Time: 00d 00h 45m 19s, num timesteps 219120, FPS 80,
	Rewards: per step mean/med/min/max, rew: 0.0048/0.0018/0.0000/0.0545,
	Losses: Policy Loss value/action/dist: 0.045/-0.016/1.006,
INFO:root:Time: 00d 00h 45m 22s, num timesteps 219360, FPS 80,
	Rewards: per step mean/med/min/max, rew: 0.0047/0.0017/0.0000/0.0545,
	Losses: Policy Loss value/action/dist: 0.045/-0.016/1.006,
INFO:root:Time: 00d 00h 45m 25s, num timesteps 219600, FPS 80,
	Rewards: per step mean/med/min/max, rew: 0.0047/0.0017/0.0000/0.0545,
	Losses: Policy Loss value/action/dist: 0.045/-0.016/1.006,
INFO:root:Time: 00d 00h 45m 28s, num timesteps 219840, FPS 80,
	Rewards: per step mean/med/min/max, rew: 0.0047/0.0018/0.0000/0.0545,
	Losses: Policy Loss value/action/dist: 0.045/-0.016/1.006,
INFO:root:Time: 00d 00h 45m 30s, num timesteps 220080, FPS 80,
	Rewards: per step mean/med/min/max, rew: 0.0047/0.0018/0.0000/0.0545,
	Losses: Policy Loss value/action/dist: 0.045/-0.016/1.006,
INFO:root:Time: 00d 00h 45m 33s, num timesteps 220320, FPS 80,
	Rewards: per step mean/med/min/max, rew: 0.0048/0.0018/0.0000/0.0545,
	Losses: Policy Loss value/action/dist: 0.045/-0.016/1.006,
INFO:root:Time: 00d 00h 45m 36s, num timesteps 220560, FPS 80,
	Rewards: per step mean/med/min/max, rew: 0.0048/0.0018/0.0000/0.0545,
	Losses: Policy Loss value/action/dist: 0.045/-0.016/1.006,
INFO:root:Time: 00d 00h 45m 41s, num timesteps 220800, FPS 80,
	Rewards: per step mean/med/min/max, rew: 0.0047/0.0018/0.0000/0.0545,
	Losses: Policy Loss value/action/dist: 0.045/-0.016/1.006,
INFO:root:Time: 00d 00h 45m 44s, num timesteps 221040, FPS 80,
	Rewards: per step mean/med/min/max, rew: 0.0047/0.0017/0.0000/0.0545,
	Losses: Policy Loss value/action/dist: 0.045/-0.016/1.006,
INFO:root:Time: 00d 00h 45m 47s, num timesteps 221280, FPS 80,
	Rewards: per step mean/med/min/max, rew: 0.0047/0.0017/0.0000/0.0545,
	Losses: Policy Loss value/action/dist: 0.045/-0.016/1.006,
INFO:root:Time: 00d 00h 45m 50s, num timesteps 221520, FPS 80,
	Rewards: per step mean/med/min/max, rew: 0.0047/0.0017/0.0000/0.0545,
	Losses: Policy Loss value/action/dist: 0.045/-0.016/1.006,
INFO:root:Time: 00d 00h 45m 52s, num timesteps 221760, FPS 80,
	Rewards: per step mean/med/min/max, rew: 0.0047/0.0017/0.0000/0.0545,
	Losses: Policy Loss value/action/dist: 0.045/-0.016/1.006,
INFO:root:Time: 00d 00h 45m 55s, num timesteps 222000, FPS 80,
	Rewards: per step mean/med/min/max, rew: 0.0047/0.0017/0.0000/0.0545,
	Losses: Policy Loss value/action/dist: 0.045/-0.016/1.006,
INFO:root:Time: 00d 00h 45m 58s, num timesteps 222240, FPS 80,
	Rewards: per step mean/med/min/max, rew: 0.0047/0.0017/0.0000/0.0545,
	Losses: Policy Loss value/action/dist: 0.045/-0.016/1.006,
INFO:root:Time: 00d 00h 46m 01s, num timesteps 222480, FPS 80,
	Rewards: per step mean/med/min/max, rew: 0.0047/0.0017/0.0000/0.0545,
	Losses: Policy Loss value/action/dist: 0.045/-0.016/1.006,
INFO:root:Time: 00d 00h 46m 03s, num timesteps 222720, FPS 80,
	Rewards: per step mean/med/min/max, rew: 0.0047/0.0017/0.0000/0.0545,
	Losses: Policy Loss value/action/dist: 0.045/-0.016/1.006,
INFO:root:Time: 00d 00h 46m 06s, num timesteps 222960, FPS 80,
	Rewards: per step mean/med/min/max, rew: 0.0047/0.0017/0.0000/0.0545,
	Losses: Policy Loss value/action/dist: 0.045/-0.016/1.006,
INFO:root:Time: 00d 00h 46m 11s, num timesteps 223200, FPS 80,
	Rewards: per step mean/med/min/max, rew: 0.0047/0.0017/0.0000/0.0545,
	Losses: Policy Loss value/action/dist: 0.045/-0.016/1.005,
INFO:root:Time: 00d 00h 46m 14s, num timesteps 223440, FPS 80,
	Rewards: per step mean/med/min/max, rew: 0.0047/0.0017/0.0000/0.0545,
	Losses: Policy Loss value/action/dist: 0.045/-0.016/1.005,
INFO:root:Time: 00d 00h 46m 17s, num timesteps 223680, FPS 80,
	Rewards: per step mean/med/min/max, rew: 0.0046/0.0017/0.0000/0.0545,
	Losses: Policy Loss value/action/dist: 0.045/-0.016/1.005,
INFO:root:Time: 00d 00h 46m 20s, num timesteps 223920, FPS 80,
	Rewards: per step mean/med/min/max, rew: 0.0046/0.0016/0.0000/0.0545,
	Losses: Policy Loss value/action/dist: 0.045/-0.016/1.005,
INFO:root:Time: 00d 00h 46m 23s, num timesteps 224160, FPS 80,
	Rewards: per step mean/med/min/max, rew: 0.0045/0.0016/0.0000/0.0545,
	Losses: Policy Loss value/action/dist: 0.045/-0.016/1.005,
INFO:root:Time: 00d 00h 46m 26s, num timesteps 224400, FPS 80,
	Rewards: per step mean/med/min/max, rew: 0.0045/0.0015/0.0000/0.0545,
	Losses: Policy Loss value/action/dist: 0.045/-0.016/1.005,
INFO:root:Time: 00d 00h 46m 29s, num timesteps 224640, FPS 80,
	Rewards: per step mean/med/min/max, rew: 0.0045/0.0015/0.0000/0.0545,
	Losses: Policy Loss value/action/dist: 0.045/-0.016/1.005,
INFO:root:Time: 00d 00h 46m 31s, num timesteps 224880, FPS 80,
	Rewards: per step mean/med/min/max, rew: 0.0045/0.0015/0.0000/0.0545,
	Losses: Policy Loss value/action/dist: 0.045/-0.016/1.005,
INFO:root:Time: 00d 00h 46m 34s, num timesteps 225120, FPS 80,
	Rewards: per step mean/med/min/max, rew: 0.0045/0.0014/0.0000/0.0545,
	Losses: Policy Loss value/action/dist: 0.045/-0.016/1.005,
INFO:root:Time: 00d 00h 46m 37s, num timesteps 225360, FPS 80,
	Rewards: per step mean/med/min/max, rew: 0.0044/0.0014/0.0000/0.0545,
	Losses: Policy Loss value/action/dist: 0.045/-0.016/1.005,
INFO:root:Time: 00d 00h 46m 42s, num timesteps 225600, FPS 80,
	Rewards: per step mean/med/min/max, rew: 0.0044/0.0014/0.0000/0.0545,
	Losses: Policy Loss value/action/dist: 0.044/-0.016/1.005,
INFO:root:Time: 00d 00h 46m 45s, num timesteps 225840, FPS 80,
	Rewards: per step mean/med/min/max, rew: 0.0044/0.0014/0.0000/0.0545,
	Losses: Policy Loss value/action/dist: 0.044/-0.016/1.005,
INFO:root:Time: 00d 00h 46m 48s, num timesteps 226080, FPS 80,
	Rewards: per step mean/med/min/max, rew: 0.0044/0.0014/0.0000/0.0545,
	Losses: Policy Loss value/action/dist: 0.044/-0.016/1.005,
INFO:root:Time: 00d 00h 46m 51s, num timesteps 226320, FPS 80,
	Rewards: per step mean/med/min/max, rew: 0.0043/0.0014/0.0000/0.0545,
	Losses: Policy Loss value/action/dist: 0.044/-0.016/1.005,
INFO:root:Time: 00d 00h 46m 53s, num timesteps 226560, FPS 80,
	Rewards: per step mean/med/min/max, rew: 0.0043/0.0014/0.0000/0.0545,
	Losses: Policy Loss value/action/dist: 0.044/-0.016/1.005,
INFO:root:Time: 00d 00h 46m 56s, num timesteps 226800, FPS 80,
	Rewards: per step mean/med/min/max, rew: 0.0043/0.0014/0.0000/0.0545,
	Losses: Policy Loss value/action/dist: 0.044/-0.016/1.005,
INFO:root:Time: 00d 00h 46m 59s, num timesteps 227040, FPS 80,
	Rewards: per step mean/med/min/max, rew: 0.0043/0.0014/0.0000/0.0545,
	Losses: Policy Loss value/action/dist: 0.044/-0.016/1.005,
INFO:root:Time: 00d 00h 47m 02s, num timesteps 227280, FPS 80,
	Rewards: per step mean/med/min/max, rew: 0.0043/0.0013/0.0000/0.0545,
	Losses: Policy Loss value/action/dist: 0.044/-0.016/1.005,
